# Blender 4.2.1 LTS
# www.blender.org
o Asteroid_2b
v 0.250176 0.028474 0.949084
v 0.152251 -0.148990 0.935062
v 0.153231 -0.012752 0.919923
v 0.258293 -0.139040 0.937399
v -0.371619 0.116097 0.908602
v -0.043967 0.036332 0.885322
v 0.279021 0.211630 0.856493
v 0.622250 0.166069 0.804060
v -0.656315 -0.017901 0.818580
v -0.508866 0.300919 0.771454
v 0.508518 0.308409 0.768107
v -0.006270 0.364237 0.746688
v 0.098018 0.304359 0.764116
v -0.710283 0.164156 0.756105
v 0.447375 -0.149090 0.771021
v -0.230413 0.394748 0.746262
v -0.086949 0.388222 0.735093
v 0.395028 -0.409878 0.724662
v -0.348879 0.420992 0.682944
v 0.780631 -0.035178 0.680512
v -0.691432 -0.300113 0.686918
v 0.111830 -0.491648 0.701407
v 0.784600 0.232630 0.652272
v -0.474460 -0.395454 0.632307
v 0.487872 0.439876 0.612397
v -0.624692 -0.512637 0.600022
v -0.201944 -0.590988 0.613976
v -0.621529 0.358321 0.559406
v -0.502652 0.328380 0.565825
v 0.198451 0.576710 0.536845
v -0.527377 0.399769 0.532630
v -0.258557 -0.275045 0.583135
v 0.899042 -0.234809 0.515772
v -0.069744 -0.559873 0.511055
v 0.703908 -0.462372 0.491654
v 0.351917 -0.611559 0.504431
v -0.730324 0.374725 0.488644
v -0.884885 0.255715 0.475708
v -0.625771 -0.529873 0.478459
v 0.231675 0.600979 0.458445
v -0.612996 0.437397 0.438445
v -0.885068 0.319752 0.425799
v -0.682187 0.386600 0.417745
v -0.932202 -0.328906 0.403486
v 0.831306 0.121600 0.427575
v -0.638615 0.476951 0.387241
v -0.954752 0.182263 0.380772
v 0.935882 -0.366848 0.369883
v -0.386253 -0.664136 0.376506
v -0.869708 0.415041 0.335709
v -0.173547 -0.756884 0.335509
v -1.053795 0.030014 0.332375
v -0.919026 0.244352 0.293753
v 0.756853 -0.527764 0.267717
v -0.620280 0.605384 0.260715
v 0.869294 0.475609 0.270147
v -0.967307 -0.361393 0.239782
v -0.427446 -0.683770 0.248963
v 0.354296 -0.690882 0.249982
v 0.020641 0.731339 0.231435
v -0.316888 0.596174 0.256769
v 0.243815 -0.732022 0.221576
v -1.017713 0.228854 0.220573
v 0.220869 0.735308 0.188469
v -0.305407 0.742314 0.158208
v -0.804234 0.536098 0.130068
v 0.600765 -0.641471 0.093032
v -0.450932 -0.699597 0.096418
v -0.000165 -0.798578 0.108932
v 0.102201 0.718689 0.073570
v 1.145747 0.061839 0.057797
v -0.790745 -0.589485 0.068376
v 0.447334 -0.699580 0.034112
v 0.760417 0.591863 0.014076
v -0.874183 -0.333153 -0.005756
v -0.879195 0.452288 -0.028240
v 0.980487 0.395439 -0.015911
v 1.091532 -0.270482 -0.023266
v -0.484803 0.737929 -0.059929
v -0.096912 -0.776720 -0.048862
v 0.425132 0.714723 -0.058683
v 0.825735 0.521841 -0.067069
v -1.082376 0.238017 -0.069668
v 1.108667 -0.209806 -0.066493
v 0.966967 -0.305293 -0.044677
v -0.513038 -0.651437 -0.064267
v 0.120795 -0.773658 -0.059320
v 1.155152 0.036245 -0.103570
v 0.729224 -0.629082 -0.104057
v -0.378042 -0.696557 -0.102326
v -0.555310 0.535041 -0.122408
v 0.389826 -0.676733 -0.146801
v 0.884192 0.300170 -0.179896
v 0.800409 -0.562726 -0.188333
v 0.180868 -0.733118 -0.160422
v -0.313835 0.749160 -0.208257
v 0.643174 -0.613083 -0.191557
v 0.543956 0.672441 -0.225279
v 0.784008 -0.529348 -0.263503
v -0.484174 -0.616938 -0.258520
v -0.634874 -0.461678 -0.272047
v -0.686128 -0.483066 -0.272998
v -0.428989 0.687082 -0.313077
v -0.832475 0.411726 -0.286322
v 0.956679 -0.305324 -0.326961
v 0.243906 -0.639418 -0.319893
v 0.822809 0.468365 -0.355425
v 1.015361 -0.098756 -0.344815
v -0.845792 -0.266517 -0.338552
v 0.393271 -0.621922 -0.362149
v -0.603415 0.546815 -0.407495
v 0.303869 0.662334 -0.400334
v -0.481373 -0.566937 -0.407454
v -0.804246 0.376507 -0.401701
v -0.787897 -0.382481 -0.422178
v -0.697245 0.450016 -0.437179
v -0.706657 0.379327 -0.465218
v -0.863911 0.294656 -0.449195
v 0.410977 -0.131144 -0.462905
v -0.667304 -0.453368 -0.449663
v 0.722721 0.466905 -0.479649
v -1.044215 0.066205 -0.443865
v -0.068112 0.585433 -0.517940
v -0.278770 0.576118 -0.485524
v -0.906404 0.187181 -0.503533
v -0.480273 -0.528900 -0.476376
v -0.659758 0.439589 -0.496975
v -0.929078 -0.057383 -0.509172
v -0.898580 -0.224918 -0.499786
v -0.191642 0.267431 -0.571080
v 0.467371 -0.077206 -0.521761
v 0.150406 0.576107 -0.575619
v 0.907219 0.092733 -0.553746
v -0.895926 0.016418 -0.538659
v -0.291080 0.205432 -0.573343
v -0.673529 0.347883 -0.575422
v -0.206137 0.186643 -0.604906
v 0.084871 -0.554857 -0.594348
v 0.272415 0.497697 -0.605957
v 0.674403 0.293600 -0.629468
v -0.419583 -0.404502 -0.632829
v -0.379851 -0.472666 -0.674192
v -0.755183 -0.027552 -0.690147
v -0.661719 0.095892 -0.729766
v 0.302846 -0.292005 -0.782708
v 0.280106 -0.108571 -0.802494
v 0.416425 0.172690 -0.828777
v 0.368928 -0.065571 -0.839138
v -0.311347 -0.251910 -0.818628
v 0.458717 -0.021447 -0.853697
v -0.192026 -0.130250 -0.888437
v 0.217288 -0.187828 -0.879681
v -0.354569 -0.061952 -0.890095
v 0.077412 -0.171013 -0.919426
v 0.161183 -0.043855 -0.944997
v 0.271593 0.086406 0.926417
v 0.225250 0.075973 0.938106
v 0.229210 0.014861 0.955905
v 0.251246 -0.058421 0.957081
v 0.269781 0.015292 0.946679
v 0.185993 -0.111319 0.953946
v 0.145455 -0.136455 0.937540
v 0.108532 -0.162454 0.914984
v 0.180853 -0.152593 0.938876
v 0.139684 -0.179209 0.919739
v 0.223910 -0.125701 0.949332
v 0.280307 -0.129500 0.936972
v 0.244569 -0.172466 0.926368
v 0.296944 -0.183994 0.909493
v -0.406916 0.153373 0.902242
v -0.436932 0.104633 0.907159
v -0.369140 0.091009 0.910581
v -0.314309 0.113803 0.901271
v -0.341091 0.146770 0.894581
v -0.062815 0.020598 0.887046
v -0.020627 0.009830 0.891535
v -0.012093 0.046999 0.887418
v -0.048268 0.058713 0.879702
v 0.106030 -0.094431 0.904762
v 0.116205 -0.047579 0.886218
v 0.095389 0.001738 0.873557
v -0.217886 0.159838 0.845335
v -0.289116 0.161288 0.858973
v 0.358758 -0.053175 0.853683
v 0.367125 -0.001539 0.845840
v -0.456379 -0.046788 0.802470
v 0.606508 0.145965 0.810512
v 0.654368 0.124452 0.788428
v 0.669171 0.182406 0.780840
v 0.605695 0.212703 0.799687
v -0.625256 0.017937 0.838378
v -0.668633 0.046487 0.808691
v -0.675814 -0.021023 0.803857
v -0.665272 -0.087569 0.802632
v -0.639199 -0.040514 0.826705
v -0.249467 0.331186 0.784616
v -0.176743 0.342552 0.767350
v 0.523735 0.058504 0.768710
v -0.115403 0.364907 0.755536
v -0.014509 0.409437 0.699976
v 0.152106 0.252908 0.815428
v 0.164152 0.290327 0.785933
v 0.089791 0.351142 0.726849
v 0.041943 0.275644 0.792868
v -0.665964 0.194682 0.784630
v -0.737550 0.215165 0.695814
v -0.655993 0.115095 0.811545
v -0.698583 0.099347 0.778090
v -0.754004 0.190245 0.698486
v 0.593330 -0.121952 0.771240
v 0.568780 -0.156110 0.775516
v 0.559794 -0.126924 0.758465
v -0.265887 0.362947 0.772135
v -0.164408 0.385479 0.740616
v -0.298997 0.381852 0.754676
v -0.258627 0.418963 0.726266
v 0.199932 0.311523 0.710879
v 0.230668 0.296542 0.671289
v -0.095494 0.406579 0.720703
v 0.294762 -0.420545 0.735463
v 0.370621 -0.470587 0.665614
v 0.351390 -0.346177 0.783844
v 0.479563 -0.431013 0.683719
v 0.469392 -0.367882 0.750865
v -0.367582 0.379029 0.698933
v 0.754083 -0.022963 0.707301
v 0.767218 -0.087152 0.686309
v 0.772646 0.052380 0.685391
v 0.800691 -0.010101 0.658729
v 0.807153 -0.086977 0.640316
v 0.030947 -0.483814 0.691178
v 0.041554 -0.497581 0.680399
v 0.135356 -0.457469 0.739408
v 0.171984 -0.510951 0.677697
v 0.377032 0.358091 0.628959
v 0.337847 0.326258 0.622184
v 0.741769 0.233151 0.701869
v 0.798330 0.321296 0.577360
v 0.815393 0.299219 0.573461
v 0.467621 0.440386 0.620015
v 0.530922 0.402033 0.649610
v 0.544922 0.423987 0.605677
v 0.482064 0.451689 0.592613
v 0.430131 0.467014 0.582615
v -0.675330 -0.490160 0.585920
v -0.625047 -0.523691 0.585695
v -0.650166 -0.477921 0.618776
v -0.560647 -0.543588 0.578507
v -0.598787 -0.510941 0.612937
v -0.203411 -0.575813 0.628509
v -0.251383 -0.587837 0.596092
v -0.174019 -0.600353 0.611102
v -0.124428 -0.566959 0.646243
v -0.228181 -0.615905 0.572873
v -0.264956 0.432061 0.561156
v -0.298832 0.443578 0.577279
v -0.588850 0.321900 0.596678
v -0.638358 0.329788 0.600488
v -0.679161 0.361539 0.532530
v -0.569279 0.352348 0.550122
v -0.622415 0.385778 0.513662
v -0.698176 -0.142497 0.559020
v -0.573321 0.414948 0.484171
v -0.567494 0.387448 0.527913
v -0.512701 0.371329 0.546308
v -0.477884 0.402812 0.564617
v -0.506806 0.422353 0.522968
v 0.310293 0.404820 0.549343
v 0.833863 -0.217877 0.573535
v 0.873675 -0.295420 0.523741
v 0.957945 -0.264115 0.440982
v 0.194683 -0.554379 0.484340
v 0.316640 -0.600970 0.547654
v 0.354827 -0.567798 0.567933
v 0.352757 -0.628570 0.427502
v 0.324954 -0.635629 0.437087
v 0.386020 -0.586648 0.520345
v -0.781229 0.376024 0.471541
v -0.729468 0.360354 0.517202
v -0.761917 0.376923 0.458768
v -0.868556 0.283876 0.484624
v -0.895767 0.268660 0.450891
v -0.853240 0.251794 0.520661
v -0.887187 0.233896 0.482215
v -0.923608 0.218787 0.433973
v 0.776346 -0.420162 0.417249
v 0.843129 -0.389086 0.449513
v -0.636345 0.440401 0.422302
v -0.623079 0.412578 0.469387
v -0.579343 0.453877 0.433144
v -0.744747 0.375297 0.410538
v -0.871291 0.374926 0.388175
v -0.865880 0.316588 0.461734
v -0.882097 0.362524 0.380792
v -0.906083 0.281147 0.421153
v -0.798697 0.072525 0.452921
v -0.790899 0.050081 0.469603
v -0.820589 -0.078906 0.464365
v -0.840322 0.026634 0.432379
v -0.850906 -0.007499 0.430292
v -0.926056 -0.297691 0.430115
v -0.968911 -0.277010 0.381242
v -0.887399 -0.341694 0.455409
v -0.951553 -0.341257 0.350359
v -0.913734 -0.371324 0.399379
v 0.470841 -0.455302 0.400140
v 0.482525 -0.429321 0.378143
v -0.674688 0.486547 0.367361
v -0.676007 0.511542 0.340288
v -0.761103 0.413979 0.366285
v -0.954097 0.197318 0.380516
v -0.944851 0.172962 0.403442
v -0.975173 0.177186 0.338366
v -0.966898 0.147793 0.358720
v 0.951996 -0.329199 0.399799
v 0.896124 -0.365228 0.428583
v 0.988738 -0.332938 0.322784
v 0.892048 -0.402994 0.368728
v 0.940618 -0.398769 0.306136
v 0.057614 -0.545770 0.416260
v 0.076710 -0.580158 0.368117
v 0.114945 -0.557535 0.398548
v -0.692236 0.436147 0.365033
v 0.858420 0.051767 0.416801
v -0.413239 -0.671219 0.310197
v -0.444549 -0.635682 0.438697
v -0.426437 -0.632954 0.463023
v -0.849811 0.446694 0.318505
v -0.855322 0.387726 0.396016
v -0.886835 0.417201 0.296724
v 0.437366 -0.523077 0.323996
v 0.444537 -0.490417 0.343100
v -0.580216 -0.562187 0.326227
v -0.038777 -0.657953 0.355549
v -0.021476 -0.694605 0.333919
v -0.064826 -0.687829 0.368315
v -1.049600 0.112767 0.279882
v -1.016429 0.070770 0.353659
v -0.880128 0.309590 0.332137
v -0.890432 0.288070 0.302960
v -0.785024 -0.488536 0.328718
v 0.886462 0.163384 0.299746
v 0.748936 -0.509621 0.327752
v 0.796812 -0.462293 0.345153
v 0.808176 -0.514313 0.244642
v 0.722309 -0.574103 0.174305
v 0.702925 -0.567740 0.221017
v 0.842132 0.492444 0.286707
v 0.827148 0.450166 0.359420
v 0.879673 0.454076 0.291267
v 0.916354 0.460197 0.215877
v 0.873081 0.501139 0.207961
v 0.918431 0.057587 0.294543
v -0.985424 -0.303751 0.299685
v -0.998970 -0.302585 0.228071
v 0.561589 -0.526191 0.250585
v -0.447045 -0.680568 0.249754
v -0.383649 -0.695607 0.277794
v -0.424731 -0.692369 0.216659
v -0.477025 -0.684469 0.174543
v 0.380683 -0.673555 0.265045
v 0.348326 -0.669666 0.313381
v 0.314184 -0.701571 0.263727
v 0.334174 -0.715626 0.200449
v 0.387287 -0.689953 0.212373
v 0.101198 0.722206 0.249137
v 0.090577 0.752633 0.203648
v -0.059841 0.723796 0.216640
v 0.025516 0.702602 0.269333
v -0.044474 0.745438 0.184140
v -0.947996 0.331139 0.238694
v -1.006941 0.228790 0.242536
v -1.018515 0.270022 0.196448
v -1.029627 0.246088 0.172215
v -1.026333 0.200564 0.220526
v 0.194373 0.723509 0.230765
v 0.241879 0.724444 0.185059
v 0.160403 0.743453 0.213798
v 0.218519 0.746288 0.165521
v 0.274472 0.727330 0.126123
v -0.200977 -0.713557 0.197701
v -0.339370 0.719271 0.195592
v -0.375173 0.728345 0.179653
v 0.277220 0.617690 0.183389
v -0.295249 -0.677733 0.171333
v -0.271705 -0.657026 0.132608
v 0.590330 -0.635355 0.133965
v 0.544819 -0.675265 0.096069
v 0.640108 -0.617322 0.118261
v 0.588256 -0.657070 0.056477
v 0.642896 -0.632407 0.054464
v -0.495924 -0.686181 0.053031
v -0.446334 -0.697554 0.032496
v -0.462642 -0.694143 0.130676
v -0.429384 -0.705718 0.106892
v -0.079167 -0.796084 0.189552
v 1.164672 -0.030029 0.066495
v -0.731717 -0.596949 0.006364
v -0.734407 -0.611608 0.068834
v -0.162273 -0.697973 0.053117
v 0.462529 0.590617 0.057237
v 0.471048 -0.702131 0.072549
v 0.399424 -0.709777 0.050299
v 0.392986 -0.701360 -0.002404
v 0.458935 -0.695136 0.009542
v 0.523861 -0.687233 0.041338
v 0.739005 0.606815 0.035705
v 0.798688 0.572295 0.063774
v 0.804778 0.553226 0.000450
v 0.694148 0.629164 -0.010404
v 0.750341 0.590941 -0.019004
v 1.068758 -0.290436 0.010892
v -0.852628 -0.318583 -0.019557
v -0.855351 -0.346058 -0.024505
v -0.876332 -0.302910 0.000401
v -0.901660 -0.331013 0.020290
v -0.884726 -0.368901 -0.009959
v -0.251860 -0.692440 -0.014114
v -0.638981 0.540765 0.000074
v -0.861677 0.465712 -0.039109
v -0.884614 0.442818 -0.091370
v -0.849574 0.482002 0.017561
v -0.894787 0.445642 0.012329
v -0.906274 0.432909 -0.043874
v 0.939670 0.443568 0.001953
v 0.996625 0.383501 0.023997
v 1.024828 0.329919 -0.014733
v 0.986726 0.378157 -0.041921
v 0.934592 0.429694 -0.056815
v -1.023480 0.288116 -0.035772
v -0.979864 0.302315 -0.054945
v 1.065203 -0.305825 -0.005496
v 1.085514 -0.262331 -0.074765
v 0.265497 -0.732231 -0.030754
v 0.180642 -0.756820 -0.063852
v -0.516157 0.732113 0.004498
v -0.467850 0.751996 -0.005424
v -0.452490 0.747242 -0.089677
v -0.478884 0.723161 -0.136712
v -0.503168 0.726016 -0.068727
v 0.835678 -0.463998 -0.040534
v 0.826673 -0.430938 -0.044326
v 0.370034 0.715322 -0.032624
v 0.422497 0.709988 -0.037421
v 0.403160 0.720450 -0.078366
v 0.481350 0.704072 -0.053443
v 0.461356 0.715912 -0.095709
v -1.066032 0.261421 -0.048738
v -1.087209 0.228719 0.021333
v -1.102549 0.208042 -0.002944
v -1.075462 0.213308 -0.158123
v -0.529777 -0.659782 -0.014591
v -0.581902 -0.624906 -0.060756
v -0.527279 -0.627937 -0.113387
v -0.448812 -0.674520 -0.090633
v -0.458309 -0.682116 -0.030796
v 1.143854 -0.060351 -0.058310
v 1.158840 -0.018018 -0.077210
v -0.825764 -0.351226 -0.063817
v 0.523362 -0.636691 -0.051027
v 0.177122 -0.748617 -0.121539
v 0.042917 -0.774514 -0.077858
v 0.139484 -0.773727 0.019186
v 1.163830 0.029825 -0.056103
v 1.154806 0.006469 -0.111197
v 1.150488 0.082400 -0.057971
v 1.137010 0.008284 -0.169526
v 1.146671 0.053676 -0.120148
v -0.354897 -0.707901 -0.078114
v -0.295422 -0.716876 -0.084921
v -0.366256 -0.695149 -0.114757
v 0.644461 0.547265 -0.135706
v 0.700165 0.556911 -0.099278
v 0.642286 0.596478 -0.102097
v -0.710509 0.441141 -0.107159
v 0.414620 -0.675115 -0.098218
v 0.368688 -0.692802 -0.112717
v 0.354116 -0.683998 -0.176083
v 0.392107 -0.678769 -0.197016
v 0.410800 -0.660844 -0.144633
v 0.868983 0.314066 -0.197894
v 0.897720 0.323649 -0.168847
v 0.909410 0.295616 -0.153285
v 0.888553 0.284586 -0.182115
v 0.863406 0.277386 -0.212586
v 0.875849 -0.312880 -0.135515
v 0.880956 -0.319985 -0.178822
v 0.803710 -0.523846 -0.245251
v 0.472117 -0.605410 -0.177404
v 0.217710 -0.700414 -0.206257
v 0.237333 -0.723572 -0.150647
v 0.107774 -0.761026 -0.127464
v 0.151747 -0.729796 -0.183901
v -0.340290 0.755829 -0.187514
v -0.291842 0.755829 -0.174364
v -0.309032 0.738129 -0.229850
v -0.354716 0.735762 -0.230658
v -0.263275 0.739830 -0.221253
v 0.571196 0.620647 -0.181240
v 0.559861 0.673943 -0.193019
v 0.554033 0.659913 -0.221434
v 0.530983 0.693111 -0.215410
v 0.536890 0.650913 -0.258592
v -0.118364 -0.547695 -0.216323
v 0.546933 -0.602451 -0.240430
v 0.756029 0.496630 -0.205728
v 0.765428 -0.568193 -0.240896
v 0.735930 -0.568596 -0.289560
v 0.837475 -0.453782 -0.287299
v 0.782205 -0.513238 -0.284006
v -0.629067 0.511655 -0.252399
v -0.485424 -0.587107 -0.334689
v -0.452028 -0.647380 -0.207625
v -0.462425 -0.602401 -0.327675
v -0.330478 0.672876 -0.279036
v 0.462608 0.688177 -0.241013
v 0.478146 0.645616 -0.274643
v -0.591054 -0.457510 -0.281573
v -0.574402 -0.487273 -0.270309
v -0.698062 -0.502976 -0.252643
v -0.720663 -0.472710 -0.304480
v -0.658295 -0.511130 -0.245175
v -0.667940 -0.526219 -0.235569
v -0.665510 -0.476931 -0.271457
v -0.689848 -0.463279 -0.312701
v -0.712739 -0.462088 -0.335885
v -0.317271 -0.534395 -0.282388
v 0.009700 -0.533554 -0.275713
v -0.423034 0.716078 -0.238357
v -0.397008 0.718654 -0.256755
v -0.402629 0.671935 -0.354321
v -0.472625 0.655899 -0.328195
v -0.423809 0.650999 -0.368030
v -0.861328 0.423765 -0.213758
v -0.822426 0.427264 -0.266201
v -0.794705 0.421915 -0.323379
v -0.827986 0.395347 -0.330177
v -0.865394 0.396200 -0.272933
v 0.978630 -0.295706 -0.306311
v 0.973605 -0.230384 -0.371027
v 0.895349 -0.378537 -0.318158
v -0.848026 -0.304611 -0.299280
v -0.844793 -0.276319 -0.330020
v -0.603371 -0.440889 -0.330520
v -0.538918 -0.521450 -0.298807
v -0.541875 -0.500968 -0.343595
v 0.294545 -0.624712 -0.339397
v 0.288034 -0.653060 -0.286296
v 0.213777 -0.665536 -0.265442
v 0.196875 -0.647389 -0.326827
v 0.221257 -0.619178 -0.373092
v 0.840142 0.470942 -0.297638
v 0.836825 0.452376 -0.347184
v 0.811640 0.482618 -0.341644
v 0.788847 0.472286 -0.396525
v 0.818308 0.439658 -0.405654
v 0.878775 0.137762 -0.366207
v 0.872776 0.120530 -0.330611
v 1.018903 -0.060884 -0.345535
v 1.056793 -0.100605 -0.291995
v 0.995330 -0.123886 -0.373486
v 0.979562 -0.062863 -0.403512
v 1.030276 -0.162414 -0.313250
v 0.645233 -0.120344 -0.354020
v -0.841423 -0.256065 -0.330466
v -0.859529 -0.235054 -0.369437
v -0.856667 -0.265979 -0.354571
v 0.369059 -0.640294 -0.324597
v 0.298895 -0.600896 -0.396205
v -0.294148 0.641483 -0.364434
v -0.979324 -0.058633 -0.376088
v -0.955466 -0.096963 -0.376306
v 0.560332 -0.139834 -0.395013
v -0.618810 0.550757 -0.386341
v -0.567872 0.598715 -0.370620
v -0.561194 0.570850 -0.411054
v -0.605847 0.509264 -0.454214
v -0.660081 0.483179 -0.434501
v 0.263487 0.670870 -0.365527
v 0.326923 0.663552 -0.368492
v 0.363710 0.656752 -0.412642
v 0.306809 0.653551 -0.428425
v 0.243604 0.659819 -0.419733
v -0.497280 -0.561570 -0.390340
v -0.500777 -0.540639 -0.441454
v -0.465412 -0.580311 -0.397144
v -0.458728 -0.553896 -0.461240
v -0.832653 0.362777 -0.390260
v -0.799743 0.395921 -0.375419
v -0.773167 0.401325 -0.401604
v -0.798173 0.370034 -0.413718
v -0.831415 0.342272 -0.423533
v 0.585397 -0.009230 -0.430595
v -0.813175 -0.404120 -0.383467
v -0.822877 -0.370316 -0.418897
v -0.795912 -0.355344 -0.459561
v -0.758604 -0.413091 -0.410530
v -0.750028 -0.394732 -0.451359
v -0.052941 -0.479157 -0.405365
v -0.487237 0.569361 -0.405865
v -0.735981 0.433449 -0.403781
v -0.697664 0.469158 -0.402918
v -0.707858 0.433476 -0.443443
v -0.680181 0.424469 -0.493560
v -0.780621 0.335426 -0.434725
v -0.809689 0.324287 -0.451658
v -0.278833 0.628579 -0.448817
v -0.247183 0.604120 -0.470399
v -0.176466 0.613394 -0.432612
v -0.861750 0.327021 -0.410195
v -0.849929 0.308061 -0.451008
v -0.885783 0.291794 -0.419303
v -0.881647 0.262029 -0.462080
v -0.845537 0.274117 -0.488172
v 0.399360 -0.147572 -0.453561
v -0.708483 -0.438249 -0.426270
v -0.698873 -0.429972 -0.458856
v -0.664682 -0.461155 -0.433320
v -0.621782 -0.472655 -0.456427
v -0.654910 -0.449294 -0.466512
v 0.720362 0.493638 -0.448772
v 0.759631 0.453374 -0.450424
v 0.747187 0.412249 -0.512172
v 0.679001 0.507994 -0.482822
v 0.703441 0.457711 -0.512633
v -1.032369 0.104478 -0.430933
v -1.035113 0.052254 -0.454788
v -1.045557 0.016529 -0.454172
v -1.053816 0.055299 -0.437311
v -1.039999 0.111808 -0.395377
v -0.996602 0.079823 -0.467562
v -1.009734 0.043767 -0.464191
v -0.085790 0.606590 -0.485074
v -0.033784 0.612502 -0.506838
v -0.014934 0.572243 -0.552074
v -0.127187 0.567945 -0.513705
v -0.077622 0.554753 -0.545227
v -0.346829 0.548014 -0.500552
v -0.315753 0.589395 -0.467973
v -0.188947 0.577029 -0.492938
v -0.273385 0.552519 -0.502554
v -0.731505 0.320894 -0.489039
v -0.929036 0.199135 -0.465619
v -0.875997 0.218509 -0.500367
v -0.952038 0.163485 -0.473401
v -0.906227 0.162808 -0.523583
v -0.975655 -0.006482 -0.466495
v -0.956909 -0.041291 -0.483949
v -0.532169 -0.512720 -0.469940
v -0.482966 -0.515538 -0.492665
v -0.434394 -0.534150 -0.514080
v -0.643661 0.432942 -0.520234
v -0.929596 -0.007763 -0.493423
v -0.944284 -0.090706 -0.502201
v -0.904128 -0.034485 -0.531166
v -0.910378 -0.100308 -0.531980
v 0.477903 0.520078 -0.516744
v 0.448391 -0.095225 -0.463248
v 0.428107 -0.105532 -0.501086
v 0.505654 -0.055121 -0.494237
v 0.504785 -0.040382 -0.546510
v 0.453648 -0.081241 -0.567471
v -0.601846 -0.366837 -0.501980
v 0.926967 0.093902 -0.523841
v 0.955360 0.047280 -0.487747
v 0.884986 0.135684 -0.569708
v 0.906713 0.074404 -0.558156
v 0.855546 0.117434 -0.604736
v 0.457051 0.359243 -0.544545
v 0.434138 0.343469 -0.558556
v 0.463480 0.333009 -0.566836
v -0.258596 0.205743 -0.559660
v -0.268064 0.167426 -0.587414
v -0.311418 0.185652 -0.596979
v -0.321905 0.237296 -0.559031
v -0.650970 0.296700 -0.629203
v -0.700728 0.324533 -0.577545
v -0.683128 0.274693 -0.621595
v -0.692836 -0.283394 -0.570765
v -0.689473 -0.258695 -0.599886
v 0.073606 -0.570874 -0.572503
v 0.019379 -0.550692 -0.615265
v 0.136672 -0.543780 -0.603869
v 0.141758 -0.572606 -0.538740
v 0.062758 -0.524753 -0.635932
v 0.189446 0.556819 -0.586356
v 0.293345 0.501600 -0.575386
v 0.297331 0.482128 -0.640989
v 0.426424 0.322212 -0.603132
v -0.091169 0.204713 -0.668120
v -0.133988 0.173052 -0.659721
v 0.724978 0.250138 -0.618220
v 0.729267 0.347431 -0.569873
v 0.676059 0.353609 -0.593785
v 0.616584 0.293063 -0.668865
v 0.632616 0.256486 -0.683809
v -0.504388 0.249174 -0.650649
v 0.399115 0.356286 -0.630437
v 0.378756 0.386328 -0.651321
v 0.410648 0.355925 -0.660766
v -0.399280 -0.460864 -0.666821
v -0.365605 -0.439271 -0.704919
v -0.403431 -0.494712 -0.623338
v -0.328298 -0.468755 -0.697471
v -0.359738 -0.496721 -0.658388
v -0.725780 0.065795 -0.702080
v -0.619159 0.032844 -0.776494
v -0.474343 -0.208777 -0.730838
v 0.345371 -0.234098 -0.766183
v 0.265258 -0.372213 -0.756104
v 0.300659 -0.345094 -0.730899
v 0.259417 -0.086407 -0.809904
v 0.267351 -0.129528 -0.811662
v 0.382027 0.223254 -0.824987
v 0.437226 0.216325 -0.810534
v 0.477588 0.146953 -0.822900
v 0.427565 0.114024 -0.850155
v 0.375473 0.159410 -0.851066
v 0.303422 -0.029221 -0.840499
v 0.336949 -0.068536 -0.821236
v 0.290866 -0.063271 -0.812242
v 0.342543 -0.104390 -0.812974
v 0.367695 -0.117463 -0.822615
v 0.412424 -0.051533 -0.854430
v 0.289666 -0.158696 -0.821902
v 0.235889 -0.147837 -0.845717
v -0.348661 -0.210935 -0.848191
v -0.258286 -0.225339 -0.843113
v -0.254444 -0.302586 -0.782646
v -0.066934 -0.254489 -0.851384
v 0.477371 -0.029228 -0.844907
v 0.473635 -0.000203 -0.855015
v 0.545144 0.006239 -0.830651
v 0.408171 -0.023132 -0.865350
v 0.250867 -0.033509 -0.849506
v -0.217246 -0.112416 -0.873147
v -0.169298 -0.104495 -0.900622
v -0.197838 -0.075292 -0.881338
v -0.193391 -0.156497 -0.885381
v -0.247759 -0.145191 -0.878425
v -0.129522 -0.128881 -0.902878
v 0.182499 -0.149364 -0.896876
v 0.224598 -0.174028 -0.871521
v 0.274063 -0.205297 -0.852958
v 0.175171 -0.194625 -0.891713
v 0.241229 -0.224394 -0.870978
v -0.428749 -0.037877 -0.875634
v -0.443360 -0.075360 -0.872231
v 0.078954 -0.123326 -0.936744
v 0.118672 -0.164684 -0.912158
v 0.113906 -0.217512 -0.905866
v 0.046304 -0.200326 -0.911838
v 0.014085 -0.144037 -0.921493
v 0.179354 -0.046292 -0.930886
v 0.130555 -0.083944 -0.941024
v 0.217150 -0.002060 -0.927681
v 0.163101 -0.019257 -0.952557
v 0.096277 -0.051535 -0.958257
v 0.030383 -0.069045 -0.934067
v 0.027268 -0.030577 -0.957225
v 0.024963 -0.008270 -0.968931
v 0.262842 0.062796 -0.917350
v 0.152470 0.054653 -0.954787
v 0.344994 0.109540 -0.871781
v 0.240680 0.150614 -0.906639
v 0.320885 0.185044 -0.862078
v 0.329686 0.240250 -0.836029
v 0.274840 0.248374 -0.844829
v 0.377604 0.279831 -0.807694
v 0.278876 0.295066 -0.814114
v 0.326405 0.334329 -0.797151
v 0.302302 0.392597 -0.745501
v 0.255887 0.421642 -0.703877
v 0.275286 0.438567 -0.693532
v 0.243997 0.445513 -0.679399
v 0.228034 0.475170 -0.662983
v 0.247823 0.489868 -0.646629
v 0.209933 0.503458 -0.646789
v 0.194469 0.529161 -0.623475
v 0.187445 0.490328 -0.665826
v 0.113515 0.545947 -0.619180
v 0.140915 0.503464 -0.657071
v 0.044122 0.579282 -0.563649
v 0.091764 0.611876 -0.522849
v 0.029184 0.637363 -0.471969
v 0.188969 0.628148 -0.503400
v 0.260763 0.640509 -0.458414
v 0.280297 0.606960 -0.487086
v 0.254226 0.552146 -0.540844
v 0.287206 0.544654 -0.534600
v 0.287061 0.520937 -0.553321
v 0.310216 0.524652 -0.545575
v 0.314196 0.490156 -0.577849
v 0.327946 0.453106 -0.617591
v 0.358335 0.408805 -0.645044
v 0.377690 0.383699 -0.625061
v 0.400134 0.349509 -0.610847
v 0.418498 0.330423 -0.621180
v 0.366833 0.402088 -0.673397
v 0.345980 0.424436 -0.663638
v 0.358650 0.411988 -0.690471
v 0.337319 0.435104 -0.679186
v 0.351287 0.420773 -0.706452
v 0.327987 0.441803 -0.693464
v 0.305919 0.463939 -0.676147
v 0.328340 0.418142 -0.731938
v 0.369718 0.374828 -0.774179
v 0.408885 0.312407 -0.795946
v 0.543361 0.225349 -0.763872
v 0.535409 0.161077 -0.795779
v 0.540912 0.102125 -0.817584
v 0.431318 0.052645 -0.864283
v 0.261428 0.032061 -0.914277
v 0.260519 0.006347 -0.908448
v 0.200527 -0.050915 -0.900896
v 0.188560 -0.107594 -0.892983
v 0.148425 -0.120075 -0.920580
v 0.210857 -0.095185 -0.845957
v 0.269773 -0.044075 -0.826812
v 0.324595 -0.014849 -0.871078
v 0.345977 0.029352 -0.890402
v 0.426123 0.011202 -0.867770
v 0.547704 0.034322 -0.832247
v 0.656456 0.037083 -0.748555
v 0.551484 -0.011450 -0.817375
v 0.438783 -0.065179 -0.838535
v 0.383950 -0.130726 -0.818058
v 0.349212 -0.163433 -0.820432
v 0.308342 -0.183010 -0.831996
v 0.264911 -0.176394 -0.845431
v 0.305798 -0.128408 -0.806195
v 0.362217 -0.176134 -0.805514
v 0.292716 -0.243240 -0.831201
v 0.229015 -0.265274 -0.865780
v 0.245046 -0.337854 -0.800906
v 0.207963 -0.456244 -0.721458
v 0.210311 -0.522066 -0.618376
v 0.271813 -0.546152 -0.511484
v 0.217960 -0.571841 -0.495096
v 0.286502 -0.572815 -0.454262
v 0.163027 -0.594527 -0.475372
v 0.130575 -0.602528 -0.460329
v 0.168205 -0.633504 -0.372910
v 0.131663 -0.632332 -0.369760
v 0.162531 -0.672113 -0.284588
v 0.095671 -0.648997 -0.295260
v 0.086852 -0.708608 -0.223134
v 0.036920 -0.651563 -0.230858
v -0.009561 -0.717606 -0.160314
v -0.038217 -0.628692 -0.181197
v -0.108220 -0.685667 -0.122454
v -0.114734 -0.599712 -0.155587
v -0.204414 -0.634482 -0.132256
v -0.179811 -0.553417 -0.182681
v -0.262065 -0.573984 -0.179156
v -0.266294 -0.515175 -0.245332
v -0.230400 -0.494458 -0.285346
v -0.201414 -0.509723 -0.252470
v -0.197759 -0.494091 -0.291228
v -0.033162 -0.556019 -0.605796
v -0.036347 -0.566515 -0.581143
v -0.112745 -0.550622 -0.563420
v -0.183346 -0.549780 -0.562288
v -0.176349 -0.542732 -0.543119
v -0.246156 -0.561935 -0.525587
v -0.169110 -0.527030 -0.520792
v -0.305775 -0.553935 -0.457114
v -0.224038 -0.518905 -0.466664
v -0.338960 -0.536612 -0.371327
v -0.260927 -0.502114 -0.385032
v -0.263023 -0.499555 -0.284859
v -0.227294 -0.486697 -0.331769
v -0.156106 -0.484923 -0.334267
v -0.165800 -0.499822 -0.299204
v -0.131886 -0.507336 -0.303018
v -0.137888 -0.525194 -0.269460
v -0.100593 -0.531461 -0.266364
v -0.058336 -0.567686 -0.201901
v 0.004179 -0.574035 -0.228352
v 0.047324 -0.582756 -0.283227
v 0.079696 -0.593972 -0.351214
v 0.079541 -0.594805 -0.431369
v 0.042088 -0.582085 -0.518304
v -0.038671 -0.563736 -0.533914
v -0.102150 -0.535930 -0.523208
v -0.179392 -0.481511 -0.373164
v -0.126058 -0.474023 -0.398609
v -0.107534 -0.475495 -0.359077
v -0.086454 -0.496882 -0.326895
v -0.050010 -0.499828 -0.320194
v -0.058864 -0.517806 -0.293170
v -0.029041 -0.518710 -0.289023
v -0.035371 -0.533324 -0.261346
v 0.032326 -0.531162 -0.323253
v 0.041834 -0.547245 -0.394876
v 0.021218 -0.557906 -0.475602
v -0.037372 -0.527574 -0.484041
v -0.095794 -0.517034 -0.493260
v -0.087093 -0.494963 -0.454172
v -0.143567 -0.492445 -0.442809
v -0.060133 -0.472741 -0.379293
v -0.073505 -0.479181 -0.350967
v -0.031168 -0.482342 -0.378555
v -0.011910 -0.497186 -0.344732
v -0.005465 -0.506759 -0.415028
v -0.191958 -0.543687 -0.582226
v -0.119473 -0.524619 -0.595947
v -0.038861 -0.527103 -0.637763
v -0.064923 -0.471493 -0.687013
v 0.030351 -0.450280 -0.703275
v 0.090001 -0.480174 -0.684550
v 0.061702 -0.408090 -0.753388
v 0.140799 -0.387886 -0.787609
v 0.177245 -0.292796 -0.868858
v 0.064343 -0.252225 -0.885217
v 0.035915 -0.347664 -0.806212
v -0.056614 -0.363646 -0.766204
v -0.031630 -0.427955 -0.722693
v -0.149697 -0.385759 -0.755606
v -0.125699 -0.441950 -0.706211
v -0.185118 -0.417584 -0.723043
v -0.156211 -0.466341 -0.674178
v -0.256179 -0.479708 -0.684021
v -0.218757 -0.515574 -0.636239
v -0.315224 -0.530465 -0.620824
v -0.201217 -0.533441 -0.603567
v -0.364472 -0.566353 -0.530132
v -0.270583 -0.568689 -0.571633
v -0.412785 -0.586577 -0.429525
v -0.331567 -0.587081 -0.495301
v -0.415060 -0.611151 -0.321310
v -0.375006 -0.581056 -0.405152
v -0.372897 -0.639317 -0.228807
v -0.376192 -0.586953 -0.307590
v -0.338069 -0.588844 -0.221405
v -0.299528 -0.645097 -0.163485
v -0.434999 -0.578755 -0.441851
v -0.386680 -0.547689 -0.548920
v -0.411752 -0.520460 -0.566495
v -0.432400 -0.494645 -0.579416
v -0.445652 -0.474635 -0.589175
v -0.379698 -0.388432 -0.708299
v -0.359376 -0.396374 -0.717171
v -0.336226 -0.352823 -0.734287
v -0.285611 -0.347313 -0.740266
v -0.279344 -0.434360 -0.719944
v -0.205147 -0.349991 -0.764110
v -0.163228 -0.316092 -0.805989
v -0.029282 -0.200838 -0.894753
v -0.145170 -0.178398 -0.881610
v -0.115625 -0.085311 -0.922366
v -0.113180 -0.056535 -0.936359
v 0.206371 0.199158 -0.900425
v 0.220350 0.248863 -0.859926
v 0.221541 0.335345 -0.788635
v 0.213483 0.398456 -0.730116
v 0.209682 0.427342 -0.704069
v 0.154346 0.463715 -0.680480
v 0.124873 0.487305 -0.662511
v 0.130718 0.445265 -0.685871
v 0.104357 0.467301 -0.670053
v 0.087475 0.509834 -0.638987
v 0.011525 0.537457 -0.593703
v -0.012591 0.486937 -0.615218
v -0.091247 0.500647 -0.571791
v -0.137161 0.522552 -0.544182
v -0.374143 0.451166 -0.539370
v -0.394795 0.502053 -0.532502
v -0.415482 0.532585 -0.510283
v -0.478764 0.437403 -0.555819
v -0.509507 0.475846 -0.537887
v -0.559430 0.452761 -0.539881
v -0.533589 0.509512 -0.513278
v -0.565715 0.393784 -0.578833
v -0.610030 0.418661 -0.553571
v -0.615448 0.303260 -0.638662
v -0.632319 0.203160 -0.703390
v -0.553012 0.143493 -0.746471
v -0.451899 0.109750 -0.776392
v -0.349714 0.086522 -0.779531
v -0.250580 0.066947 -0.768211
v -0.199312 0.072721 -0.755318
v -0.218338 0.094170 -0.697127
v -0.174799 0.104800 -0.692601
v -0.115632 0.120497 -0.736603
v -0.137011 0.118843 -0.695893
v -0.081585 0.151456 -0.723372
v -0.044361 0.225869 -0.677302
v -0.059870 0.330239 -0.604590
v -0.130156 0.404403 -0.552369
v -0.244489 0.443926 -0.520753
v -0.523767 0.363672 -0.586261
v -0.555160 0.336983 -0.610181
v -0.575509 0.300972 -0.642933
v -0.542393 0.215443 -0.697529
v -0.501437 0.227110 -0.678867
v -0.455146 0.180225 -0.702991
v -0.462013 0.210145 -0.675120
v -0.425218 0.188318 -0.661150
v -0.374900 0.138431 -0.688897
v -0.336951 0.160165 -0.628063
v -0.277295 0.120350 -0.656582
v -0.250754 0.135301 -0.613090
v -0.192239 0.113599 -0.650984
v -0.179562 0.136797 -0.633499
v -0.129890 0.142118 -0.670844
v -0.175869 0.223239 -0.618528
v -0.270256 0.254111 -0.540898
v -0.226372 0.281387 -0.537735
v -0.174681 0.324063 -0.550304
v -0.122778 0.279000 -0.616482
v -0.277070 0.314687 -0.526799
v -0.394409 0.316016 -0.542942
v -0.423490 0.255857 -0.573442
v -0.483897 0.319256 -0.576820
v -0.536059 0.290835 -0.639535
v -0.439318 0.221321 -0.623698
v -0.395397 0.206952 -0.606949
v -0.347694 0.195268 -0.598459
v -0.227834 0.157237 -0.597061
v -0.138999 0.470339 -0.549304
v -0.054267 0.466145 -0.594503
v -0.058407 0.390953 -0.592847
v -0.023350 0.415617 -0.609674
v -0.008562 0.354247 -0.634536
v -0.022466 0.297694 -0.646256
v 0.004403 0.306339 -0.662019
v 0.007413 0.260385 -0.703762
v -0.014684 0.174797 -0.791664
v -0.084647 0.123784 -0.782328
v -0.122256 0.091277 -0.800085
v -0.083224 0.110398 -0.847749
v -0.125273 0.085102 -0.863289
v -0.217688 0.060854 -0.819715
v -0.271072 0.059882 -0.821069
v -0.225418 0.049257 -0.859996
v -0.281633 0.041307 -0.850747
v -0.399092 0.033912 -0.838577
v -0.523941 0.055643 -0.822483
v -0.555565 0.020695 -0.823456
v -0.415354 -0.001855 -0.861025
v -0.287919 0.019680 -0.870397
v -0.227396 0.029505 -0.882041
v -0.028812 0.123557 -0.878725
v -0.002416 0.162532 -0.855679
v 0.034898 0.241495 -0.779381
v 0.036207 0.283539 -0.725226
v 0.026862 0.378953 -0.651603
v 0.053611 0.457629 -0.656829
v 0.104493 0.421530 -0.693257
v 0.063695 0.355136 -0.704586
v 0.105215 0.379220 -0.717862
v 0.106302 0.342236 -0.749612
v 0.071942 0.275452 -0.794872
v 0.115979 0.305373 -0.791482
v 0.068112 0.232258 -0.845596
v 0.119154 0.260472 -0.840972
v 0.106487 0.203280 -0.883078
v 0.030075 0.127421 -0.895501
v 0.088001 0.142289 -0.908058
v -0.002817 0.088591 -0.917532
v -0.112676 0.036181 -0.921741
v -0.226968 0.010005 -0.895723
v -0.289569 -0.002589 -0.882963
v -0.224395 -0.008606 -0.902797
v -0.355090 -0.025114 -0.879947
v -0.219354 -0.025887 -0.901681
v -0.113625 -0.012289 -0.941632
v 0.014869 0.037512 -0.964450
v 0.115422 0.116492 -0.938439
v 0.163583 0.233400 -0.876693
v 0.170914 0.281976 -0.828130
v 0.144040 0.296006 -0.810357
v 0.166915 0.322481 -0.786540
v 0.136014 0.334084 -0.768691
v 0.159403 0.357875 -0.753461
v 0.130938 0.368083 -0.735466
v 0.158425 0.390744 -0.724493
v 0.131119 0.404295 -0.708769
v 0.157968 0.425468 -0.700866
v -0.295851 -0.082369 -0.882164
v -0.395348 -0.110622 -0.878634
v -0.518664 -0.073576 -0.847874
v -0.504568 -0.032173 -0.853331
v -0.639540 -0.037614 -0.776415
v -0.722823 -0.102825 -0.713541
v -0.745334 -0.144342 -0.696026
v -0.778447 -0.153279 -0.662276
v -0.817278 -0.156633 -0.623022
v -0.819640 -0.096657 -0.628502
v -0.868165 -0.099352 -0.577227
v -0.866613 -0.031301 -0.578460
v -0.837854 0.035336 -0.619317
v -0.821054 0.092931 -0.631345
v -0.765801 0.103929 -0.667630
v -0.801988 0.147515 -0.623616
v -0.737227 0.166411 -0.631490
v -0.741812 0.245528 -0.588068
v -0.693072 0.415537 -0.484622
v -0.745197 0.412145 -0.418352
v -0.741985 0.390914 -0.424009
v -0.830551 0.320049 -0.453395
v -0.817506 0.272730 -0.516187
v -0.825475 0.239510 -0.534359
v -0.781723 0.211172 -0.585324
v -0.845871 0.185595 -0.565341
v -0.908197 0.121809 -0.541813
v -0.976191 0.131186 -0.474110
v -0.979884 0.152060 -0.445397
v -0.984151 0.175253 -0.390485
v -0.949558 0.215779 -0.394741
v -0.921284 0.237175 -0.437758
v -0.936288 0.238640 -0.342520
v -0.909926 0.281830 -0.337731
v -0.914403 0.356678 -0.255111
v -0.853419 0.367239 -0.348639
v -0.896283 0.421675 -0.148438
v -0.858125 0.462838 -0.097171
v -0.838896 0.442027 -0.203713
v -0.785514 0.443281 -0.290617
v -0.816216 0.455845 -0.192141
v -0.722219 0.487063 -0.307216
v -0.755703 0.467484 -0.243583
v -0.711314 0.493287 -0.280738
v -0.694511 0.509969 -0.303631
v -0.680788 0.506924 -0.280880
v -0.687733 0.482599 -0.257951
v -0.641875 0.549620 -0.286136
v -0.655615 0.495602 -0.258547
v -0.652135 0.471224 -0.229119
v -0.608294 0.481811 -0.188385
v -0.555486 0.550509 -0.177021
v -0.586722 0.563281 -0.240471
v -0.697442 0.499511 -0.332154
v -0.727081 0.471109 -0.334336
v -0.730749 0.454695 -0.366930
v -0.697387 0.486805 -0.362599
v -0.645597 0.561409 -0.329341
v -0.567348 0.629611 -0.308266
v -0.548653 0.633149 -0.326894
v -0.521442 0.633153 -0.350522
v -0.471470 0.624015 -0.360726
v -0.436191 0.599847 -0.384261
v -0.413175 0.578767 -0.436912
v -0.372172 0.606621 -0.438846
v -0.438349 0.554319 -0.488605
v -0.499316 0.542103 -0.487510
v -0.550198 0.531874 -0.473313
v -0.335593 0.649435 -0.408789
v -0.190921 0.652320 -0.384053
v -0.109680 0.643535 -0.420601
v -0.028417 0.640135 -0.465211
v 0.042765 0.663002 -0.414591
v 0.056358 0.688284 -0.355187
v 0.108861 0.665206 -0.411912
v 0.188325 0.677457 -0.355145
v 0.253706 0.681965 -0.311009
v 0.301069 0.695568 -0.265881
v 0.409603 0.648794 -0.331913
v 0.380173 0.702273 -0.252289
v 0.509352 0.672133 -0.246744
v 0.502460 0.710504 -0.183233
v 0.563821 0.676594 -0.151410
v 0.573059 0.654781 -0.166908
v 0.613680 0.629499 -0.109028
v 0.610401 0.584542 -0.133464
v 0.625860 0.536889 -0.177324
v 0.577404 0.576052 -0.215515
v 0.557729 0.628251 -0.242831
v 0.606951 0.543597 -0.273928
v 0.575560 0.597099 -0.297251
v 0.553789 0.625592 -0.277728
v 0.550882 0.625071 -0.307267
v 0.608779 0.590831 -0.340944
v 0.572095 0.627194 -0.354741
v 0.535119 0.626743 -0.337831
v 0.506774 0.628940 -0.374674
v 0.583921 0.628900 -0.399048
v 0.505621 0.636716 -0.427354
v 0.463238 0.636572 -0.414912
v 0.409879 0.647761 -0.441205
v 0.500254 0.633961 -0.463998
v 0.399712 0.632900 -0.473468
v 0.354601 0.641605 -0.452178
v 0.353017 0.617932 -0.482919
v 0.396842 0.616983 -0.498023
v 0.322092 0.591597 -0.495079
v 0.299967 0.566030 -0.513171
v 0.332960 0.570684 -0.520650
v 0.358345 0.536853 -0.532589
v 0.348636 0.488468 -0.542887
v 0.351353 0.439633 -0.560914
v 0.369418 0.397017 -0.589379
v 0.423117 0.327676 -0.579359
v 0.441843 0.317393 -0.593626
v 0.455070 0.316339 -0.637978
v 0.442474 0.344169 -0.688993
v 0.402544 0.382077 -0.715319
v 0.342248 0.425150 -0.721704
v 0.390180 0.391851 -0.752164
v 0.438974 0.348765 -0.774077
v 0.486311 0.290129 -0.773341
v 0.644472 0.141693 -0.736600
v 0.652743 0.080221 -0.752713
v 0.755861 0.060983 -0.687385
v 0.742982 0.026249 -0.672664
v 0.648379 0.007270 -0.726467
v 0.451772 -0.073202 -0.816318
v 0.393847 -0.137557 -0.797539
v 0.372480 -0.182946 -0.780971
v 0.402187 -0.140526 -0.773427
v 0.365705 -0.229830 -0.724301
v 0.266327 -0.460429 -0.666760
v 0.282499 -0.519995 -0.573086
v 0.320135 -0.555166 -0.468108
v 0.537978 -0.620698 -0.365757
v 0.664761 -0.618624 -0.303690
v 0.716064 -0.621463 -0.213089
v 0.704699 -0.637319 -0.112286
v 0.676535 -0.633982 -0.201154
v 0.654938 -0.622982 -0.126532
v 0.624499 -0.594562 -0.138803
v 0.586794 -0.579491 -0.129741
v 0.603772 -0.599108 -0.218431
v 0.617020 -0.621744 -0.243675
v 0.640272 -0.636954 -0.273474
v 0.541817 -0.645778 -0.326427
v 0.426591 -0.651451 -0.317854
v 0.399984 -0.661910 -0.286721
v 0.344793 -0.675638 -0.234664
v 0.297621 -0.699485 -0.166907
v 0.270173 -0.728929 -0.112162
v 0.251136 -0.739733 -0.068203
v 0.214359 -0.729711 0.046239
v 0.134334 -0.786686 0.097152
v 0.005313 -0.787834 0.173806
v -0.044768 -0.782017 0.246435
v -0.059646 -0.792306 0.212272
v -0.184405 -0.775721 0.275475
v -0.098570 -0.792145 0.177335
v -0.195580 -0.760529 0.233439
v -0.128845 -0.753763 0.159867
v -0.081121 -0.784986 0.068122
v -0.053042 -0.792077 0.060753
v -0.049613 -0.797348 0.113456
v -0.040819 -0.787189 0.015520
v 0.043317 -0.781154 -0.000866
v -0.078010 -0.787892 0.025527
v -0.111305 -0.775509 -0.000673
v -0.136061 -0.769287 -0.032225
v -0.128458 -0.757199 0.012133
v -0.119509 -0.730585 0.084221
v -0.178325 -0.686291 0.138082
v -0.220322 -0.672643 0.154600
v -0.228645 -0.657028 0.118101
v -0.201013 -0.675870 0.066302
v -0.245858 -0.661838 0.080491
v -0.212369 -0.676429 0.030672
v -0.304888 -0.665815 0.055977
v -0.294421 -0.696192 -0.012266
v -0.224963 -0.710800 -0.025932
v -0.229944 -0.725625 -0.041385
v -0.186678 -0.745026 -0.039402
v -0.189968 -0.729877 -0.025270
v -0.334908 -0.716682 -0.053252
v -0.231974 -0.731748 -0.054774
v -0.232046 -0.733047 -0.068497
v -0.407404 -0.704362 0.001989
v -0.375634 -0.707012 0.020863
v -0.409884 -0.707847 0.179398
v -0.359369 -0.717376 0.220425
v -0.374448 -0.708804 0.242194
v -0.284115 -0.738221 0.312241
v -0.284496 -0.689315 0.426321
v -0.223788 -0.653580 0.528168
v -0.142001 -0.610484 0.601665
v -0.054129 -0.540330 0.650215
v 0.155468 -0.526100 0.661382
v 0.261565 -0.546895 0.623627
v 0.222219 -0.478701 0.700125
v 0.162584 -0.381919 0.821399
v 0.265298 -0.320615 0.842541
v 0.146224 -0.284410 0.879573
v 0.223106 -0.225247 0.906231
v 0.159498 -0.212432 0.911283
v 0.321247 -0.224251 0.879669
v 0.338297 -0.206076 0.884237
v 0.355380 -0.189364 0.886061
v 0.310462 -0.116472 0.930496
v 0.282884 -0.058761 0.947697
v 0.342049 -0.151883 0.905248
v 0.312385 -0.058438 0.932503
v 0.334376 -0.057037 0.911346
v 0.349317 0.026684 0.899108
v 0.302202 0.060048 0.923197
v 0.330566 0.164173 0.877977
v 0.399561 0.249873 0.821150
v 0.270333 0.261449 0.818276
v 0.176332 0.310568 0.767061
v 0.052692 0.437454 0.668515
v 0.108699 0.534559 0.608711
v 0.202883 0.557850 0.553664
v 0.268366 0.552201 0.516477
v 0.339382 0.514577 0.519467
v 0.339528 0.508152 0.499757
v 0.381412 0.488688 0.517458
v 0.423699 0.465002 0.513082
v 0.414134 0.449325 0.480713
v 0.460320 0.444262 0.499949
v 0.491407 0.424480 0.475965
v 0.470123 0.410490 0.417193
v 0.516332 0.411796 0.437203
v 0.536789 0.408353 0.387938
v 0.512861 0.419159 0.304642
v 0.555623 0.413210 0.330489
v 0.586102 0.470206 0.205141
v 0.624747 0.547069 0.130822
v 0.604132 0.616939 0.074346
v 0.550460 0.667632 0.032278
v 0.475069 0.698582 -0.022536
v 0.568860 0.675716 -0.011956
v 0.513573 0.700813 -0.098987
v 0.465481 0.718329 -0.139756
v 0.411617 0.722573 -0.172755
v 0.284207 0.715162 -0.040152
v 0.314013 0.716727 -0.015245
v 0.259857 0.718344 0.008887
v 0.282184 0.724271 0.031142
v 0.298600 0.721503 0.051516
v 0.381736 0.709815 -0.007694
v 0.346105 0.708903 0.028578
v 0.390925 0.702624 0.018497
v 0.472739 0.691548 0.007929
v 0.542170 0.652813 0.045884
v 0.533689 0.632002 0.049111
v 0.538971 0.561747 0.077422
v 0.481783 0.494418 0.150591
v 0.418548 0.463223 0.252990
v 0.378570 0.443759 0.361068
v 0.330932 0.489999 0.437445
v 0.280517 0.552120 0.466015
v 0.233504 0.605274 0.353937
v 0.269505 0.550402 0.405303
v 0.244336 0.615431 0.262980
v 0.297607 0.523492 0.307129
v 0.331167 0.519448 0.196828
v 0.322229 0.572544 0.140216
v 0.324823 0.624837 0.115500
v 0.389631 0.543202 0.106932
v 0.389687 0.597121 0.076966
v 0.356600 0.630283 0.084848
v 0.393315 0.640058 0.062153
v 0.359802 0.664343 0.073766
v 0.299389 0.660795 0.141628
v 0.172798 0.629674 0.367256
v 0.173251 0.624103 0.445198
v 0.067233 0.554892 0.593679
v -0.000638 0.467771 0.650629
v 0.021413 0.449992 0.659947
v -0.107244 0.452319 0.676272
v -0.030992 0.492485 0.618986
v 0.023531 0.551130 0.557628
v 0.038882 0.586129 0.483479
v 0.077598 0.622456 0.428637
v 0.125014 0.627466 0.366122
v 0.169962 0.673786 0.303023
v 0.206488 0.667261 0.295757
v 0.227772 0.706737 0.220383
v 0.286810 0.712231 0.134492
v 0.245400 0.684944 0.216943
v 0.359616 0.686010 0.062321
v 0.354534 0.699490 0.046814
v 0.262969 0.738275 0.104046
v 0.156939 0.759038 0.174527
v 0.089588 0.764093 0.165470
v -0.033936 0.754133 0.143240
v -0.164477 0.741014 0.149813
v -0.009712 0.673358 0.278889
v 0.062235 0.658810 0.316900
v 0.038648 0.613085 0.372176
v 0.017611 0.566245 0.424613
v -0.006613 0.521393 0.486729
v -0.050951 0.478737 0.558185
v -0.118920 0.456955 0.620442
v -0.194466 0.458651 0.664532
v -0.198250 0.449900 0.692040
v -0.205591 0.430189 0.717360
v -0.242149 0.443695 0.704035
v -0.309749 0.458013 0.652513
v -0.234089 0.456881 0.678087
v -0.264477 0.459916 0.658028
v -0.252806 0.453980 0.632936
v -0.196046 0.441936 0.601368
v -0.139306 0.433630 0.530944
v -0.081651 0.455895 0.440516
v -0.033392 0.515170 0.364025
v -0.007537 0.598096 0.319334
v -0.092147 0.652814 0.243130
v -0.171393 0.691550 0.201630
v -0.163962 0.589412 0.234149
v -0.080122 0.570949 0.269652
v -0.125353 0.490782 0.302261
v -0.187673 0.445004 0.379143
v -0.246788 0.413780 0.474841
v -0.319783 0.453789 0.596008
v -0.363474 0.461386 0.572509
v -0.339173 0.461535 0.613720
v -0.341257 0.448226 0.557377
v -0.393371 0.464317 0.491199
v -0.355818 0.444284 0.516124
v -0.358718 0.444219 0.472193
v -0.386307 0.479848 0.409133
v -0.352976 0.447297 0.427446
v -0.330702 0.454586 0.381126
v -0.340636 0.499936 0.328986
v -0.294594 0.466192 0.335650
v -0.257532 0.484376 0.295319
v -0.263540 0.534069 0.256013
v -0.221850 0.507399 0.261363
v -0.231035 0.571585 0.235875
v -0.270308 0.605189 0.236089
v -0.249744 0.643686 0.219440
v -0.294674 0.661299 0.222474
v -0.267655 0.687172 0.204703
v -0.283860 0.717676 0.186108
v -0.316138 0.695490 0.210550
v -0.251190 0.765248 0.073490
v -0.116706 0.752454 0.066357
v 0.000390 0.754092 0.071271
v 0.091331 0.766415 0.133311
v 0.185099 0.737544 0.083283
v 0.164867 0.706982 0.056621
v 0.199345 0.756152 0.107268
v 0.251017 0.741306 0.082187
v 0.150193 0.764196 0.143329
v 0.232230 0.694792 -0.014296
v 0.245338 0.696039 -0.070108
v 0.180476 0.692138 0.010201
v 0.115026 0.700296 0.003442
v -0.317494 0.792554 0.048930
v -0.370029 0.771961 0.077718
v -0.370172 0.749721 0.135424
v -0.422424 0.715598 0.140844
v -0.438126 0.671405 0.234737
v -0.378131 0.656264 0.261049
v -0.387733 0.582903 0.306896
v -0.431467 0.555563 0.371330
v -0.453478 0.517667 0.443666
v -0.450588 0.472678 0.513855
v -0.385057 0.460595 0.585846
v -0.404854 0.443195 0.593117
v -0.425880 0.419300 0.595928
v -0.445392 0.384390 0.602524
v -0.451438 0.343958 0.620377
v -0.395506 0.353543 0.684504
v -0.431960 0.332970 0.663527
v -0.392552 0.337468 0.724782
v -0.369456 0.341514 0.764897
v -0.427977 0.306653 0.745793
v -0.394229 0.291843 0.820990
v -0.454317 0.291030 0.808817
v -0.451980 0.254565 0.866355
v -0.531744 0.280633 0.827936
v -0.535541 0.197447 0.872068
v -0.624178 0.232265 0.803496
v -0.625354 0.174103 0.828663
v -0.573427 0.147965 0.864545
v -0.543075 0.073779 0.875287
v -0.602205 -0.016012 0.850227
v -0.643024 -0.099979 0.811966
v -0.624290 -0.111669 0.816760
v -0.606212 -0.123136 0.821790
v -0.567546 -0.051619 0.858173
v -0.550739 -0.066189 0.858559
v -0.569965 -0.135682 0.813773
v -0.554544 -0.133748 0.799714
v -0.518704 -0.077319 0.835496
v -0.476169 -0.027256 0.878721
v -0.498647 0.000378 0.891327
v -0.510550 0.018903 0.890242
v -0.424884 0.072308 0.911093
v -0.320171 0.085343 0.911867
v -0.213724 0.093200 0.890123
v -0.169403 0.253044 0.789485
v -0.274689 0.251386 0.808502
v -0.333148 0.203475 0.864417
v -0.360036 0.249089 0.858434
v -0.442597 0.215462 0.884603
v -0.476977 0.173760 0.891383
v -0.323874 0.314796 0.801257
v -0.098440 0.319563 0.780977
v -0.054725 0.258430 0.815129
v 0.050361 0.201770 0.850235
v 0.219897 0.137817 0.906666
v 0.183714 0.094409 0.928285
v 0.164795 0.076410 0.934636
v 0.184466 0.001398 0.955554
v 0.170459 -0.098711 0.951273
v 0.105948 -0.140892 0.921565
v 0.053462 -0.113073 0.902414
v 0.016848 -0.050221 0.885182
v 0.038557 -0.015593 0.872829
v 0.046736 0.028205 0.879995
v 0.018192 0.035644 0.888110
v 0.042418 0.066206 0.891761
v 0.044129 0.100607 0.886239
v -0.018168 0.085571 0.879036
v -0.103940 0.074424 0.878004
v -0.023470 0.134927 0.870042
v -0.117266 0.155992 0.863616
v 0.119942 0.133875 0.892317
v 0.154856 -0.083803 0.941603
v 0.140027 0.037829 0.922425
v 0.097524 0.076268 0.908611
v 0.078294 -0.044004 0.873541
v -0.106737 0.047399 0.884060
v -0.121158 0.023733 0.886006
v -0.042262 -0.013345 0.892502
v -0.008411 -0.089103 0.892853
v 0.045577 -0.152661 0.892677
v 0.099088 -0.200782 0.895234
v 0.011372 -0.467220 0.706236
v -0.077591 -0.513616 0.665480
v -0.065679 -0.528035 0.658581
v -0.288245 -0.543075 0.604867
v -0.288000 -0.566068 0.589547
v -0.296357 -0.600638 0.557715
v -0.270782 -0.640898 0.528272
v -0.316836 -0.653503 0.478050
v -0.370945 -0.651082 0.449714
v -0.405474 -0.610317 0.503803
v -0.515654 -0.573801 0.541984
v -0.444707 -0.665733 0.308747
v -0.490552 -0.679896 0.192101
v -0.567779 -0.669395 0.121060
v -0.549972 -0.674974 0.065228
v -0.639978 -0.626258 -0.013798
v -0.629625 -0.575477 -0.091645
v -0.542117 -0.600663 -0.185991
v -0.507236 -0.591303 -0.283011
v -0.524451 -0.540855 -0.365284
v -0.537349 -0.528229 -0.388221
v -0.525893 -0.537809 -0.404350
v -0.558655 -0.511255 -0.403267
v -0.552780 -0.519312 -0.419277
v -0.545109 -0.521196 -0.435755
v -0.586493 -0.498496 -0.424204
v -0.625063 -0.480085 -0.431831
v -0.576456 -0.485490 -0.472535
v -0.491299 -0.493898 -0.515696
v -0.412121 -0.434946 -0.653200
v -0.375732 -0.320571 -0.744377
v -0.378046 -0.291883 -0.776446
v -0.354054 -0.317334 -0.756218
v -0.354108 -0.280440 -0.794878
v -0.413727 -0.233184 -0.832454
v -0.397740 -0.209743 -0.845794
v -0.382080 -0.180117 -0.859935
v -0.337130 -0.172946 -0.868012
v -0.251162 -0.183545 -0.869678
v -0.415832 -0.149040 -0.865812
v -0.473789 -0.141727 -0.850673
v -0.526184 -0.106300 -0.840006
v -0.531947 -0.130863 -0.831901
v -0.628751 -0.110698 -0.779228
v -0.665073 -0.133542 -0.752319
v -0.708117 -0.137861 -0.726483
v -0.730356 -0.169020 -0.704382
v -0.770753 -0.217349 -0.653399
v -0.786657 -0.195432 -0.643769
v -0.812774 -0.245122 -0.595732
v -0.892014 -0.163849 -0.538504
v -0.956371 -0.124678 -0.487651
v -0.976382 -0.078787 -0.481423
v -0.947590 0.066275 -0.486707
v -1.016346 0.112820 -0.443988
v -1.008739 0.140724 -0.388103
v -1.005576 0.215880 -0.287198
v -0.973836 0.208694 -0.339271
v -0.956746 0.265160 -0.227510
v -0.956642 0.338583 -0.139872
v -0.939654 0.397673 -0.060038
v -0.935446 0.420299 0.034899
v -0.877986 0.463154 0.069354
v -0.899941 0.430816 0.146150
v -0.806862 0.499582 0.261093
v -0.700338 0.542532 0.289200
v -0.758277 0.492883 0.323526
v -0.654075 0.428491 0.403941
v -0.723862 0.386859 0.387655
v -0.767495 0.387384 0.399739
v -0.772283 0.382794 0.428083
v -0.790493 0.401792 0.410729
v -0.800482 0.449289 0.362830
v -0.736623 0.467387 0.350861
v -0.723884 0.372951 0.461429
v -0.655679 0.400560 0.478569
v -0.824257 0.403511 0.411500
v -0.831981 0.449719 0.338428
v -0.823236 0.355942 0.474143
v -0.763506 0.344646 0.529061
v -0.679606 0.339702 0.566331
v -0.680617 0.307534 0.611132
v -0.599665 0.303339 0.667360
v -0.506159 0.300696 0.700567
v -0.464322 0.310357 0.682454
v -0.472176 0.316691 0.639795
v -0.509738 0.296771 0.617807
v -0.697207 0.218438 0.735979
v -0.715681 0.246996 0.682661
v -0.796548 0.240891 0.601710
v -0.840922 0.284203 0.524304
v -0.817904 0.306844 0.531631
v -0.753942 0.284207 0.593550
v -0.720061 0.311958 0.581901
v -0.680659 0.280685 0.660331
v -0.675288 0.258904 0.710489
v -0.639464 0.286060 0.685847
v -0.587664 0.295563 0.753915
v -0.810928 0.196832 0.597529
v -0.855965 0.217877 0.523376
v -0.854282 0.188859 0.524110
v -0.891174 0.150084 0.468942
v -0.900528 0.093790 0.427663
v -0.931745 0.032679 0.412480
v -0.877585 0.083989 0.425211
v -0.907683 0.026293 0.411747
v -0.858007 0.073707 0.422757
v -0.850502 0.099507 0.437560
v -0.884547 0.021161 0.411483
v -0.864572 0.045370 0.415316
v -0.833633 0.082717 0.432370
v -0.851643 0.036733 0.420487
v -0.814498 0.040546 0.454197
v -0.733777 0.062421 0.497629
v -0.760834 0.100553 0.487389
v -0.812786 0.120375 0.467239
v -0.844384 0.120653 0.454685
v -0.831772 0.138515 0.477071
v -0.866559 0.135501 0.462318
v -0.818249 0.151621 0.505653
v -0.840281 0.166776 0.517732
v -0.805376 0.158143 0.540211
v -0.791125 0.161195 0.577829
v -0.805716 0.177553 0.590026
v -0.774732 0.155491 0.619347
v -0.763319 0.135415 0.662086
v -0.768424 0.150919 0.678963
v -0.749616 0.108213 0.701616
v -0.764247 0.169830 0.691992
v -0.718360 0.085938 0.756279
v -0.695760 0.038023 0.785873
v -0.687778 -0.082863 0.783965
v -0.693148 -0.189495 0.738450
v -0.656365 -0.205175 0.762806
v -0.621788 -0.214375 0.778346
v -0.604505 -0.215778 0.778783
v -0.588433 -0.213637 0.771036
v -0.574201 -0.209370 0.759230
v -0.560186 -0.166252 0.770261
v -0.539241 -0.127748 0.780992
v -0.512725 -0.094783 0.789170
v -0.504486 -0.075750 0.818908
v -0.459174 -0.036416 0.846368
v -0.401398 -0.008233 0.876115
v -0.409446 0.012579 0.908987
v -0.419646 0.051706 0.912562
v -0.321391 0.065098 0.915810
v -0.321108 0.046505 0.915765
v -0.216471 0.055171 0.902776
v -0.220118 0.037336 0.897616
v -0.133660 0.003673 0.878945
v -0.024188 -0.119175 0.858922
v 0.020519 -0.197398 0.846814
v 0.062967 -0.307247 0.815237
v 0.056729 -0.401483 0.777869
v -0.105579 -0.473704 0.672527
v -0.205482 -0.531911 0.649050
v -0.372747 -0.549732 0.579848
v -0.478899 -0.548555 0.581200
v -0.498399 -0.562382 0.559547
v -0.547901 -0.491488 0.647234
v -0.447989 -0.516263 0.620513
v -0.364545 -0.513158 0.610712
v -0.288851 -0.502969 0.626145
v -0.205473 -0.481763 0.637331
v -0.131141 -0.401257 0.647402
v -0.110745 -0.269649 0.651880
v -0.127665 -0.144602 0.688647
v -0.172158 -0.054826 0.754814
v -0.239264 -0.005452 0.806098
v -0.321350 0.002636 0.850197
v -0.318579 0.017694 0.893953
v -0.229314 0.010841 0.867024
v -0.072924 -0.052678 0.870066
v -0.093257 -0.080513 0.812380
v -0.049719 -0.161933 0.772494
v -0.025831 -0.287646 0.740723
v -0.041488 -0.399381 0.718109
v -0.153010 -0.023472 0.842031
v -0.400558 -0.016955 0.824852
v -0.329702 -0.021506 0.775627
v -0.260974 -0.072535 0.694435
v -0.209645 -0.170736 0.635599
v -0.186454 -0.273359 0.596341
v -0.217292 -0.377889 0.593871
v -0.285523 -0.455389 0.603583
v -0.363012 -0.478335 0.611138
v -0.432595 -0.478536 0.634784
v -0.509907 -0.466058 0.666673
v -0.580682 -0.420954 0.691294
v -0.602856 -0.384415 0.691394
v -0.599598 -0.429962 0.680706
v -0.605682 -0.346054 0.715098
v -0.621674 -0.389978 0.681479
v -0.623627 -0.309427 0.736039
v -0.642649 -0.308648 0.725155
v -0.643578 -0.395720 0.669236
v -0.620521 -0.436810 0.667105
v -0.646498 -0.443560 0.649088
v -0.674263 -0.401980 0.648283
v -0.717294 -0.458115 0.573507
v -0.728445 -0.402608 0.597791
v -0.810053 -0.344160 0.544407
v -0.885470 -0.296250 0.481102
v -0.961876 -0.246141 0.424252
v -0.957651 -0.223861 0.449412
v -1.005828 -0.109181 0.419505
v -1.013711 0.012951 0.402637
v -0.988742 0.005940 0.414909
v -0.982990 0.052380 0.405409
v -0.958673 0.040585 0.412923
v -0.958028 -0.001562 0.415132
v -0.929996 -0.005492 0.412294
v -0.903222 -0.007846 0.410752
v -0.880267 -0.009489 0.412043
v -0.815363 -0.027854 0.473684
v -0.794181 0.022687 0.480977
v -0.768517 -0.003897 0.501354
v -0.733151 0.012989 0.511718
v -0.696545 0.043665 0.551952
v -0.730059 0.099385 0.546023
v -0.783343 0.142458 0.523787
v -0.758368 0.140340 0.599830
v -0.741652 0.097681 0.679593
v -0.725810 0.024054 0.737444
v -0.731821 0.073549 0.733986
v -0.716522 0.030429 0.761831
v -0.706261 -0.080239 0.762538
v -0.758471 -0.292115 0.618396
v -0.823178 -0.278939 0.562144
v -0.879502 -0.247453 0.510679
v -0.932665 -0.182186 0.468013
v -0.953839 -0.088733 0.426754
v -0.896437 -0.073711 0.418585
v -0.855211 -0.056749 0.428729
v -0.787230 -0.116242 0.482459
v -0.784041 -0.036582 0.495109
v -0.741054 -0.016332 0.515495
v -0.720490 -0.037427 0.524319
v -0.692811 -0.024805 0.543652
v -0.708338 0.075270 0.620924
v -0.709776 0.014365 0.684046
v -0.715553 -0.071630 0.714291
v -0.717755 -0.163252 0.703132
v -0.733596 -0.237456 0.669400
v -0.775580 -0.244993 0.610661
v -0.816847 -0.237957 0.557974
v -0.855280 -0.211078 0.505877
v -0.888006 -0.152168 0.452672
v -0.843951 -0.117926 0.447478
v -0.740130 -0.068709 0.513713
v -0.705033 -0.058092 0.534307
v -0.693260 -0.078046 0.544585
v -0.678961 -0.069274 0.578798
v -0.682688 0.000402 0.610471
v -0.743876 -0.200982 0.644873
v -0.770375 -0.213652 0.591099
v -0.787580 -0.206600 0.534955
v -0.810412 -0.170954 0.484801
v -0.748333 -0.147754 0.510412
v -0.709943 -0.104365 0.529334
v -0.687288 -0.097863 0.558206
v -0.689299 -0.121157 0.608459
v -0.691016 -0.063918 0.656762
v -0.715004 -0.140281 0.663607
v -0.724220 -0.175868 0.606342
v -0.732350 -0.180005 0.552577
v -0.941057 0.117210 0.418017
v -1.002126 0.062111 0.385512
v -1.035113 0.018822 0.381083
v -1.037935 -0.140204 0.383064
v -1.052618 -0.183614 0.306159
v -0.992249 -0.284717 0.181544
v -0.984905 -0.337834 0.177531
v -0.947302 -0.445933 0.132624
v -0.928136 -0.432499 0.255570
v -0.902977 -0.449933 0.355321
v -0.845447 -0.455420 0.434576
v -0.869515 -0.399702 0.442423
v -0.923160 -0.407336 0.354217
v -0.789878 -0.438752 0.511961
v -0.711942 -0.484693 0.557894
v -0.627465 -0.536763 0.566301
v -0.542167 -0.589283 0.515644
v -0.478419 -0.634016 0.421286
v -0.503502 -0.676216 0.205775
v -0.640215 -0.644460 0.078969
v -0.731404 -0.618764 0.094523
v -0.780804 -0.599745 0.109793
v -0.850792 -0.550348 0.187817
v -0.774093 -0.606633 0.126501
v -0.873385 -0.527503 0.280224
v -0.829989 -0.569201 0.205685
v -0.853568 -0.507864 0.360169
v -0.845205 -0.535010 0.287271
v -0.826037 -0.503462 0.350875
v -0.807437 -0.494307 0.417732
v -0.885144 -0.513131 0.172045
v -0.818458 -0.545234 -0.029422
v -0.791822 -0.541428 -0.075667
v -0.765631 -0.565812 -0.029581
v -0.720685 -0.546213 -0.078955
v -0.721293 -0.528876 -0.168055
v -0.634372 -0.559956 -0.200773
v -0.675100 -0.535804 -0.221861
v -0.631763 -0.547215 -0.226302
v -0.566478 -0.568962 -0.247384
v -0.546001 -0.511549 -0.372475
v -0.566187 -0.480517 -0.365647
v -0.618668 -0.476672 -0.402468
v -0.667954 -0.458722 -0.368217
v -0.665806 -0.452008 -0.328556
v -0.637030 -0.442825 -0.334822
v -0.624393 -0.442605 -0.300690
v -0.573560 -0.454017 -0.314905
v -0.622074 -0.514688 -0.240816
v -0.700377 -0.459742 -0.361939
v -0.732754 -0.453180 -0.350795
v -0.692686 -0.455983 -0.399932
v -0.769165 -0.432890 -0.373716
v -0.803263 -0.454357 -0.301451
v -0.758441 -0.470700 -0.289530
v -0.777073 -0.491053 -0.231960
v -0.719348 -0.519872 -0.216907
v -0.790116 -0.516907 -0.163722
v -0.811207 -0.478135 -0.234587
v -0.830829 -0.438927 -0.300379
v -0.849654 -0.423746 -0.296144
v -0.848382 -0.388998 -0.378395
v -0.836325 -0.336773 -0.449856
v -0.802913 -0.313521 -0.542215
v -0.857121 -0.259222 -0.521371
v -0.876017 -0.308082 -0.434414
v -0.869544 -0.377731 -0.371548
v -0.874399 -0.392302 -0.329522
v -0.883667 -0.365902 -0.364898
v -0.865178 -0.412816 -0.292402
v -0.861891 -0.437111 -0.261228
v -0.842671 -0.447183 -0.262622
v -0.848700 -0.476942 -0.197753
v -0.835242 -0.469578 -0.233163
v -0.826286 -0.488071 -0.199595
v -0.832013 -0.509302 -0.120550
v -0.817047 -0.504989 -0.162807
v -0.805730 -0.520368 -0.120951
v -0.872188 -0.509917 -0.037912
v -0.870957 -0.484473 -0.121021
v -0.875298 -0.448667 -0.191486
v -0.875087 -0.425979 -0.258387
v -0.882809 -0.413283 -0.254805
v -0.887096 -0.382020 -0.324288
v -0.886458 -0.333243 -0.395457
v -0.886594 -0.299175 -0.419548
v -0.892125 -0.263017 -0.439044
v -0.905493 -0.228081 -0.472387
v -0.962057 -0.141676 -0.471532
v -0.987359 -0.098710 -0.472497
v -1.015935 -0.066785 -0.464453
v -1.023365 -0.021236 -0.464398
v -1.023799 0.046130 -0.460594
v -1.037204 -0.027118 -0.460032
v -1.025128 -0.076796 -0.455379
v -1.030017 -0.084895 -0.444171
v -1.055355 0.008530 -0.440800
v -1.059843 0.090718 -0.393765
v -1.051442 0.169981 -0.296209
v -1.054285 0.230390 -0.166777
v -1.022925 0.242682 -0.170723
v -0.991856 0.237033 -0.228198
v -1.021142 0.274704 -0.118860
v -0.982034 0.356250 0.006692
v -0.985995 0.377360 0.093582
v -0.958088 0.393367 0.170630
v -0.875702 0.444230 0.263601
v -0.922057 0.406663 0.231174
v -0.894746 0.397966 0.306838
v -0.886392 0.349815 0.367512
v -0.891689 0.355662 0.300874
v -0.911164 0.316863 0.261112
v -0.903590 0.254195 0.327045
v -0.941617 0.228334 0.292017
v -0.947044 0.265028 0.251993
v -0.927855 0.374810 0.259003
v -0.964887 0.366685 0.214986
v -0.990303 0.318653 0.218731
v -0.978811 0.263958 0.242139
v -1.004759 0.266332 0.227214
v -0.983448 0.204914 0.292884
v -0.938350 0.224629 0.361125
v -0.898933 0.280541 0.374207
v -0.994948 0.194432 0.287895
v -1.011165 0.158885 0.283989
v -0.951677 0.133152 0.394800
v -0.920293 0.194979 0.453105
v -1.094645 0.175331 0.148949
v -1.087734 0.131584 0.213414
v -1.058682 0.202762 0.159560
v -1.061682 0.246809 0.057487
v -1.034324 0.279631 0.101377
v -1.029313 0.308249 0.061304
v -1.022670 0.315543 0.100747
v -1.012381 0.338945 0.061369
v -1.000022 0.344127 0.169435
v -1.026345 0.288685 0.146998
v -1.033527 0.303018 0.027639
v -1.050030 0.277822 0.015871
v -1.051802 0.276661 -0.023078
v -1.044824 0.279312 -0.064446
v -1.117700 0.150275 0.139974
v -1.101899 0.101507 0.201841
v -1.081752 -0.007654 0.301021
v -1.093748 -0.059459 0.230533
v -1.046877 -0.191270 0.211472
v -1.014482 -0.237198 0.180813
v -1.033355 -0.187545 0.178512
v -0.984869 -0.322187 0.141551
v -0.964573 -0.400948 0.084716
v -0.928213 -0.483758 0.031996
v -0.887676 -0.525592 0.052157
v -0.896778 -0.370132 -0.318179
v -0.891994 -0.322900 -0.384682
v -0.894654 -0.312083 -0.373813
v -0.899422 -0.258518 -0.420848
v -0.913844 -0.229308 -0.451331
v -0.965412 -0.150415 -0.456932
v -1.059237 -0.002979 -0.427822
v -1.074283 0.135743 -0.285378
v -1.087046 0.192806 -0.156950
v -1.112064 0.185337 -0.014645
v -1.127626 0.145645 0.048362
v -1.127383 0.123509 0.128149
v -1.106173 0.072716 0.180972
v -1.090354 0.029193 0.132675
v -1.062694 -0.080590 0.169698
v -1.043586 -0.134354 0.167971
v -1.008512 -0.231115 0.153171
v -0.984104 -0.312333 0.113884
v -0.930207 -0.439965 0.011974
v -0.900524 -0.478018 -0.047282
v -0.884337 -0.450084 -0.118312
v -0.882903 -0.419516 -0.183164
v -0.880665 -0.388755 -0.247697
v -0.899907 -0.253744 -0.404522
v -0.918346 -0.228478 -0.432773
v -0.914526 -0.223205 -0.416257
v -0.967001 -0.156740 -0.428385
v -1.024372 -0.093779 -0.418837
v -1.073555 0.058353 -0.372509
v -1.079019 0.119612 -0.278713
v -1.084012 0.134252 -0.219069
v -1.089317 0.154401 -0.156468
v -1.090099 0.173482 -0.156708
v -1.100222 0.163059 -0.089004
v -1.115427 0.161419 -0.023981
v -1.123267 0.124559 0.037944
v -1.100616 0.091155 0.017693
v -1.063481 0.007788 0.096893
v -1.044127 -0.084753 0.148391
v -1.040921 -0.037256 0.120267
v -1.023716 -0.133051 0.147968
v -0.993689 -0.226566 0.133976
v -0.950330 -0.366966 0.048654
v -0.897265 -0.437654 -0.048523
v -0.877519 -0.419685 -0.113020
v -0.866074 -0.396739 -0.176163
v -0.886636 -0.344550 -0.308447
v -0.877414 -0.293771 -0.354163
v -0.889209 -0.247965 -0.391719
v -0.902710 -0.215745 -0.404639
v -0.958118 -0.147274 -0.405612
v -1.048904 -0.024627 -0.401971
v -1.066704 0.044357 -0.360833
v -1.060490 0.073121 -0.318772
v -1.073237 0.105101 -0.272262
v -1.072282 0.121269 -0.215800
v -1.095290 0.143895 -0.093637
v -1.037899 0.006664 0.085582
v -1.011583 -0.038134 0.106248
v -0.994661 -0.131122 0.129852
v -0.947307 -0.296321 0.078893
v -0.909240 -0.395414 -0.002852
v -0.874628 -0.397535 -0.049735
v -0.848988 -0.388288 -0.106620
v -0.861470 -0.368629 -0.244799
v -0.862385 -0.323240 -0.302595
v -0.862869 -0.286722 -0.345897
v -0.874508 -0.241990 -0.381126
v -0.891422 -0.207095 -0.395607
v -0.885072 -0.196318 -0.384858
v -0.999448 -0.089330 -0.402300
v -1.034038 -0.030636 -0.393190
v -1.037151 -0.001526 -0.373725
v -1.052749 0.034143 -0.351937
v -1.045868 0.064398 -0.313120
v -1.064596 0.119941 -0.098973
v -1.052101 0.075797 0.006212
v -1.032381 0.041874 0.044097
v -1.020031 0.068909 -0.000715
v -0.994318 0.033557 0.029936
v -0.972305 -0.044626 0.080025
v -0.933958 -0.218963 0.092788
v -0.886699 -0.270853 0.023206
v -0.859444 -0.288186 -0.030507
v -0.837010 -0.285990 -0.065320
v -0.816047 -0.299800 -0.063824
v -0.826031 -0.315169 -0.045493
v -0.835985 -0.372087 -0.169290
v -0.835728 -0.342963 -0.238994
v -0.827808 -0.319238 -0.231459
v -0.842307 -0.285767 -0.296355
v -0.836624 -0.266064 -0.285848
v -0.856366 -0.221738 -0.356264
v -0.888120 -0.187340 -0.368192
v -0.947193 -0.134523 -0.386700
v -0.987368 -0.085491 -0.393786
v -0.995524 -0.060821 -0.387663
v -1.017094 -0.033909 -0.385092
v -1.018797 -0.006508 -0.366801
v -1.035550 0.107080 -0.213463
v -1.017323 0.103728 -0.100242
v -1.003257 0.084393 -0.050212
v -0.946497 0.013073 0.004663
v -0.913938 -0.135867 0.063889
v -0.871288 -0.216549 0.015254
v -0.849776 -0.258524 -0.054677
v -0.819362 -0.283480 -0.116094
v -0.815826 -0.292204 -0.090370
v -0.802598 -0.308454 -0.096756
v -0.803290 -0.326701 -0.101353
v -0.823534 -0.354134 -0.170192
v -0.822804 -0.274015 -0.214738
v -0.865489 -0.209169 -0.341549
v -0.895866 -0.179790 -0.349400
v -0.875989 -0.197680 -0.324158
v -0.919596 -0.146121 -0.353849
v -0.941725 -0.125139 -0.375626
v -0.975668 -0.080711 -0.384044
v -1.005471 0.049160 -0.303956
v -0.983475 0.083690 -0.204859
v -0.988038 0.089104 -0.102047
v -0.965708 0.074237 -0.151383
v -0.960757 0.059559 -0.060369
v -0.912886 0.023915 -0.076635
v -0.901399 -0.065902 0.021038
v -0.850620 -0.219687 -0.079692
v -0.834596 -0.258230 -0.102212
v -0.821463 -0.267859 -0.139236
v -0.827026 -0.245118 -0.161005
v -0.815985 -0.290005 -0.154462
v -0.815678 -0.311006 -0.163045
v -0.824995 -0.248472 -0.200457
v -0.840444 -0.228130 -0.268559
v -0.917651 -0.124089 -0.334512
v -0.962856 -0.026961 -0.336769
v -0.938429 0.042931 -0.189736
v -0.919518 0.025940 -0.145597
v -0.894859 -0.040031 -0.049402
v -0.876284 -0.147291 -0.001066
v -0.851156 -0.202619 -0.137720
v -0.836874 -0.214194 -0.180064
v -0.849192 -0.181458 -0.207122
v -0.845439 -0.199987 -0.252941
v -0.861771 -0.143022 -0.230419
v -0.879461 -0.125051 -0.279152
v -0.926685 -0.005034 -0.263653
v -0.911734 0.001185 -0.215968
v -0.892758 -0.043888 -0.235058
v -0.888001 -0.038344 -0.191166
v -0.891518 -0.018548 -0.138555
v -0.885448 -0.081823 -0.152049
v -0.880068 -0.093379 -0.239582
v -0.875532 -0.121335 -0.182612
v -0.881577 -0.146314 -0.116575
v -0.891349 -0.065180 -0.103707
v -0.889289 -0.101977 -0.058648
v -0.748505 -0.372698 -0.487433
v -0.724979 -0.370853 -0.505209
v -0.681731 -0.423351 -0.481130
v -0.698105 -0.392977 -0.499355
v -0.645039 -0.436881 -0.484930
v -0.568883 -0.457093 -0.505734
v -0.500858 -0.453240 -0.541051
v -0.447177 -0.431738 -0.590029
v -0.439471 -0.340033 -0.592553
v -0.417795 -0.286559 -0.661695
v -0.400615 -0.368708 -0.670881
v -0.388851 -0.315719 -0.726732
v -0.420930 -0.270257 -0.766213
v -0.408219 -0.272790 -0.789609
v -0.441199 -0.252689 -0.791702
v -0.429334 -0.248008 -0.815340
v -0.501437 -0.199711 -0.815128
v -0.494866 -0.184466 -0.831403
v -0.536972 -0.153203 -0.823479
v -0.484640 -0.164892 -0.841123
v -0.580312 -0.149421 -0.796787
v -0.621530 -0.135801 -0.775127
v -0.653573 -0.152265 -0.748565
v -0.716452 -0.187639 -0.708993
v -0.773883 -0.279714 -0.610019
v -0.750408 -0.326833 -0.555800
v -0.706065 -0.366185 -0.520434
v -0.682145 -0.383894 -0.513615
v -0.625282 -0.410055 -0.507173
v -0.555948 -0.414389 -0.509840
v -0.489315 -0.387783 -0.536245
v -0.503679 -0.262719 -0.563138
v -0.479527 -0.215255 -0.652609
v -0.469958 -0.222877 -0.760624
v -0.428798 -0.255111 -0.737394
v -0.471605 -0.229598 -0.786757
v -0.502412 -0.207048 -0.795255
v -0.642524 -0.166061 -0.741238
v -0.738480 -0.246799 -0.660319
v -0.735530 -0.291659 -0.611752
v -0.729650 -0.324504 -0.560240
v -0.710241 -0.340905 -0.540516
v -0.712812 -0.318977 -0.561968
v -0.695127 -0.331279 -0.541813
v -0.649855 -0.353257 -0.514003
v -0.549469 -0.331291 -0.513223
v -0.583819 -0.310099 -0.513859
v -0.566146 -0.274760 -0.534906
v -0.548850 -0.238543 -0.564855
v -0.537011 -0.216286 -0.608935
v -0.539944 -0.176224 -0.727878
v -0.498073 -0.207168 -0.774824
v -0.569832 -0.177795 -0.769974
v -0.685068 -0.209000 -0.697614
v -0.704603 -0.248351 -0.641310
v -0.719991 -0.285720 -0.603967
v -0.713137 -0.298269 -0.579436
v -0.650112 -0.288089 -0.534168
v -0.606606 -0.262433 -0.544594
v -0.636090 -0.234521 -0.589357
v -0.583933 -0.211080 -0.616851
v -0.572066 -0.187997 -0.653901
v -0.617490 -0.189707 -0.657795
v -0.602854 -0.174734 -0.692020
v -0.620509 -0.177772 -0.717007
v -0.689048 -0.244495 -0.625409
v -0.703526 -0.278155 -0.590761
v -0.664726 -0.226008 -0.628888
v -0.656342 -0.205541 -0.660241
v -0.894801 -0.499091 0.269780
v -0.879316 -0.486854 0.360165
v -0.829469 -0.485017 0.429647
v -0.778582 -0.477094 0.496721
v -0.705348 -0.514434 0.533358
v -0.632019 -0.552517 0.532563
v -0.557623 -0.582918 0.492450
v -0.477916 -0.655444 0.312577
v -0.584890 -0.660944 0.153038
v -0.646830 -0.644121 0.117632
v -0.723017 -0.622758 0.128627
v -0.727381 -0.622151 0.113125
v -0.767171 -0.612078 0.141704
v -0.783537 -0.482080 0.400472
v -0.747890 -0.497426 0.463372
v -0.766740 -0.500924 0.480981
v -0.696395 -0.526676 0.508097
v -0.630465 -0.544370 0.505567
v -0.501018 -0.612809 0.412990
v -0.525658 -0.654824 0.220930
v -0.649690 -0.628784 0.144991
v -0.717418 -0.618384 0.142296
v -0.758246 -0.610540 0.156091
v -0.748578 -0.600062 0.165739
v -0.805716 -0.558667 0.219346
v -0.774338 -0.574600 0.193050
v -0.793493 -0.546764 0.223687
v -0.818466 -0.516971 0.287673
v -0.766489 -0.528922 0.237920
v -0.712855 -0.523478 0.281047
v -0.751500 -0.491605 0.331459
v -0.709708 -0.503985 0.328230
v -0.752035 -0.479210 0.374552
v -0.707544 -0.488127 0.423444
v -0.679212 -0.514968 0.486082
v -0.568272 -0.563458 0.470625
v -0.498043 -0.623906 0.312092
v -0.595342 -0.624042 0.170604
v -0.559088 -0.600127 0.239399
v -0.615120 -0.555809 0.275576
v -0.666754 -0.539546 0.278078
v -0.666575 -0.522761 0.325583
v -0.664332 -0.507716 0.373055
v -0.616971 -0.524800 0.416049
v -0.532614 -0.573046 0.394225
v -0.620463 -0.528673 0.368892
v -0.718125 -0.542923 0.233205
v -0.664945 -0.557766 0.232962
v -0.661554 -0.575482 0.193919
v -0.760664 -0.561408 0.201247
v -0.697861 -0.592507 0.163228
v -0.709702 -0.606749 0.152448
v -0.603934 -0.307058 0.741446
v -0.586779 -0.299143 0.735398
v -0.584214 -0.253752 0.745072
v -0.569550 -0.246094 0.731477
v -0.551532 -0.235276 0.710310
v -0.542952 -0.157310 0.748743
v -0.512754 -0.145853 0.719584
v -0.482828 -0.082731 0.761750
v -0.483813 -0.067852 0.796882
v -0.427295 -0.068947 0.732383
v -0.361133 -0.131352 0.654878
v -0.294598 -0.219881 0.617567
v -0.296526 -0.339250 0.568319
v -0.364999 -0.409835 0.584585
v -0.431865 -0.440303 0.620575
v -0.487257 -0.432797 0.658038
v -0.545034 -0.397385 0.691368
v -0.587389 -0.340499 0.719218
v -0.571859 -0.330624 0.712801
v -0.557801 -0.321155 0.700905
v -0.460591 -0.208692 0.647133
v -0.375238 -0.276449 0.587851
v -0.442828 -0.352900 0.607463
v -0.511638 -0.296751 0.654751
v -0.516992 -0.373126 0.662157
v -0.683782 0.622501 0.177888
v -0.559004 0.666917 0.147170
v -0.486176 0.730982 0.071121
v -0.418076 0.765140 0.011870
v -0.358876 0.796951 -0.062613
v -0.307040 0.809248 -0.067864
v -0.315541 0.805978 -0.008798
v -0.263684 0.806171 -0.022458
v -0.149500 0.766491 -0.027199
v -0.026066 0.736079 -0.017119
v 0.049668 0.704890 -0.048303
v 0.056875 0.709965 -0.101114
v -0.004834 0.737315 -0.109737
v 0.119475 0.697363 -0.045860
v 0.183415 0.691696 -0.114597
v 0.303998 0.709792 -0.152195
v 0.182023 0.685763 -0.237186
v 0.059880 0.721578 -0.221478
v 0.001717 0.740699 -0.163376
v 0.002116 0.737285 -0.229672
v -0.063758 0.748596 -0.177596
v -0.135295 0.762560 -0.130685
v -0.246514 0.781391 -0.124317
v -0.347239 0.779231 -0.130162
v -0.391088 0.759230 -0.144348
v -0.458855 0.711837 -0.210565
v -0.488483 0.686823 -0.253313
v -0.457806 0.690627 -0.278155
v -0.505814 0.709422 -0.132606
v -0.537609 0.718893 -0.021306
v -0.615974 0.678908 0.069130
v -0.705214 0.618792 0.083700
v -0.772665 0.554868 0.040685
v -0.827389 0.497117 -0.008815
v -0.684445 0.444216 -0.189475
v -0.638064 0.452858 -0.147870
v -0.547832 0.608261 -0.126013
v -0.554741 0.621559 -0.202549
v -0.588618 0.609254 -0.272774
v -0.537311 0.663666 -0.223727
v -0.555197 0.698651 -0.036148
v -0.622714 0.649793 0.021319
v -0.798640 0.500705 -0.027437
v -0.793945 0.465648 -0.102665
v -0.752463 0.442586 -0.162816
v -0.673927 0.445754 -0.104369
v -0.635332 0.458720 -0.105597
v -0.597246 0.477500 -0.107443
v -0.598484 0.489979 -0.069822
v -0.571093 0.521474 -0.077524
v -0.560962 0.568954 -0.062073
v -0.566681 0.643597 -0.050919
v -0.544924 0.669922 -0.132063
v -0.685053 0.593500 0.028047
v -0.719840 0.528716 0.003470
v -0.727248 0.472587 -0.045791
v -0.679937 0.457366 -0.066017
v -0.642937 0.488267 -0.033320
v -0.606139 0.510431 -0.038211
v -0.605722 0.594320 -0.005690
v -0.213787 0.741428 -0.221593
v -0.114535 0.737354 -0.242471
v -0.003613 0.684036 -0.355010
v 0.062754 0.712487 -0.290346
v 0.123768 0.697380 -0.289675
v -0.098409 0.699644 -0.332963
v -0.181550 0.703269 -0.296969
v -0.233155 0.716510 -0.254737
v -0.253051 0.662323 -0.288515
v -0.290480 0.639961 -0.326710
v -0.268729 0.648606 -0.381705
v -0.528343 0.620351 0.281501
v -0.451862 0.623702 0.313269
v -0.522781 0.487067 0.435349
v -0.496039 0.565408 0.371771
v -0.599871 0.516501 0.354743
v -0.208676 0.475621 0.315814
v -0.275640 0.434150 0.399425
v -0.316366 0.426477 0.497401
v 0.394914 0.689087 0.038139
v 0.467847 0.657506 0.039739
v 0.395480 0.668696 0.051517
v 0.101541 0.620419 0.509863
v 0.595490 0.666988 -0.061080
v 0.685199 0.597262 -0.079980
v 0.732643 0.583777 -0.064381
v 0.669385 0.509786 -0.181946
v 0.657292 0.507339 -0.233397
v 0.405470 0.584831 -0.528313
v 0.401483 0.483569 -0.518047
v 0.400221 0.423744 -0.525735
v 0.407000 0.372437 -0.553748
v 0.445175 0.326786 -0.572986
v 0.476710 0.323962 -0.584259
v 0.492949 0.316847 -0.636784
v 0.483652 0.330506 -0.698259
v 0.449228 0.360699 -0.737804
v 0.549523 0.286874 -0.724404
v 0.495936 0.323195 -0.739749
v 0.531320 0.319847 -0.688125
v 0.592932 0.318343 -0.655706
v 0.632464 0.433150 -0.557043
v 0.590583 0.367490 -0.588719
v 0.564406 0.480461 -0.532974
v 0.547820 0.407100 -0.538552
v 0.523479 0.458211 -0.520535
v 0.476901 0.468468 -0.512390
v 0.475788 0.496335 -0.513731
v 0.472545 0.436596 -0.513166
v 0.439956 0.505426 -0.513910
v 0.433940 0.446279 -0.514501
v 0.466831 0.405655 -0.518415
v 0.489879 0.366671 -0.541361
v 0.477287 0.347761 -0.556236
v 0.513011 0.353593 -0.562847
v 0.537621 0.333788 -0.621221
v 0.502183 0.392455 -0.527971
v 0.420800 0.538871 -0.520537
v 0.532853 0.542687 -0.529340
v 0.634153 0.533734 -0.504324
v 0.615282 0.518543 -0.530006
v 0.565289 0.584459 -0.517722
v 0.478525 0.576637 -0.528168
v 0.488196 0.613481 -0.511709
v 0.645975 0.549805 -0.472776
v 0.715399 0.524951 -0.412606
v 0.777331 0.498526 -0.368001
v 0.821150 0.489042 -0.292888
v 0.873421 0.462736 -0.193409
v 0.914997 0.431645 -0.108638
v 0.926759 0.404834 -0.131975
v 0.978851 0.333838 -0.103491
v 1.003921 0.248390 -0.101237
v 1.007302 0.167805 -0.126016
v 0.977047 0.125122 -0.171903
v 0.929978 0.137068 -0.217323
v 0.919020 0.183005 -0.219449
v 0.870309 0.191590 -0.255416
v 0.885809 0.214831 -0.233058
v 0.851687 0.220355 -0.258833
v 0.846940 0.196715 -0.281734
v 0.834679 0.226022 -0.281809
v 0.845915 0.291005 -0.235159
v 0.871846 0.343623 -0.213461
v 0.919053 0.353243 -0.160216
v 0.943131 0.292027 -0.124541
v 0.930082 0.270500 -0.138704
v 0.964970 0.232567 -0.118746
v 0.960849 0.185095 -0.152228
v 0.928138 0.244633 -0.161033
v 0.893464 0.405900 -0.210732
v 0.857081 0.445587 -0.295517
v 0.843383 0.416886 -0.385545
v 0.843705 0.344271 -0.458824
v 0.786438 0.353306 -0.522760
v 0.739778 0.184482 -0.649441
v 0.755221 0.107956 -0.681852
v 0.859351 0.060993 -0.618995
v 0.836639 0.023378 -0.616822
v 0.805831 0.001304 -0.600794
v 0.720178 0.017940 -0.644899
v 0.546046 -0.027832 -0.771353
v 0.464632 -0.075529 -0.753157
v 0.433823 -0.136298 -0.702178
v 0.364287 -0.282347 -0.632845
v 0.320005 -0.387614 -0.621956
v 0.325607 -0.472708 -0.564406
v 0.361209 -0.524332 -0.481711
v 0.421608 -0.579933 -0.411501
v 0.678920 -0.584095 -0.339869
v 0.673706 -0.603363 -0.319376
v 0.768291 -0.605607 -0.147074
v 0.761786 -0.612810 -0.031170
v 0.699795 -0.615492 0.038937
v 0.674559 -0.637266 -0.002125
v 0.639977 -0.644759 -0.049886
v 0.619295 -0.626686 -0.067528
v 0.579802 -0.619165 -0.059831
v 0.588747 -0.595760 -0.090766
v 0.544313 -0.591658 -0.094729
v 0.502615 -0.586822 -0.137913
v 0.539151 -0.578542 -0.173681
v 0.480942 -0.634253 -0.244670
v 0.544639 -0.642517 -0.285255
v 0.447596 -0.663106 -0.290932
v 0.425953 -0.669331 -0.258647
v 0.448901 -0.654042 -0.235106
v 0.466819 -0.659108 -0.266377
v 0.444738 -0.638443 -0.199185
v 0.425232 -0.651770 -0.174428
v 0.438572 -0.632240 -0.141274
v 0.500893 -0.600203 -0.102516
v 0.451204 -0.668523 -0.070265
v 0.427872 -0.686293 -0.042580
v 0.333702 -0.724438 -0.065852
v 0.339439 -0.730141 0.026851
v 0.304059 -0.737219 0.124131
v 0.354292 -0.728105 0.146132
v 0.379034 -0.722644 0.096161
v 0.435015 -0.706445 0.114892
v 0.452972 -0.682494 0.170330
v 0.413746 -0.656619 0.245436
v 0.384913 -0.654390 0.319259
v 0.302271 -0.682898 0.327396
v 0.270832 -0.685521 0.345486
v 0.098840 -0.752746 0.225764
v 0.013860 -0.766282 0.232517
v -0.033578 -0.770484 0.277634
v -0.182379 -0.709599 0.434087
v -0.152328 -0.657882 0.516475
v -0.099361 -0.597705 0.568202
v -0.036912 -0.548433 0.625005
v 0.049757 -0.521537 0.652074
v 0.218493 -0.565236 0.593397
v 0.286689 -0.609345 0.538045
v 0.498563 -0.480791 0.627738
v 0.589738 -0.390060 0.649391
v 0.377440 -0.294990 0.821410
v 0.402737 -0.248017 0.845785
v 0.369704 -0.171943 0.879202
v 0.357432 -0.136011 0.889942
v 0.361719 0.013723 0.875028
v 0.378824 0.109546 0.881729
v 0.440796 0.177056 0.848323
v 0.551251 0.183577 0.822164
v 0.537560 0.239993 0.807881
v 0.639362 0.261355 0.769304
v 0.594908 0.323327 0.726766
v 0.611003 0.398949 0.614868
v 0.655469 0.439531 0.525177
v 0.704032 0.483003 0.415338
v 0.721948 0.515254 0.301194
v 0.746917 0.570572 0.211594
v 0.732817 0.606919 0.111425
v 0.762597 0.595619 0.091068
v 0.674467 0.639579 0.017772
v 0.638265 0.645078 0.058923
v 0.680307 0.596380 0.131309
v 0.691043 0.535397 0.209159
v 0.665195 0.459025 0.381272
v 0.618747 0.451361 0.475030
v 0.562794 0.439445 0.540994
v 0.579108 0.428581 0.572172
v 0.480925 0.458483 0.562348
v 0.434075 0.472580 0.563353
v 0.338243 0.513573 0.534508
v 0.331738 0.495702 0.549383
v 0.419188 0.462376 0.592863
v 0.487292 0.406943 0.662361
v 0.449418 0.336887 0.748175
v 0.353795 0.303256 0.773161
v 0.265088 0.300634 0.764414
v 0.314243 0.296689 0.698881
v 0.160709 0.344904 0.654883
v 0.151566 0.408712 0.615044
v 0.155765 0.487231 0.608268
v 0.209324 0.517981 0.570786
v 0.208018 0.533451 0.568148
v 0.265273 0.534028 0.543054
v 0.404513 0.454228 0.596029
v 0.427002 0.402808 0.661911
v 0.385985 0.341591 0.703930
v 0.258887 0.339150 0.584989
v 0.192818 0.399209 0.577894
v 0.200469 0.458978 0.565080
v 0.207508 0.497118 0.568978
v 0.263815 0.505069 0.549595
v 0.323669 0.465497 0.546005
v 0.379631 0.420216 0.585398
v 0.253720 0.449690 0.538241
v 0.205714 0.545911 0.561879
v 0.136737 0.512389 0.615912
v 0.109075 0.429636 0.667046
v 0.140277 0.357698 0.691147
v 0.432137 0.475034 0.540277
v 0.473080 0.460112 0.530498
v 0.536236 0.431277 0.485645
v 0.580673 0.420772 0.402647
v 0.656624 0.467860 0.282144
v 0.807199 0.555919 0.188204
v 0.842068 0.537638 0.168382
v 0.901056 0.491179 0.129983
v 0.863369 0.513377 0.029544
v 0.881881 0.470015 -0.082740
v 0.827972 0.501969 -0.189406
v 0.783519 0.532109 -0.108310
v 0.702911 0.491169 -0.241445
v 0.698054 0.499547 -0.291284
v 0.684677 0.546719 -0.355769
v 0.646562 0.589188 -0.408059
v 0.581722 0.611992 -0.469599
v 0.759412 0.516721 -0.344906
v 0.775472 0.504065 -0.274306
v 0.975135 0.417850 0.080472
v 0.950905 0.444069 0.146548
v 1.018185 0.363532 0.085844
v 1.079088 0.255238 0.033168
v 1.065735 0.267402 -0.005748
v 1.056575 0.271610 -0.040489
v 1.104668 0.174736 -0.088641
v 1.100388 0.110339 -0.172770
v 1.051489 0.067049 -0.240352
v 0.985159 0.058291 -0.287976
v 0.919370 0.079710 -0.314848
v 0.864261 0.148511 -0.289252
v 0.853500 0.157697 -0.321908
v 0.844777 0.188256 -0.333202
v 0.837135 0.206092 -0.308965
v 0.856040 0.174769 -0.359249
v 0.830789 0.236914 -0.306108
v 0.852320 0.208769 -0.370137
v 0.834949 0.256561 -0.337816
v 0.849386 0.329529 -0.324286
v 0.866650 0.382298 -0.279654
v 0.857899 0.389921 -0.366012
v 0.851174 0.259409 -0.527899
v 0.887897 0.175292 -0.547849
v 0.834153 0.176172 -0.593858
v 0.909328 0.180714 -0.514388
v 0.945148 0.106896 -0.489269
v 0.965335 0.062988 -0.464223
v 1.000272 0.002355 -0.381106
v 0.990115 -0.023970 -0.386478
v 0.947286 0.027633 -0.501914
v 0.860051 0.086342 -0.611410
v 0.926713 -0.009894 -0.527736
v 0.889967 -0.036386 -0.536240
v 0.627358 0.005978 -0.687009
v 0.407851 -0.193550 -0.636277
v 0.381310 -0.282588 -0.541139
v 0.368766 -0.373144 -0.522475
v 0.385870 -0.456147 -0.469792
v 0.438472 -0.525196 -0.417425
v 0.536471 -0.574268 -0.396552
v 0.776190 -0.487154 -0.313939
v 0.948692 -0.238173 -0.384573
v 0.958755 -0.108884 -0.450987
v 0.970700 -0.091017 -0.431996
v 0.911718 -0.125739 -0.463202
v 0.847842 -0.042293 -0.522467
v 0.772638 0.010117 -0.569223
v 0.686459 0.031291 -0.601217
v 0.531281 -0.028910 -0.699974
v 0.466148 -0.062674 -0.634804
v 0.420998 -0.122080 -0.585403
v 0.385670 -0.207674 -0.549417
v 0.392346 -0.259944 -0.464320
v 0.422488 -0.332480 -0.448950
v 0.458606 -0.408796 -0.416296
v 0.529307 -0.496699 -0.393321
v 0.661386 -0.530342 -0.368101
v 0.864542 -0.354702 -0.335648
v 0.894593 -0.229965 -0.391135
v 0.860127 -0.112898 -0.443820
v 0.796055 -0.024553 -0.481921
v 0.714281 0.019993 -0.509766
v 0.587235 0.015666 -0.602764
v 0.557343 -0.021715 -0.478984
v 0.512125 -0.061617 -0.455480
v 0.462234 -0.105288 -0.434075
v 0.435859 -0.118451 -0.430638
v 0.413952 -0.134070 -0.435873
v 0.404917 -0.160574 -0.421525
v 0.413766 -0.222356 -0.402889
v 0.454076 -0.285170 -0.385042
v 0.533132 -0.371783 -0.378979
v 0.629698 -0.449320 -0.366559
v 0.747465 -0.435416 -0.331754
v 0.820898 -0.318493 -0.344552
v 0.826205 -0.190294 -0.371350
v 0.780519 -0.081992 -0.402858
v 0.703605 -0.020802 -0.427425
v 0.619043 0.010026 -0.497601
v 0.568173 -0.049647 -0.427367
v 0.524187 -0.078476 -0.432171
v 0.478199 -0.124744 -0.415915
v 0.451778 -0.134723 -0.409074
v 0.475253 -0.157196 -0.390569
v 0.457507 -0.196166 -0.373378
v 0.509246 -0.251326 -0.351338
v 0.593126 -0.304192 -0.331120
v 0.701619 -0.351342 -0.337563
v 0.628576 0.002966 -0.431584
v 0.632559 -0.034975 -0.399046
v 0.606494 -0.028456 -0.412502
v 0.598243 -0.050107 -0.406694
v 0.553046 -0.071797 -0.422370
v 0.507258 -0.110333 -0.419844
v 0.509922 -0.180716 -0.371366
v 0.567461 -0.215759 -0.333295
v 0.641211 -0.230811 -0.320290
v 0.733532 -0.229005 -0.323654
v 0.719726 -0.131169 -0.343775
v 0.683210 -0.068419 -0.370146
v 0.614091 -0.088917 -0.384858
v 0.601980 -0.123732 -0.379282
v 0.571763 -0.106270 -0.403756
v 0.609385 -0.164710 -0.346946
v 0.619954 -0.135858 -0.360266
v 0.659781 -0.161157 -0.327909
v 0.380258 -0.188944 -0.472666
v 0.388313 -0.158050 -0.479419
v 0.401923 -0.137023 -0.522546
v 0.997848 -0.200945 -0.353255
v 0.971198 -0.319800 -0.284802
v 0.945493 -0.342118 -0.298804
v 0.845375 -0.454644 -0.272790
v 0.939153 -0.356638 -0.280388
v 0.928349 -0.362672 -0.261532
v 0.962642 -0.333018 -0.263960
v 0.949143 -0.338584 -0.244747
v 0.993672 -0.303725 -0.212834
v 0.929245 -0.335274 -0.227674
v 0.912548 -0.361264 -0.243800
v 0.944865 -0.297073 -0.178746
v 0.854002 -0.375649 -0.208976
v 0.839840 -0.415136 -0.207474
v 0.870282 -0.387324 -0.232949
v 0.850630 -0.431392 -0.228277
v 0.854742 -0.442991 -0.243844
v 0.820134 -0.543180 -0.183064
v 0.814921 -0.586379 -0.078716
v 0.837285 -0.575908 0.017802
v 0.761774 -0.577981 0.097703
v 0.623214 -0.618974 0.173288
v 0.541080 -0.659053 0.156832
v 0.533928 -0.643539 0.195576
v 0.474059 -0.623520 0.232485
v 0.435845 -0.628650 0.266365
v 0.404841 -0.605617 0.403938
v 0.407273 -0.586751 0.492771
v 0.435180 -0.538764 0.562486
v 0.599394 -0.477773 0.574926
v 0.690008 -0.400716 0.568577
v 0.656966 -0.288060 0.682267
v 0.561408 -0.293527 0.757063
v 0.475283 -0.284977 0.802665
v 0.480606 -0.245702 0.823985
v 0.419771 -0.210536 0.848124
v 0.395627 -0.185633 0.855679
v 0.421911 -0.193940 0.833824
v 0.397892 -0.168283 0.835545
v 0.363876 -0.121062 0.864100
v 0.387216 -0.075131 0.797687
v 0.406666 0.017027 0.788982
v 0.396576 0.071407 0.849685
v 0.457029 0.123788 0.842864
v 0.543169 0.153329 0.827543
v 0.632483 0.107641 0.800546
v 0.690041 0.037410 0.755754
v 0.724232 0.043553 0.726863
v 0.714517 0.158483 0.748077
v 0.747405 0.116919 0.712324
v 0.713756 0.295993 0.690398
v 0.730433 0.388805 0.566559
v 0.780789 0.438013 0.435252
v 0.754043 0.460915 0.432946
v 0.776545 0.522212 0.306385
v 0.805571 0.412059 0.437407
v 0.894965 0.429119 0.311238
v 0.961970 0.420693 0.194590
v 1.032245 0.346425 0.126163
v 1.128775 0.140791 -0.036375
v 1.133818 0.078737 -0.143286
v 1.093542 0.046885 -0.242904
v 1.035785 0.049337 -0.308906
v 0.978188 0.063198 -0.349863
v 0.927271 0.099817 -0.376086
v 0.902349 0.148392 -0.402330
v 0.876695 0.164750 -0.385218
v 0.898768 0.179915 -0.422619
v 0.869035 0.233936 -0.408180
v 0.861169 0.311042 -0.403793
v 0.882509 0.259645 -0.469006
v 0.918404 0.187023 -0.482025
v 0.952195 0.119306 -0.459674
v 0.969953 0.080092 -0.442909
v 1.003304 0.044650 -0.372773
v 1.056660 0.014366 -0.316436
v 1.059137 -0.043554 -0.309005
v 1.091252 -0.065001 -0.254090
v 1.115760 -0.029726 -0.215672
v 1.083807 -0.138741 -0.218843
v 1.070296 -0.212187 -0.185750
v 1.020102 -0.276245 -0.250259
v 1.046023 -0.271573 -0.163973
v 1.003036 -0.287625 -0.143264
v 0.935996 -0.284825 -0.111946
v 0.844128 -0.350839 -0.123932
v 0.817452 -0.416993 -0.148448
v 0.817310 -0.455804 -0.138652
v 0.824777 -0.439443 -0.174105
v 0.825171 -0.479004 -0.152163
v 0.834099 -0.501428 -0.164021
v 0.843264 -0.549173 -0.092659
v 0.867490 -0.554180 -0.016885
v 0.905037 -0.524918 0.052240
v 0.872479 -0.533753 0.103988
v 0.899440 -0.458003 0.267505
v 0.681137 -0.564716 0.244532
v 0.598092 -0.595896 0.229577
v 0.524249 -0.583549 0.233953
v 0.480751 -0.589432 0.249348
v 0.427143 -0.598470 0.325017
v 0.437192 -0.560978 0.450117
v 0.464094 -0.546033 0.508883
v 0.513455 -0.516547 0.559509
v 0.766421 -0.287355 0.605111
v 0.736641 -0.231702 0.671643
v 0.705192 -0.202359 0.729204
v 0.624400 -0.233086 0.765018
v 0.548010 -0.253342 0.795129
v 0.538581 -0.216350 0.808800
v 0.477897 -0.209311 0.811552
v 0.447574 -0.197364 0.811905
v 0.400232 -0.148180 0.809323
v 0.460438 -0.089463 0.761633
v 0.488768 -0.009926 0.753238
v 0.455843 0.084771 0.800564
v 0.528140 0.109699 0.815367
v 0.611475 0.092295 0.803641
v 0.647790 0.027473 0.782266
v 0.684175 -0.050986 0.774815
v 0.732628 -0.066382 0.730725
v 0.714638 -0.154533 0.744592
v 0.693188 -0.138859 0.764710
v 0.683907 -0.181332 0.760088
v 0.667888 -0.165789 0.777845
v 0.674147 -0.127046 0.779970
v 0.651782 -0.152179 0.790214
v 0.604399 -0.201570 0.798164
v 0.579846 -0.172055 0.791089
v 0.524848 -0.182636 0.778463
v 0.472435 -0.193741 0.791586
v 0.494861 -0.178905 0.772873
v 0.444768 -0.177686 0.789100
v 0.598259 0.016385 0.767413
v 0.590470 0.079448 0.799026
v 0.639390 -0.046619 0.780261
v 0.654044 -0.117548 0.789324
v 0.632431 -0.140212 0.793124
v 0.633014 -0.110053 0.786609
v 0.612731 -0.130218 0.785136
v 0.544125 -0.156632 0.767403
v 0.534070 -0.119229 0.753485
v 0.579606 -0.104259 0.759475
v 0.573229 -0.052969 0.751301
v 0.611057 -0.104961 0.775549
v 0.744802 -0.178322 0.702919
v 0.785296 -0.219375 0.627992
v 0.822964 -0.149307 0.602214
v 0.850456 -0.107195 0.589892
v 0.823102 0.011745 0.635328
v 0.791341 0.140394 0.664281
v 0.826516 0.282624 0.559567
v 0.840463 0.373129 0.444172
v 0.975012 0.386129 0.239762
v 1.040416 0.332114 0.151608
v 1.091438 0.227963 0.095205
v 1.140717 0.112981 0.003519
v 1.131298 0.079444 0.102081
v 1.141853 -0.025448 0.136900
v 1.155689 -0.049615 0.112934
v 1.141753 -0.068951 0.154764
v 1.151298 -0.099062 0.131708
v 1.102337 -0.163447 0.227777
v 1.031762 -0.268831 0.300832
v 1.017444 -0.313969 0.241457
v 1.070769 -0.229730 0.155144
v 1.011655 -0.355228 0.168115
v 0.983387 -0.382407 0.236256
v 0.986676 -0.406988 0.165380
v 0.915648 -0.478316 0.183398
v 0.993391 -0.417429 0.121148
v 0.947510 -0.479157 0.099532
v 0.993096 -0.424158 0.066652
v 0.948449 -0.467587 0.050180
v 0.903413 -0.498086 0.016297
v 0.862165 -0.514496 -0.033017
v 0.832436 -0.500786 -0.088041
v 0.871114 -0.458684 -0.000494
v 0.915834 -0.436334 0.024447
v 0.965512 -0.406811 0.030295
v 1.011359 -0.365764 0.018373
v 1.032635 -0.359127 0.052794
v 1.032124 -0.329384 0.106019
v 1.047649 -0.277118 0.090385
v 1.103564 -0.241780 0.008432
v 1.150263 -0.142630 0.102018
v 1.168846 -0.084044 0.034295
v 1.167347 -0.015671 0.016080
v 1.158807 -0.069914 -0.009463
v 1.149643 -0.141615 -0.000630
v 1.054224 -0.317567 -0.018542
v 0.865378 -0.396853 -0.005907
v 0.918140 -0.372508 0.008358
v 0.969717 -0.345603 -0.001084
v 1.016683 -0.320821 -0.034968
v 1.043486 -0.293405 -0.085366
v 0.988917 -0.292516 -0.080558
v 0.919493 -0.318193 -0.041127
v 0.866054 -0.351388 -0.070824
v 0.817305 -0.395927 -0.107519
v 1.039184 -0.230279 0.333975
v 0.870503 -0.349801 0.486405
v 0.783808 -0.390193 0.527540
v 1.003148 -0.231026 0.399122
v 1.041155 -0.199931 0.349062
v 1.005842 -0.198766 0.408256
v 0.932809 -0.150605 0.505251
v 0.879553 -0.063574 0.571691
v 0.826107 0.148041 0.614017
v 0.855607 0.338215 0.441006
v 0.912847 0.387044 0.333630
v 1.044089 0.304781 0.190622
v 1.045860 0.319342 0.173127
v 1.088871 0.211710 0.141795
v 1.127979 -0.010246 0.157689
v 1.114077 -0.038028 0.189089
v 1.127923 -0.052035 0.172082
v 1.095872 -0.120883 0.252347
v 1.041114 -0.175704 0.355833
v 1.067484 -0.141578 0.305281
v 1.009513 -0.174349 0.410998
v 1.011041 -0.151162 0.411283
v 0.944020 -0.109634 0.495631
v 0.842322 0.037550 0.590975
v 0.832482 0.254394 0.528624
v 0.973875 0.350766 0.262073
v 1.034696 0.290628 0.201254
v 1.108959 0.092349 0.149248
v 1.111813 0.002210 0.175965
v 1.099122 -0.063860 0.226047
v 1.089259 -0.103758 0.261585
v 1.061027 -0.124511 0.309134
v 0.879064 -0.040935 0.542907
v 0.820594 0.144951 0.561297
v 0.845282 0.310122 0.427333
v 0.909923 0.349798 0.336763
v 1.020342 0.278422 0.205622
v 1.061751 0.196932 0.165751
v 1.092878 0.009210 0.184840
v 1.048146 -0.111683 0.308627
v 0.991521 -0.123279 0.398814
v 0.923724 -0.093787 0.474389
v 0.827156 0.050311 0.548859
v 0.813671 0.228819 0.495611
v 0.881509 0.319525 0.323489
v 0.950083 0.320607 0.258573
v 1.001257 0.268836 0.203408
v 1.066928 0.094968 0.160897
v 1.069609 0.011802 0.184402
v 1.058845 -0.051887 0.229540
v 1.012099 -0.097745 0.296208
v 0.958254 -0.108536 0.378054
v 0.858198 -0.029388 0.513340
v 0.799203 0.138882 0.518125
v 0.824052 0.274004 0.403707
v 0.903770 0.278054 0.251270
v 0.976226 0.256450 0.200799
v 1.016678 0.184076 0.166766
v 1.042353 0.013241 0.181237
v 1.003353 -0.042848 0.226006
v 0.960183 -0.074404 0.288275
v 0.894870 -0.080045 0.447329
v 0.807615 0.057757 0.510625
v 0.794993 0.203387 0.458021
v 0.851944 0.271999 0.315506
v 0.943636 0.235696 0.204974
v 1.004722 0.091521 0.164310
v 1.011096 0.016623 0.182052
v 0.912310 -0.079340 0.360166
v 0.835713 -0.010154 0.475892
v 0.784775 0.131487 0.481317
v 0.814311 0.240350 0.384105
v 0.871003 0.234543 0.261550
v 0.901013 0.200694 0.224482
v 0.918252 0.216936 0.213305
v 0.952691 0.161529 0.190513
v 0.977236 0.022572 0.188965
v 0.950229 0.030470 0.203847
v 0.947178 -0.021752 0.234524
v 0.916461 -0.042442 0.291408
v 0.866806 -0.040089 0.415267
v 0.801356 0.063748 0.473910
v 0.793591 0.180230 0.428442
v 0.839446 0.233095 0.316699
v 0.886821 0.186498 0.235870
v 0.947138 0.092027 0.198183
v 0.930168 0.038649 0.219544
v 0.915120 0.009356 0.260255
v 0.888958 -0.031567 0.352423
v 0.831957 0.017694 0.437662
v 0.800576 0.124873 0.449344
v 0.823438 0.205694 0.374924
v 0.862944 0.200938 0.281152
v 0.881416 0.174679 0.252716
v 0.913435 0.142903 0.220119
v 0.916062 0.092673 0.234081
v 0.918063 0.047757 0.239405
v 0.907505 0.005964 0.309630
v 0.867540 0.006489 0.394436
v 0.823418 0.079268 0.442574
v 0.821141 0.158348 0.413336
v 0.855301 0.195721 0.327219
v 0.903201 0.133106 0.260849
v 0.915214 0.093866 0.257872
v 0.917312 0.092412 0.287633
v 0.896738 0.026378 0.356244
v 0.866337 0.110409 0.404293
v 0.855912 0.168906 0.374308
v 0.902086 0.130391 0.331073
v 0.913456 0.084376 0.325916
v 0.901111 0.075525 0.361501
v 0.588315 -0.505628 0.520043
v 0.703226 -0.491067 0.404099
v 0.684376 -0.516759 0.323860
v 0.482165 -0.544898 0.258492
v 0.452162 -0.553876 0.284473
v 0.426594 -0.554068 0.378247
v 0.518802 -0.513979 0.500930
v 0.642544 -0.492478 0.454214
v 0.649762 -0.480903 0.379939
v 0.629683 -0.531402 0.268474
v 0.551427 -0.474895 0.272604
v 0.537350 -0.452805 0.287418
v 0.522637 -0.490287 0.263283
v 0.484896 -0.497118 0.271495
v 0.463080 -0.469416 0.316864
v 0.503423 -0.427301 0.329302
v 0.527362 -0.422232 0.345851
v 0.511609 -0.420814 0.367411
v 0.547935 -0.430813 0.325456
v 0.572115 -0.435179 0.349903
v 0.596332 -0.448967 0.414755
v 0.567843 -0.481645 0.470877
v 0.507208 -0.467585 0.445991
v 0.471650 -0.511690 0.459389
v 0.529462 -0.436646 0.406805
v 0.453345 -0.469401 0.374087
v 0.447227 -0.503562 0.401617
v 0.616673 -0.472046 0.310805
v 0.569022 -0.446887 0.305760
v 1.135545 -0.031673 -0.160010
v 1.110800 0.001632 -0.227408
v 0.966902 0.094143 -0.420565
v 0.923111 0.154333 -0.431610
v 0.913374 0.186409 -0.450829
v 0.934123 0.154819 -0.459983
v 0.837090 0.296668 -0.267323
v 0.909969 0.100518 -0.260381
v 0.983693 0.082828 -0.225419
v 1.042477 0.110968 -0.172723
v 1.062259 0.182079 -0.118598
v 1.045715 0.268200 -0.071143
v 0.269423 -0.639564 0.443034
v 0.181182 -0.718119 0.297075
v 0.014004 -0.755752 0.273802
v -0.025515 -0.753359 0.304725
v 0.013287 -0.737035 0.303348
v -0.103578 -0.742869 0.364752
v -0.122282 -0.684563 0.433830
v -0.108003 -0.617581 0.487178
v -0.026334 -0.555730 0.455890
v 0.042080 -0.514403 0.510322
v 0.123367 -0.508660 0.552044
v 0.193131 -0.547869 0.553102
v 0.138165 -0.529581 0.621210
v 0.219574 -0.662827 0.369913
v 0.085787 -0.721256 0.294772
v 0.005805 -0.706091 0.318013
v -0.021152 -0.728105 0.323479
v -0.072488 -0.620958 0.405978
v -0.034466 -0.626135 0.371962
v -0.016713 -0.592117 0.395969
v 0.024254 -0.600997 0.363502
v 0.006659 -0.562632 0.424388
v 0.034454 -0.534264 0.447908
v 0.094104 -0.535311 0.434150
v 0.110535 -0.516881 0.491748
v 0.134525 -0.534894 0.450699
v 0.170048 -0.541440 0.467979
v 0.190312 -0.568080 0.433986
v 0.224146 -0.602830 0.435685
v 0.166543 -0.594578 0.377665
v 0.143454 -0.665760 0.326409
v 0.052625 -0.645160 0.324248
v -0.007726 -0.666883 0.334416
v 0.242326 -0.597837 0.515559
v 0.049379 -0.511392 0.614802
v -0.028994 -0.534019 0.570145
v 0.520829 -0.685728 0.003088
v 0.566451 -0.666326 -0.013528
v 0.522250 -0.670032 -0.026589
v 0.557968 -0.645164 -0.038332
v 0.575237 -0.669564 0.016527
v 0.694507 0.619226 -0.044167
v -0.281055 -0.747834 0.261814
v -0.262527 -0.718439 0.219167
v -0.358847 -0.690650 0.112387
v -0.340383 -0.715507 0.202314
v -0.231017 -0.729481 -0.082110
v -0.102498 -0.769194 -0.071927
v -0.228291 -0.723161 -0.096702
v -0.325897 -0.682558 -0.151460
v -0.420452 -0.653282 -0.218430
v -0.440290 -0.668277 -0.150181
v -0.107447 -0.743164 -0.106133
v 0.014650 -0.764284 -0.133924
v 0.028432 -0.775367 -0.110964
v -0.218215 -0.694303 -0.118430
v -0.194143 -0.707327 -0.006303
v 0.256173 -0.532161 -0.569905
v 0.241858 -0.513448 -0.624080
v 0.236324 -0.483655 -0.673172
v 0.246588 -0.436558 -0.718830
v 0.420944 0.646688 -0.393030
v 0.488400 0.623909 -0.319391
v -0.374912 0.671112 -0.341549
v -0.372444 0.709496 -0.269192
v -0.758113 0.300632 -0.549288
v -0.708207 0.346913 -0.521911
v -0.735454 0.364420 -0.433121
v -0.789108 0.305065 -0.486422
vn 0.2061 0.2196 0.9536
vn -0.2239 -0.3414 0.9128
vn -0.7130 0.0132 0.7010
vn 0.1836 -0.3229 0.9285
vn 0.0662 0.1706 0.9831
vn -0.0623 0.1834 0.9811
vn 0.0256 0.5607 0.8276
vn 0.3633 0.0973 0.9266
vn -0.5560 -0.0481 0.8298
vn -0.0600 0.9817 0.1805
vn 0.1484 0.6488 0.7463
vn 0.1299 0.6098 0.7819
vn 0.0114 0.6304 0.7762
vn -0.7087 0.2141 0.6723
vn 0.3821 0.2752 0.8822
vn 0.0640 0.5814 0.8111
vn 0.0854 0.6428 0.7612
vn 0.1380 -0.6827 0.7175
vn -0.4611 0.6898 0.5581
vn 0.7315 -0.0555 0.6796
vn -0.6456 -0.3425 0.6825
vn -0.0629 -0.7735 0.6307
vn 0.7928 0.2245 0.5667
vn 0.5533 0.1925 0.8104
vn 0.2410 0.8412 0.4840
vn -0.3369 -0.7088 0.6198
vn -0.2036 -0.7140 0.6698
vn -0.0323 0.8077 0.5886
vn -0.3916 0.6231 0.6771
vn 0.2977 0.7678 0.5673
vn -0.3902 0.5244 0.7568
vn -0.0867 -0.2725 0.9582
vn 0.6838 -0.1961 0.7028
vn 0.6275 -0.7651 0.1440
vn 0.4631 -0.8002 0.3810
vn 0.3256 -0.8872 0.3270
vn -0.1448 0.9570 0.2514
vn -0.7975 0.2729 0.5381
vn -0.4209 -0.8485 -0.3207
vn 0.5149 0.8309 0.2108
vn -0.2692 0.7476 0.6071
vn -0.8005 0.4362 0.4109
vn -0.4852 0.8205 0.3023
vn -0.7901 -0.3703 0.4884
vn 0.5965 0.2944 0.7467
vn -0.2156 0.7019 0.6789
vn -0.8981 0.0585 0.4358
vn 0.6449 -0.6528 0.3975
vn -0.3143 -0.9151 0.2525
vn -0.7081 0.5903 0.3876
vn -0.0890 -0.9289 0.3595
vn -0.8318 0.2671 0.4865
vn -0.6744 0.6345 0.3776
vn 0.4093 -0.8466 0.3402
vn -0.2910 0.8005 0.5239
vn 0.6254 0.6812 0.3805
vn -0.8888 -0.4314 0.1543
vn -0.2799 -0.9366 0.2109
vn 0.3631 -0.8773 0.3140
vn -0.1109 0.8381 0.5341
vn 0.4168 0.3809 0.8253
vn 0.2122 -0.9539 0.2124
vn -0.8913 0.2446 0.3818
vn 0.4028 0.8173 0.4120
vn 0.0561 0.8741 0.4825
vn -0.6497 0.7548 0.0903
vn 0.4469 -0.8650 0.2282
vn -0.2827 -0.9592 0.0029
vn 0.0615 -0.9981 -0.0076
vn 0.1545 0.8777 -0.4537
vn 0.9575 0.2272 0.1778
vn -0.4797 -0.8660 -0.1411
vn 0.1498 -0.9782 -0.1435
vn 0.5619 0.8148 -0.1428
vn -0.6297 0.1941 -0.7522
vn -0.5973 0.7980 -0.0807
vn 0.7581 0.6271 -0.1792
vn 0.8557 -0.5166 -0.0311
vn -0.4301 0.8895 -0.1545
vn -0.1233 -0.9824 -0.1400
vn 0.1321 0.9718 0.1955
vn 0.5753 0.7949 -0.1926
vn -0.8377 0.5233 -0.1563
vn 0.9196 -0.3281 -0.2159
vn 0.0396 -0.8450 -0.5333
vn -0.3775 -0.8856 -0.2706
vn 0.1508 -0.9818 -0.1158
vn 0.9639 0.1517 -0.2189
vn 0.3871 -0.9220 -0.0029
vn -0.2493 -0.9440 -0.2164
vn -0.9279 0.3719 -0.0263
vn 0.4508 -0.8856 -0.1118
vn 0.7430 0.0953 -0.6625
vn 0.6677 -0.6755 -0.3128
vn 0.2149 -0.8980 -0.3840
vn 0.0226 0.9349 -0.3541
vn -0.5055 -0.8466 0.1665
vn 0.6271 0.5908 -0.5076
vn 0.6551 -0.5785 -0.4860
vn -0.4700 -0.8387 -0.2751
vn 0.1496 -0.7108 -0.6873
vn 0.2215 -0.7671 -0.6020
vn -0.2946 0.8475 -0.4414
vn -0.5244 0.7811 -0.3389
vn 0.6310 -0.5244 -0.5718
vn 0.1255 -0.9053 -0.4058
vn 0.6786 0.6534 -0.3355
vn 0.8148 -0.0814 -0.5740
vn -0.8808 0.2233 0.4175
vn -0.0054 -0.8441 -0.5361
vn -0.4884 0.6983 -0.5233
vn 0.0612 0.9775 -0.2019
vn -0.5020 -0.8011 -0.3260
vn -0.5096 0.6955 -0.5065
vn -0.4372 -0.7278 -0.5284
vn -0.6157 0.6527 -0.4414
vn -0.8726 0.2750 -0.4036
vn -0.6466 0.5698 -0.5072
vn 0.7435 -0.6577 -0.1213
vn -0.4387 -0.8042 -0.4011
vn 0.6151 0.6028 -0.5081
vn -0.6487 0.3782 -0.6604
vn -0.2845 0.6933 -0.6621
vn -0.1007 0.5920 -0.7997
vn -0.6069 0.5506 -0.5732
vn -0.4154 -0.7614 -0.4977
vn -0.5367 0.6558 -0.5309
vn -0.6618 0.1452 -0.7355
vn -0.7350 -0.4200 -0.5324
vn -0.5455 0.4425 -0.7117
vn 0.5820 -0.8046 -0.1180
vn 0.0784 0.7884 -0.6102
vn 0.7895 0.1527 -0.5945
vn -0.7890 -0.0502 -0.6124
vn 0.2983 0.5227 -0.7986
vn -0.4329 0.5883 -0.6830
vn -0.5786 0.2565 -0.7742
vn 0.1288 -0.8283 -0.5452
vn 0.3359 0.8572 -0.3903
vn 0.5012 0.4306 -0.7505
vn -0.8775 0.0315 -0.4785
vn -0.4446 -0.6034 -0.6621
vn -0.6298 0.0163 -0.7766
vn -0.4592 0.3697 -0.8078
vn 0.6892 -0.4815 -0.5415
vn 0.1066 0.0323 -0.9938
vn 0.2907 0.3238 -0.9003
vn -0.2625 -0.4331 -0.8623
vn -0.0392 -0.6170 -0.7860
vn 0.2610 -0.2946 -0.9193
vn -0.2992 -0.0177 -0.9540
vn 0.4136 0.0579 -0.9086
vn -0.0811 -0.0398 -0.9959
vn 0.0539 -0.2655 -0.9626
vn 0.3962 -0.3616 -0.8439
vn 0.2226 0.3595 0.9062
vn 0.0341 0.3534 0.9348
vn 0.0729 0.1374 0.9878
vn 0.0845 -0.0527 0.9950
vn 0.3356 0.1295 0.9331
vn -0.0868 -0.1575 0.9837
vn -0.3005 -0.2245 0.9270
vn -0.3393 -0.3365 0.8785
vn -0.0706 -0.3706 0.9261
vn -0.2709 -0.3635 0.8913
vn 0.1024 -0.2590 0.9604
vn 0.2281 -0.2748 0.9341
vn 0.1396 -0.4106 0.9011
vn 0.2505 -0.4275 0.8686
vn 0.0393 0.2516 0.9670
vn -0.1683 0.0778 0.9827
vn 0.0107 0.1062 0.9943
vn 0.1677 0.3941 0.9036
vn 0.2478 0.3932 0.8854
vn -0.0229 0.1341 0.9907
vn 0.0603 0.0509 0.9969
vn -0.0924 0.1321 0.9869
vn -0.0453 0.1618 0.9858
vn -0.3866 0.3422 0.8564
vn -0.5253 0.1935 0.8286
vn -0.3350 -0.1749 0.9258
vn 0.0469 0.5286 0.8476
vn 0.2940 0.4863 0.8228
vn 0.9046 -0.0060 0.4262
vn 0.8810 -0.2283 0.4143
vn 0.4055 -0.8539 0.3261
vn 0.3072 0.0042 0.9516
vn 0.5227 -0.0360 0.8518
vn 0.5242 0.1640 0.8357
vn 0.3052 0.2814 0.9098
vn -0.4963 0.0098 0.8681
vn -0.6001 0.0525 0.7982
vn -0.6709 -0.0538 0.7396
vn -0.5727 -0.2119 0.7919
vn -0.4893 -0.1314 0.8622
vn 0.1807 0.3640 0.9137
vn 0.0666 0.3896 0.9186
vn 0.0065 -0.4501 0.8929
vn 0.0263 0.5590 0.8287
vn 0.1087 0.6756 0.7292
vn -0.0618 0.6116 0.7888
vn -0.0664 0.6528 0.7546
vn 0.2164 0.6534 0.7254
vn 0.0647 0.5880 0.8062
vn -0.6551 0.3106 0.6888
vn -0.6148 0.5351 0.5794
vn -0.5897 0.0923 0.8023
vn -0.6962 0.0903 0.7121
vn -0.7262 0.3248 0.6059
vn -0.4256 0.3279 0.8434
vn -0.3447 0.4655 0.8151
vn -0.2341 0.2744 0.9327
vn 0.0427 0.5416 0.8396
vn 0.0894 0.4871 0.8687
vn -0.2121 0.6854 0.6966
vn -0.1364 0.6967 0.7043
vn 0.3621 0.9291 0.0754
vn 0.2376 0.9396 0.2464
vn 0.1066 0.6519 0.7507
vn 0.1989 -0.6805 0.7053
vn 0.1838 -0.7168 0.6726
vn 0.1933 -0.6444 0.7399
vn 0.2887 -0.6721 0.6819
vn 0.2798 -0.6148 0.7374
vn -0.6162 0.6033 0.5062
vn 0.6971 0.0106 0.7169
vn 0.7665 -0.1081 0.6331
vn 0.6911 0.0224 0.7224
vn 0.7390 -0.0278 0.6731
vn 0.7377 -0.1535 0.6574
vn -0.0793 -0.6632 0.7442
vn -0.0536 -0.6975 0.7146
vn 0.0138 -0.7227 0.6911
vn 0.0609 -0.7181 0.6932
vn -0.6098 0.6371 0.4714
vn -0.3694 0.7904 0.4886
vn 0.6898 0.2709 0.6714
vn 0.6558 0.5453 0.5221
vn 0.8018 0.3437 0.4889
vn 0.1251 0.8305 0.5427
vn 0.2457 0.7908 0.5605
vn 0.2774 0.8477 0.4522
vn 0.2404 0.9058 0.3491
vn 0.1729 0.8888 0.4244
vn -0.5228 -0.6284 0.5761
vn -0.3203 -0.7611 0.5640
vn -0.4668 -0.5701 0.6761
vn -0.1213 -0.8099 0.5738
vn -0.2153 -0.7335 0.6447
vn -0.2050 -0.5478 0.8111
vn -0.3620 -0.6044 0.7097
vn -0.0917 -0.7246 0.6830
vn 0.0362 -0.5315 0.8463
vn -0.2486 -0.7413 0.6235
vn 0.0836 0.9660 -0.2445
vn 0.1877 0.9427 -0.2760
vn 0.1517 0.8940 0.4217
vn -0.0937 0.8647 0.4935
vn -0.1928 0.8363 0.5133
vn 0.0049 0.7076 0.7066
vn -0.1472 0.8190 0.5546
vn -0.8432 0.4394 0.3097
vn -0.2996 0.7668 0.5677
vn -0.1620 0.7115 0.6838
vn -0.4042 0.3191 0.8572
vn -0.5815 0.4279 0.6919
vn -0.4671 0.6550 0.5940
vn -0.2202 0.3625 0.9056
vn 0.6463 -0.2224 0.7300
vn 0.6267 -0.3448 0.6989
vn 0.7521 -0.3211 0.5756
vn -0.6227 -0.7683 0.1485
vn 0.2061 -0.8315 0.5159
vn 0.2741 -0.7463 0.6065
vn 0.3976 -0.8786 0.2643
vn 0.2207 -0.9258 0.3068
vn 0.3935 -0.8234 0.4089
vn -0.1408 0.8788 0.4560
vn -0.1849 0.8358 0.5169
vn 0.1310 0.9796 0.1526
vn -0.7792 0.3487 0.5208
vn -0.8211 0.3330 0.4635
vn -0.7951 0.1956 0.5740
vn -0.7873 0.2067 0.5809
vn -0.8634 0.2792 0.4203
vn 0.4784 -0.8022 0.3573
vn 0.4671 -0.7987 0.3794
vn -0.5151 0.6391 0.5712
vn -0.1847 0.8220 0.5386
vn -0.3365 0.7061 0.6231
vn 0.1012 0.9631 0.2495
vn -0.7362 0.5286 0.4227
vn -0.7294 0.4772 0.4902
vn -0.8811 0.3784 0.2838
vn -0.8910 0.3829 0.2440
vn -0.5719 -0.0541 0.8186
vn -0.5536 0.2448 0.7960
vn -0.6159 -0.0286 0.7873
vn -0.6783 0.1530 0.7187
vn -0.6374 0.1055 0.7632
vn -0.7420 -0.3743 0.5562
vn -0.8221 -0.4092 0.3958
vn -0.7349 -0.3400 0.5868
vn -0.8609 -0.4061 0.3065
vn -0.7828 -0.3847 0.4891
vn 0.6437 -0.6238 -0.4433
vn 0.5178 -0.8361 -0.1813
vn -0.3403 0.5403 0.7696
vn -0.2509 0.7165 0.6509
vn 0.2022 0.5253 0.8265
vn -0.8922 0.2749 0.3584
vn -0.8995 0.0946 0.4266
vn -0.8858 0.1260 0.4467
vn -0.8364 0.2554 0.4849
vn 0.7283 -0.5106 0.4570
vn 0.5764 -0.6900 0.4378
vn 0.7973 -0.5099 0.3230
vn 0.4796 -0.7630 0.4334
vn 0.6862 -0.6442 0.3379
vn 0.1609 -0.8345 0.5271
vn 0.0324 -0.6818 0.7308
vn -0.1754 -0.7933 0.5830
vn -0.3968 0.3457 0.8503
vn 0.7199 -0.0323 0.6933
vn -0.3003 -0.9210 0.2482
vn -0.2101 -0.9364 0.2810
vn -0.2028 -0.8960 0.3951
vn -0.6204 0.7039 0.3459
vn -0.6353 0.6089 0.4750
vn -0.7337 0.5919 0.3338
vn 0.9218 -0.2628 0.2851
vn 0.9143 -0.3916 0.1037
vn -0.4915 -0.8429 0.2190
vn 0.5455 -0.3411 0.7655
vn 0.5003 -0.2367 0.8329
vn 0.6349 -0.3564 0.6855
vn -0.7131 0.4631 0.5264
vn -0.7372 0.4585 0.4964
vn -0.9935 0.1087 0.0345
vn -0.8913 0.2784 0.3580
vn 0.1916 -0.9449 0.2655
vn 0.8475 0.5149 0.1288
vn 0.4103 -0.8253 0.3880
vn 0.4257 -0.7724 0.4713
vn 0.3997 -0.8436 0.3586
vn 0.3851 -0.8925 0.2348
vn 0.3575 -0.8818 0.3077
vn 0.5749 0.7073 0.4113
vn 0.6049 0.6346 0.4810
vn 0.6002 0.6855 0.4122
vn 0.6742 0.6826 0.2820
vn 0.6155 0.7485 0.2466
vn 0.9917 -0.0544 0.1166
vn -0.8561 -0.4638 0.2279
vn -0.9160 -0.4010 -0.0103
vn -0.1010 -0.3968 0.9123
vn -0.2293 -0.9531 0.1974
vn -0.4284 -0.8705 0.2423
vn -0.3621 -0.9089 0.2068
vn -0.2362 -0.9651 0.1127
vn 0.4632 -0.8360 0.2943
vn 0.3415 -0.8866 0.3119
vn 0.2819 -0.9082 0.3094
vn 0.2709 -0.9226 0.2747
vn 0.3922 -0.8501 0.3515
vn 0.0139 0.7965 0.6045
vn -0.0132 0.9138 0.4058
vn -0.2380 0.7112 0.6614
vn -0.1618 0.7033 0.6922
vn -0.1308 0.9265 0.3528
vn -0.5779 0.1214 0.8071
vn -0.8476 0.2623 0.4613
vn -0.9078 0.2579 0.3309
vn -0.9086 0.3059 0.2844
vn -0.8408 0.3385 0.4224
vn 0.2975 0.7839 0.5450
vn 0.5908 0.6709 0.4482
vn 0.1506 0.8595 0.4885
vn 0.3252 0.9187 0.2241
vn 0.5344 0.7945 0.2883
vn -0.4185 -0.6730 -0.6099
vn 0.0472 0.7635 0.6440
vn -0.2410 0.8446 0.4780
vn 0.8432 0.3208 0.4314
vn 0.1966 -0.8682 -0.4555
vn 0.1151 -0.9732 -0.1993
vn 0.4451 -0.8836 0.1452
vn 0.4004 -0.8985 0.1798
vn 0.3721 -0.9071 0.1967
vn 0.4068 -0.8952 0.1823
vn 0.3749 -0.8903 0.2585
vn -0.2600 -0.9593 -0.1098
vn -0.2656 -0.9575 -0.1122
vn -0.2939 -0.9522 0.0837
vn -0.1115 -0.9935 -0.0218
vn -0.0670 -0.9957 0.0644
vn 0.9797 0.1040 0.1715
vn -0.3563 -0.8630 -0.3581
vn -0.3469 -0.9148 -0.2070
vn -0.5926 -0.7741 0.2226
vn 0.0909 0.4530 0.8869
vn 0.2423 -0.9701 -0.0165
vn 0.2561 -0.9580 -0.1293
vn 0.3105 -0.9361 -0.1651
vn 0.1427 -0.9761 -0.1639
vn 0.2869 -0.9579 -0.0021
vn 0.4904 0.8703 -0.0462
vn 0.5832 0.8104 -0.0561
vn 0.6091 0.7734 -0.1757
vn 0.4668 0.8740 -0.1351
vn 0.5521 0.7969 -0.2454
vn 0.8558 -0.4559 0.2442
vn -0.6857 -0.0580 -0.7255
vn -0.6976 0.3655 -0.6163
vn -0.7714 0.0493 -0.6344
vn -0.6699 0.2606 -0.6952
vn -0.6421 0.4012 -0.6533
vn -0.0267 -0.7540 0.6563
vn -0.3456 0.4006 -0.8486
vn -0.6324 0.7709 -0.0760
vn -0.6088 0.7798 -0.1461
vn -0.6428 0.7606 -0.0913
vn -0.5808 0.8099 -0.0815
vn -0.6208 0.7762 -0.1099
vn 0.6841 0.7140 -0.1493
vn 0.7950 0.5944 -0.1210
vn 0.8289 0.5355 -0.1620
vn 0.7767 0.5588 -0.2906
vn 0.6894 0.6857 -0.2337
vn -0.4680 0.8509 -0.2386
vn -0.7174 0.6446 -0.2641
vn 0.8424 -0.5386 0.0173
vn 0.8083 -0.5370 -0.2412
vn 0.1213 -0.9916 0.0456
vn 0.2766 -0.9599 -0.0449
vn -0.4132 0.9094 0.0482
vn -0.3206 0.9471 0.0133
vn -0.4016 0.9002 -0.1685
vn -0.4304 0.8740 -0.2255
vn -0.4612 0.8668 -0.1896
vn 0.8606 0.2103 -0.4638
vn 0.9002 -0.1050 -0.4225
vn 0.1034 0.9859 0.1315
vn 0.1404 0.9663 0.2158
vn 0.0309 0.9968 0.0741
vn 0.2129 0.9616 0.1732
vn 0.1893 0.9755 0.1125
vn -0.7257 0.6825 -0.0871
vn -0.7891 0.5992 0.1351
vn -0.8767 0.4809 0.0113
vn -0.7817 0.5723 -0.2479
vn -0.3095 -0.9158 -0.2559
vn -0.3852 -0.8247 -0.4141
vn -0.4535 -0.8507 -0.2657
vn -0.3753 -0.9105 -0.1738
vn -0.3275 -0.9268 -0.1839
vn 0.9015 -0.3240 -0.2870
vn 0.9619 -0.2117 -0.1731
vn -0.8056 0.4762 -0.3524
vn 0.3003 -0.6508 -0.6974
vn 0.2047 -0.9452 -0.2543
vn 0.0534 -0.9928 -0.1073
vn 0.3006 -0.9520 -0.0581
vn 0.9924 0.1079 -0.0584
vn 0.9700 -0.0477 -0.2385
vn 0.9381 0.3267 -0.1147
vn 0.9252 0.0797 -0.3710
vn 0.9328 0.2418 -0.2670
vn -0.2360 -0.9523 -0.1935
vn -0.1733 -0.9468 -0.2713
vn -0.1501 -0.9333 -0.3261
vn 0.4438 0.6865 -0.5760
vn 0.2590 0.7076 -0.6575
vn 0.4732 0.3765 -0.7964
vn 0.0716 0.9768 -0.2016
vn 0.4144 -0.8690 -0.2702
vn 0.3610 -0.9047 -0.2265
vn 0.2008 -0.9702 -0.1360
vn 0.2825 -0.9593 -0.0059
vn 0.6374 -0.7587 -0.1343
vn 0.8172 -0.1543 -0.5553
vn 0.6961 -0.2291 -0.6804
vn 0.7001 0.0429 -0.7128
vn 0.7072 0.3406 -0.6195
vn 0.7599 0.2675 -0.5925
vn 0.6066 -0.7950 -0.0032
vn 0.5616 -0.7332 0.3834
vn 0.6807 -0.5975 -0.4239
vn 0.5332 -0.8285 0.1714
vn 0.1684 -0.8745 -0.4549
vn 0.2327 -0.8948 -0.3811
vn 0.1166 -0.9433 -0.3109
vn 0.1407 -0.8817 -0.4503
vn -0.0887 0.9333 -0.3480
vn 0.0245 0.9330 -0.3592
vn 0.0241 0.7940 -0.6075
vn -0.0754 0.8831 -0.4630
vn 0.0238 0.8972 -0.4410
vn 0.8954 0.2690 -0.3548
vn 0.8068 0.5412 -0.2369
vn 0.8589 0.3806 -0.3426
vn 0.4284 0.8099 -0.4007
vn 0.4867 0.7257 -0.4863
vn -0.1702 -0.8513 -0.4963
vn 0.0965 -0.8489 0.5197
vn -0.0006 0.9809 -0.1945
vn 0.6386 -0.6709 -0.3770
vn 0.6359 -0.6161 -0.4647
vn 0.6658 -0.6327 -0.3954
vn 0.6288 -0.5575 -0.5421
vn -0.6268 0.5026 0.5954
vn -0.4906 -0.8256 -0.2787
vn -0.3612 -0.8962 -0.2576
vn -0.3199 -0.9002 -0.2953
vn 0.2679 0.7657 -0.5847
vn 0.1982 0.8352 -0.5129
vn 0.2114 0.8111 -0.5454
vn -0.3675 -0.7280 -0.5788
vn -0.5793 -0.4593 -0.6734
vn -0.1523 -0.7931 -0.5897
vn -0.0912 -0.9214 -0.3778
vn 0.0794 -0.5635 -0.8223
vn -0.1323 -0.6663 -0.7338
vn 0.2661 -0.7103 -0.6516
vn 0.2661 -0.9096 -0.3191
vn -0.0682 -0.9665 -0.2474
vn 0.5826 -0.7690 -0.2632
vn -0.4953 -0.7271 -0.4755
vn -0.3139 0.8990 -0.3055
vn -0.1329 0.9036 -0.4072
vn -0.1513 0.8513 -0.5023
vn -0.2406 0.7874 -0.5675
vn -0.4026 0.6224 -0.6712
vn -0.5617 0.7731 -0.2948
vn -0.5378 0.7748 -0.3324
vn -0.5672 0.7554 -0.3283
vn -0.5507 0.7571 -0.3516
vn -0.5942 0.7296 -0.3387
vn 0.7591 -0.4692 -0.4511
vn 0.7000 -0.4111 -0.5840
vn 0.5560 -0.5928 -0.5826
vn -0.8422 0.3930 0.3692
vn -0.9192 0.2582 0.2973
vn -0.2669 -0.9495 0.1648
vn -0.7990 -0.4248 -0.4255
vn -0.8547 -0.5167 0.0490
vn 0.0084 -0.9020 -0.4317
vn 0.0121 -0.9046 -0.4260
vn 0.1460 -0.8858 -0.4406
vn 0.2086 -0.9015 -0.3791
vn 0.1716 -0.9074 -0.3837
vn 0.7374 0.6406 -0.2143
vn 0.8107 0.5062 -0.2940
vn 0.5871 0.7650 -0.2646
vn 0.5839 0.6678 -0.4616
vn 0.6742 0.5660 -0.4745
vn 0.7154 0.5449 0.4373
vn 0.7655 0.6328 0.1166
vn 0.7720 -0.1343 -0.6212
vn 0.8108 -0.2073 -0.5474
vn 0.8728 -0.0631 -0.4839
vn 0.8961 -0.0039 -0.4438
vn 0.8463 -0.2219 -0.4844
vn 0.2673 -0.4209 -0.8669
vn -0.9765 -0.0888 0.1966
vn -0.7934 -0.0386 0.6075
vn -0.6764 0.3450 0.6508
vn -0.0888 -0.8977 -0.4316
vn 0.0429 -0.9109 -0.4104
vn 0.0953 0.9951 -0.0277
vn -0.5972 -0.4347 0.6741
vn -0.6581 -0.3185 0.6823
vn 0.2751 -0.5012 -0.8204
vn -0.5638 0.6983 -0.4411
vn -0.4667 0.7545 -0.4615
vn -0.2808 0.7715 -0.5709
vn -0.4868 0.6989 -0.5239
vn -0.5628 0.6845 -0.4634
vn 0.0705 0.9794 -0.1893
vn 0.1180 0.9774 -0.1753
vn 0.0965 0.9803 -0.1723
vn 0.0279 0.9320 -0.3615
vn 0.0359 0.9461 -0.3218
vn -0.5805 -0.7824 -0.2253
vn -0.4355 -0.8179 -0.3760
vn -0.4384 -0.8489 -0.2951
vn -0.4635 -0.7709 -0.4369
vn -0.5645 0.7159 -0.4109
vn -0.5695 0.7300 -0.3780
vn -0.5754 0.6552 -0.4895
vn -0.3390 0.6097 -0.7165
vn -0.5000 0.7043 -0.5039
vn 0.4548 -0.7257 -0.5163
vn -0.4219 -0.7496 -0.5100
vn -0.3814 -0.7262 -0.5720
vn -0.4747 -0.7661 -0.4333
vn -0.4935 -0.7126 -0.4986
vn -0.5450 -0.7185 -0.4322
vn -0.2464 -0.9166 0.3147
vn -0.1185 0.8272 -0.5493
vn -0.6203 0.6713 -0.4057
vn -0.6280 0.6923 -0.3553
vn -0.6538 0.5877 -0.4766
vn -0.6107 0.5982 -0.5188
vn -0.1934 0.6519 -0.7333
vn -0.0843 0.7539 -0.6516
vn -0.0377 0.7836 -0.6201
vn 0.0328 0.6849 -0.7279
vn -0.0406 0.8153 -0.5776
vn -0.6804 0.6220 -0.3875
vn -0.5637 0.6295 -0.5347
vn -0.7539 0.5803 -0.3080
vn -0.6365 0.5342 -0.5564
vn -0.5946 0.5287 -0.6057
vn 0.8524 -0.4764 -0.2157
vn -0.4782 -0.8034 -0.3548
vn -0.4822 -0.7385 -0.4712
vn -0.4354 -0.8561 -0.2785
vn -0.4099 -0.8105 -0.4184
vn -0.3828 -0.7349 -0.5599
vn 0.6084 0.6308 -0.4815
vn 0.6012 0.5946 -0.5339
vn 0.5974 0.5286 -0.6031
vn 0.6085 0.6065 -0.5117
vn 0.5168 0.5413 -0.6633
vn -0.7490 0.5146 -0.4173
vn -0.4743 0.2083 -0.8554
vn -0.6187 0.0261 -0.7852
vn -0.8676 0.2073 -0.4520
vn -0.6632 0.6319 -0.4011
vn -0.5131 0.0448 -0.8572
vn -0.2476 -0.0025 -0.9689
vn -0.2635 0.7724 -0.5779
vn -0.2118 0.7714 -0.6001
vn -0.2440 0.6696 -0.7015
vn -0.1998 0.6504 -0.7328
vn -0.2918 0.5969 -0.7474
vn -0.0500 0.6199 -0.7831
vn -0.1429 0.6328 -0.7610
vn -0.0841 0.7465 -0.6601
vn -0.0589 0.4359 -0.8981
vn -0.5747 0.7596 -0.3044
vn -0.6827 0.5429 -0.4890
vn -0.5888 0.5427 -0.5990
vn -0.6680 0.5229 -0.5294
vn -0.6315 0.4181 -0.6530
vn -0.3012 0.0676 -0.9512
vn -0.5165 0.1860 -0.8358
vn -0.3798 -0.7594 -0.5284
vn -0.4285 -0.7301 -0.5322
vn -0.5153 -0.7224 -0.4611
vn -0.4835 0.6317 -0.6059
vn -0.6637 0.0528 -0.7461
vn -0.6241 -0.0198 -0.7811
vn -0.7652 0.0745 -0.6394
vn -0.7065 -0.0349 -0.7068
vn -0.1021 -0.1410 -0.9847
vn 0.5478 -0.8017 -0.2391
vn 0.6882 -0.7234 -0.0552
vn 0.5575 -0.7983 -0.2278
vn 0.5655 -0.8159 -0.1203
vn 0.7000 -0.7127 -0.0459
vn 0.0071 -0.0653 -0.9978
vn 0.8309 0.1540 -0.5347
vn 0.8813 0.0113 -0.4725
vn 0.7222 0.2488 -0.6454
vn 0.7718 -0.0059 -0.6358
vn 0.6275 0.2829 -0.7254
vn 0.0786 0.5449 -0.8348
vn 0.2540 0.5820 -0.7725
vn -0.1287 0.7391 -0.6612
vn -0.0848 0.4663 -0.8805
vn 0.2237 0.6279 -0.7455
vn 0.2903 0.6415 -0.7101
vn 0.1894 0.4541 -0.8706
vn -0.4242 0.5347 -0.7309
vn -0.5633 0.5316 -0.6325
vn -0.5500 0.4328 -0.7142
vn 0.5343 -0.5710 -0.6233
vn 0.5495 -0.7000 -0.4562
vn 0.0818 -0.9135 -0.3986
vn 0.0395 -0.7906 -0.6111
vn 0.1383 -0.8416 -0.5221
vn 0.1960 -0.8963 -0.3977
vn 0.0554 -0.7292 -0.6820
vn 0.3110 0.7512 -0.5822
vn 0.3923 0.7839 -0.4812
vn 0.3124 0.8780 -0.3626
vn 0.5156 0.8567 0.0114
vn -0.4500 0.4725 -0.7578
vn -0.4753 0.2657 -0.8387
vn 0.5160 0.4284 -0.7418
vn 0.4965 0.4286 -0.7549
vn 0.3144 0.5284 -0.7886
vn 0.4419 0.5710 -0.6919
vn 0.5208 0.4493 -0.7258
vn 0.5578 0.6397 -0.5287
vn 0.7532 0.6251 0.2048
vn 0.7376 0.6647 0.1189
vn 0.6278 0.7268 0.2785
vn -0.7043 -0.3670 -0.6077
vn -0.4437 -0.3099 -0.8409
vn -0.5593 -0.6849 -0.4670
vn -0.1092 -0.6284 -0.7701
vn -0.2608 -0.7747 -0.5760
vn -0.5416 0.1674 -0.8238
vn -0.5427 0.1604 -0.8245
vn -0.5564 -0.8283 0.0659
vn 0.8081 -0.4897 -0.3275
vn 0.6348 -0.5115 -0.5792
vn 0.7912 -0.4560 -0.4075
vn 0.4438 -0.1647 -0.8809
vn 0.3946 0.3541 -0.8479
vn 0.3021 0.3086 -0.9019
vn 0.2924 0.2745 -0.9161
vn 0.2905 0.3336 -0.8968
vn 0.2690 0.2840 -0.9203
vn 0.3070 0.2959 -0.9045
vn -0.0885 -0.7943 -0.6010
vn -0.3178 -0.4260 -0.8470
vn -0.0491 -0.3988 -0.9157
vn -0.2542 -0.0436 -0.9662
vn -0.0564 -0.1778 -0.9825
vn 0.0438 -0.3952 -0.9176
vn 0.1361 0.4793 -0.8670
vn 0.6184 0.3773 -0.6893
vn -0.0601 -0.5339 -0.8434
vn -0.0954 -0.5436 -0.8339
vn -0.1944 -0.6114 -0.7671
vn -0.1507 -0.5492 -0.8220
vn 0.3526 -0.4193 -0.8366
vn 0.2894 -0.1259 -0.9489
vn 0.4732 -0.2431 -0.8467
vn 0.1294 -0.3316 -0.9345
vn 0.4620 -0.7017 -0.5423
vn -0.1815 0.0815 -0.9800
vn -0.3687 -0.0501 -0.9282
vn -0.2722 -0.2049 -0.9402
vn -0.1350 -0.2422 -0.9608
vn -0.0742 -0.1079 -0.9914
vn -0.1686 -0.2952 -0.9404
vn 0.4275 -0.1005 -0.8984
vn 0.5784 0.2740 -0.7683
vn 0.4995 0.0437 -0.8652
vn 0.2662 -0.1838 -0.9462
vn 0.4078 -0.1215 -0.9049
vn -0.2011 0.1876 -0.9614
vn -0.2660 -0.1093 -0.9577
vn -0.0046 -0.2877 -0.9577
vn 0.2405 -0.2428 -0.9398
vn 0.1073 -0.3030 -0.9469
vn -0.1067 -0.3576 -0.9278
vn -0.1419 -0.2496 -0.9579
vn 0.5584 -0.4160 -0.7177
vn 0.2176 -0.3087 -0.9260
vn 0.4592 -0.2972 -0.8371
vn 0.2964 -0.1594 -0.9417
vn 0.0024 -0.1451 -0.9894
vn -0.1118 -0.3504 -0.9299
vn -0.0336 -0.4498 -0.8925
vn -0.0189 -0.1771 -0.9840
vn 0.3231 0.0794 -0.9430
vn 0.1662 0.1489 -0.9748
vn 0.3032 0.2243 -0.9261
vn 0.2921 0.2842 -0.9132
vn 0.3221 0.3268 -0.8885
vn 0.2262 0.3831 -0.8956
vn 0.2462 0.4873 -0.8378
vn 0.1648 0.2868 -0.9437
vn 0.0698 0.5043 -0.8607
vn 0.0093 0.4841 -0.8749
vn -0.1285 0.6458 -0.7526
vn -0.0735 0.7198 -0.6903
vn -0.1747 0.6522 -0.7376
vn -0.0910 0.5326 -0.8415
vn 0.1767 0.6048 -0.7766
vn 0.2251 0.7893 -0.5712
vn 0.2176 0.6923 -0.6880
vn 0.0736 0.7165 -0.6937
vn 0.1334 0.6180 -0.7747
vn -0.0647 0.7171 -0.6939
vn -0.0751 0.5810 -0.8104
vn -0.1395 0.7551 -0.6406
vn -0.0317 0.8585 -0.5119
vn -0.0211 0.8825 -0.4699
vn 0.1284 0.8300 -0.5428
vn 0.1016 0.8389 -0.5348
vn 0.1616 0.6571 -0.7363
vn 0.3699 0.6698 -0.6439
vn 0.1538 0.5993 -0.7856
vn 0.3075 0.7128 -0.6304
vn 0.1899 0.5226 -0.8311
vn 0.5938 0.6349 -0.4942
vn 0.7916 0.5782 -0.1976
vn 0.7876 0.6161 -0.0071
vn 0.8040 0.5935 0.0371
vn 0.7877 0.6148 -0.0403
vn 0.6043 0.7775 0.1743
vn 0.6944 0.7098 0.1182
vn 0.7791 0.6269 -0.0007
vn 0.6809 0.7266 0.0916
vn 0.7288 0.6819 -0.0617
vn 0.6234 0.7817 -0.0195
vn 0.6614 0.7415 -0.1128
vn 0.2370 0.8279 -0.5084
vn -0.0700 0.6992 -0.7115
vn 0.0702 0.5858 -0.8074
vn 0.1933 0.3067 -0.9320
vn 0.4680 0.3650 -0.8048
vn 0.4096 0.3538 -0.8409
vn 0.4040 0.2827 -0.8700
vn 0.2902 0.1499 -0.9451
vn 0.3446 -0.1589 -0.9252
vn 0.3739 -0.4802 -0.7934
vn 0.6454 -0.5202 -0.5593
vn 0.7476 -0.0848 -0.6587
vn 0.3970 -0.2774 -0.8749
vn 0.7697 -0.0720 -0.6344
vn 0.3016 -0.6303 -0.7154
vn 0.0641 -0.6525 -0.7551
vn 0.2559 -0.1052 -0.9610
vn 0.2500 -0.0679 -0.9659
vn 0.4549 0.0586 -0.8886
vn 0.5905 -0.3126 -0.7440
vn 0.5283 -0.6200 -0.5801
vn 0.3591 -0.5704 -0.7387
vn 0.4263 -0.4653 -0.7758
vn 0.4185 -0.2495 -0.8733
vn -0.0522 0.6433 -0.7639
vn 0.4293 0.4234 -0.7978
vn -0.2413 0.3240 -0.9148
vn 0.6380 -0.4345 -0.6358
vn 0.5969 -0.3847 -0.7041
vn 0.3955 -0.3741 -0.8388
vn 0.4264 -0.5652 -0.7062
vn 0.1687 -0.7331 -0.6589
vn 0.1402 -0.8636 -0.4843
vn 0.1574 -0.9245 -0.3472
vn 0.2237 -0.8912 -0.3945
vn 0.2125 -0.8438 -0.4927
vn 0.1672 -0.9191 -0.3568
vn -0.0241 -0.9612 -0.2748
vn 0.0861 -0.9231 -0.3747
vn -0.2936 -0.8991 -0.3247
vn 0.0589 -0.8892 -0.4537
vn -0.5033 -0.6994 -0.5074
vn -0.2238 -0.7631 -0.6064
vn -0.6044 -0.4231 -0.6750
vn -0.4073 -0.4853 -0.7737
vn -0.4685 -0.3615 -0.8061
vn -0.2403 -0.3143 -0.9184
vn -0.2074 -0.5260 -0.8248
vn 0.0974 -0.3845 -0.9180
vn -0.0480 -0.7368 -0.6744
vn 0.3015 -0.5950 -0.7450
vn 0.3107 -0.8136 -0.4914
vn 0.0513 -0.9568 -0.2862
vn -0.0939 -0.8772 -0.4708
vn -0.1135 -0.9468 -0.3012
vn -0.1701 -0.8363 -0.5213
vn -0.1744 -0.9538 -0.2447
vn -0.1498 -0.9822 -0.1136
vn 0.1378 -0.9898 -0.0356
vn 0.1353 -0.9029 0.4079
vn 0.3285 -0.9146 0.2359
vn 0.1170 -0.8654 0.4872
vn 0.4698 -0.8077 0.3562
vn 0.2905 -0.8796 0.3767
vn 0.6015 -0.7933 0.0945
vn 0.3587 -0.9138 0.1909
vn 0.3358 -0.9233 -0.1864
vn 0.1842 -0.9824 -0.0311
vn -0.0439 -0.9534 -0.2986
vn -0.2667 -0.8598 -0.4355
vn -0.1426 -0.8580 -0.4935
vn -0.1983 -0.8815 -0.4284
vn -0.0797 -0.8925 -0.4439
vn -0.2791 -0.6740 -0.6840
vn -0.5478 -0.4990 -0.6715
vn -0.7633 -0.4644 -0.4492
vn -0.7386 -0.6456 -0.1940
vn -0.4998 -0.8655 -0.0338
vn -0.2276 -0.9732 -0.0331
vn -0.2885 -0.9155 0.2803
vn -0.1770 -0.8548 0.4878
vn 0.1552 -0.9853 0.0719
vn 0.0986 -0.9828 0.1559
vn 0.0152 -0.9587 -0.2841
vn -0.0178 -0.8407 -0.5412
vn -0.0912 -0.8782 -0.4695
vn 0.0091 -0.8666 -0.4990
vn -0.1461 -0.8830 -0.4460
vn -0.1361 -0.8474 -0.5132
vn -0.6755 -0.7078 -0.2068
vn -0.7070 -0.6986 0.1102
vn -0.5247 -0.7898 0.3178
vn -0.3724 -0.7859 0.4936
vn -0.1044 -0.8563 0.5059
vn -0.1177 -0.8915 0.4374
vn 0.1267 -0.9270 0.3529
vn -0.1735 -0.9842 -0.0362
vn -0.0805 -0.9072 -0.4130
vn -0.4373 -0.8987 -0.0329
vn -0.4468 -0.8734 -0.1939
vn -0.5414 -0.7941 0.2763
vn 0.1371 -0.8872 -0.4406
vn -0.0935 -0.8092 -0.5801
vn -0.0940 -0.7213 -0.6862
vn -0.0584 -0.6630 -0.7464
vn -0.0594 -0.6995 -0.7122
vn -0.0529 -0.7430 -0.6672
vn -0.1291 -0.6923 -0.7100
vn 0.0131 -0.6799 -0.7332
vn 0.1441 -0.5008 -0.8535
vn -0.1190 -0.5382 -0.8344
vn -0.1357 -0.6300 -0.7646
vn -0.0707 -0.6197 -0.7817
vn -0.0497 -0.6458 -0.7619
vn -0.0919 -0.6041 -0.7916
vn -0.0756 -0.6793 -0.7300
vn -0.0540 -0.5919 -0.8042
vn -0.0239 -0.7377 -0.6747
vn 0.0711 -0.7037 -0.7070
vn 0.0571 -0.8092 -0.5847
vn -0.1295 -0.8190 -0.5590
vn 0.1140 -0.8502 -0.5139
vn -0.2701 -0.8684 -0.4158
vn 0.0552 -0.9389 -0.3399
vn -0.0582 -0.9785 -0.1979
vn 0.1219 -0.9923 -0.0205
vn 0.1861 -0.9354 -0.3007
vn 0.4510 -0.8906 0.0586
vn 0.4419 -0.7203 -0.5348
vn 0.6644 -0.7078 -0.2400
vn 0.6321 -0.5394 -0.5563
vn 0.4083 -0.4421 -0.7987
vn -0.3427 -0.8778 -0.3346
vn -0.3945 -0.7984 -0.4548
vn -0.4790 -0.7565 -0.4452
vn -0.5892 -0.6571 -0.4702
vn -0.7013 -0.4018 -0.5889
vn -0.6900 -0.2555 -0.6772
vn -0.3607 -0.2969 -0.8842
vn -0.0027 -0.4504 -0.8928
vn -0.1126 -0.4817 -0.8691
vn -0.0332 -0.4582 -0.8882
vn -0.2248 -0.5329 -0.8158
vn -0.1536 -0.5686 -0.8081
vn -0.1894 -0.4289 -0.8833
vn -0.1236 -0.4167 -0.9006
vn -0.2296 -0.3157 -0.9206
vn -0.2164 -0.3159 -0.9238
vn 0.1132 0.4654 -0.8779
vn 0.1131 0.6195 -0.7768
vn -0.0901 0.6408 -0.7624
vn -0.0821 0.6698 -0.7380
vn 0.0257 0.6117 -0.7906
vn -0.0612 0.4899 -0.8696
vn -0.1854 0.4873 -0.8533
vn -0.1548 0.4618 -0.8734
vn -0.2262 0.4695 -0.8535
vn -0.2527 0.5501 -0.7959
vn -0.2804 0.5792 -0.7654
vn -0.4196 0.2926 -0.8593
vn -0.4086 0.2778 -0.8694
vn -0.2691 0.3603 -0.8932
vn 0.1366 0.1117 -0.9843
vn 0.0431 0.3786 -0.9246
vn -0.0664 0.5978 -0.7989
vn 0.1127 0.2885 -0.9508
vn -0.0964 0.4986 -0.8615
vn -0.1425 0.5034 -0.8522
vn -0.2588 0.6436 -0.7202
vn -0.0184 0.5213 -0.8532
vn -0.2919 0.5972 -0.7471
vn -0.2055 0.5692 -0.7961
vn -0.3413 0.4752 -0.8110
vn -0.1084 0.5607 -0.8209
vn 0.1094 0.7111 -0.6946
vn 0.1592 0.8355 -0.5259
vn 0.0902 0.9580 -0.2724
vn -0.2109 0.9422 -0.2602
vn -0.0145 0.9240 -0.3821
vn -0.3090 0.8981 -0.3131
vn -0.5077 0.8097 -0.2943
vn -0.4784 0.8105 -0.3380
vn -0.6039 0.6681 -0.4347
vn -0.5400 0.5459 -0.6406
vn -0.4635 0.3361 -0.8199
vn -0.3766 0.1241 -0.9180
vn -0.0919 0.0922 -0.9915
vn 0.2948 0.3782 -0.8775
vn 0.2529 0.5376 -0.8044
vn 0.0592 0.5679 -0.8210
vn 0.0803 0.5875 -0.8053
vn 0.3044 0.6587 -0.6881
vn 0.3133 0.7034 -0.6380
vn 0.4738 0.7097 -0.5214
vn 0.4911 0.7229 -0.4860
vn 0.3424 0.8042 -0.4859
vn 0.3286 0.7432 -0.5828
vn 0.2228 0.8552 -0.4680
vn 0.0856 0.7658 -0.6374
vn -0.2144 0.8392 -0.4998
vn -0.4696 0.4864 -0.7369
vn -0.5582 0.5209 -0.6458
vn -0.5307 0.3544 -0.7699
vn 0.0718 0.3233 -0.9436
vn -0.3216 0.2548 -0.9119
vn -0.3790 0.2825 -0.8812
vn -0.4109 0.4444 -0.7960
vn 0.0086 0.1314 -0.9913
vn 0.2206 0.2060 -0.9534
vn 0.4009 0.5099 -0.7611
vn 0.4537 0.3268 -0.8291
vn 0.3532 0.5701 -0.7418
vn 0.5048 0.6801 -0.5317
vn 0.3736 0.6962 -0.6130
vn 0.2360 0.6154 -0.7521
vn -0.3250 0.4813 -0.8141
vn -0.3739 0.0553 -0.9258
vn -0.4641 0.0295 -0.8853
vn -0.4938 0.1225 -0.8609
vn -0.5075 0.0912 -0.8568
vn -0.5579 0.2433 -0.7935
vn -0.5346 0.4086 -0.7397
vn -0.6303 0.4061 -0.6617
vn -0.6852 0.5245 -0.5054
vn -0.6387 0.6915 -0.3374
vn -0.5702 0.7771 -0.2665
vn -0.4436 0.8778 -0.1808
vn -0.4966 0.8292 -0.2564
vn -0.3612 0.8388 -0.4073
vn -0.1670 0.9710 -0.1711
vn 0.0089 0.9363 -0.3512
vn -0.2275 0.8440 -0.4857
vn -0.1336 0.7700 -0.6239
vn -0.0467 0.6341 -0.7718
vn -0.1851 0.4858 -0.8543
vn -0.4705 0.1540 -0.8689
vn -0.1297 0.4414 -0.8879
vn -0.1946 0.6034 -0.7733
vn -0.2573 0.6474 -0.7174
vn -0.3654 0.6424 -0.6736
vn -0.5030 0.6701 -0.5458
vn -0.6980 0.5953 -0.3979
vn -0.7084 0.4988 -0.4993
vn -0.6002 0.2514 -0.7594
vn -0.4362 0.3405 -0.8329
vn -0.3402 0.4245 -0.8391
vn -0.6279 0.4307 -0.6483
vn -0.3818 0.5300 -0.7571
vn -0.4273 0.6202 -0.6579
vn -0.5603 0.6253 -0.5431
vn -0.3011 0.6881 -0.6602
vn -0.4793 0.6235 -0.6177
vn -0.2516 0.6762 -0.6924
vn -0.2314 0.5078 -0.8298
vn -0.3124 0.5928 -0.7423
vn -0.2532 0.5200 -0.8158
vn -0.2815 0.6161 -0.7356
vn -0.2948 0.5443 -0.7854
vn -0.2782 0.4316 -0.8581
vn -0.2087 0.4911 -0.8457
vn -0.2613 0.1800 -0.9483
vn -0.1449 0.2868 -0.9470
vn -0.2206 -0.2002 -0.9546
vn -0.2723 0.1083 -0.9561
vn -0.1509 0.3325 -0.9309
vn -0.0634 0.4368 -0.8973
vn -0.1028 0.6168 -0.7804
vn -0.0757 0.6794 -0.7299
vn -0.1483 0.7086 -0.6898
vn -0.1602 0.6865 -0.7093
vn -0.2114 0.6809 -0.7012
vn -0.1938 0.6538 -0.7314
vn -0.2353 0.6254 -0.7440
vn -0.1691 0.6098 -0.7743
vn -0.1877 0.5262 -0.8294
vn -0.1237 0.5162 -0.8475
vn -0.0092 -0.2437 -0.9698
vn -0.1500 -0.1710 -0.9738
vn -0.4097 -0.0467 -0.9110
vn -0.3500 0.1309 -0.9276
vn -0.5441 0.0392 -0.8381
vn -0.6204 0.0016 -0.7843
vn -0.6858 -0.0342 -0.7269
vn -0.6848 -0.1112 -0.7201
vn -0.7243 -0.1735 -0.6673
vn -0.7021 -0.0563 -0.7099
vn -0.7382 -0.0496 -0.6728
vn -0.7572 -0.0000 -0.6532
vn -0.7048 -0.0017 -0.7094
vn -0.6287 0.1784 -0.7569
vn -0.4784 0.3592 -0.8013
vn -0.4651 0.4580 -0.7576
vn -0.4562 0.4790 -0.7500
vn -0.5375 0.4060 -0.7391
vn -0.7723 0.4343 -0.4636
vn -0.6254 0.4535 -0.6351
vn -0.5269 0.1923 -0.8279
vn -0.3697 0.7234 -0.5830
vn -0.5208 0.5906 -0.6164
vn -0.5403 0.5227 -0.6594
vn -0.4364 0.5172 -0.7362
vn -0.5465 0.4924 -0.6773
vn -0.6929 0.1357 -0.7081
vn -0.6686 0.3053 -0.6781
vn -0.7118 0.5877 -0.3846
vn -0.7340 0.6001 -0.3180
vn -0.7297 0.6425 -0.2340
vn -0.7534 0.5351 -0.3821
vn -0.7261 0.6535 -0.2138
vn -0.8262 0.4981 -0.2634
vn -0.7992 0.5124 -0.3142
vn -0.6687 0.6460 -0.3681
vn -0.6463 0.7289 -0.2258
vn -0.4191 0.8842 -0.2064
vn -0.4935 0.8281 -0.2658
vn -0.5366 0.7996 -0.2697
vn -0.2040 0.9681 -0.1459
vn -0.5936 0.7875 -0.1661
vn -0.2329 0.9672 0.1012
vn -0.4035 0.8633 0.3032
vn -0.6477 0.7557 0.0967
vn -0.4435 0.6816 0.5821
vn -0.1715 0.8138 0.5553
vn -0.6763 0.5665 0.4709
vn -0.4279 0.6121 0.6649
vn -0.3872 0.7899 0.4756
vn -0.6539 0.6910 0.3081
vn -0.9148 0.3274 0.2365
vn -0.7900 0.3619 0.4950
vn -0.6900 0.6806 -0.2462
vn -0.6200 0.7228 -0.3053
vn -0.6177 0.7228 -0.3100
vn -0.6561 0.6909 -0.3037
vn -0.6863 0.7147 -0.1348
vn -0.5848 0.7829 -0.2123
vn -0.4412 0.8194 -0.3659
vn -0.2001 0.7911 -0.5781
vn -0.1537 0.6457 -0.7479
vn -0.3741 0.6045 -0.7033
vn -0.4383 0.8380 -0.3250
vn -0.3133 0.7007 -0.6410
vn -0.1675 0.7879 -0.5926
vn -0.1805 0.8300 -0.5278
vn -0.3287 0.7819 -0.5297
vn -0.0724 0.8985 -0.4330
vn -0.1175 0.8739 -0.4717
vn -0.1715 0.8412 -0.5127
vn -0.1140 0.8665 -0.4860
vn -0.0273 0.9215 -0.3873
vn 0.0124 0.9402 -0.3405
vn 0.0154 0.9370 -0.3490
vn 0.0679 0.9795 -0.1897
vn 0.0182 0.9833 -0.1813
vn -0.0326 0.9746 -0.2215
vn 0.2423 0.9444 -0.2220
vn 0.1041 0.9347 -0.3399
vn 0.2181 0.6920 -0.6882
vn 0.2716 0.9490 -0.1603
vn 0.6298 0.7654 -0.1325
vn 0.8851 0.3314 -0.3267
vn 0.6794 0.5183 -0.5193
vn 0.7095 0.4320 -0.5567
vn 0.6300 0.7222 -0.2854
vn 0.8381 0.5293 -0.1324
vn 0.8819 0.4427 -0.1619
vn 0.6595 0.7179 0.2229
vn 0.7543 0.6216 0.2113
vn 0.7760 0.6148 -0.1406
vn 0.4126 0.9104 -0.0311
vn 0.5772 0.7352 0.3555
vn 0.3646 0.9120 0.1878
vn -0.0087 0.9980 0.0622
vn 0.0851 0.9929 0.0829
vn 0.3466 0.9379 0.0168
vn 0.0803 0.9966 -0.0173
vn 0.1301 0.9857 0.1075
vn 0.0961 0.9758 -0.1965
vn 0.1242 0.9407 -0.3157
vn -0.0235 0.8815 -0.4716
vn -0.0240 0.8650 -0.5011
vn -0.1297 0.6953 -0.7069
vn -0.1110 0.7628 -0.6371
vn -0.1155 0.5851 -0.8027
vn -0.0063 0.6794 -0.7338
vn -0.1495 0.5679 -0.8094
vn 0.1687 0.1833 -0.9685
vn 0.5324 0.2756 -0.8004
vn 0.7369 0.4345 -0.5178
vn 0.7914 0.5527 -0.2610
vn 0.5157 0.7568 -0.4017
vn 0.1482 0.9729 -0.1776
vn 0.2286 0.9575 0.1757
vn 0.4450 0.8351 0.3235
vn 0.5613 0.8107 0.1666
vn 0.3328 0.8429 -0.4229
vn 0.3777 0.8303 -0.4099
vn 0.4097 0.5712 -0.7113
vn 0.4563 0.3624 -0.8127
vn 0.5121 0.3449 -0.7866
vn 0.5367 0.1378 -0.8325
vn 0.5492 -0.1812 -0.8158
vn 0.3514 -0.7719 -0.5298
vn 0.4136 -0.8632 -0.2895
vn 0.5525 -0.7435 -0.3769
vn 0.6916 -0.5841 -0.4248
vn 0.7700 -0.5024 -0.3933
vn 0.7466 -0.5927 -0.3023
vn 0.8261 -0.4845 -0.2876
vn 0.7020 -0.5246 -0.4816
vn 0.5068 -0.7141 -0.4829
vn 0.2531 -0.7955 -0.5506
vn 0.1734 -0.7115 -0.6810
vn 0.3969 -0.8218 -0.4088
vn 0.4520 -0.8614 -0.2315
vn 0.1325 -0.9892 -0.0624
vn -0.0646 -0.9979 0.0109
vn -0.4336 -0.8871 -0.1582
vn -0.4872 -0.8683 -0.0937
vn -0.1883 -0.9730 -0.1332
vn -0.3039 -0.8762 0.3740
vn -0.2376 -0.8707 0.4306
vn 0.1365 -0.9903 -0.0247
vn 0.1304 -0.9431 -0.3059
vn -0.0452 -0.8869 -0.4597
vn -0.0551 -0.9476 -0.3148
vn 0.0489 -0.9579 -0.2828
vn 0.2215 -0.9204 -0.3223
vn 0.2509 -0.9318 -0.2621
vn 0.1956 -0.9802 -0.0317
vn 0.2625 -0.9649 -0.0076
vn 0.2261 -0.9737 0.0281
vn 0.1716 -0.9603 0.2198
vn 0.1506 -0.9501 0.2731
vn 0.0677 -0.9775 0.1996
vn -0.2086 -0.9740 0.0879
vn -0.3774 -0.9112 -0.1651
vn -0.3905 -0.8017 -0.4526
vn -0.6697 -0.6471 -0.3644
vn -0.5040 -0.8630 -0.0345
vn -0.0923 -0.9930 -0.0740
vn -0.0936 -0.9936 -0.0632
vn -0.0156 -0.9925 -0.1211
vn 0.0457 -0.9930 -0.1089
vn -0.2099 -0.9770 -0.0385
vn -0.5270 -0.8183 0.2294
vn -0.3399 -0.9404 0.0112
vn -0.6536 -0.6820 0.3282
vn -0.7373 -0.6754 0.0145
vn -0.5723 -0.7774 -0.2609
vn -0.2572 -0.8432 -0.4721
vn -0.2363 -0.9695 -0.0644
vn -0.4184 -0.9029 0.0988
vn -0.0824 -0.9808 0.1767
vn -0.2747 -0.9029 0.3306
vn 0.2341 -0.9549 0.1825
vn 0.1120 -0.9026 0.4156
vn -0.2177 -0.6988 0.6814
vn -0.2124 -0.8008 0.5601
vn -0.4374 -0.7035 0.5602
vn -0.4657 -0.6543 0.5958
vn -0.1300 -0.9890 0.0704
vn -0.2566 -0.9539 0.1558
vn -0.2303 -0.9551 -0.1862
vn -0.2099 -0.9744 -0.0801
vn 0.0991 -0.9883 0.1160
vn -0.3135 -0.9422 0.1182
vn -0.2462 -0.9690 -0.0200
vn -0.3913 -0.9029 0.1780
vn -0.3333 -0.9032 0.2703
vn -0.2680 -0.8809 0.3900
vn -0.1313 -0.8417 0.5238
vn 0.1857 -0.7981 0.5731
vn 0.1526 -0.7111 0.6863
vn -0.0732 -0.8581 0.5082
vn 0.1166 -0.7617 0.6374
vn 0.1631 -0.6865 0.7086
vn -0.0268 -0.6163 0.7870
vn 0.2150 -0.5787 0.7867
vn -0.1911 -0.4542 0.8702
vn 0.1221 -0.4423 0.8885
vn -0.1426 -0.3833 0.9126
vn 0.2396 -0.4690 0.8500
vn 0.2771 -0.4069 0.8704
vn 0.4028 -0.2692 0.8748
vn 0.4256 -0.1722 0.8884
vn 0.3656 -0.0110 0.9307
vn 0.5329 -0.1682 0.8293
vn 0.5584 0.0174 0.8294
vn 0.8005 -0.0017 0.5993
vn 0.6724 -0.0593 0.7379
vn 0.3951 0.1876 0.8993
vn 0.1732 0.4071 0.8968
vn 0.0813 0.5525 0.8296
vn -0.0098 0.6870 0.7266
vn 0.1371 0.8232 0.5509
vn 0.0826 0.5883 0.8044
vn 0.1225 0.6027 0.7885
vn 0.3196 0.6464 0.6928
vn 0.4673 0.8043 0.3670
vn 0.4577 0.8816 -0.1154
vn 0.5471 0.7981 -0.2525
vn 0.4504 0.8245 -0.3426
vn 0.3479 0.8201 -0.4542
vn 0.4186 0.8384 -0.3491
vn 0.1999 0.8550 -0.4786
vn 0.0904 0.8959 -0.4349
vn 0.2330 0.9696 -0.0748
vn -0.0865 0.9722 -0.2174
vn -0.0977 0.9951 -0.0124
vn 0.0504 0.9573 0.2846
vn -0.2082 0.9624 0.1747
vn -0.2297 0.8441 0.4845
vn -0.3946 0.6462 0.6533
vn -0.2857 0.5559 0.7806
vn 0.0831 0.8496 0.5208
vn 0.1795 0.9591 0.2191
vn 0.2653 0.9541 0.1391
vn 0.3350 0.9404 0.0587
vn 0.1727 0.9847 0.0227
vn 0.0234 0.9886 -0.1489
vn -0.2122 0.9734 -0.0864
vn -0.0274 0.9952 -0.0944
vn -0.2274 0.9117 -0.3422
vn 0.0746 0.9816 -0.1759
vn 0.2209 0.9717 -0.0837
vn 0.1647 0.9712 0.1721
vn 0.3639 0.8735 0.3232
vn 0.2030 0.9126 0.3548
vn 0.1644 0.8748 0.4558
vn -0.0582 0.5017 0.8631
vn -0.1725 0.2956 0.9396
vn -0.1645 0.5843 0.7947
vn 0.0566 0.8307 0.5538
vn 0.2987 0.8963 0.3278
vn 0.4819 0.8737 0.0662
vn 0.6278 0.7608 -0.1648
vn 0.6856 0.7279 -0.0130
vn 0.6931 0.6945 0.1930
vn 0.7639 0.6452 -0.0145
vn 0.8437 0.4479 0.2958
vn 0.7125 0.6831 0.1601
vn 0.5826 0.7286 0.3603
vn 0.6942 0.4489 0.5626
vn 0.7005 0.1799 0.6906
vn 0.3444 0.6580 0.6696
vn 0.4088 0.3680 0.8352
vn 0.6001 0.2661 0.7544
vn 0.3555 0.2745 0.8935
vn 0.6109 0.2875 0.7377
vn 0.7896 0.2095 0.5768
vn 0.1752 0.9334 0.3132
vn 0.1796 0.9624 0.2037
vn -0.1227 0.7796 0.6142
vn 0.0221 0.6518 0.7581
vn 0.0697 0.5860 0.8073
vn -0.0178 0.8690 0.4944
vn -0.3365 0.8656 0.3708
vn -0.5715 0.7837 0.2433
vn -0.6623 0.7316 0.1617
vn -0.3350 0.9256 0.1761
vn -0.0637 0.9351 0.3485
vn 0.1471 0.7936 0.5904
vn 0.5750 0.6770 0.4594
vn 0.5906 0.6084 0.5301
vn 0.7026 0.5231 0.4824
vn 0.7925 0.3812 0.4760
vn 0.5513 0.5715 0.6079
vn 0.4154 0.8257 0.3816
vn 0.3651 0.9265 0.0915
vn 0.1452 0.9625 0.2291
vn -0.0337 0.9846 0.1715
vn -0.0695 0.9915 0.1097
vn -0.0477 0.9117 0.4081
vn -0.4035 0.5076 0.7612
vn -0.2037 0.7579 0.6197
vn -0.5305 0.7513 0.3926
vn -0.7451 0.6382 0.1938
vn -0.7182 0.6930 0.0623
vn -0.5466 0.8368 -0.0312
vn -0.2460 0.9680 -0.0503
vn -0.0126 0.9984 0.0551
vn 0.0569 0.8732 0.4841
vn 0.0630 0.6869 0.7240
vn -0.1070 0.8043 0.5845
vn -0.2199 0.9089 0.3542
vn -0.0275 0.9497 0.3121
vn 0.0047 0.9993 0.0369
vn 0.0708 0.9650 -0.2524
vn -0.0727 0.9694 -0.2344
vn -0.2789 0.9582 -0.0639
vn -0.4689 0.8703 0.1508
vn -0.6309 0.6814 0.3710
vn -0.6069 0.5056 0.6132
vn -0.3556 0.3557 0.8643
vn -0.1429 0.5269 0.8378
vn -0.1905 0.3394 0.9212
vn -0.4582 0.4184 0.7843
vn -0.3293 0.7306 0.5981
vn -0.1601 0.9312 0.3274
vn 0.0033 0.9990 0.0456
vn 0.2012 0.9492 -0.2418
vn 0.2016 0.9785 -0.0438
vn 0.0156 0.9997 0.0178
vn 0.3075 0.9288 -0.2067
vn 0.4410 0.8823 0.1643
vn 0.4487 0.8749 -0.1823
vn 0.4661 0.8807 0.0839
vn 0.5923 0.7051 0.3900
vn 0.4549 0.8631 0.2195
vn 0.3904 0.8245 0.4097
vn 0.5078 0.5937 0.6242
vn 0.2415 0.8148 0.5270
vn 0.1745 0.7836 0.5962
vn 0.3175 0.4519 0.8337
vn -0.0020 0.6278 0.7784
vn 0.0763 0.3017 0.9504
vn 0.2752 0.3009 0.9131
vn 0.0704 0.3084 0.9486
vn 0.2785 0.4028 0.8719
vn 0.1027 0.4605 0.8817
vn 0.0810 0.6907 0.7186
vn 0.2144 0.5710 0.7924
vn 0.1238 0.9487 0.2910
vn 0.0776 0.9941 0.0764
vn 0.0991 0.9813 -0.1651
vn 0.0153 0.9766 -0.2146
vn -0.1163 0.8271 -0.5498
vn -0.0950 0.8670 -0.4892
vn 0.2070 0.9772 -0.0469
vn 0.2518 0.9634 -0.0918
vn 0.1185 0.9928 0.0152
vn -0.2696 0.9380 -0.2178
vn -0.2017 0.9792 -0.0218
vn -0.0377 0.9794 -0.1982
vn 0.1787 0.9700 -0.1649
vn -0.0193 0.9494 0.3134
vn -0.2908 0.9113 0.2915
vn -0.2493 0.8912 0.3791
vn -0.3847 0.8532 0.3523
vn -0.2186 0.8456 0.4870
vn 0.2126 0.6362 0.7416
vn 0.4830 0.5078 0.7133
vn 0.3977 0.6943 0.5998
vn 0.0832 0.8400 0.5361
vn -0.2316 0.8477 0.4773
vn -0.2426 0.9093 0.3382
vn -0.5031 0.6693 0.5467
vn -0.5954 0.5247 0.6084
vn -0.6608 0.3877 0.6427
vn -0.6679 0.5218 0.5306
vn -0.6727 0.5985 0.4351
vn -0.5550 0.7506 0.3587
vn -0.6078 0.7361 0.2979
vn -0.3899 0.7608 0.5188
vn -0.3130 0.9192 0.2390
vn -0.1065 0.7873 0.6072
vn -0.1182 0.9192 0.3755
vn -0.0844 0.6050 0.7917
vn -0.2708 0.7482 0.6058
vn -0.3381 0.2891 0.8956
vn -0.5387 0.5178 0.6646
vn -0.5647 0.2134 0.7972
vn -0.4276 0.0935 0.8991
vn -0.3725 0.0343 0.9274
vn -0.4250 -0.0861 0.9011
vn -0.4460 -0.2636 0.8553
vn -0.4106 -0.2788 0.8681
vn -0.2375 -0.3742 0.8964
vn -0.3335 -0.2255 0.9154
vn -0.0316 -0.4748 0.8795
vn 0.3173 -0.5607 0.7648
vn 0.6504 -0.5859 0.4834
vn 0.4311 -0.7210 0.5425
vn 0.1414 -0.6803 0.7192
vn -0.1832 -0.2578 0.9487
vn -0.3152 -0.0401 0.9482
vn -0.1524 0.0685 0.9859
vn 0.0807 0.2361 0.9684
vn 0.1013 0.3871 0.9164
vn -0.0238 0.3906 0.9203
vn 0.2767 0.3682 0.8876
vn 0.3580 0.3734 0.8558
vn 0.2203 0.4731 0.8530
vn -0.0126 0.3454 0.9384
vn -0.1987 0.1712 0.9650
vn 0.0699 0.5594 0.8260
vn -0.0309 0.4301 0.9022
vn -0.0381 0.4848 0.8738
vn -0.0539 0.4934 0.8682
vn -0.0003 0.5176 0.8556
vn -0.0884 0.4413 0.8930
vn -0.2295 0.2632 0.9371
vn -0.3628 0.0593 0.9300
vn -0.3311 -0.0266 0.9432
vn -0.3832 -0.0832 0.9199
vn -0.2110 0.0945 0.9729
vn 0.1067 0.1651 0.9805
vn 0.1620 0.0021 0.9868
vn -0.0074 -0.2533 0.9674
vn 0.1211 -0.0962 0.9880
vn -0.1602 -0.0353 0.9864
vn -0.1973 0.2586 0.9456
vn -0.1077 0.1624 0.9808
vn 0.0710 0.1911 0.9790
vn -0.0615 0.2861 0.9562
vn -0.0341 0.3900 0.9202
vn -0.1587 0.4566 0.8754
vn -0.5632 0.1374 0.8148
vn -0.5263 -0.1030 0.8441
vn -0.3390 0.0422 0.9398
vn -0.0878 0.2193 0.9717
vn 0.0738 0.1165 0.9904
vn -0.0004 -0.1484 0.9889
vn -0.1074 -0.0653 0.9921
vn -0.2978 -0.2158 0.9299
vn -0.4356 -0.3540 0.8276
vn -0.4041 -0.3925 0.8262
vn -0.1804 -0.5861 0.7899
vn -0.0988 -0.4108 0.9064
vn 0.0070 -0.4956 0.8685
vn -0.2554 -0.5054 0.8242
vn -0.3256 -0.5556 0.7650
vn -0.2828 -0.6974 0.6585
vn -0.3033 -0.7758 0.5533
vn -0.2682 -0.8325 0.4848
vn -0.2714 -0.8950 0.3539
vn -0.1449 -0.8062 0.5736
vn -0.0884 -0.8318 0.5479
vn -0.2182 -0.9490 0.2277
vn -0.1863 -0.9758 0.1146
vn -0.2592 -0.9646 0.0493
vn -0.2631 -0.9594 -0.1015
vn -0.3386 -0.8676 -0.3643
vn -0.3992 -0.8514 -0.3403
vn -0.4541 -0.8624 -0.2239
vn -0.6231 -0.7133 -0.3210
vn -0.7853 -0.6116 -0.0966
vn -0.7057 -0.7002 0.1081
vn -0.5579 -0.8217 -0.1163
vn -0.6096 -0.7472 0.2647
vn -0.5550 -0.8318 -0.0093
vn -0.4631 -0.8488 -0.2550
vn -0.4751 -0.8702 0.1308
vn -0.4064 -0.9077 -0.1046
vn -0.3869 -0.6934 -0.6079
vn -0.4838 -0.6543 -0.5812
vn -0.8546 -0.0508 -0.5167
vn -0.5547 -0.5559 -0.6191
vn -0.1781 -0.7301 -0.6597
vn -0.3649 -0.6185 -0.6959
vn -0.0765 -0.6604 -0.7470
vn -0.1698 -0.5608 -0.8103
vn -0.1218 -0.4365 -0.8914
vn -0.1356 -0.3600 -0.9231
vn -0.0627 -0.3224 -0.9445
vn -0.0775 -0.3849 -0.9197
vn -0.2327 -0.3132 -0.9207
vn -0.2728 -0.2055 -0.9399
vn -0.4131 -0.1470 -0.8987
vn -0.4263 -0.2184 -0.8778
vn -0.5199 -0.1345 -0.8436
vn -0.4625 -0.2801 -0.8412
vn -0.5559 -0.0958 -0.8257
vn -0.5894 -0.2134 -0.7792
vn -0.6390 -0.3285 -0.6956
vn -0.7070 -0.2069 -0.6763
vn -0.7050 -0.3964 -0.5881
vn -0.7119 -0.2308 -0.6633
vn -0.6768 -0.3002 -0.6722
vn -0.4615 -0.0017 -0.8872
vn -0.5969 -0.1033 -0.7956
vn -0.6758 0.4792 -0.5601
vn -0.6716 0.6514 -0.3531
vn -0.4557 0.8193 -0.3480
vn -0.5713 0.7608 -0.3079
vn -0.7524 0.5781 -0.3158
vn -0.8163 0.5266 -0.2373
vn -0.7927 0.5836 -0.1761
vn -0.6600 0.7493 -0.0536
vn -0.6604 0.7508 0.0104
vn -0.6342 0.7674 0.0940
vn -0.5608 0.7756 0.2897
vn -0.3881 0.7654 0.5134
vn -0.3383 0.7535 0.5638
vn -0.6755 0.4891 0.5518
vn -0.1618 0.7675 0.6204
vn 0.4350 0.7741 0.4599
vn 0.5505 0.8347 0.0165
vn 0.3331 0.7812 0.5280
vn -0.1114 0.7231 0.6817
vn -0.1574 0.4965 0.8537
vn -0.1697 0.9854 0.0104
vn -0.3310 0.8653 0.3765
vn -0.3346 0.7705 0.5425
vn -0.4964 0.7444 0.4467
vn -0.5109 0.6598 0.5510
vn -0.3126 0.7346 0.6022
vn -0.2344 0.8026 0.5485
vn -0.2786 0.8276 0.4872
vn -0.0889 0.9742 0.2077
vn -0.0622 0.9958 0.0677
vn -0.3580 0.9186 0.1670
vn -0.5028 0.7997 0.3280
vn -0.0790 0.9468 0.3119
vn -0.6285 0.5169 0.5811
vn -0.5383 0.6793 0.4988
vn -0.6966 0.4202 0.5816
vn -0.7291 0.3772 0.5711
vn -0.5575 0.5720 0.6016
vn -0.4522 0.6713 0.5873
vn -0.3148 0.7512 0.5802
vn -0.3994 0.7991 0.4494
vn -0.5099 0.7386 0.4410
vn -0.3682 0.8730 0.3197
vn -0.3127 0.9012 0.2999
vn -0.8757 -0.0412 0.4811
vn -0.8015 0.0244 0.5974
vn -0.7224 -0.3307 0.6073
vn -0.4892 -0.4291 0.7593
vn -0.1845 -0.3407 0.9219
vn 0.0073 -0.1018 0.9948
vn -0.0664 -0.3888 0.9189
vn 0.0067 -0.1186 0.9929
vn -0.1604 -0.2938 0.9423
vn -0.1473 -0.5611 0.8146
vn -0.0701 -0.0794 0.9944
vn -0.1322 -0.1502 0.9798
vn -0.4225 -0.2582 0.8688
vn -0.5042 0.0617 0.8614
vn -0.6398 0.2310 0.7330
vn -0.7100 -0.0972 0.6975
vn -0.6485 -0.4241 0.6321
vn -0.4444 -0.5950 0.6697
vn -0.2242 -0.6085 0.7612
vn -0.2657 -0.7834 0.5619
vn -0.1862 -0.6797 0.7095
vn -0.3824 -0.7964 0.4685
vn -0.4673 -0.7238 0.5078
vn -0.4271 -0.8734 0.2341
vn -0.6326 -0.7245 0.2737
vn -0.7844 -0.5266 0.3278
vn -0.5675 -0.8096 -0.1497
vn -0.8765 -0.4776 0.0609
vn -0.9144 -0.2262 0.3357
vn -0.9318 -0.3590 0.0539
vn -0.8376 0.0717 0.5416
vn -0.8003 0.0367 0.5984
vn -0.7117 0.0117 0.7024
vn -0.7053 -0.1673 0.6889
vn -0.7286 -0.2518 0.6369
vn -0.5402 -0.3341 0.7724
vn -0.2906 -0.3774 0.8793
vn 0.1537 -0.4312 0.8891
vn 0.5545 -0.4230 0.7167
vn 0.6813 -0.4028 0.6112
vn 0.8401 -0.4026 0.3636
vn 0.6691 -0.6072 0.4285
vn 0.6734 -0.6637 0.3257
vn 0.5820 -0.7492 0.3162
vn 0.3936 -0.8626 0.3179
vn 0.2234 -0.8943 0.3878
vn 0.0267 -0.4879 0.8725
vn -0.1252 -0.0134 0.9920
vn 0.0563 0.0879 0.9945
vn 0.0753 -0.2804 0.9569
vn 0.1484 0.0484 0.9877
vn 0.0800 -0.4850 0.8708
vn -0.1680 -0.5033 0.8477
vn -0.6030 -0.5288 0.5972
vn -0.6027 -0.4369 0.6677
vn -0.5259 -0.3575 0.7718
vn -0.3604 -0.4740 0.8034
vn -0.3327 -0.1111 0.9365
vn -0.2404 -0.1778 0.9542
vn -0.0935 -0.6952 0.7127
vn -0.0703 -0.7789 0.6232
vn -0.0773 -0.8106 0.5804
vn -0.0998 -0.6785 0.7277
vn 0.0710 -0.6287 0.7744
vn 0.0013 -0.3865 0.9223
vn -0.2081 0.0022 0.9781
vn -0.3172 0.2642 0.9108
vn -0.5284 0.1311 0.8388
vn -0.6246 -0.1475 0.7669
vn -0.5446 -0.4990 0.6740
vn -0.3837 -0.7541 0.5330
vn -0.1461 -0.9107 0.3864
vn 0.1005 -0.9514 0.2910
vn 0.1233 -0.7896 0.6012
vn -0.0724 -0.8669 0.4933
vn -0.4420 -0.5027 0.7429
vn -0.5813 -0.6557 0.4818
vn -0.6942 -0.4600 0.5536
vn -0.6807 -0.2088 0.7022
vn -0.5305 -0.1809 0.8281
vn -0.3662 -0.7766 0.5126
vn 0.2622 -0.9239 0.2787
vn 0.0956 -0.8790 0.4671
vn -0.0820 -0.6998 0.7097
vn -0.2317 -0.4777 0.8474
vn -0.3664 -0.1703 0.9147
vn -0.3373 0.1878 0.9225
vn -0.1407 0.3625 0.9213
vn 0.1054 0.2140 0.9711
vn 0.3233 -0.0784 0.9430
vn 0.1936 -0.3776 0.9055
vn -0.1120 -0.3934 0.9125
vn -0.5034 -0.4129 0.7590
vn -0.3281 -0.4426 0.8345
vn -0.1221 -0.4887 0.8639
vn -0.3773 -0.3919 0.8391
vn -0.2952 -0.4599 0.8374
vn -0.5057 -0.4200 0.7536
vn -0.4517 -0.3645 0.8144
vn -0.3764 -0.4819 0.7913
vn -0.5094 -0.4764 0.7166
vn -0.5682 -0.3837 0.7280
vn -0.6162 -0.4575 0.6410
vn -0.6502 -0.3772 0.6595
vn -0.6945 -0.3331 0.6378
vn -0.7069 -0.3328 0.6241
vn -0.7619 -0.4324 0.4822
vn -0.7084 -0.2445 0.6621
vn -0.5464 0.0613 0.8352
vn -0.5616 0.2021 0.8023
vn -0.2306 0.1477 0.9618
vn -0.4595 0.2530 0.8514
vn -0.1412 0.0044 0.9900
vn 0.0554 0.0865 0.9947
vn 0.0804 0.0808 0.9935
vn 0.0116 0.0541 0.9985
vn -0.2666 0.0859 0.9600
vn -0.6589 0.0504 0.7506
vn -0.5592 0.2438 0.7924
vn -0.4503 0.1616 0.8781
vn -0.5490 0.1471 0.8228
vn -0.9101 -0.2586 0.3239
vn -0.7856 -0.5698 0.2412
vn -0.5526 -0.7709 0.3167
vn -0.7242 -0.6893 0.0179
vn -0.8749 -0.4486 -0.1826
vn -0.9825 -0.1412 0.1217
vn -0.8901 -0.0620 0.4515
vn -0.8450 -0.0415 0.5331
vn -0.8766 -0.1186 0.4663
vn -0.7046 -0.2560 0.6618
vn -0.7112 -0.1229 0.6921
vn -0.6265 0.0079 0.7794
vn -0.3787 0.2424 0.8932
vn -0.0760 0.2563 0.9636
vn -0.1012 0.2553 0.9616
vn -0.5223 0.1069 0.8461
vn -0.5187 0.0734 0.8518
vn -0.5100 -0.0199 0.8600
vn -0.3481 0.1032 0.9318
vn -0.4987 0.0199 0.8666
vn -0.8440 -0.0328 0.5353
vn -0.8772 -0.4614 -0.1326
vn -0.9344 -0.2068 -0.2901
vn -0.9974 -0.0106 -0.0720
vn -0.9485 0.0024 0.3169
vn -0.7965 -0.1444 0.5871
vn -0.7883 0.1145 0.6045
vn -0.6152 0.4588 0.6411
vn -0.3371 0.5508 0.7635
vn -0.1179 0.4770 0.8710
vn -0.3918 0.2568 0.8835
vn -0.4885 -0.0323 0.8720
vn -0.5825 -0.0016 0.8128
vn -0.8118 0.0357 0.5829
vn -0.9934 0.0462 0.1052
vn -0.9822 -0.1687 -0.0822
vn -0.9024 0.3291 0.2783
vn -0.6977 0.6410 0.3198
vn -0.4608 0.7211 0.5174
vn -0.3695 0.4968 0.7853
vn -0.5590 0.3362 0.7579
vn -0.6569 0.1416 0.7406
vn -0.9230 0.1700 0.3451
vn -0.9354 0.3311 -0.1241
vn -0.9533 0.0718 -0.2934
vn -0.9451 0.3012 -0.1268
vn -0.7832 0.6213 -0.0248
vn -0.6594 0.6593 0.3611
vn -0.6401 -0.0037 0.7683
vn -0.6834 0.4287 0.5909
vn -0.7996 0.2392 0.5508
vn -0.8480 -0.1733 0.5009
vn -0.9231 -0.3351 0.1889
vn -0.9430 -0.3287 -0.0521
vn -0.9603 -0.2788 -0.0095
vn -0.8619 -0.5016 0.0741
vn -0.8785 -0.4581 0.1355
vn -0.8370 -0.4309 0.3374
vn -0.7197 -0.4320 0.5435
vn -0.7344 -0.3767 0.5645
vn -0.8570 -0.3959 0.3300
vn -0.6784 -0.4043 0.6134
vn -0.5647 -0.5597 0.6065
vn -0.3158 -0.7938 0.5198
vn -0.2477 -0.9052 0.3455
vn -0.4200 -0.8954 0.1480
vn -0.3005 -0.9276 0.2218
vn -0.2992 -0.9478 -0.1105
vn -0.3388 -0.9260 -0.1662
vn -0.5149 -0.8494 -0.1159
vn -0.6936 -0.7191 -0.0425
vn -0.5000 -0.8585 -0.1137
vn -0.6183 -0.7620 0.1924
vn -0.3768 -0.8941 0.2420
vn -0.2579 -0.9059 0.3360
vn 0.0611 -0.9222 0.3818
vn 0.3318 -0.9255 0.1828
vn 0.0275 -0.9988 0.0412
vn -0.7430 -0.6687 0.0282
vn -0.4440 -0.8656 -0.2316
vn -0.2699 -0.9152 -0.2993
vn -0.2767 -0.8781 -0.3904
vn -0.2386 -0.9023 -0.3590
vn -0.2854 -0.9337 -0.2164
vn -0.3732 -0.8897 -0.2630
vn -0.3076 -0.8183 -0.4855
vn -0.2938 -0.6610 -0.6904
vn -0.5495 -0.6597 -0.5127
vn -0.7737 -0.5670 0.2827
vn -0.5689 -0.7256 0.3872
vn -0.3132 -0.9000 0.3032
vn 0.0148 -0.9888 0.1486
vn 0.2875 -0.9520 -0.1052
vn 0.0845 -0.9796 0.1822
vn 0.0840 -0.9465 -0.3117
vn -0.6308 -0.7710 -0.0872
vn -0.1913 -0.4208 -0.8868
vn -0.0584 -0.9930 -0.1024
vn -0.2663 -0.9154 -0.3018
vn -0.3199 -0.9344 -0.1566
vn -0.3820 -0.8210 -0.4242
vn -0.3472 -0.8519 -0.3920
vn -0.2369 -0.8896 -0.3906
vn -0.2800 -0.8822 -0.3785
vn -0.3093 -0.8769 -0.3681
vn -0.2933 -0.9128 -0.2843
vn -0.3295 -0.8663 -0.3755
vn -0.5009 -0.7741 -0.3872
vn -0.5550 -0.7371 -0.3855
vn -0.4983 -0.7298 -0.4681
vn -0.5602 -0.6596 -0.5011
vn -0.5494 -0.6774 -0.4891
vn -0.7078 -0.4733 -0.5244
vn -0.7382 -0.5060 -0.4462
vn -0.6167 -0.6609 -0.4277
vn -0.6005 -0.7332 -0.3191
vn -0.8268 -0.4593 -0.3246
vn -0.4500 -0.7959 -0.4051
vn -0.5697 -0.7275 -0.3824
vn -0.5562 -0.7345 -0.3888
vn -0.5833 -0.7574 -0.2933
vn -0.4912 -0.7852 -0.3769
vn -0.3526 -0.8755 -0.3304
vn -0.4559 -0.8534 -0.2528
vn -0.4132 -0.8656 -0.2827
vn -0.4211 -0.8710 -0.2532
vn -0.5985 -0.7684 -0.2268
vn -0.7338 -0.6313 -0.2510
vn -0.8716 -0.4550 -0.1822
vn -0.7270 -0.6263 -0.2815
vn -0.9538 -0.2924 -0.0696
vn -0.7977 -0.5414 -0.2657
vn -0.8111 -0.4150 -0.4122
vn -0.8787 -0.3378 -0.3372
vn -0.9722 -0.2037 0.1152
vn -0.8070 -0.4800 -0.3440
vn -0.7117 -0.4505 -0.5390
vn -0.5639 -0.2583 -0.7844
vn -0.4755 -0.1971 -0.8574
vn -0.2507 0.0452 -0.9670
vn -0.3420 0.1024 -0.9341
vn -0.8485 -0.1446 -0.5091
vn -0.6837 -0.3272 -0.6523
vn -0.8233 -0.4667 -0.3231
vn -0.8969 -0.0516 -0.4392
vn -0.8255 0.3979 -0.4003
vn -0.7164 0.5950 -0.3643
vn -0.5880 0.7500 -0.3031
vn -0.5306 0.7781 -0.3361
vn -0.4691 0.8258 -0.3131
vn -0.6444 0.7043 -0.2980
vn -0.7722 0.5914 -0.2324
vn -0.7341 0.6789 0.0132
vn -0.6760 0.7220 0.1471
vn -0.6681 0.7135 0.2111
vn -0.6977 0.6727 0.2463
vn -0.8795 0.3035 0.3666
vn -0.9909 0.1253 0.0483
vn -0.9292 -0.0895 0.3586
vn -0.7148 0.0696 0.6959
vn -0.8027 0.5963 0.0033
vn -0.5113 0.7709 0.3798
vn -0.4478 0.4391 0.7789
vn -0.7982 0.2044 0.5667
vn -0.7539 0.4598 0.4693
vn -0.7244 0.3264 0.6072
vn -0.3995 0.4871 0.7766
vn -0.7316 0.3287 0.5973
vn -0.6360 0.6498 0.4162
vn -0.7652 0.6394 0.0749
vn -0.9117 0.3881 -0.1348
vn -0.7987 0.4064 0.4439
vn -0.7646 0.4246 0.4848
vn -0.8330 0.2260 0.5050
vn -0.8203 0.0592 0.5689
vn -0.7313 0.5916 0.3396
vn -0.7393 0.4642 0.4878
vn -0.7586 0.5377 0.3681
vn -0.8006 0.5641 0.2021
vn -0.9129 0.3741 0.1634
vn -0.8858 0.4566 0.0826
vn -0.8992 0.4254 0.1019
vn -0.8120 0.5800 -0.0657
vn -0.8429 0.4860 0.2310
vn -0.9457 0.2722 0.1779
vn -0.7768 0.6149 -0.1359
vn -0.8291 0.5532 0.0817
vn -0.6349 0.7696 -0.0673
vn -0.4436 0.8754 -0.1921
vn -0.8804 0.3969 0.2597
vn -0.9236 0.1277 0.3614
vn -0.9149 0.0339 0.4022
vn -0.9768 -0.2129 -0.0232
vn -0.9130 -0.3481 -0.2127
vn -0.9015 -0.3569 -0.2447
vn -0.8711 -0.2893 -0.3969
vn -0.9751 -0.2038 -0.0875
vn -0.9551 -0.2189 -0.1995
vn -0.8456 -0.5062 -0.1694
vn -0.6364 -0.7702 -0.0426
vn -0.9917 -0.1282 -0.0138
vn -0.9395 -0.2419 -0.2425
vn -0.9922 0.0658 0.1057
vn -0.9247 -0.3719 -0.0815
vn -0.7820 -0.5594 -0.2748
vn -0.7503 -0.5508 -0.3655
vn -0.9635 -0.1985 -0.1796
vn -0.9207 0.3097 -0.2375
vn -0.9199 0.3398 -0.1959
vn -0.9428 0.3220 -0.0868
vn -0.9821 0.1856 0.0317
vn -0.9940 -0.0844 0.0693
vn -0.9832 -0.1490 0.1055
vn -0.9083 -0.3574 -0.2174
vn -0.8321 -0.3322 -0.4442
vn -0.7586 -0.2418 -0.6050
vn -0.8790 -0.1826 -0.4405
vn -0.9103 -0.0296 -0.4128
vn -0.9026 -0.0345 -0.4290
vn -0.8755 -0.3709 -0.3097
vn -0.9826 -0.0708 -0.1716
vn -0.9850 0.1687 0.0349
vn -0.9032 0.3545 0.2419
vn -0.9264 -0.1003 0.3630
vn -0.8447 -0.5338 0.0394
vn -0.7688 -0.3161 0.5558
vn -0.7604 -0.6238 0.1808
vn -0.7602 -0.4958 0.4198
vn -0.9947 -0.0540 -0.0871
vn -0.9956 -0.0776 -0.0527
vn -0.9449 -0.3273 -0.0071
vn -0.9929 0.0139 -0.1184
vn -0.9832 0.0945 -0.1561
vn -0.9113 -0.3602 -0.1996
vn -0.9823 0.0070 -0.1872
vn -0.9472 -0.2877 -0.1418
vn -0.6919 -0.6419 -0.3305
vn -0.5918 -0.6014 -0.5367
vn -0.7153 -0.3402 -0.6104
vn -0.3067 -0.4727 -0.8261
vn -0.6207 -0.2047 -0.7568
vn -0.6873 0.0257 -0.7259
vn -0.8086 0.1343 -0.5728
vn -0.9046 0.2345 -0.3560
vn -0.8809 0.4667 -0.0788
vn -0.7398 0.6560 0.1492
vn -0.8162 0.4317 0.3839
vn -0.7290 0.4249 0.5367
vn -0.7051 0.1615 0.6905
vn -0.5979 -0.1662 0.7841
vn -0.5954 -0.5283 0.6053
vn -0.8258 -0.4277 0.3677
vn -0.8358 -0.4425 0.3249
vn -0.3545 -0.7846 0.5087
vn -0.8650 -0.4794 0.1480
vn -0.6028 -0.7862 0.1359
vn -0.8662 -0.4661 -0.1800
vn -0.4132 -0.6422 -0.6457
vn -0.4763 -0.4502 -0.7553
vn -0.5544 -0.1655 -0.8157
vn -0.6894 0.2067 -0.6943
vn -0.7442 0.3163 -0.5884
vn -0.7563 0.5429 -0.3651
vn -0.7607 0.6436 -0.0841
vn -0.6930 0.6283 0.3535
vn -0.6831 0.5599 0.4689
vn -0.6525 0.5010 0.5686
vn -0.6300 0.2128 0.7469
vn -0.5938 -0.2190 0.7742
vn -0.7101 -0.4890 0.5066
vn -0.4765 -0.3723 0.7965
vn -0.5348 -0.4826 0.6936
vn -0.3074 -0.5845 0.7509
vn -0.6147 -0.5630 0.5524
vn -0.4950 -0.7280 0.4743
vn -0.4752 -0.8633 -0.1699
vn -0.3165 -0.8351 -0.4499
vn -0.2639 -0.7268 -0.6342
vn -0.3731 -0.8183 -0.4372
vn -0.4921 -0.6678 -0.5585
vn -0.5829 -0.4147 -0.6988
vn -0.6717 0.0467 -0.7393
vn -0.8043 0.1400 -0.5775
vn -0.8163 -0.1915 -0.5449
vn -0.7216 -0.5839 -0.3720
vn -0.8022 -0.4169 -0.4274
vn -0.7862 -0.0432 -0.6165
vn -0.7470 0.6512 0.1341
vn -0.8329 0.4464 0.3271
vn -0.9611 0.1498 0.2322
vn -0.9555 0.2007 0.2162
vn -0.9795 -0.0493 0.1953
vn -0.8764 -0.4253 0.2260
vn -0.7241 -0.6659 0.1797
vn -0.6324 -0.5025 0.5895
vn -0.5000 -0.3418 0.7957
vn -0.4076 -0.3868 0.8272
vn -0.4766 -0.4652 0.7459
vn -0.4720 -0.5769 0.6666
vn -0.3939 -0.8963 0.2034
vn -0.3732 -0.9200 -0.1197
vn -0.3596 -0.8716 -0.3333
vn -0.6631 -0.5806 -0.4724
vn -0.7469 -0.1788 -0.6405
vn -0.8957 -0.0268 -0.4438
vn -0.9248 -0.1376 -0.3548
vn -0.8988 -0.4194 -0.1278
vn -0.7213 -0.6786 -0.1385
vn -0.9816 -0.1644 -0.0971
vn -0.9502 0.3003 -0.0834
vn -0.9006 0.4128 0.1362
vn -0.9858 -0.0810 0.1471
vn -0.7816 -0.6225 0.0412
vn -0.7648 -0.6125 0.1998
vn -0.7928 -0.5616 0.2368
vn -0.7991 -0.4427 0.4069
vn -0.7400 -0.4423 0.5068
vn -0.5553 -0.3524 0.7533
vn -0.5159 -0.7092 0.4805
vn -0.5585 -0.7993 0.2217
vn -0.5387 -0.8371 -0.0952
vn -0.6295 -0.7768 0.0183
vn -0.6072 -0.7535 -0.2521
vn -0.8140 -0.5599 -0.1543
vn -0.8425 -0.3351 -0.4219
vn -0.9482 -0.2787 -0.1528
vn -0.9084 -0.3430 -0.2392
vn -0.9462 -0.3062 -0.1049
vn -0.9378 -0.3335 -0.0965
vn -0.9732 -0.2233 0.0549
vn -0.9877 -0.0120 0.1558
vn -0.9683 -0.2411 0.0650
vn -0.9339 -0.2852 0.2158
vn -0.7921 -0.3571 0.4950
vn -0.6749 -0.4941 0.5481
vn -0.7325 -0.6583 0.1737
vn -0.7842 -0.6184 0.0512
vn -0.9444 -0.2855 -0.1628
vn -0.9493 -0.2022 -0.2407
vn -0.9027 -0.4003 -0.1578
vn -0.9217 -0.3810 -0.0732
vn -0.9362 -0.3478 -0.0508
vn -0.9228 -0.3243 0.2079
vn -0.9386 -0.3416 0.0491
vn -0.8637 -0.3318 0.3793
vn -0.7423 -0.5271 0.4138
vn -0.8083 -0.5466 0.2190
vn -0.8885 -0.3674 0.2751
vn -0.9510 -0.3041 0.0565
vn -0.9496 -0.3133 -0.0002
vn -0.9904 -0.1178 -0.0724
vn -0.9596 -0.2624 0.1013
vn -0.9579 -0.2636 -0.1142
vn -0.9564 -0.2808 -0.0796
vn -0.9895 -0.1267 -0.0700
vn -0.9803 -0.1955 -0.0263
vn -0.4620 -0.7407 -0.4877
vn -0.3460 -0.7178 -0.6041
vn -0.3738 -0.6659 -0.6456
vn -0.3279 -0.6205 -0.7124
vn -0.3150 -0.6113 -0.7260
vn -0.3626 -0.4269 -0.8284
vn -0.5772 -0.1958 -0.7928
vn -0.7763 0.0299 -0.6296
vn -0.7848 -0.1873 -0.5908
vn -0.8404 -0.4219 -0.3400
vn -0.9053 -0.1225 -0.4068
vn -0.8451 -0.4206 -0.3301
vn -0.6858 -0.7251 -0.0630
vn -0.4128 -0.8033 -0.4293
vn -0.5505 -0.8021 -0.2316
vn -0.3538 -0.7238 -0.5925
vn -0.4727 -0.6696 -0.5729
vn -0.3666 -0.4285 -0.8258
vn -0.4618 -0.3444 -0.8174
vn -0.2848 -0.2858 -0.9150
vn -0.5027 -0.4816 -0.7179
vn -0.4975 -0.2816 -0.8205
vn -0.3789 -0.4723 -0.7958
vn -0.3748 -0.4408 -0.8156
vn -0.4695 -0.6272 -0.6215
vn -0.2378 -0.7927 -0.5613
vn -0.2369 -0.6744 -0.6993
vn -0.0916 -0.4920 -0.8658
vn -0.0990 -0.2454 -0.9644
vn -0.2827 0.0229 -0.9589
vn -0.5865 -0.0073 -0.8099
vn -0.5138 -0.5170 -0.6846
vn -0.5543 -0.7628 -0.3330
vn -0.6000 -0.7674 0.2260
vn -0.7821 -0.6231 0.0070
vn -0.6123 -0.7817 0.1185
vn -0.5110 -0.8449 -0.1580
vn -0.2028 -0.7558 -0.6226
vn -0.1921 -0.6634 -0.7232
vn 0.0823 -0.7915 -0.6057
vn 0.0724 -0.7739 -0.6291
vn 0.2419 -0.5648 -0.7890
vn 0.3526 -0.6536 -0.6697
vn 0.3751 -0.4420 -0.8148
vn 0.2327 -0.2269 -0.9457
vn -0.3323 -0.2109 -0.9193
vn -0.0176 -0.3586 -0.9333
vn -0.1340 -0.5221 -0.8423
vn -0.1483 -0.7561 -0.6374
vn -0.2188 -0.8561 -0.4682
vn -0.2506 -0.9681 0.0048
vn -0.4780 -0.8698 0.1220
vn -0.3389 -0.9024 -0.2660
vn 0.1380 -0.7938 -0.5923
vn 0.4443 -0.7653 -0.4658
vn 0.5374 -0.6818 -0.4964
vn 0.7262 -0.4511 -0.5188
vn 0.3304 -0.5047 -0.7975
vn 0.1262 -0.6774 -0.7247
vn 0.2777 -0.7926 -0.5428
vn 0.0912 -0.8525 -0.5148
vn -0.1074 -0.9229 -0.3698
vn 0.2391 -0.8908 -0.3864
vn 0.1237 -0.9799 -0.1564
vn 0.1184 -0.9699 -0.2125
vn 0.5618 -0.7313 -0.3866
vn 0.6246 -0.6321 -0.4586
vn 0.4208 -0.7966 -0.4340
vn 0.4310 -0.8409 -0.3274
vn -0.8492 -0.5215 0.0825
vn -0.7238 -0.5837 0.3680
vn -0.5455 -0.7125 0.4414
vn -0.6251 -0.5300 0.5730
vn -0.4851 -0.7418 0.4631
vn -0.3908 -0.9113 0.1299
vn -0.5342 -0.8348 -0.1328
vn -0.5553 -0.8000 0.2271
vn -0.4160 -0.8207 0.3916
vn -0.2958 -0.9403 0.1683
vn -0.2002 -0.9631 0.1799
vn -0.2883 -0.9562 -0.0500
vn -0.3751 -0.9248 0.0638
vn 0.2115 -0.9707 -0.1141
vn -0.0421 -0.9564 -0.2892
vn -0.3987 -0.8943 0.2033
vn -0.3235 -0.9384 -0.1219
vn -0.3940 -0.8327 -0.3890
vn -0.7237 -0.6886 -0.0451
vn -0.6011 -0.6751 0.4276
vn -0.3004 -0.7426 0.5986
vn -0.0804 -0.8305 0.5512
vn -0.0882 -0.8825 0.4621
vn 0.1275 -0.6895 0.7130
vn 0.2509 -0.7618 0.5972
vn 0.3273 -0.5295 0.7826
vn 0.3182 -0.7190 0.6179
vn 0.3609 -0.8458 0.3929
vn 0.0072 -0.8499 0.5269
vn -0.2613 -0.8898 0.3743
vn -0.1412 -0.9318 0.3344
vn -0.2936 -0.9087 0.2968
vn -0.0879 -0.9924 0.0860
vn -0.2142 -0.9705 -0.1104
vn -0.2217 -0.8889 -0.4009
vn -0.5867 -0.7683 -0.2559
vn -0.7330 -0.6401 0.2302
vn -0.4795 -0.6277 0.6133
vn -0.5590 -0.7269 0.3989
vn -0.3839 -0.8639 0.3261
vn -0.2795 -0.8947 0.3484
vn -0.3553 -0.8854 0.2996
vn -0.3655 -0.9147 0.1724
vn -0.4461 -0.8946 -0.0273
vn -0.6427 -0.7659 0.0160
vn -0.4353 -0.8809 0.1859
vn -0.1871 -0.8609 0.4731
vn -0.2989 -0.8683 0.3958
vn -0.2621 -0.8018 0.5371
vn 0.0607 -0.7260 0.6850
vn -0.0665 -0.6950 0.7159
vn 0.0147 -0.6329 0.7741
vn 0.1285 -0.4300 0.8937
vn 0.5693 -0.2723 0.7757
vn 0.8241 -0.2058 0.5278
vn 0.7580 -0.2500 0.6024
vn 0.7236 -0.2565 0.6408
vn 0.7325 -0.4681 0.4944
vn 0.5775 -0.5081 0.6391
vn 0.5383 -0.7022 0.4659
vn 0.5504 -0.7803 0.2968
vn 0.3134 -0.7369 0.5989
vn 0.1580 -0.5591 0.8139
vn 0.0319 -0.4285 0.9030
vn -0.0245 -0.0052 0.9997
vn 0.1669 0.2157 0.9621
vn 0.4069 0.2797 0.8696
vn 0.5181 0.1222 0.8466
vn 0.4246 -0.0983 0.9000
vn 0.2246 -0.3487 0.9099
vn 0.5928 -0.1486 0.7915
vn 0.7029 -0.0598 0.7087
vn 0.4145 -0.3754 0.8290
vn 0.2278 -0.2521 0.9405
vn 0.4355 0.0076 0.9002
vn 0.6110 -0.1291 0.7811
vn 0.6439 0.0960 0.7590
vn -0.4533 0.8423 0.2915
vn -0.2813 0.8919 0.3541
vn -0.3716 0.8792 0.2980
vn -0.3401 0.9331 0.1167
vn -0.3372 0.9372 -0.0891
vn -0.0237 0.9825 -0.1848
vn -0.1367 0.9803 0.1425
vn 0.1827 0.9797 0.0821
vn 0.2068 0.9777 0.0360
vn 0.2416 0.9684 -0.0625
vn 0.2639 0.9642 -0.0275
vn 0.2755 0.9571 0.0896
vn 0.2933 0.9531 0.0748
vn 0.0969 0.9953 0.0068
vn 0.0306 0.9995 0.0066
vn -0.1324 0.9888 -0.0683
vn 0.0643 0.9960 -0.0624
vn 0.2710 0.9618 -0.0376
vn 0.2459 0.9684 0.0425
vn 0.1356 0.9705 -0.1994
vn 0.0992 0.9903 -0.0971
vn 0.1561 0.9797 -0.1255
vn 0.1023 0.9524 -0.2871
vn -0.1631 0.9149 -0.3694
vn -0.3396 0.9014 -0.2685
vn -0.3715 0.8914 -0.2598
vn -0.4177 0.8674 -0.2705
vn -0.3381 0.8698 -0.3593
vn -0.5647 0.7984 -0.2091
vn -0.5266 0.8344 -0.1628
vn -0.4900 0.8713 0.0277
vn -0.5962 0.7865 -0.1608
vn -0.5172 0.7668 -0.3803
vn -0.5304 0.8185 -0.2206
vn -0.1597 0.9544 0.2521
vn -0.4055 0.9110 0.0753
vn -0.9953 0.0618 -0.0750
vn -0.9435 0.2706 0.1914
vn -0.7787 0.5873 0.2208
vn -0.7078 0.7014 -0.0840
vn -0.7414 0.5976 -0.3053
vn -0.6695 0.5180 -0.5324
vn -0.1417 0.8605 -0.4893
vn 0.0935 0.9552 -0.2806
vn 0.1118 0.9926 0.0474
vn -0.1902 0.9665 -0.1721
vn -0.3785 0.8973 -0.2272
vn -0.6525 0.7527 -0.0874
vn -0.5930 0.7021 -0.3943
vn -0.8291 0.4431 -0.3410
vn -0.8869 0.1595 -0.4336
vn -0.8871 0.1571 -0.4340
vn -0.8901 0.4268 -0.1602
vn -0.4200 0.5374 -0.7313
vn -0.1046 0.6235 -0.7748
vn 0.1057 0.8112 -0.5751
vn -0.1251 0.8738 -0.4699
vn -0.2671 0.7089 -0.6528
vn -0.5943 0.4788 -0.6462
vn -0.6289 0.2052 -0.7499
vn -0.0368 0.9093 -0.4144
vn 0.0044 0.9420 -0.3357
vn -0.0332 0.9197 -0.3912
vn 0.1444 0.9495 -0.2786
vn 0.1765 0.9701 -0.1663
vn -0.0616 0.8946 -0.4426
vn -0.2092 0.8572 -0.4706
vn -0.1773 0.7274 -0.6629
vn -0.2211 0.8037 -0.5524
vn -0.0243 0.9759 -0.2167
vn -0.0913 0.9763 -0.1962
vn -0.2872 0.8106 0.5104
vn 0.0356 0.7665 0.6412
vn -0.4183 0.6862 0.5951
vn -0.2120 0.7563 0.6189
vn -0.2986 0.7007 0.6480
vn -0.0492 0.8804 0.4716
vn 0.1040 0.9446 0.3112
vn 0.2521 0.9661 -0.0558
vn 0.2840 0.7029 0.6521
vn 0.1086 0.4759 0.8728
vn 0.3428 0.4227 0.8390
vn -0.1262 0.9222 0.3655
vn 0.4573 0.8808 -0.1226
vn 0.4395 0.5897 -0.6775
vn 0.4250 0.7481 -0.5096
vn 0.2942 0.8984 -0.3260
vn 0.4688 0.8833 -0.0001
vn -0.0344 0.3410 -0.9394
vn 0.2928 0.0519 -0.9548
vn 0.4330 0.3431 -0.8335
vn 0.5501 0.5291 -0.6461
vn 0.0561 0.8138 -0.5784
vn -0.2117 0.8992 -0.3829
vn -0.0851 0.9957 -0.0354
vn 0.2986 0.9455 0.1297
vn 0.5269 0.8467 -0.0741
vn 0.5154 0.5690 -0.6408
vn 0.5444 0.7236 -0.4242
vn 0.2378 0.9278 -0.2873
vn 0.2118 0.7682 -0.6041
vn 0.0835 0.4461 -0.8911
vn -0.1338 0.6759 -0.7248
vn -0.2007 0.1452 -0.9688
vn -0.3202 0.4135 -0.8523
vn -0.2601 0.0513 -0.9642
vn -0.0719 -0.0073 -0.9974
vn -0.1079 -0.0765 -0.9912
vn -0.0761 0.1183 -0.9901
vn 0.0600 -0.0941 -0.9938
vn 0.1339 0.1064 -0.9853
vn 0.0280 0.3333 -0.9424
vn -0.1881 0.5838 -0.7898
vn -0.1717 0.6886 -0.7045
vn -0.3228 0.7306 -0.6017
vn -0.1819 0.9079 -0.3776
vn -0.2365 0.4033 -0.8840
vn 0.1060 -0.1255 -0.9864
vn -0.0426 0.0735 -0.9964
vn 0.5513 0.5771 -0.6025
vn 0.2681 0.3916 -0.8802
vn 0.3091 0.5277 -0.7912
vn 0.0245 0.1318 -0.9910
vn 0.0983 0.7099 -0.6974
vn 0.5880 0.6484 -0.4836
vn 0.5951 0.7437 -0.3046
vn 0.5711 0.7536 -0.3255
vn 0.5220 0.8419 -0.1367
vn 0.7679 0.6127 -0.1868
vn 0.7365 0.6419 -0.2134
vn 0.8232 0.4161 -0.3862
vn 0.7070 0.2769 -0.6508
vn 0.3792 0.2572 -0.8888
vn 0.2451 0.4845 -0.8398
vn 0.4520 0.5920 -0.6673
vn 0.6698 0.4079 -0.6204
vn 0.7000 0.2797 -0.6571
vn 0.6768 0.3251 -0.6605
vn 0.6452 0.3756 -0.6654
vn 0.7319 0.3333 -0.5943
vn 0.8406 0.3721 -0.3936
vn 0.9274 0.2127 -0.3076
vn 0.9115 -0.0389 -0.4095
vn 0.8590 -0.3189 -0.4005
vn 0.7686 -0.0669 -0.6362
vn 0.5657 0.0160 -0.8244
vn 0.6927 0.2574 -0.6738
vn 0.5380 0.2768 -0.7962
vn 0.6760 0.3765 -0.6334
vn 0.7294 0.3981 -0.5563
vn 0.9195 0.1166 -0.3755
vn 0.8989 0.3629 -0.2454
vn 0.8466 0.4116 -0.3373
vn 0.8206 0.4195 -0.3881
vn 0.6000 0.4768 -0.6424
vn 0.5099 0.4281 -0.7461
vn 0.5381 0.2705 -0.7983
vn 0.6680 -0.0673 -0.7411
vn 0.4298 -0.5566 -0.7110
vn -0.0297 -0.9125 -0.4079
vn -0.0174 -0.9998 -0.0061
vn 0.4542 -0.8844 -0.1078
vn 0.6628 -0.7439 -0.0850
vn 0.8329 -0.5450 -0.0960
vn 0.9029 -0.3794 -0.2020
vn 0.8674 -0.3345 -0.3684
vn 0.7825 -0.3595 -0.5084
vn 0.5801 -0.4688 -0.6661
vn 0.2226 -0.5835 -0.7810
vn 0.4595 -0.5384 -0.7063
vn 0.4599 -0.7316 -0.5032
vn 0.5402 -0.8220 -0.1801
vn 0.3718 -0.9214 0.1134
vn 0.3277 -0.9177 0.2247
vn 0.3021 -0.9440 0.1325
vn 0.0040 -0.9714 -0.2376
vn -0.3350 -0.7803 -0.5282
vn -0.1145 -0.6651 -0.7379
vn -0.2501 -0.8395 -0.4823
vn 0.1188 -0.8780 -0.4636
vn 0.3646 -0.9242 -0.1138
vn 0.1038 -0.9820 0.1577
vn 0.3962 -0.7712 0.4982
vn 0.1092 -0.9349 0.3377
vn 0.0757 -0.9740 -0.2137
vn 0.1841 -0.9827 -0.0192
vn 0.5112 -0.7993 0.3160
vn 0.3220 -0.9139 0.2470
vn 0.6878 -0.6618 0.2982
vn 0.6409 -0.7538 0.1451
vn 0.6684 -0.7190 -0.1902
vn 0.4257 -0.7918 -0.4380
vn 0.4166 -0.7931 -0.4444
vn 0.2854 -0.9207 -0.2662
vn 0.2929 -0.9433 -0.1562
vn 0.2125 -0.9752 -0.0623
vn 0.1696 -0.9849 0.0337
vn 0.2218 -0.9582 0.1807
vn 0.2408 -0.9703 -0.0247
vn 0.2780 -0.9498 0.1434
vn 0.3281 -0.8549 0.4019
vn 0.5073 -0.7644 0.3979
vn 0.5277 -0.7989 0.2886
vn 0.2915 -0.9036 0.3138
vn 0.1059 -0.9118 0.3967
vn 0.1568 -0.9286 0.3362
vn 0.2377 -0.9323 0.2726
vn 0.2049 -0.9130 0.3528
vn 0.0184 -0.8781 0.4781
vn 0.3630 -0.8209 0.4409
vn 0.6174 -0.7706 0.1581
vn 0.3990 -0.8999 0.1760
vn 0.0527 -0.9612 0.2709
vn -0.2773 -0.9078 0.3146
vn -0.0783 -0.9085 0.4104
vn 0.2976 -0.7190 0.6281
vn 0.4645 -0.5699 0.6778
vn 0.2181 -0.5624 0.7976
vn 0.2700 -0.4105 0.8710
vn 0.6227 -0.0283 0.7820
vn 0.7997 0.1300 0.5861
vn 0.8802 -0.1950 0.4327
vn 0.4398 0.0414 0.8972
vn 0.2288 0.2436 0.9425
vn 0.2398 0.1945 0.9511
vn 0.1949 0.4433 0.8749
vn 0.3894 0.4883 0.7810
vn 0.2661 0.7068 0.6554
vn 0.2723 0.8079 0.5226
vn 0.1395 0.9008 0.4112
vn -0.1177 0.9517 0.2837
vn -0.3945 0.8641 0.3126
vn -0.0280 0.9089 0.4161
vn 0.2527 0.9317 0.2611
vn 0.4788 0.8759 0.0592
vn 0.3677 0.9291 0.0383
vn 0.0771 0.8987 0.4318
vn -0.2682 0.7717 0.5767
vn -0.5054 0.7228 0.4713
vn -0.4877 0.8726 0.0281
vn -0.2018 0.9787 0.0381
vn 0.0992 0.9898 0.1023
vn 0.1992 0.9109 0.3612
vn 0.2749 0.9557 0.1053
vn 0.2934 0.9349 0.1998
vn 0.2874 0.8518 0.4381
vn -0.0987 0.3610 0.9273
vn -0.0356 0.7772 0.6283
vn 0.1083 0.7855 0.6093
vn -0.0436 0.7425 0.6684
vn -0.1290 0.8403 0.5265
vn 0.0278 0.9517 0.3056
vn -0.2166 0.9650 0.1476
vn 0.6660 0.6453 0.3742
vn 0.7469 0.2710 0.6072
vn 0.6542 0.1154 0.7475
vn 0.4696 0.0690 0.8802
vn 0.3980 0.3474 0.8491
vn 0.2853 0.5521 0.7835
vn -0.3696 0.4939 0.7870
vn -0.3676 0.7196 0.5891
vn -0.4513 0.8176 0.3575
vn 0.0857 0.7002 0.7088
vn 0.5068 0.3703 0.7785
vn 0.5575 -0.0361 0.8294
vn 0.4664 -0.1581 0.8703
vn 0.1588 0.0041 0.9873
vn -0.2931 0.0275 0.9557
vn -0.5939 0.3633 0.7178
vn 0.1634 0.0582 0.9848
vn 0.3348 0.5396 0.7725
vn 0.3609 0.4070 0.8391
vn 0.4248 0.4809 0.7670
vn 0.5771 0.6891 0.4383
vn 0.3496 0.9237 -0.1569
vn 0.2191 0.9433 -0.2493
vn -0.1024 0.9565 -0.2730
vn -0.3381 0.9363 -0.0945
vn -0.4803 0.8277 0.2904
vn 0.4708 0.8465 0.2485
vn 0.6010 0.7887 0.1290
vn 0.6630 0.7482 0.0262
vn 0.6366 0.7619 -0.1196
vn 0.6603 0.7339 -0.1594
vn 0.3945 0.9089 -0.1352
vn 0.2881 0.8976 -0.3338
vn 0.1113 0.9938 -0.0047
vn 0.2190 0.9263 0.3067
vn 0.4654 0.8480 0.2534
vn 0.5713 0.8157 -0.0912
vn 0.4074 0.8189 -0.4042
vn 0.3929 0.9194 0.0152
vn 0.1166 0.9913 0.0614
vn 0.7417 0.6694 -0.0423
vn 0.7175 0.6930 0.0708
vn 0.8152 0.5777 -0.0413
vn 0.8827 0.4649 -0.0683
vn 0.8520 0.5035 -0.1437
vn 0.8182 0.5230 -0.2388
vn 0.7821 0.5115 -0.3561
vn 0.5066 0.6320 -0.5865
vn 0.2074 0.8537 -0.4776
vn 0.2462 0.9527 -0.1782
vn 0.5282 0.8491 0.0112
vn 0.8134 0.4573 -0.3596
vn 0.9129 0.4070 0.0329
vn 0.9483 0.2499 0.1957
vn 0.9612 0.2756 -0.0151
vn 0.8690 0.3170 0.3800
vn 0.9977 0.0620 0.0269
vn 0.8904 0.1742 0.4206
vn 0.9719 -0.0331 0.2333
vn 0.9814 -0.1842 0.0545
vn 0.9719 -0.1190 -0.2031
vn 0.9760 0.1490 -0.1589
vn 0.6596 0.4570 -0.5968
vn 0.7123 0.3491 -0.6089
vn 0.5422 0.3870 -0.7458
vn 0.8190 0.3588 -0.4478
vn 0.8740 0.2240 -0.4313
vn 0.9051 0.1119 -0.4102
vn 0.8395 -0.0670 -0.5391
vn 0.8437 -0.1036 -0.5268
vn 0.8546 -0.0678 -0.5149
vn 0.6912 0.2035 -0.6934
vn 0.7250 -0.2591 -0.6382
vn 0.2587 -0.6322 -0.7304
vn 0.2076 -0.9681 0.1406
vn 0.9156 -0.4022 -0.0032
vn 0.9691 -0.1406 -0.2026
vn 0.8738 -0.1606 -0.4591
vn 0.7261 -0.1361 -0.6740
vn 0.4377 -0.1273 -0.8900
vn 0.2552 -0.2771 -0.9263
vn 0.4621 -0.4040 -0.7895
vn 0.3378 -0.4941 -0.8011
vn 0.6703 -0.3222 -0.6685
vn 0.8994 -0.0429 -0.4350
vn 0.0212 -0.5865 -0.8097
vn -0.3322 -0.7932 -0.5105
vn -0.3389 -0.9330 -0.1210
vn -0.0262 -0.9983 0.0518
vn 0.4987 -0.8629 0.0825
vn 0.7245 -0.6879 0.0438
vn 0.8720 -0.4749 0.1187
vn 0.9781 -0.1970 0.0670
vn 0.9293 0.1121 -0.3520
vn 0.7794 0.0957 -0.6192
vn 0.5380 0.0363 -0.8422
vn 0.2894 0.0538 -0.9557
vn 0.3326 -0.1242 -0.9349
vn 0.1126 -0.3386 -0.9342
vn -0.1819 -0.4343 -0.8822
vn -0.4783 -0.5656 -0.6718
vn -0.4562 -0.7748 -0.4377
vn -0.1760 -0.9494 -0.2603
vn 0.3359 -0.9415 0.0256
vn 0.5179 -0.8187 -0.2480
vn 0.4885 -0.7274 -0.4819
vn 0.3162 -0.7402 -0.5934
vn 0.4633 -0.6939 -0.5512
vn 0.6843 -0.6078 -0.4029
vn 0.7617 -0.2849 -0.5819
vn 0.7403 0.0468 -0.6706
vn 0.5845 0.2215 -0.7806
vn 0.3565 0.2123 -0.9099
vn 0.2259 0.1374 -0.9644
vn 0.2037 -0.0821 -0.9756
vn -0.1204 -0.1648 -0.9790
vn -0.4138 -0.3047 -0.8578
vn -0.4337 -0.5664 -0.7007
vn -0.2350 -0.7868 -0.5708
vn 0.2147 -0.9615 -0.1716
vn 0.5294 -0.5189 -0.6712
vn 0.3624 -0.5542 -0.7494
vn 0.1506 -0.6172 -0.7722
vn 0.2856 -0.5402 -0.7916
vn 0.1443 -0.5270 -0.8375
vn 0.4095 -0.2135 -0.8870
vn 0.3596 0.0418 -0.9322
vn 0.1972 0.1861 -0.9625
vn 0.0436 0.0886 -0.9951
vn 0.0894 -0.8737 -0.4782
vn 0.1345 -0.5607 -0.8170
vn 0.3337 -0.4639 -0.8207
vn 0.4356 -0.3550 -0.8272
vn 0.3820 -0.3969 -0.8346
vn 0.1419 -0.4587 -0.8772
vn 0.2231 -0.4449 -0.8674
vn 0.2569 -0.2395 -0.9363
vn 0.0747 -0.0513 -0.9959
vn -0.1975 -0.0845 -0.9767
vn -0.2142 -0.3891 -0.8960
vn -0.0564 -0.5617 -0.8254
vn 0.4089 -0.3431 -0.8456
vn 0.5029 -0.3878 -0.7724
vn 0.3616 -0.3526 -0.8631
vn 0.3199 -0.4373 -0.8405
vn 0.4369 -0.4347 -0.7875
vn 0.1010 -0.3039 -0.9473
vn 0.9822 -0.1000 -0.1590
vn 0.9139 -0.4028 -0.0499
vn 0.8732 -0.4796 0.0860
vn 0.8425 -0.2676 -0.4675
vn 0.7315 -0.6241 -0.2746
vn 0.6622 -0.6329 -0.4012
vn 0.7381 -0.6015 -0.3057
vn 0.7124 -0.6955 -0.0941
vn 0.6567 -0.6730 0.3403
vn 0.6754 -0.7374 0.0098
vn 0.4907 -0.7864 0.3752
vn 0.4580 -0.8807 0.1209
vn 0.3702 -0.7402 0.5614
vn 0.5595 -0.5961 0.5759
vn 0.2163 -0.9186 0.3307
vn 0.7364 -0.4716 0.4851
vn 0.8988 -0.1582 0.4089
vn 0.4976 -0.2933 0.8163
vn 0.8482 -0.1593 0.5051
vn 0.8856 -0.4271 0.1822
vn 0.8171 -0.5199 -0.2491
vn 0.5878 -0.7987 -0.1287
vn 0.4544 -0.8811 0.1313
vn 0.3474 -0.9014 0.2583
vn 0.3595 -0.8914 0.2759
vn 0.3638 -0.8797 0.3063
vn 0.2693 -0.7601 0.5914
vn 0.3970 -0.6144 0.6819
vn 0.6817 -0.5854 0.4390
vn 0.7161 -0.6762 0.1733
vn 0.5021 -0.8350 0.2252
vn 0.2992 -0.8197 0.4884
vn 0.4100 -0.7257 0.5525
vn 0.4687 -0.5781 0.6679
vn 0.4954 -0.5807 0.6461
vn 0.4266 -0.5761 0.6972
vn 0.2820 -0.5161 0.8087
vn 0.3163 -0.1710 0.9331
vn 0.4829 0.1459 0.8634
vn 0.7271 0.4648 0.5052
vn 0.5618 0.5455 0.6219
vn 0.7416 0.4808 0.4679
vn 0.8900 0.2210 0.3988
vn 0.7183 0.0556 0.6935
vn 0.6024 -0.2746 0.7495
vn 0.6713 -0.4084 0.6185
vn 0.3775 -0.3271 0.8663
vn 0.2301 -0.0666 0.9709
vn 0.3894 -0.0600 0.9191
vn 0.5924 0.0044 0.8056
vn 0.6425 0.0004 0.7663
vn 0.6730 0.0582 0.7373
vn 0.7129 0.0252 0.7008
vn 0.5200 0.5685 0.6375
vn 0.4338 0.7347 0.5216
vn 0.5837 0.6586 0.4750
vn 0.3922 0.7908 0.4699
vn 0.2246 0.8872 0.4030
vn 0.6055 0.6354 0.4791
vn 0.6371 0.6358 0.4358
vn 0.7293 0.6503 0.2127
vn 0.8292 0.5585 0.0224
vn 0.9113 0.4023 -0.0872
vn 0.8872 0.3210 -0.3314
vn 0.7162 0.4736 -0.5126
vn 0.4842 0.8041 -0.3450
vn 0.4558 0.8848 0.0965
vn 0.5454 0.7404 0.3928
vn 0.6368 0.5245 0.5652
vn 0.7526 0.3688 0.5455
vn 0.7540 0.3832 0.5335
vn 0.8981 0.1769 0.4026
vn 0.9891 0.1189 0.0873
vn 0.9116 0.3956 -0.1118
vn 0.8910 0.4352 -0.1295
vn 0.9082 0.3705 -0.1947
vn 0.9182 0.2917 -0.2680
vn 0.8252 0.4520 -0.3388
vn 0.8070 0.2045 -0.5540
vn 0.7889 -0.1271 -0.6013
vn 0.8620 -0.1856 -0.4717
vn 0.9051 -0.1336 -0.4037
vn 0.8921 -0.2865 -0.3495
vn 0.8749 -0.3582 -0.3260
vn 0.8005 -0.5228 -0.2932
vn 0.6763 -0.7100 -0.1964
vn 0.1519 -0.9883 0.0115
vn 0.2534 -0.9629 -0.0932
vn 0.8155 -0.5778 -0.0345
vn 0.9600 -0.1848 0.2103
vn 0.9865 0.1533 0.0571
vn 0.8937 0.1029 0.4367
vn 0.9465 0.2566 0.1959
vn 0.9997 -0.0068 0.0252
vn 0.9184 -0.3000 -0.2581
vn 0.7888 -0.5651 -0.2418
vn 0.7018 -0.7105 -0.0524
vn 0.4763 -0.8394 0.2617
vn 0.5411 -0.7601 0.3598
vn 0.1482 -0.8481 0.5087
vn 0.1013 -0.6748 0.7310
vn 0.1435 -0.4002 0.9051
vn 0.5522 -0.3396 0.7614
vn 0.8661 -0.4002 0.2996
vn 0.7887 -0.6025 -0.1226
vn 0.5165 -0.8560 0.0229
vn 0.3149 -0.8964 0.3120
vn 0.5460 -0.4520 0.7054
vn 0.5896 -0.5084 0.6276
vn 0.5875 -0.4866 0.6465
vn 0.4756 -0.5476 0.6884
vn 0.3510 -0.4518 0.8202
vn 0.1473 0.1750 0.9735
vn 0.2311 0.6077 0.7598
vn 0.4420 0.7764 0.4493
vn 0.7190 0.3552 0.5974
vn 0.3006 0.0751 0.9508
vn 0.1789 -0.1432 0.9734
vn 0.3728 -0.5696 0.7325
vn 0.1103 -0.4932 0.8629
vn 0.1540 -0.2357 0.9595
vn 0.1981 -0.0923 0.9758
vn 0.4682 0.0453 0.8825
vn 0.7219 0.0022 0.6920
vn 0.6882 -0.1757 0.7039
vn 0.6258 -0.0942 0.7743
vn 0.5544 -0.3770 0.7420
vn 0.5176 -0.2810 0.8082
vn 0.5228 -0.0485 0.8511
vn 0.3521 -0.1014 0.9305
vn 0.2803 -0.1912 0.9407
vn -0.1735 0.3950 0.9021
vn -0.1116 0.6017 0.7909
vn 0.1979 0.7288 0.6555
vn 0.0738 0.5308 0.8442
vn 0.4668 0.5702 0.6760
vn -0.2148 -0.2369 0.9475
vn -0.0818 -0.4257 0.9012
vn -0.1397 0.0179 0.9900
vn 0.1970 0.0667 0.9781
vn -0.0219 0.1416 0.9897
vn -0.2298 0.1824 0.9560
vn -0.3430 0.3140 0.8853
vn -0.1796 0.4324 0.8836
vn -0.0038 0.1716 0.9852
vn -0.3346 0.1676 0.9273
vn -0.1941 -0.0078 0.9809
vn -0.4261 0.1767 0.8872
vn 0.7385 -0.2668 0.6192
vn 0.7253 -0.3029 0.6182
vn 0.7104 -0.1895 0.6778
vn 0.6784 -0.1701 0.7147
vn 0.7934 0.0355 0.6077
vn 0.7646 0.1040 0.6361
vn 0.9258 0.1492 0.3472
vn 0.7247 0.4986 0.4756
vn 0.7623 0.5090 0.3998
vn 0.8372 0.5411 0.0795
vn 0.9306 0.3568 0.0811
vn 0.9498 0.3060 0.0646
vn 0.9313 0.2218 0.2889
vn 0.9061 0.1894 0.3783
vn 0.9593 0.0932 0.2667
vn 0.8997 0.0850 0.4283
vn 0.9516 -0.0848 0.2955
vn 0.9024 -0.3087 0.3006
vn 0.8504 -0.4516 0.2698
vn 0.8689 -0.4684 0.1598
vn 0.8461 -0.5165 0.1320
vn 0.8970 -0.4209 0.1352
vn 0.7936 -0.5573 0.2442
vn 0.8084 -0.5407 0.2328
vn 0.5869 -0.7592 0.2813
vn 0.8252 -0.5346 0.1823
vn 0.7093 -0.6978 0.0998
vn 0.7545 -0.6062 -0.2515
vn 0.7029 -0.5064 -0.4995
vn 0.7558 -0.1971 -0.6244
vn 0.8554 0.1280 -0.5019
vn 0.9451 0.2518 -0.2083
vn 0.6417 0.0995 -0.7605
vn 0.4393 -0.1574 -0.8845
vn 0.3596 -0.4578 -0.8131
vn 0.4446 -0.6912 -0.5698
vn 0.8558 -0.5172 -0.0112
vn 0.9312 -0.2920 0.2184
vn 0.8760 -0.4317 0.2153
vn 0.8632 -0.4962 0.0935
vn 0.9233 -0.3478 0.1629
vn 0.9911 -0.1258 -0.0428
vn 0.9973 0.0737 0.0066
vn 0.9589 -0.1431 -0.2452
vn 0.9349 -0.3234 -0.1459
vn 0.6142 -0.7311 -0.2971
vn 0.6417 -0.3394 -0.6877
vn 0.3498 -0.4741 -0.8080
vn 0.0902 -0.6410 -0.7622
vn 0.0879 -0.8402 -0.5351
vn 0.3584 -0.8878 -0.2888
vn -0.0046 -0.9573 -0.2890
vn 0.3800 -0.7718 -0.5098
vn 0.6667 -0.6394 -0.3830
vn 0.9415 -0.3216 -0.1006
vn 0.8513 -0.3531 0.3882
vn 0.6045 -0.5858 0.5398
vn 0.5075 -0.6637 0.5495
vn 0.7830 -0.3504 0.5139
vn 0.8734 -0.1972 0.4454
vn 0.7861 -0.2032 0.5837
vn 0.7226 -0.1323 0.6785
vn 0.8099 0.0966 0.5785
vn 0.9471 0.0964 0.3060
vn 0.9354 -0.0155 0.3532
vn 0.7859 0.3133 0.5332
vn 0.8254 0.2097 0.5242
vn 0.8633 0.4484 0.2318
vn 0.8732 0.1919 0.4479
vn 0.8492 0.2004 0.4885
vn 0.8447 0.1939 0.4989
vn 0.8512 0.1810 0.4927
vn 0.8939 0.0135 0.4481
vn 0.8767 -0.0494 0.4786
vn 0.8628 0.0779 0.4995
vn 0.8155 -0.0953 0.5708
vn 0.8110 0.2737 0.5171
vn 0.8125 0.3967 0.4271
vn 0.9641 0.2207 0.1479
vn 0.9882 -0.1528 -0.0115
vn 0.7387 -0.0446 0.6725
vn 0.6340 -0.0952 0.7675
vn 0.6956 0.1811 0.6953
vn 0.6856 0.2826 0.6709
vn 0.6247 0.4432 0.6429
vn 0.8157 0.2213 0.5344
vn 0.7493 0.3557 0.5586
vn 0.8453 0.5340 0.0195
vn 0.9658 -0.0192 -0.2587
vn 0.8710 -0.4810 0.1002
vn 0.7831 -0.3821 0.4907
vn 0.3453 -0.3771 0.8594
vn 0.3944 -0.0775 0.9157
vn 0.2963 0.4052 0.8649
vn 0.4185 0.7362 0.5318
vn 0.5191 0.8097 0.2738
vn 0.5644 0.8242 -0.0462
vn 0.8973 0.3053 -0.3187
vn 0.9114 -0.3397 -0.2324
vn 0.6736 -0.6364 0.3758
vn 0.4783 -0.5676 0.6701
vn 0.1559 -0.4893 0.8581
vn 0.1457 0.1098 0.9832
vn -0.0226 0.4306 0.9023
vn 0.1534 0.6854 0.7119
vn 0.2324 0.8574 0.4591
vn 0.3906 0.9018 0.1850
vn 0.7572 0.6101 -0.2334
vn 0.9210 -0.0546 -0.3858
vn 0.8793 -0.4628 0.1120
vn 0.5752 -0.4969 0.6498
vn 0.2643 -0.4540 0.8509
vn 0.1948 -0.1554 0.9684
vn 0.0036 0.4261 0.9047
vn 0.2084 0.6904 0.6927
vn 0.4158 0.7776 0.4716
vn 0.6324 0.7746 -0.0056
vn 0.9100 0.3227 -0.2604
vn 0.9603 -0.2679 -0.0778
vn 0.8106 -0.4127 0.4153
vn 0.4075 -0.3041 0.8611
vn 0.2603 0.0846 0.9618
vn 0.1531 0.4116 0.8984
vn 0.6461 0.7102 0.2796
vn 0.8496 0.5274 0.0016
vn 0.9970 0.0737 -0.0220
vn 0.9393 -0.1774 0.2937
vn 0.7898 -0.1863 0.5843
vn 0.6296 -0.0723 0.7735
vn 0.5474 -0.1940 0.8141
vn 0.4760 -0.0243 0.8791
vn 0.3951 0.3511 0.8489
vn 0.5845 0.2461 0.7732
vn 0.5577 0.5340 0.6354
vn 0.7787 0.4531 0.4340
vn 0.8393 0.4707 0.2719
vn 0.9275 0.2953 0.2291
vn 0.9242 0.0923 0.3706
vn 0.9085 0.0396 0.4159
vn 0.7709 0.0976 0.6294
vn 0.6106 0.0925 0.7865
vn 0.7591 0.2029 0.6185
vn 0.9257 0.1494 0.3474
vn 0.9014 0.2063 0.3806
vn 0.8482 0.2268 0.4786
vn 0.7787 0.2600 0.5710
vn 0.8124 0.3377 0.4753
vn 0.8890 0.3133 0.3339
vn 0.8919 0.3532 0.2825
vn 0.7545 0.1684 0.6344
vn 0.9159 0.1604 0.3680
vn 0.9586 0.0817 0.2727
vn 0.9562 -0.0633 0.2858
vn 0.8453 0.0120 0.5342
vn 0.6941 0.1337 0.7074
vn 0.6352 0.4234 0.6460
vn 0.7889 0.5243 0.3204
vn 0.9215 0.3675 0.1258
vn 0.9863 0.1644 -0.0112
vn 0.9829 0.1830 0.0209
vn 0.8959 -0.1344 0.4235
vn 0.7214 0.2432 0.6485
vn 0.7130 0.5018 0.4896
vn 0.8834 0.3822 0.2711
vn 0.9663 0.0668 0.2485
vn 0.8841 0.0478 0.4649
vn 0.2576 -0.9651 0.0463
vn 0.2589 -0.9210 0.2910
vn -0.1850 -0.8800 0.4375
vn 0.4676 -0.2405 0.8506
vn 0.8104 -0.2401 0.5344
vn 0.9487 -0.3163 -0.0004
vn 0.3330 -0.8812 -0.3354
vn -0.0069 -0.9979 -0.0639
vn -0.4230 -0.9029 0.0761
vn -0.2667 -0.6192 0.7386
vn -0.1943 -0.5457 0.8152
vn 0.0387 -0.7188 0.6941
vn 0.1438 -0.4453 0.8837
vn 0.4999 -0.4178 0.7586
vn 0.7031 -0.5574 0.4415
vn 0.3466 -0.8546 0.3866
vn -0.1168 -0.9875 0.1061
vn 0.0537 -0.9912 -0.1211
vn -0.2135 -0.9163 0.3388
vn -0.3882 -0.9202 0.0499
vn -0.3407 -0.8937 -0.2918
vn -0.0282 -0.8553 -0.5174
vn 0.3264 -0.7315 -0.5987
vn 0.6482 -0.6058 -0.4614
vn 0.0136 -0.9016 -0.4323
vn 0.8697 -0.4879 -0.0751
vn 0.8729 -0.4002 -0.2789
vn -0.4943 -0.7373 0.4604
vn -0.3597 -0.7823 0.5086
vn 0.9384 -0.2052 -0.2780
vn 0.8805 0.0665 -0.4693
vn 0.7932 0.6021 0.0907
vn 0.7121 0.5535 0.4319
vn 0.8509 0.4265 0.3067
vn 0.8563 0.4949 0.1477
vn 0.9722 -0.1896 -0.1373
vn 0.6195 0.6576 -0.4287
vn 0.2944 0.8126 -0.5030
vn 0.0656 0.7330 -0.6771
vn 0.3034 0.5569 -0.7732
vn 0.6749 0.4811 -0.5595
vn -0.2287 -0.8827 0.4105
vn 0.0178 -0.8527 0.5220
vn 0.2567 -0.8866 0.3847
vn 0.3183 -0.7578 0.5696
vn 0.2959 -0.6209 0.7259
vn 0.2801 -0.7836 0.5546
vn 0.5713 -0.6189 0.5390
vn 0.7359 -0.6106 0.2925
vn 0.4561 -0.8090 0.3709
vn 0.1873 -0.9693 0.1595
vn -0.2153 -0.9763 -0.0224
vn -0.5379 -0.8430 0.0051
vn -0.2618 -0.9650 -0.0179
vn -0.3309 -0.7097 0.6219
vn 0.0839 -0.6852 0.7235
vn 0.2866 -0.3111 0.9061
vn 0.4432 -0.4431 0.7792
vn 0.6522 -0.5350 0.5370
vn 0.4469 -0.5463 0.7084
vn 0.3822 -0.7214 0.5775
vn 0.2849 -0.6425 0.7114
vn 0.3239 -0.7702 0.5494
vn 0.2377 -0.8934 0.3813
vn -0.0420 -0.9128 0.4063
vn -0.1211 -0.9657 0.2297
vn -0.2599 -0.8884 0.3785
vn -0.4361 -0.8639 0.2519
vn -0.5494 -0.7244 0.4164
vn -0.6412 -0.6447 0.4162
vn -0.3922 -0.6139 0.6851
vn -0.2040 -0.5245 0.8266
vn 0.0952 -0.4591 0.8832
vn 0.3721 -0.3603 0.8554
vn -0.5391 -0.8084 0.2363
vn 0.1115 -0.9814 -0.1560
vn 0.4647 -0.8853 -0.0165
vn 0.2210 -0.9485 -0.2272
vn 0.1894 -0.8921 -0.4102
vn 0.2612 -0.7672 -0.5858
vn 0.0558 -0.6860 -0.7255
vn 0.3061 -0.9519 0.0092
vn 0.4981 0.7876 -0.3628
vn -0.2866 -0.9436 -0.1657
vn -0.0995 -0.7791 -0.6190
vn 0.3101 -0.9462 -0.0929
vn 0.0623 -0.9378 -0.3417
vn -0.2026 -0.9197 -0.3362
vn -0.1919 -0.9171 -0.3493
vn -0.1066 -0.7943 -0.5981
vn 0.1238 -0.7857 -0.6061
vn -0.0989 -0.9291 -0.3564
vn -0.3439 -0.9111 -0.2274
vn -0.2288 -0.5980 -0.7681
vn -0.1626 -0.8108 -0.5622
vn 0.0111 -0.9671 -0.2541
vn 0.0679 -0.4443 -0.8933
vn -0.4667 -0.7060 0.5327
vn 0.1936 -0.9251 -0.3267
vn 0.3095 -0.8251 -0.4727
vn 0.3461 -0.7640 -0.5445
vn 0.5359 -0.5858 -0.6080
vn 0.2028 0.9792 0.0066
vn 0.1540 0.9752 -0.1588
vn 0.2525 0.9233 -0.2896
vn 0.2126 0.7943 -0.5691
vn -0.5846 0.6125 -0.5321
vn -0.7389 0.6029 -0.3009
vn -0.5434 0.4047 -0.7355
vn -0.3607 0.8300 -0.4255
vt 0.312742 0.615601
vt 0.320554 0.599468
vt 0.340706 0.615914
vt 0.332617 0.631539
vt 0.305341 0.584857
vt 0.295506 0.604334
vt 0.020809 0.658918
vt 0.047619 0.658071
vt 0.030609 0.627356
vt 0.024642 0.618374
vt 0.033219 0.613239
vt 0.018971 0.680808
vt 0.036341 0.674205
vt 0.054200 0.680030
vt 0.037286 0.681997
vt 0.394865 0.624698
vt 0.393990 0.643851
vt 0.363906 0.634464
vt 0.058938 0.621390
vt 0.054960 0.637692
vt 0.048535 0.623504
vt 0.043531 0.607399
vt 0.073104 0.612106
vt 0.070638 0.634606
vt 0.053691 0.601056
vt 0.293883 0.585250
vt 0.011527 0.645320
vt 0.023867 0.647205
vt 0.040970 0.650196
vt 0.056036 0.674642
vt 0.051698 0.666631
vt 0.064193 0.670894
vt 0.293520 0.141445
vt 0.307166 0.130789
vt 0.307760 0.653956
vt 0.077358 0.903056
vt 0.060290 0.905076
vt 0.038799 0.697537
vt 0.092809 0.896842
vt 0.368329 0.613791
vt 0.326380 0.591716
vt 0.348989 0.600165
vt 0.073060 0.698716
vt 0.052055 0.687722
vt 0.076922 0.694084
vt 0.447253 0.157116
vt 0.472496 0.145488
vt 0.495012 0.156411
vt 0.470789 0.160252
vt 0.437550 0.141227
vt 0.417491 0.133020
vt 0.421420 0.121866
vt 0.440831 0.125936
vt 0.151709 0.572288
vt 0.148988 0.604055
vt 0.126519 0.619140
vt 0.130708 0.590856
vt 0.011995 0.612890
vt 0.018750 0.603096
vt 0.352626 0.182117
vt 0.009152 0.605092
vt 0.340100 0.191686
vt 0.336967 0.183770
vt 0.057738 0.656102
vt 0.468593 0.464424
vt 0.448087 0.460797
vt 0.468210 0.456895
vt 0.467975 0.071678
vt 0.464558 0.090263
vt 0.448775 0.093543
vt 0.447826 0.078979
vt 0.496252 0.146718
vt 0.042236 0.939298
vt 0.392051 0.604320
vt 0.110570 0.961688
vt 0.114281 0.966844
vt 0.099316 0.973497
vt 0.364859 0.094340
vt 0.390570 0.096270
vt 0.388910 0.104990
vt 0.370994 0.105543
vt 0.753784 0.575326
vt 0.756864 0.564295
vt 0.074306 0.005245
vt 0.024201 0.071272
vt 0.494923 0.675966
vt 0.472429 0.644512
vt 0.500440 0.664738
vt 0.419258 0.626196
vt 0.422827 0.608255
vt 0.445672 0.620186
vt 0.442035 0.635065
vt 0.435059 0.602975
vt 0.418747 0.595505
vt 0.430616 0.440245
vt 0.440442 0.576389
vt 0.504683 0.119791
vt 0.503096 0.135077
vt 0.492723 0.123526
vt 0.500425 0.104842
vt 0.512807 0.147158
vt 0.510936 0.132406
vt 0.070274 0.445397
vt 0.511611 0.176700
vt 0.726518 0.717170
vt 0.722401 0.720571
vt 0.513890 0.171953
vt 0.431098 0.088870
vt 0.438257 0.102496
vt 0.208710 0.940492
vt 0.207436 0.960468
vt 0.190064 0.964423
vt 0.189945 0.942669
vt 0.415819 0.644985
vt 0.106877 0.954093
vt 0.109914 0.947927
vt 0.112545 0.955944
vt 0.412454 0.674036
vt 0.402981 0.690368
vt 0.402038 0.676748
vt 0.328589 0.109414
vt 0.323320 0.136264
vt 0.117151 0.960144
vt 0.118012 0.947429
vt 0.124011 0.948513
vt 0.301139 0.607261
vt 0.308997 0.599605
vt 0.348156 0.135977
vt 0.354041 0.116866
vt 0.346022 0.097835
vt 0.325687 0.093394
vt 0.223065 0.072092
vt 0.239957 0.060463
vt 0.225198 0.075406
vt 0.346590 0.091681
vt 0.312794 0.082415
vt 0.316629 0.075882
vt 0.183186 0.934084
vt 0.202976 0.930088
vt 0.505002 0.035413
vt 0.496306 0.031693
vt 0.630066 0.239054
vt 0.306471 0.088376
vt 0.304750 0.116003
vt 0.164354 0.947234
vt 0.279911 0.073447
vt 0.487234 0.106043
vt 0.479698 0.116936
vt 0.976788 0.976012
vt 0.524174 0.248097
vt 0.592307 0.711770
vt 0.959095 0.993170
vt 0.086347 0.915027
vt 0.102052 0.910804
vt 0.105345 0.923408
vt 0.094617 0.930495
vt 0.179566 0.984967
vt 0.184173 0.976651
vt 0.196485 0.981916
vt 0.179936 0.957124
vt 0.345323 0.075318
vt 0.371702 0.080346
vt 0.081346 0.689551
vt 0.077393 0.664877
vt 0.562729 0.448031
vt 0.542158 0.450350
vt 0.557543 0.425815
vt 0.381535 0.062011
vt 0.391654 0.059184
vt 0.375579 0.067988
vt 0.898879 0.115568
vt 0.897443 0.085318
vt 0.504783 0.656587
vt 0.898871 0.145067
vt 0.475969 0.054527
vt 0.470774 0.043086
vt 0.484259 0.035837
vt 0.485307 0.045482
vt 0.448965 0.062304
vt 0.464172 0.055580
vt 0.469101 0.477224
vt 0.447238 0.474762
vt 0.446283 0.593852
vt 0.424889 0.449273
vt 0.435781 0.463367
vt 0.455696 0.579104
vt 0.476227 0.639404
vt 0.460138 0.621262
vt 0.460939 0.600122
vt 0.480898 0.636428
vt 0.052801 0.027022
vt 0.862069 0.046618
vt 0.063053 0.002361
vt 0.672595 0.645600
vt 0.689799 0.645866
vt 0.693019 0.671621
vt 0.554152 0.612035
vt 0.235210 0.777764
vt 0.219672 0.763298
vt 0.240661 0.765075
vt 0.940087 0.897725
vt 0.937326 0.877163
vt 0.170980 0.522741
vt 0.883900 0.908268
vt 0.907133 0.913992
vt 0.902177 0.919326
vt 0.123364 0.109264
vt 0.113050 0.099207
vt 0.142646 0.096102
vt 0.062242 0.032587
vt 0.057275 0.029674
vt 0.461848 0.663721
vt 0.485956 0.690245
vt 0.490560 0.683262
vt 0.030252 0.090190
vt 0.133099 0.507770
vt 0.118454 0.491854
vt 0.126322 0.481457
vt 0.138567 0.489656
vt 0.354832 0.103463
vt 0.409257 0.695160
vt 0.431921 0.685663
vt 0.432643 0.694603
vt 0.412770 0.701758
vt 0.399585 0.704195
vt 0.243407 0.067989
vt 0.228555 0.080989
vt 0.406647 0.944481
vt 0.899740 0.928054
vt 0.694046 0.583711
vt 0.679855 0.601595
vt 0.602990 0.679916
vt 0.610683 0.667338
vt 0.625956 0.669281
vt 0.703008 0.586599
vt 0.688749 0.612394
vt 0.685522 0.608127
vt 0.605051 0.434271
vt 0.620123 0.434176
vt 0.612537 0.459072
vt 0.602737 0.482952
vt 0.603509 0.496842
vt 0.584938 0.492573
vt 0.928682 0.842656
vt 0.336218 0.909602
vt 0.647030 0.421649
vt 0.945823 0.820591
vt 0.593035 0.915781
vt 0.301315 0.047227
vt 0.574475 0.951480
vt 0.576021 0.931739
vt 0.383893 0.656107
vt 0.590188 0.239527
vt 0.591565 0.246508
vt 0.577949 0.249718
vt 0.458418 0.043967
vt 0.440432 0.065848
vt 0.446378 0.051771
vt 0.438751 0.074982
vt 0.446138 0.034599
vt 0.439905 0.030109
vt 0.456634 0.021770
vt 0.445271 0.042506
vt 0.456436 0.034410
vt 0.474785 0.535589
vt 0.464236 0.514807
vt 0.486957 0.506760
vt 0.368238 0.073395
vt 0.365801 0.066885
vt 0.258694 0.061023
vt 0.468562 0.017768
vt 0.469664 0.030300
vt 0.690816 0.260506
vt 0.456087 0.006316
vt 0.702464 0.234868
vt 0.173526 0.801191
vt 0.188439 0.808957
vt 0.182314 0.820622
vt 0.289621 0.902075
vt 0.297313 0.907986
vt 0.282275 0.908854
vt 0.115209 0.929992
vt 0.106054 0.943247
vt 0.630212 0.584570
vt 0.646587 0.581435
vt 0.459501 0.535069
vt 0.437942 0.533922
vt 0.439732 0.504205
vt 0.650739 0.588221
vt 0.295597 0.894596
vt 0.308805 0.891147
vt 0.624567 0.566573
vt 0.457744 0.558524
vt 0.485756 0.546146
vt 0.321912 0.929309
vt 0.301528 0.931857
vt 0.309346 0.917084
vt 0.322771 0.906585
vt 0.323277 0.009248
vt 0.331665 0.021009
vt 0.320152 0.016100
vt 0.567859 0.501861
vt 0.555581 0.517834
vt 0.530651 0.533631
vt 0.546068 0.506676
vt 0.615176 0.264606
vt 0.533269 0.024636
vt 0.619919 0.262538
vt 0.759173 0.677484
vt 0.770141 0.660508
vt 0.783459 0.651107
vt 0.782186 0.671229
vt 0.711509 0.695193
vt 0.516210 0.167069
vt 0.717037 0.724091
vt 0.030180 0.195320
vt 0.022819 0.181554
vt 0.027719 0.169530
vt 0.039104 0.181741
vt 0.145859 0.636863
vt 0.119021 0.646735
vt 0.160373 0.904187
vt 0.184129 0.896362
vt 0.203585 0.905576
vt 0.219655 0.068082
vt 0.487419 0.071852
vt 0.486867 0.058613
vt 0.496257 0.051380
vt 0.979279 0.918463
vt 0.978180 0.924977
vt 0.015587 0.230021
vt 0.546186 0.029189
vt 0.536235 0.033690
vt 0.605217 0.244691
vt 0.602990 0.254153
vt 0.555414 0.255605
vt 0.553171 0.248590
vt 0.573518 0.244135
vt 0.592614 0.254437
vt 0.611256 0.266202
vt 0.607691 0.268827
vt 0.565338 0.255413
vt 0.585334 0.237122
vt 0.388645 0.934968
vt 0.381181 0.922620
vt 0.392772 0.928809
vt 0.406252 0.936965
vt 0.464839 0.008612
vt 0.280769 0.426229
vt 0.281396 0.413194
vt 0.285012 0.402281
vt 0.592211 0.265589
vt 0.586385 0.274952
vt 0.577751 0.282418
vt 0.577063 0.267517
vt 0.771325 0.512640
vt 0.761808 0.529218
vt 0.751806 0.525516
vt 0.047896 0.217170
vt 0.035595 0.231490
vt 0.030974 0.225532
vt 0.605762 0.283759
vt 0.598009 0.275101
vt 0.634610 0.277180
vt 0.519275 0.022109
vt 0.627659 0.257768
vt 0.304173 0.028407
vt 0.314927 0.020424
vt 0.320230 0.029656
vt 0.312141 0.038753
vt 0.518650 0.117317
vt 0.524081 0.127901
vt 0.518077 0.129917
vt 0.454239 0.105147
vt 0.622572 0.278324
vt 0.568894 0.298539
vt 0.567150 0.284381
vt 0.576620 0.303783
vt 0.543923 0.035968
vt 0.535045 0.045752
vt 0.316881 0.011197
vt 0.307584 0.012767
vt 0.477343 0.076818
vt 0.486168 0.084414
vt 0.972876 0.927068
vt 0.942867 0.943693
vt 0.942754 0.935069
vt 0.951658 0.945674
vt 0.838272 0.771181
vt 0.841088 0.754785
vt 0.846843 0.771318
vt 0.838936 0.788233
vt 0.546990 0.679370
vt 0.549283 0.653153
vt 0.561119 0.654231
vt 0.600345 0.637957
vt 0.593459 0.653239
vt 0.569835 0.640675
vt 0.580762 0.624604
vt 0.649728 0.675549
vt 0.649740 0.659195
vt 0.670232 0.672906
vt 0.291038 0.882923
vt 0.288086 0.890956
vt 0.281848 0.880107
vt 0.698540 0.290929
vt 0.674094 0.285051
vt 0.674234 0.269491
vt 0.556752 0.265553
vt 0.554155 0.286268
vt 0.540104 0.288527
vt 0.535073 0.267719
vt 0.486059 0.561283
vt 0.498026 0.553116
vt 0.925681 0.223807
vt 0.934965 0.223532
vt 0.926214 0.235166
vt 0.861165 0.409862
vt 0.495110 0.575431
vt 0.839529 0.430995
vt 0.836119 0.404212
vt 0.642080 0.528049
vt 0.656220 0.539816
vt 0.638926 0.551863
vt 0.624371 0.537999
vt 0.283177 0.922715
vt 0.503120 0.930384
vt 0.521822 0.922655
vt 0.532102 0.941318
vt 0.512997 0.951376
vt 0.920014 0.196892
vt 0.917963 0.191592
vt 0.924316 0.195429
vt 0.932539 0.849526
vt 0.911474 0.863531
vt 0.259371 0.734275
vt 0.262944 0.732450
vt 0.587396 0.583857
vt 0.855848 0.923809
vt 0.859636 0.911658
vt 0.869725 0.917791
vt 0.846036 0.941254
vt 0.871087 0.925207
vt 0.278547 0.669005
vt 0.482475 0.916757
vt 0.487923 0.893610
vt 0.507296 0.908136
vt 0.846040 0.863674
vt 0.225923 0.450794
vt 0.859837 0.858892
vt 0.860255 0.885172
vt 0.600169 0.308608
vt 0.588230 0.307265
vt 0.595004 0.299238
vt 0.606409 0.296846
vt 0.260705 0.912920
vt 0.267435 0.919035
vt 0.256289 0.919051
vt 0.292768 0.874088
vt 0.302813 0.877536
vt 0.113111 0.844096
vt 0.133556 0.863990
vt 0.123613 0.878287
vt 0.103021 0.866805
vt 0.511667 0.280813
vt 0.524650 0.312527
vt 0.496510 0.294676
vt 0.566958 0.689291
vt 0.374184 0.891303
vt 0.373952 0.875172
vt 0.385805 0.865411
vt 0.384618 0.878983
vt 0.236360 0.464721
vt 0.218282 0.455306
vt 0.134585 0.877305
vt 0.834187 0.101039
vt 0.832039 0.096414
vt 0.842586 0.098729
vt 0.246790 0.592948
vt 0.764582 0.382841
vt 0.786186 0.386860
vt 0.607475 0.686353
vt 0.522380 0.261576
vt 0.581954 0.703202
vt 0.595532 0.290014
vt 0.583257 0.291905
vt 0.583084 0.281366
vt 0.592852 0.280014
vt 0.567454 0.304078
vt 0.563536 0.285869
vt 0.579255 0.297566
vt 0.893311 0.208646
vt 0.905278 0.195662
vt 0.914634 0.207114
vt 0.908465 0.216817
vt 0.538401 0.860142
vt 0.523119 0.861925
vt 0.536691 0.844813
vt 0.918469 0.211959
vt 0.913638 0.233433
vt 0.836071 0.106860
vt 0.830221 0.110789
vt 0.677087 0.252737
vt 0.721272 0.316502
vt 0.719151 0.281447
vt 0.745636 0.290061
vt 0.755792 0.313220
vt 0.647826 0.295362
vt 0.689237 0.313865
vt 0.654965 0.326715
vt 0.161662 0.412881
vt 0.144117 0.419155
vt 0.131416 0.412895
vt 0.034265 0.082989
vt 0.029054 0.077840
vt 0.047610 0.072869
vt 0.052615 0.059279
vt 0.041909 0.051415
vt 0.067215 0.080410
vt 0.049248 0.086374
vt 0.063623 0.064861
vt 0.817101 0.845737
vt 0.839387 0.842475
vt 0.539087 0.618214
vt 0.795498 0.857130
vt 0.449373 0.878085
vt 0.445519 0.863911
vt 0.459709 0.875651
vt 0.458678 0.898187
vt 0.766506 0.302598
vt 0.067866 0.382255
vt 0.770984 0.313657
vt 0.749776 0.651917
vt 0.746274 0.642400
vt 0.757129 0.648278
vt 0.764509 0.645469
vt 0.775556 0.638137
vt 0.857068 0.928350
vt 0.888812 0.881348
vt 0.885046 0.857252
vt 0.211095 0.458983
vt 0.864783 0.841775
vt 0.305540 0.336367
vt 0.309398 0.318670
vt 0.310811 0.334741
vt 0.841259 0.938967
vt 0.258650 0.684065
vt 0.248808 0.701888
vt 0.245621 0.679763
vt 0.250452 0.571345
vt 0.204513 0.472095
vt 0.212586 0.470482
vt 0.237862 0.894484
vt 0.229978 0.566859
vt 0.764444 0.392904
vt 0.926652 0.246283
vt 0.059196 0.271208
vt 0.060103 0.257092
vt 0.073398 0.245812
vt 0.054356 0.256284
vt 0.067816 0.242647
vt 0.048772 0.322178
vt 0.066963 0.347179
vt 0.786806 0.293109
vt 0.480961 0.883545
vt 0.496274 0.885941
vt 0.211938 0.511272
vt 0.226341 0.488684
vt 0.232462 0.522405
vt 0.203336 0.534767
vt 0.141489 0.304079
vt 0.126117 0.290167
vt 0.154539 0.289218
vt 0.283166 0.943455
vt 0.906637 0.847322
vt 0.247871 0.922685
vt 0.249675 0.913564
vt 0.777069 0.803971
vt 0.758560 0.801822
vt 0.759443 0.786123
vt 0.772233 0.788964
vt 0.575512 0.311329
vt 0.557003 0.318613
vt 0.569007 0.316049
vt 0.574331 0.333140
vt 0.564170 0.342743
vt 0.238398 0.859098
vt 0.044747 0.253232
vt 0.044275 0.262372
vt 0.023224 0.267536
vt 0.067931 0.314859
vt 0.087515 0.334433
vt 0.087627 0.367302
vt 0.090232 0.223496
vt 0.232858 0.809454
vt 0.085352 0.221159
vt 0.259085 0.006579
vt 0.003859 0.266496
vt 0.202547 0.636959
vt 0.180246 0.659475
vt 0.177586 0.651961
vt 0.773405 0.295731
vt 0.735743 0.269426
vt 0.480692 0.859667
vt 0.430020 0.872750
vt 0.430283 0.860733
vt 0.640094 0.269409
vt 0.655253 0.277942
vt 0.288677 0.135949
vt 0.313980 0.663992
vt 0.335218 0.646505
vt 0.717644 0.634856
vt 0.718518 0.646919
vt 0.179094 0.785700
vt 0.196616 0.792584
vt 0.193216 0.799510
vt 0.749120 0.545453
vt 0.739642 0.552053
vt 0.735077 0.539142
vt 0.141169 0.899571
vt 0.147907 0.886470
vt 0.639005 0.741367
vt 0.646470 0.739116
vt 0.640794 0.749242
vt 0.779197 0.367730
vt 0.777538 0.377649
vt 0.763776 0.367996
vt 0.775028 0.358791
vt 0.271269 0.589783
vt 0.274494 0.570973
vt 0.758229 0.355045
vt 0.819836 0.368636
vt 0.811731 0.387191
vt 0.789945 0.373883
vt 0.803113 0.354667
vt 0.237715 0.654976
vt 0.242608 0.666897
vt 0.226309 0.676354
vt 0.222586 0.658706
vt 0.226837 0.703111
vt 0.214864 0.690565
vt 0.255198 0.650575
vt 0.736162 0.684281
vt 0.230483 0.645737
vt 0.222057 0.735295
vt 0.231331 0.725456
vt 0.245764 0.738930
vt 0.729668 0.557283
vt 0.730011 0.565527
vt 0.222191 0.748509
vt 0.572103 0.596871
vt 0.174700 0.718147
vt 0.173150 0.707677
vt 0.179979 0.707166
vt 0.255401 0.736210
vt 0.580682 0.587891
vt 0.708867 0.500787
vt 0.709507 0.510968
vt 0.698310 0.502610
vt 0.148241 0.373112
vt 0.151601 0.384201
vt 0.137381 0.386300
vt 0.199252 0.808228
vt 0.282838 0.564554
vt 0.277646 0.553645
vt 0.266137 0.549746
vt 0.263541 0.563893
vt 0.300499 0.558359
vt 0.289923 0.551046
vt 0.301723 0.534120
vt 0.314804 0.542267
vt 0.283319 0.582691
vt 0.288892 0.566705
vt 0.757642 0.346020
vt 0.771065 0.349167
vt 0.892933 0.231308
vt 0.803713 0.404952
vt 0.081646 0.110591
vt 0.075076 0.120304
vt 0.053248 0.105924
vt 0.058176 0.097231
vt 0.142709 0.140306
vt 0.133980 0.138230
vt 0.143793 0.130588
vt 0.100610 0.122768
vt 0.111640 0.125622
vt 0.798899 0.507548
vt 0.800904 0.529898
vt 0.799622 0.554637
vt 0.788301 0.531114
vt 0.743450 0.533315
vt 0.729889 0.524944
vt 0.209574 0.619414
vt 0.291489 0.402134
vt 0.213460 0.603963
vt 0.576416 0.365850
vt 0.569842 0.361920
vt 0.578254 0.350559
vt 0.811692 0.801839
vt 0.804656 0.802392
vt 0.808991 0.792451
vt 0.815797 0.791516
vt 0.253865 0.545373
vt 0.618365 0.731827
vt 0.619349 0.713984
vt 0.638484 0.714540
vt 0.635728 0.726888
vt 0.684798 0.746089
vt 0.674160 0.729575
vt 0.670152 0.708796
vt 0.147337 0.439840
vt 0.808589 0.810230
vt 0.816444 0.801866
vt 0.626080 0.410341
vt 0.625744 0.380028
vt 0.633639 0.381762
vt 0.363696 0.197435
vt 0.645400 0.360462
vt 0.598970 0.726075
vt 0.627032 0.296116
vt 0.631275 0.282535
vt 0.078621 0.056807
vt 0.096704 0.066725
vt 0.090134 0.090634
vt 0.932648 0.748934
vt 0.940765 0.733954
vt 0.948661 0.739163
vt 0.129681 0.062146
vt 0.107131 0.048064
vt 0.818692 0.573172
vt 0.942419 0.760567
vt 0.728349 0.470911
vt 0.717549 0.492202
vt 0.697415 0.492193
vt 0.710874 0.481081
vt 0.114062 0.291779
vt 0.106988 0.311182
vt 0.102060 0.277577
vt 0.189462 0.301719
vt 0.184928 0.324890
vt 0.161861 0.330432
vt 0.156950 0.303193
vt 0.715646 0.542156
vt 0.687068 0.537068
vt 0.144388 0.426515
vt 0.173770 0.419809
vt 0.142366 0.396667
vt 0.106136 0.406282
vt 0.121967 0.389536
vt 0.664262 0.347874
vt 0.651892 0.366015
vt 0.128994 0.305835
vt 0.134967 0.337196
vt 0.110678 0.341721
vt 0.766871 0.539519
vt 0.026538 0.436682
vt 0.022200 0.428523
vt 0.035541 0.432863
vt 0.273850 0.432575
vt 0.268430 0.441258
vt 0.290664 0.433203
vt 0.285259 0.435163
vt 0.098721 0.214602
vt 0.104864 0.217242
vt 0.090591 0.239581
vt 0.085408 0.235816
vt 0.199458 0.786848
vt 0.110236 0.162840
vt 0.119212 0.183390
vt 0.098748 0.169595
vt 0.091647 0.143477
vt 0.147559 0.112722
vt 0.162505 0.107842
vt 0.726435 0.502314
vt 0.761485 0.484008
vt 0.123534 0.129300
vt 0.557024 0.350828
vt 0.550884 0.355840
vt 0.540233 0.324154
vt 0.547367 0.321929
vt 0.571032 0.352910
vt 0.564538 0.367283
vt 0.674270 0.512624
vt 0.659130 0.519846
vt 0.648435 0.511017
vt 0.621732 0.323663
vt 0.630778 0.341615
vt 0.613889 0.349582
vt 0.512016 0.321698
vt 0.532297 0.345399
vt 0.743192 0.478069
vt 0.741386 0.453335
vt 0.920837 0.531185
vt 0.927027 0.545746
vt 0.919532 0.553597
vt 0.911586 0.541586
vt 0.208521 0.726821
vt 0.205511 0.705232
vt 0.201950 0.678283
vt 0.184121 0.683577
vt 0.160672 0.676172
vt 0.121126 0.030174
vt 0.138385 0.038080
vt 0.805316 0.221488
vt 0.194244 0.655443
vt 0.167457 0.668845
vt 0.034471 0.420553
vt 0.748988 0.620899
vt 0.742837 0.633187
vt 0.729141 0.639599
vt 0.730400 0.619194
vt 0.168522 0.089964
vt 0.167047 0.096095
vt 0.143859 0.081779
vt 0.795796 0.344639
vt 0.808678 0.320791
vt 0.816904 0.337755
vt 0.534130 0.784233
vt 0.506251 0.770574
vt 0.524669 0.739383
vt 0.541214 0.760654
vt 0.309172 0.495798
vt 0.292741 0.484216
vt 0.294922 0.466255
vt 0.308115 0.479628
vt 0.318956 0.495893
vt 0.323694 0.488512
vt 0.332638 0.503902
vt 0.774648 0.532328
vt 0.770670 0.526915
vt 0.698237 0.497165
vt 0.779505 0.516786
vt 0.779958 0.502529
vt 0.893393 0.742700
vt 0.907367 0.744860
vt 0.918154 0.752057
vt 0.901003 0.755998
vt 0.006276 0.416228
vt 0.009282 0.394205
vt 0.017719 0.399714
vt 0.931562 0.206263
vt 0.939776 0.213307
vt 0.925371 0.213801
vt 0.216718 0.603969
vt 0.217371 0.628522
vt 0.211468 0.633599
vt 0.288222 0.402302
vt 0.192577 0.628249
vt 0.295220 0.402109
vt 0.025292 0.387889
vt 0.030199 0.397738
vt 0.181186 0.131373
vt 0.193441 0.144175
vt 0.191160 0.160099
vt 0.177451 0.150935
vt 0.645056 0.732139
vt 0.628917 0.735936
vt 0.897618 0.729075
vt 0.907326 0.728075
vt 0.602171 0.504857
vt 0.185201 0.559005
vt 0.332862 0.337785
vt 0.327998 0.327451
vt 0.340982 0.329577
vt 0.784787 0.558867
vt 0.780215 0.531790
vt 0.174144 0.390603
vt 0.161873 0.376478
vt 0.180353 0.379542
vt 0.651120 0.753911
vt 0.659756 0.736271
vt 0.666808 0.745321
vt 0.323811 0.546823
vt 0.313451 0.554180
vt 0.350702 0.552768
vt 0.335532 0.545973
vt 0.343583 0.533932
vt 0.357250 0.546230
vt 0.001983 0.404783
vt 0.017000 0.389715
vt 0.029718 0.379135
vt 0.257342 0.532943
vt 0.240196 0.543193
vt 0.790553 0.280386
vt 0.074963 0.417566
vt 0.066762 0.400716
vt 0.359123 0.580747
vt 0.932191 0.715213
vt 0.929662 0.721622
vt 0.916697 0.712958
vt 0.917601 0.707078
vt 0.938004 0.724505
vt 0.310383 0.518153
vt 0.318697 0.509524
vt 0.325410 0.523961
vt 0.730336 0.046382
vt 0.738742 0.062433
vt 0.716807 0.076786
vt 0.361223 0.261022
vt 0.345937 0.248077
vt 0.368429 0.253867
vt 0.140033 0.171997
vt 0.135365 0.166252
vt 0.146757 0.171169
vt 0.059349 0.404991
vt 0.065042 0.414915
vt 0.280849 0.538183
vt 0.931389 0.730345
vt 0.934066 0.738520
vt 0.927889 0.744008
vt 0.140529 0.160275
vt 0.123102 0.154265
vt 0.132293 0.148119
vt 0.356051 0.519256
vt 0.045765 0.418904
vt 0.042376 0.406414
vt 0.053755 0.422163
vt 0.149251 0.152810
vt 0.121968 0.378021
vt 0.134727 0.363696
vt 0.932620 0.707883
vt 0.918847 0.701733
vt 0.921394 0.694155
vt 0.939128 0.693615
vt 0.910597 0.678295
vt 0.930452 0.674111
vt 0.928859 0.093647
vt 0.887855 0.415800
vt 0.909927 0.078856
vt 0.924234 0.077821
vt 0.147043 0.174734
vt 0.358712 0.557414
vt 0.353249 0.562514
vt 0.797290 0.297830
vt 0.059774 0.430245
vt 0.156104 0.173455
vt 0.153265 0.165489
vt 0.161970 0.166530
vt 0.038552 0.383092
vt 0.051153 0.394392
vt 0.209824 0.380595
vt 0.193432 0.390297
vt 0.199370 0.371210
vt 0.203099 0.365369
vt 0.111974 0.763769
vt 0.114437 0.774399
vt 0.090776 0.769992
vt 0.208309 0.657037
vt 0.868643 0.568693
vt 0.861255 0.575261
vt 0.842757 0.553685
vt 0.161268 0.144641
vt 0.153644 0.132512
vt 0.165109 0.124726
vt 0.136529 0.205948
vt 0.137546 0.186130
vt 0.152345 0.192277
vt 0.155801 0.211046
vt 0.014976 0.435972
vt 0.855019 0.276279
vt 0.853547 0.272572
vt 0.747987 0.429320
vt 0.736737 0.426959
vt 0.875426 0.263042
vt 0.836750 0.265885
vt 0.066399 0.885848
vt 0.769204 0.427865
vt 0.157097 0.742674
vt 0.154970 0.754120
vt 0.136119 0.749317
vt 0.141161 0.739227
vt 0.163010 0.185866
vt 0.177109 0.200545
vt 0.162874 0.387063
vt 0.776360 0.233529
vt 0.779316 0.221625
vt 0.114714 0.714327
vt 0.099986 0.705144
vt 0.866784 0.308375
vt 0.748960 0.201924
vt 0.766858 0.212938
vt 0.797723 0.207643
vt 0.801123 0.203268
vt 0.815630 0.209140
vt 0.318437 0.308988
vt 0.324630 0.303832
vt 0.332952 0.312181
vt 0.319031 0.321217
vt 0.903550 0.412891
vt 0.912355 0.402099
vt 0.929849 0.412167
vt 0.919368 0.428120
vt 0.101384 0.230906
vt 0.115357 0.209086
vt 0.293322 0.093813
vt 0.167683 0.972625
vt 0.161315 0.012828
vt 0.152779 0.019147
vt 0.147318 0.015052
vt 0.147342 0.007447
vt 0.004306 0.811288
vt 0.015800 0.813667
vt 0.014695 0.826173
vt 0.889607 0.686070
vt 0.893357 0.695320
vt 0.879533 0.696329
vt 0.137901 0.731703
vt 0.144308 0.733846
vt 0.572784 0.776142
vt 0.564018 0.771629
vt 0.892294 0.670428
vt 0.165600 0.725961
vt 0.175888 0.729285
vt 0.172190 0.744627
vt 0.148432 0.001926
vt 0.136637 0.006226
vt 0.132671 0.002631
vt 0.167475 0.001516
vt 0.159599 0.005374
vt 0.623432 0.182299
vt 0.636193 0.168521
vt 0.646819 0.188432
vt 0.634628 0.204352
vt 0.824413 0.719964
vt 0.831534 0.726710
vt 0.828630 0.730609
vt 0.761304 0.750061
vt 0.764191 0.739579
vt 0.772543 0.749373
vt 0.944758 0.514936
vt 0.943965 0.521884
vt 0.932106 0.525743
vt 0.933095 0.512477
vt 0.149426 0.041233
vt 0.140820 0.026226
vt 0.150900 0.028584
vt 0.370327 0.217757
vt 0.358467 0.202749
vt 0.371813 0.211337
vt 0.642435 0.785282
vt 0.625633 0.780580
vt 0.643767 0.776253
vt 0.383867 0.236448
vt 0.382395 0.222507
vt 0.402520 0.224922
vt 0.402909 0.235248
vt 0.170856 0.016355
vt 0.172507 0.032913
vt 0.159861 0.019519
vt 0.738109 0.744604
vt 0.748017 0.722157
vt 0.769999 0.721141
vt 0.746517 0.436779
vt 0.771916 0.459848
vt 0.830819 0.754055
vt 0.835461 0.754689
vt 0.832402 0.770991
vt 0.146814 0.023384
vt 0.156132 0.024860
vt 0.367172 0.538107
vt 0.377724 0.543342
vt 0.365361 0.552107
vt 0.794497 0.728985
vt 0.792926 0.744808
vt 0.329624 0.537492
vt 0.368950 0.578799
vt 0.196431 0.396943
vt 0.363864 0.507946
vt 0.370660 0.519672
vt 0.947634 0.039370
vt 0.968615 0.053875
vt 0.964009 0.079572
vt 0.947307 0.061008
vt 0.775139 0.057048
vt 0.400152 0.484461
vt 0.376966 0.501243
vt 0.374333 0.488360
vt 0.385740 0.519418
vt 0.769678 0.050132
vt 0.407868 0.496927
vt 0.185055 0.106394
vt 0.192844 0.100608
vt 0.206200 0.117394
vt 0.195857 0.122503
vt 0.195879 0.090138
vt 0.544623 0.734867
vt 0.789481 0.461646
vt 0.796861 0.467396
vt 0.779814 0.474715
vt 0.779808 0.489341
vt 0.792757 0.480474
vt 0.730824 0.426650
vt 0.830802 0.326823
vt 0.830953 0.300557
vt 0.837500 0.301295
vt 0.575559 0.807435
vt 0.604503 0.820590
vt 0.570972 0.817937
vt 0.542016 0.810009
vt 0.961490 0.533348
vt 0.967377 0.549881
vt 0.954416 0.557000
vt 0.950062 0.543092
vt 0.818077 0.725671
vt 0.825712 0.734305
vt 0.826893 0.744753
vt 0.821830 0.736206
vt 0.831301 0.739644
vt 0.821387 0.723083
vt 0.379687 0.577575
vt 0.797807 0.273923
vt 0.807124 0.295541
vt 0.802728 0.318779
vt 0.394075 0.549536
vt 0.407156 0.522536
vt 0.891163 0.451293
vt 0.900977 0.453737
vt 0.888398 0.462789
vt 0.912114 0.457199
vt 0.906138 0.469083
vt 0.959158 0.655784
vt 0.972936 0.650339
vt 0.957490 0.667834
vt 0.440977 0.217712
vt 0.450035 0.202759
vt 0.452251 0.214480
vt 0.770939 0.444485
vt 0.481640 0.204649
vt 0.488108 0.217311
vt 0.470196 0.212798
vt 0.200961 0.427616
vt 0.473776 0.196353
vt 0.468387 0.232721
vt 0.455768 0.231838
vt 0.440839 0.232060
vt 0.427044 0.250698
vt 0.425713 0.232725
vt 0.192143 0.439998
vt 0.436440 0.213270
vt 0.411974 0.218863
vt 0.427140 0.201035
vt 0.186823 0.220584
vt 0.161160 0.229358
vt 0.131176 0.170975
vt 0.144057 0.179295
vt 0.255477 0.221893
vt 0.983132 0.606255
vt 0.793713 0.675914
vt 0.787590 0.224798
vt 0.787923 0.213218
vt 0.801137 0.212226
vt 0.796061 0.220277
vt 0.879999 0.274752
vt 0.765894 0.233402
vt 0.106500 0.723131
vt 0.890311 0.261284
vt 0.150496 0.664926
vt 0.764936 0.184425
vt 0.770465 0.178772
vt 0.791032 0.195335
vt 0.784589 0.202183
vt 0.778917 0.208694
vt 0.375594 0.244616
vt 0.368056 0.236571
vt 0.373928 0.228447
vt 0.387840 0.269450
vt 0.382448 0.261033
vt 0.388625 0.256585
vt 0.218159 0.305274
vt 0.227597 0.319133
vt 0.210213 0.326100
vt 0.385205 0.247422
vt 0.400326 0.241314
vt 0.399260 0.246414
vt 0.859786 0.742165
vt 0.117062 0.786348
vt 0.136537 0.776139
vt 0.114218 0.734909
vt 0.122336 0.736003
vt 0.125875 0.749344
vt 0.115047 0.749597
vt 0.398506 0.281492
vt 0.381393 0.280271
vt 0.377645 0.262199
vt 0.202726 0.346779
vt 0.217672 0.342459
vt 0.219808 0.367002
vt 0.413993 0.229269
vt 0.314537 0.304746
vt 0.317897 0.293514
vt 0.322539 0.294155
vt 0.218549 0.140325
vt 0.226596 0.142379
vt 0.219041 0.159813
vt 0.415341 0.238550
vt 0.421252 0.252465
vt 0.620634 0.368429
vt 0.609032 0.372018
vt 0.355306 0.291803
vt 0.354881 0.298977
vt 0.341681 0.290770
vt 0.693345 0.878674
vt 0.678904 0.885676
vt 0.681953 0.869583
vt 0.690912 0.873163
vt 0.768314 0.777422
vt 0.319072 0.330215
vt 0.585641 0.371447
vt 0.594968 0.391649
vt 0.323125 0.231885
vt 0.572633 0.385010
vt 0.376895 0.253610
vt 0.372605 0.263758
vt 0.345794 0.221953
vt 0.337094 0.255709
vt 0.351127 0.273005
vt 0.348634 0.283699
vt 0.363677 0.286343
vt 0.363252 0.272983
vt 0.373617 0.275360
vt 0.378295 0.288705
vt 0.693302 0.856158
vt 0.698305 0.866195
vt 0.693326 0.866339
vt 0.685426 0.860765
vt 0.116666 0.725836
vt 0.120689 0.724413
vt 0.128815 0.730726
vt 0.110237 0.703557
vt 0.179281 0.112246
vt 0.117155 0.081009
vt 0.209942 0.139716
vt 0.206556 0.159123
vt 0.306383 0.318026
vt 0.316124 0.307100
vt 0.313325 0.287140
vt 0.305018 0.261887
vt 0.320165 0.280598
vt 0.305696 0.309365
vt 0.309286 0.309844
vt 0.301806 0.327124
vt 0.298823 0.327300
vt 0.393007 0.767484
vt 0.390260 0.776738
vt 0.385202 0.764086
vt 0.134116 0.231086
vt 0.244865 0.286158
vt 0.230154 0.305822
vt 0.218863 0.291381
vt 0.231519 0.275344
vt 0.246787 0.316575
vt 0.309242 0.834179
vt 0.317139 0.821362
vt 0.337029 0.831890
vt 0.444057 0.300640
vt 0.447889 0.326094
vt 0.434674 0.298185
vt 0.482979 0.231202
vt 0.222240 0.389791
vt 0.229976 0.375804
vt 0.488222 0.238615
vt 0.398668 0.252497
vt 0.399949 0.266357
vt 0.356937 0.704525
vt 0.557765 0.131557
vt 0.567557 0.121755
vt 0.197016 0.210770
vt 0.191357 0.197203
vt 0.409681 0.268861
vt 0.681193 0.164297
vt 0.657923 0.167952
vt 0.677822 0.141960
vt 0.102013 0.738969
vt 0.338837 0.269093
vt 0.334181 0.296011
vt 0.352204 0.308767
vt 0.325385 0.776625
vt 0.332765 0.777764
vt 0.325981 0.789919
vt 0.874265 0.326598
vt 0.876851 0.345059
vt 0.912250 0.335574
vt 0.895843 0.324369
vt 0.910012 0.308033
vt 0.926267 0.320990
vt 0.758638 0.191425
vt 0.774029 0.209948
vt 0.753257 0.197619
vt 0.610112 0.215558
vt 0.441855 0.375294
vt 0.599305 0.215149
vt 0.332708 0.288081
vt 0.323700 0.349987
vt 0.344768 0.344472
vt 0.336083 0.357606
vt 0.852214 0.720212
vt 0.308068 0.387967
vt 0.919688 0.762876
vt 0.093182 0.788526
vt 0.318893 0.365120
vt 0.342767 0.377461
vt 0.328424 0.394064
vt 0.504664 0.715026
vt 0.895741 0.272037
vt 0.910866 0.277038
vt 0.901095 0.289071
vt 0.889509 0.282585
vt 0.246062 0.260153
vt 0.259357 0.268453
vt 0.695320 0.869883
vt 0.658141 0.884647
vt 0.667785 0.866616
vt 0.241646 0.232879
vt 0.248411 0.223644
vt 0.789367 0.685540
vt 0.599660 0.828730
vt 0.557646 0.776217
vt 0.571993 0.789492
vt 0.564565 0.795146
vt 0.549610 0.780352
vt 0.577707 0.802033
vt 0.606864 0.803937
vt 0.606403 0.810649
vt 0.362296 0.337308
vt 0.241029 0.224458
vt 0.512853 0.807059
vt 0.482726 0.805957
vt 0.509117 0.787753
vt 0.539895 0.797266
vt 0.340752 0.761225
vt 0.325232 0.762103
vt 0.657005 0.121671
vt 0.640088 0.114515
vt 0.648727 0.091477
vt 0.949836 0.586351
vt 0.957871 0.589560
vt 0.949624 0.591353
vt 0.576916 0.210924
vt 0.580763 0.188823
vt 0.589815 0.187794
vt 0.409221 0.761871
vt 0.402675 0.770024
vt 0.390184 0.759111
vt 0.396825 0.750389
vt 0.403215 0.784059
vt 0.410586 0.772298
vt 0.425752 0.788898
vt 0.417410 0.803517
vt 0.323722 0.337958
vt 0.949299 0.596622
vt 0.948347 0.603545
vt 0.939195 0.607767
vt 0.801255 0.660846
vt 0.743900 0.073834
vt 0.750530 0.075500
vt 0.741763 0.089582
vt 0.754374 0.139488
vt 0.749117 0.142375
vt 0.746912 0.122466
vt 0.760643 0.037967
vt 0.415586 0.509185
vt 0.354309 0.383442
vt 0.350502 0.365646
vt 0.226902 0.010293
vt 0.207517 0.012762
vt 0.596617 0.062584
vt 0.900921 0.594077
vt 0.955685 0.299823
vt 0.948435 0.301595
vt 0.944632 0.285652
vt 0.933501 0.619662
vt 0.941022 0.617117
vt 0.941546 0.620761
vt 0.940664 0.623696
vt 0.378810 0.767771
vt 0.809998 0.670350
vt 0.800847 0.685456
vt 0.799911 0.669005
vt 0.809739 0.654461
vt 0.689102 0.115201
vt 0.697508 0.136235
vt 0.323250 0.718344
vt 0.346397 0.711725
vt 0.350182 0.727408
vt 0.330343 0.733034
vt 0.381583 0.791757
vt 0.391180 0.800819
vt 0.368161 0.797634
vt 0.415705 0.532732
vt 0.735711 0.027145
vt 0.710630 0.034938
vt 0.689837 0.950765
vt 0.937414 0.304072
vt 0.948690 0.318349
vt 0.939079 0.332273
vt 0.648981 0.053972
vt 0.639806 0.051140
vt 0.646366 0.036906
vt 0.935072 0.593810
vt 0.799744 0.625081
vt 0.806991 0.638800
vt 0.210782 0.018521
vt 0.218957 0.016341
vt 0.213392 0.024431
vt 0.657920 0.224317
vt 0.653580 0.235919
vt 0.652564 0.222764
vt 0.618186 0.834854
vt 0.875992 0.544804
vt 0.464042 0.848930
vt 0.060590 0.728754
vt 0.591334 0.109188
vt 0.596817 0.107923
vt 0.607702 0.138536
vt 0.741060 0.147467
vt 0.748008 0.168616
vt 0.737904 0.179177
vt 0.728630 0.157568
vt 0.727110 0.173636
vt 0.421641 0.774427
vt 0.420702 0.748707
vt 0.432340 0.763329
vt 0.372803 0.328407
vt 0.393599 0.346864
vt 0.376646 0.362386
vt 0.396417 0.404455
vt 0.386255 0.397648
vt 0.398742 0.398342
vt 0.738960 0.033215
vt 0.726738 0.039463
vt 0.585690 0.143467
vt 0.591713 0.172082
vt 0.584783 0.174478
vt 0.414421 0.282766
vt 0.416696 0.298770
vt 0.399630 0.297781
vt 0.703107 0.051678
vt 0.683993 0.069586
vt 0.655201 0.065291
vt 0.670031 0.046643
vt 0.861591 0.559307
vt 0.876933 0.564877
vt 0.220806 0.036623
vt 0.222777 0.028277
vt 0.231870 0.029299
vt 0.842555 0.598334
vt 0.840072 0.612426
vt 0.831216 0.602387
vt 0.617698 0.015617
vt 0.204824 0.051492
vt 0.204118 0.043295
vt 0.809543 0.607172
vt 0.454754 0.791193
vt 0.820197 0.622709
vt 0.851491 0.586466
vt 0.455125 0.822724
vt 0.207939 0.032113
vt 0.203464 0.034821
vt 0.205937 0.026422
vt 0.210932 0.038122
vt 0.880144 0.558423
vt 0.891367 0.560334
vt 0.621285 0.011692
vt 0.898512 0.549753
vt 0.877184 0.551077
vt 0.677527 0.094664
vt 0.611000 0.063721
vt 0.190648 0.004868
vt 0.194282 0.022201
vt 0.588619 0.077891
vt 0.658594 0.201069
vt 0.668027 0.179570
vt 0.677950 0.188815
vt 0.665142 0.203986
vt 0.867323 0.557521
vt 0.864963 0.553007
vt 0.595850 0.834212
vt 0.622527 0.150986
vt 0.630148 0.155718
vt 0.627147 0.163229
vt 0.375762 0.382472
vt 0.405213 0.381625
vt 0.622966 0.234214
vt 0.629197 0.217155
vt 0.430864 0.405337
vt 0.598568 0.091751
vt 0.311294 0.586760
vt 0.408998 0.616110
vt 0.395065 0.611079
vt 0.633383 0.235283
vt 0.424824 0.411246
vt 0.641557 0.235471
vt 0.419999 0.415575
vt 0.615157 0.138415
vt 0.618163 0.160370
vt 0.627555 0.053801
vt 0.181589 0.018613
vt 0.192392 0.035294
vt 0.636333 0.041964
vt 0.183590 0.039639
vt 0.194816 0.045062
vt 0.632279 0.031708
vt 0.628763 0.020753
vt 0.633021 0.016681
vt 0.638160 0.081282
vt 0.632284 0.066912
vt 0.645866 0.167829
vt 0.597439 0.140221
vt 0.601833 0.167949
vt 0.597244 0.169965
vt 0.625724 0.081356
vt 0.616389 0.092568
vt 0.605227 0.082190
vt 0.613964 0.075834
vt 0.606693 0.106037
vt 0.624360 0.106535
vt 0.626764 0.140505
vt 0.594864 0.071394
vt 0.541201 0.819952
vt 0.517166 0.827288
vt 0.489711 0.830749
vt 0.515284 0.818070
vt 0.830750 0.622513
vt 0.828987 0.639822
vt 0.628085 0.091026
vt 0.858850 0.615924
vt 0.867355 0.599042
vt 0.880774 0.623270
vt 0.572057 0.083321
vt 0.891765 0.604578
vt 0.581433 0.113305
vt 0.558383 0.094376
vt 0.462745 0.362801
vt 0.467787 0.338104
vt 0.864372 0.643546
vt 0.878112 0.636974
vt 0.876624 0.650689
vt 0.846609 0.623859
vt 0.892312 0.577602
vt 0.814786 0.638817
vt 0.818611 0.655429
vt 0.854600 0.634484
vt 0.853072 0.602639
vt 0.485951 0.820877
vt 0.807921 0.686023
vt 0.843740 0.642096
vt 0.816367 0.671189
vt 0.828931 0.673878
vt 0.808861 0.623891
vt 0.223879 0.252287
vt 0.811848 0.678183
vt 0.812164 0.695308
vt 0.479830 0.775967
vt 0.808766 0.587049
vt 0.829952 0.689942
vt 0.829393 0.698529
vt 0.822515 0.696873
vt 0.291469 0.780659
vt 0.291824 0.768125
vt 0.304071 0.778652
vt 0.201380 0.273430
vt 0.949609 0.643590
vt 0.945291 0.653501
vt 0.939318 0.639556
vt 0.804714 0.694244
vt 0.272836 0.261330
vt 0.800500 0.702017
vt 0.222107 0.228840
vt 0.233247 0.222261
vt 0.468442 0.327833
vt 0.458924 0.323124
vt 0.451582 0.780019
vt 0.409926 0.835397
vt 0.378830 0.828419
vt 0.276910 0.265302
vt 0.269336 0.274677
vt 0.244579 0.300848
vt 0.211574 0.235133
vt 0.222420 0.469059
vt 0.201101 0.240275
vt 0.203522 0.289311
vt 0.261711 0.248454
vt 0.250497 0.250117
vt 0.202353 0.224329
vt 0.207602 0.211805
vt 0.224957 0.217910
vt 0.217138 0.210938
vt 0.245977 0.218145
vt 0.232487 0.213941
vt 0.228815 0.196360
vt 0.993285 0.626106
vt 0.471183 0.759095
vt 0.794409 0.596438
vt 0.799073 0.611251
vt 0.912551 0.623773
vt 0.262247 0.227788
vt 0.605911 0.165988
vt 0.969639 0.600749
vt 0.943201 0.626428
vt 0.938363 0.629541
vt 0.947248 0.626893
vt 0.944676 0.623135
vt 0.953864 0.624362
vt 0.956910 0.594673
vt 0.955082 0.600997
vt 0.805490 0.653671
vt 0.946024 0.615648
vt 0.944672 0.611839
vt 0.958035 0.613627
vt 0.951339 0.608611
vt 0.946113 0.638322
vt 0.948283 0.632284
vt 0.956092 0.639112
vt 0.732490 0.184284
vt 0.732349 0.189416
vt 0.722532 0.182678
vt 0.822562 0.577308
vt 0.801296 0.652929
vt 0.476176 0.766438
vt 0.492457 0.762195
vt 0.709361 0.143370
vt 0.691313 0.150787
vt 0.346316 0.396494
vt 0.331400 0.406501
vt 0.921066 0.597304
vt 0.919726 0.612911
vt 0.964754 0.628168
vt 0.832454 0.566333
vt 0.453215 0.808061
vt 0.926109 0.654201
vt 0.924778 0.636366
vt 0.822330 0.680308
vt 0.290680 0.819892
vt 0.288109 0.806112
vt 0.301495 0.807543
vt 0.836262 0.584113
vt 0.896784 0.599026
vt 0.881006 0.584710
vt 0.440230 0.803914
vt 0.459678 0.281781
vt 0.471909 0.263012
vt 0.439869 0.264107
vt 0.452825 0.256488
vt 0.449832 0.273491
vt 0.621228 0.065701
vt 0.863095 0.659346
vt 0.594575 0.076846
vt 0.582660 0.064540
vt 0.636063 0.097138
vt 0.640105 0.142643
vt 0.646426 0.221251
vt 0.650592 0.198515
vt 0.603448 0.185039
vt 0.612524 0.199600
vt 0.657144 0.189753
vt 0.701422 0.870681
vt 0.848627 0.543726
vt 0.459969 0.845286
vt 0.037593 0.810811
vt 0.030683 0.798884
vt 0.033673 0.789648
vt 0.046756 0.797877
vt 0.714200 0.937633
vt 0.728628 0.013204
vt 0.670355 0.935007
vt 0.694762 0.922779
vt 0.847389 0.548982
vt 0.624990 0.007215
vt 0.897125 0.544839
vt 0.714116 0.043065
vt 0.662613 0.908049
vt 0.684664 0.902232
vt 0.696545 0.169932
vt 0.700409 0.181619
vt 0.630812 0.056486
vt 0.372930 0.479718
vt 0.351273 0.489043
vt 0.754944 0.058188
vt 0.915572 0.474113
vt 0.720377 0.112696
vt 0.714415 0.128216
vt 0.706177 0.106922
vt 0.941682 0.243867
vt 0.307401 0.458426
vt 0.332955 0.472480
vt 0.801357 0.270038
vt 0.939867 0.019867
vt 0.732849 0.080745
vt 0.401100 0.514723
vt 0.745927 0.101001
vt 0.752070 0.100960
vt 0.541489 0.708530
vt 0.208073 0.103875
vt 0.123577 0.068905
vt 0.110805 0.065296
vt 0.395427 0.477268
vt 0.764657 0.080650
vt 0.348859 0.501992
vt 0.363603 0.496354
vt 0.759098 0.136691
vt 0.938043 0.466663
vt 0.946860 0.450907
vt 0.965147 0.105693
vt 0.300311 0.430114
vt 0.942763 0.080033
vt 0.950814 0.101406
vt 0.888093 0.388072
vt 0.917410 0.494512
vt 0.756706 0.119172
vt 0.923141 0.478276
vt 0.898441 0.405274
vt 0.892970 0.369178
vt 0.907809 0.383870
vt 0.779555 0.170634
vt 0.942091 0.429728
vt 0.944860 0.408324
vt 0.898377 0.417908
vt 0.417029 0.252303
vt 0.888847 0.430238
vt 0.893689 0.423853
vt 0.905650 0.006169
vt 0.896934 0.498298
vt 0.884213 0.468381
vt 0.892161 0.467803
vt 0.887637 0.480023
vt 0.037620 0.374052
vt 0.334649 0.415835
vt 0.347970 0.406928
vt 0.955492 0.280531
vt 0.940437 0.269217
vt 0.185999 0.177221
vt 0.195750 0.186740
vt 0.170736 0.396711
vt 0.905954 0.484742
vt 0.932346 0.065401
vt 0.931893 0.050417
vt 0.927749 0.035486
vt 0.928107 0.391735
vt 0.760887 0.157450
vt 0.931629 0.464349
vt 0.929405 0.446312
vt 0.901422 0.075230
vt 0.913451 0.070654
vt 0.904594 0.440480
vt 0.902920 0.054939
vt 0.909473 0.059364
vt 0.898440 0.062742
vt 0.916554 0.372133
vt 0.884661 0.456450
vt 0.901336 0.044191
vt 0.794455 0.190021
vt 0.151425 0.653401
vt 0.905099 0.425992
vt 0.893989 0.438325
vt 0.820899 0.191634
vt 0.882851 0.436554
vt 0.918748 0.056671
vt 0.912506 0.053181
vt 0.920276 0.019086
vt 0.902902 0.023042
vt 0.724952 0.134167
vt 0.716569 0.164666
vt 0.880541 0.449631
vt 0.695035 0.086448
vt 0.411515 0.348035
vt 0.387131 0.333284
vt 0.396395 0.318128
vt 0.919179 0.046399
vt 0.912804 0.036979
vt 0.368432 0.192193
vt 0.633186 0.408258
vt 0.818436 0.202995
vt 0.443387 0.766075
vt 0.301987 0.462135
vt 0.710938 0.091665
vt 0.929182 0.607557
vt 0.736425 0.103879
vt 0.425843 0.296860
vt 0.426167 0.325277
vt 0.392742 0.577629
vt 0.804708 0.264649
vt 0.644670 0.207413
vt 0.771066 0.197034
vt 0.744517 0.189462
vt 0.713001 0.189775
vt 0.894746 0.345976
vt 0.913410 0.354503
vt 0.210130 0.603907
vt 0.177376 0.170935
vt 0.173726 0.181898
vt 0.340787 0.790010
vt 0.356235 0.780513
vt 0.353957 0.812761
vt 0.712617 0.184304
vt 0.930756 0.256106
vt 0.086368 0.757434
vt 0.683586 0.194223
vt 0.690908 0.187534
vt 0.694079 0.192823
vt 0.981771 0.619309
vt 0.969686 0.615759
vt 0.364909 0.387331
vt 0.375383 0.392019
vt 0.365216 0.394380
vt 0.102608 0.592504
vt 0.101466 0.621198
vt 0.072474 0.586260
vt 0.636489 0.154972
vt 0.069437 0.925563
vt 0.080657 0.941632
vt 0.906927 0.262246
vt 0.921154 0.261028
vt 0.920258 0.267815
vt 0.460273 0.242282
vt 0.465324 0.252393
vt 0.566226 0.827523
vt 0.083897 0.772110
vt 0.853123 0.668649
vt 0.843443 0.659703
vt 0.862960 0.667564
vt 0.846170 0.685308
vt 0.837615 0.683775
vt 0.845418 0.677140
vt 0.853972 0.677371
vt 0.837942 0.691759
vt 0.185650 0.255149
vt 0.257498 0.293907
vt 0.289407 0.753902
vt 0.301571 0.748179
vt 0.241958 0.365181
vt 0.348122 0.841342
vt 0.282131 0.810665
vt 0.314328 0.745548
vt 0.329642 0.820339
vt 0.282446 0.798382
vt 0.290066 0.793187
vt 0.550912 0.103169
vt 0.492785 0.247766
vt 0.242849 0.383054
vt 0.376265 0.755630
vt 0.178201 0.345543
vt 0.921508 0.739557
vt 0.504669 0.234841
vt 0.450853 0.289618
vt 0.421999 0.278879
vt 0.441140 0.346496
vt 0.431554 0.255834
vt 0.379288 0.750134
vt 0.597200 0.186644
vt 0.438852 0.398023
vt 0.431848 0.380299
vt 0.619841 0.215794
vt 0.574881 0.177556
vt 0.391297 0.722246
vt 0.359768 0.735737
vt 0.359747 0.719642
vt 0.379615 0.726118
vt 0.375020 0.741842
vt 0.366570 0.743166
vt 0.315049 0.791763
vt 0.302228 0.731533
vt 0.453599 0.303616
vt 0.336741 0.803685
vt 0.351764 0.828553
vt 0.391573 0.787499
vt 0.397477 0.775959
vt 0.326111 0.805994
vt 0.384377 0.739654
vt 0.433088 0.776010
vt 0.364832 0.750416
vt 0.351264 0.742336
vt 0.621282 0.197239
vt 0.352351 0.760200
vt 0.942852 0.339309
vt 0.950902 0.335397
vt 0.002336 0.859532
vt 0.745994 0.901472
vt 0.722099 0.888198
vt 0.731906 0.875576
vt 0.699671 0.861419
vt 0.670340 0.854292
vt 0.680623 0.850438
vt 0.369782 0.771833
vt 0.373330 0.785110
vt 0.315038 0.762255
vt 0.363519 0.757301
vt 0.460820 0.314505
vt 0.929683 0.344669
vt 0.288657 0.737009
vt 0.555412 0.116976
vt 0.977044 0.632888
vt 0.988236 0.641955
vt 0.382391 0.710217
vt 0.570240 0.153375
vt 0.657634 0.768410
vt 0.646260 0.765521
vt 0.663140 0.225826
vt 0.955784 0.337981
vt 0.398827 0.421083
vt 0.330958 0.707721
vt 0.331915 0.846563
vt 0.534579 0.101423
vt 0.284118 0.763064
vt 0.875169 0.665302
vt 0.282170 0.748761
vt 0.890136 0.657419
vt 0.816118 0.705993
vt 0.285016 0.775153
vt 0.821511 0.706519
vt 0.283974 0.786551
vt 0.373258 0.178317
vt 0.350161 0.170053
vt 0.416963 0.368631
vt 0.936096 0.273051
vt 0.345347 0.389805
vt 0.991958 0.659974
vt 0.231835 0.162265
vt 0.978047 0.653475
vt 0.681842 0.039349
vt 0.699106 0.042687
vt 0.445740 0.918763
vt 0.453756 0.923356
vt 0.430438 0.937698
vt 0.407620 0.254981
vt 0.938082 0.206194
vt 0.946562 0.198237
vt 0.953517 0.209752
vt 0.182402 0.363604
vt 0.583879 0.861080
vt 0.585751 0.851192
vt 0.377704 0.056536
vt 0.598396 0.875635
vt 0.392134 0.240188
vt 0.967067 0.939003
vt 0.965259 0.947084
vt 0.952541 0.932868
vt 0.020236 0.216903
vt 0.006556 0.220204
vt 0.005378 0.212919
vt 0.019510 0.206023
vt 0.234929 0.366653
vt 0.227076 0.359288
vt 0.383537 0.244312
vt 0.412168 0.242299
vt 0.361029 0.218354
vt 0.619841 0.393624
vt 0.613435 0.304330
vt 0.620400 0.288138
vt 0.371930 0.302210
vt 0.173073 0.007536
vt 0.401671 0.208367
vt 0.302200 0.309887
vt 0.292936 0.327859
vt 0.294729 0.311897
vt 0.299795 0.292828
vt 0.936872 0.280564
vt 0.926239 0.284743
vt 0.929083 0.271162
vt 0.381146 0.318189
vt 0.388321 0.302283
vt 0.327235 0.260879
vt 0.328125 0.275260
vt 0.604231 0.747977
vt 0.618772 0.760177
vt 0.639870 0.406042
vt 0.604776 0.772933
vt 0.383101 0.212838
vt 0.368513 0.265598
vt 0.157569 0.037953
vt 0.817168 0.737379
vt 0.825555 0.754978
vt 0.821645 0.770960
vt 0.815858 0.755634
vt 0.829762 0.743677
vt 0.831196 0.746112
vt 0.652605 0.730157
vt 0.911394 0.708725
vt 0.910291 0.715893
vt 0.671897 0.760847
vt 0.635033 0.760441
vt 0.650805 0.789136
vt 0.650844 0.781641
vt 0.666090 0.778424
vt 0.185467 0.449199
vt 0.641742 0.793559
vt 0.685127 0.767874
vt 0.120815 0.714134
vt 0.148345 0.671279
vt 0.410319 0.211052
vt 0.895528 0.295317
vt 0.883115 0.309188
vt 0.945157 0.721247
vt 0.178694 0.411552
vt 0.461313 0.193187
vt 0.195849 0.434704
vt 0.169293 0.434378
vt 0.447794 0.186097
vt 0.651434 0.772581
vt 0.401728 0.216092
vt 0.453576 0.188982
vt 0.204775 0.415708
vt 0.202127 0.402415
vt 0.239330 0.329270
vt 0.234794 0.344735
vt 0.399033 0.122457
vt 0.408882 0.143972
vt 0.374843 0.127119
vt 0.186361 0.403815
vt 0.226477 0.401138
vt 0.173562 0.239922
vt 0.187046 0.236411
vt 0.777905 0.710996
vt 0.788516 0.714690
vt 0.800841 0.725433
vt 0.595362 0.356334
vt 0.211567 0.200211
vt 0.170338 0.272355
vt 0.187676 0.287440
vt 0.195108 0.225713
vt 0.127686 0.260380
vt 0.156994 0.258652
vt 0.152950 0.181344
vt 0.966662 0.636761
vt 0.493949 0.745378
vt 0.242951 0.127623
vt 0.106244 0.137246
vt 0.123333 0.144406
vt 0.116085 0.136541
vt 0.160799 0.780478
vt 0.087868 0.173491
vt 0.094181 0.192675
vt 0.166819 0.157662
vt 0.169760 0.167135
vt 0.181413 0.162445
vt 0.943680 0.633730
vt 0.206193 0.177441
vt 0.197945 0.176956
vt 0.218556 0.199835
vt 0.218205 0.178319
vt 0.202884 0.198988
vt 0.773741 0.561820
vt 0.089169 0.011933
vt 0.068084 0.036153
vt 0.783062 0.596753
vt 0.928202 0.625363
vt 0.931771 0.353068
vt 0.628480 0.002021
vt 0.896277 0.539324
vt 0.456794 0.773994
vt 0.557430 0.802109
vt 0.541614 0.804187
vt 0.548441 0.790405
vt 0.540122 0.829452
vt 0.093479 0.824434
vt 0.085313 0.796142
vt 0.493798 0.838978
vt 0.069154 0.753752
vt 0.458590 0.838742
vt 0.852309 0.532699
vt 0.052051 0.736106
vt 0.910478 0.600653
vt 0.712188 0.905330
vt 0.730657 0.918607
vt 0.637214 0.011350
vt 0.407382 0.555694
vt 0.755943 0.931264
vt 0.638176 0.900668
vt 0.640159 0.872238
vt 0.895054 0.533454
vt 0.625214 0.857206
vt 0.737358 0.946488
vt 0.661722 0.030882
vt 0.679204 0.027500
vt 0.628039 0.905620
vt 0.650736 0.016862
vt 0.819264 0.310930
vt 0.712979 0.861860
vt 0.708341 0.848914
vt 0.722771 0.861303
vt 0.044181 0.437621
vt 0.045950 0.445930
vt 0.836844 0.285541
vt 0.823349 0.288001
vt 0.041657 0.426538
vt 0.032274 0.408607
vt 0.057358 0.381342
vt 0.832293 0.280987
vt 0.251237 0.461375
vt 0.257869 0.491190
vt 0.077325 0.041027
vt 0.480206 0.486302
vt 0.501824 0.479324
vt 0.295800 0.498160
vt 0.299257 0.514879
vt 0.577713 0.659177
vt 0.275648 0.490803
vt 0.206343 0.603568
vt 0.785366 0.780824
vt 0.775153 0.769042
vt 0.749651 0.365294
vt 0.740556 0.350628
vt 0.753310 0.351514
vt 0.662478 0.577001
vt 0.659495 0.569610
vt 0.691229 0.560745
vt 0.475319 0.892702
vt 0.069221 0.285475
vt 0.080690 0.263555
vt 0.086474 0.281190
vt 0.084839 0.305888
vt 0.788319 0.631749
vt 0.848405 0.886857
vt 0.760692 0.656402
vt 0.767549 0.618565
vt 0.089972 0.395622
vt 0.075340 0.397473
vt 0.096335 0.382523
vt 0.722563 0.636878
vt 0.726338 0.613048
vt 0.738982 0.645099
vt 0.728286 0.653322
vt 0.760809 0.636677
vt 0.744276 0.604392
vt 0.089753 0.267576
vt 0.099889 0.263332
vt 0.248810 0.450186
vt 0.271638 0.449557
vt 0.277615 0.468181
vt 0.728052 0.663429
vt 0.787225 0.333173
vt 0.023298 0.444917
vt 0.110527 0.204108
vt 0.105468 0.204758
vt 0.258490 0.441314
vt 0.260868 0.447892
vt 0.232756 0.440756
vt 0.259836 0.897862
vt 0.207840 0.489278
vt 0.251945 0.877183
vt 0.844336 0.908397
vt 0.588220 0.343120
vt 0.850437 0.910913
vt 0.723954 0.646459
vt 0.838070 0.922555
vt 0.822821 0.931258
vt 0.205646 0.639560
vt 0.252751 0.655848
vt 0.106038 0.673667
vt 0.091494 0.645235
vt 0.821795 0.936944
vt 0.579632 0.459974
vt 0.560706 0.484894
vt 0.830306 0.937780
vt 0.847959 0.924584
vt 0.697418 0.615082
vt 0.937210 0.927737
vt 0.715898 0.591594
vt 0.904399 0.887170
vt 0.900513 0.901217
vt 0.534587 0.252332
vt 0.523250 0.254620
vt 0.924980 0.863117
vt 0.211138 0.977865
vt 0.228010 0.984145
vt 0.209574 0.991568
vt 0.615148 0.483969
vt 0.626400 0.435989
vt 0.643218 0.413385
vt 0.341361 0.886112
vt 0.319064 0.844344
vt 0.622389 0.482357
vt 0.627030 0.419855
vt 0.204197 0.462281
vt 0.495044 0.456245
vt 0.515222 0.454686
vt 0.478721 0.469945
vt 0.581354 0.432911
vt 0.565100 0.854237
vt 0.565822 0.842653
vt 0.038196 0.689966
vt 0.543082 0.418498
vt 0.158850 0.524515
vt 0.150433 0.505567
vt 0.148408 0.486415
vt 0.160592 0.503870
vt 0.933845 0.867740
vt 0.939963 0.855605
vt 0.926221 0.939270
vt 0.666996 0.615720
vt 0.064454 0.645540
vt 0.072949 0.649773
vt 0.882619 0.176588
vt 0.068965 0.683607
vt 0.054332 0.900036
vt 0.432514 0.151627
vt 0.447266 0.149287
vt 0.095260 0.889433
vt 0.062441 0.695625
vt 0.406996 0.601078
vt 0.315211 0.582609
vt 0.051295 0.920900
vt 0.046111 0.119661
vt 0.020592 0.119661
vt 0.479344 0.702442
vt 0.024109 0.106345
vt 0.453773 0.685804
vt 0.432722 0.671128
vt 0.060456 0.637914
vt 0.358910 0.654456
vt 0.384424 0.080547
vt 0.379998 0.089295
vt 0.258908 0.064610
vt 0.284876 0.066247
vt 0.453141 0.701181
vt 0.014285 0.620127
vt 0.176606 0.989678
vt 0.259051 0.068080
vt 0.191809 0.994696
vt 0.129807 0.900660
vt 0.148297 0.907761
vt 0.095139 0.956521
vt 0.081141 0.967342
vt 0.067701 0.952635
vt 0.154932 0.802754
vt 0.159852 0.827157
vt 0.134485 0.832974
vt 0.131704 0.806962
vt 0.196686 0.866238
vt 0.220699 0.853240
vt 0.222635 0.876610
vt 0.205870 0.889876
vt 0.242804 0.039349
vt 0.255247 0.029396
vt 0.258014 0.054892
vt 0.211691 0.077640
vt 0.158239 0.913468
vt 0.378859 0.074110
vt 0.062325 0.139325
vt 0.142229 0.786856
vt 0.108843 0.818353
vt 0.155222 0.123267
vt 0.170795 0.877296
vt 0.023940 0.258197
vt 0.233166 0.836254
vt 0.797948 0.589608
vt 0.098578 0.015903
vt 0.161312 0.786156
vt 0.143780 0.860591
vt 0.118794 0.195657
vt 0.108887 0.190909
vt 0.098199 0.138366
vt 0.087709 0.126645
vt 0.101560 0.192272
vt 0.092199 0.212432
vt 0.096656 0.244471
vt 0.107907 0.237662
vt 0.323780 0.552961
vt 0.078659 0.248405
vt 0.209979 0.790406
vt 0.128550 0.194507
vt 0.081790 0.151882
vt 0.189764 0.841924
vt 0.167084 0.852381
vt 0.213382 0.834048
vt 0.136885 0.889205
vt 0.345225 0.060203
vt 0.321145 0.063208
vt 0.207144 0.795147
vt 0.203876 0.800700
vt 0.292118 0.057432
vt 0.222069 0.904348
vt 0.247809 0.011183
vt 0.216677 0.819274
vt 0.197629 0.827518
vt 0.204799 0.816950
vt 0.272779 0.510700
vt 0.276173 0.037154
vt 0.631375 0.697574
vt 0.119000 0.470600
vt 0.102465 0.476713
vt 0.084049 0.467080
vt 0.103449 0.460466
vt 0.015041 0.194842
vt 0.440404 0.116884
vt 0.475025 0.104894
vt 0.459882 0.122644
vt 0.034192 0.302214
vt 0.128056 0.540171
vt 0.106589 0.545817
vt 0.106722 0.531573
vt 0.119309 0.523435
vt 0.299744 0.151552
vt 0.327789 0.158914
vt 0.564814 0.909056
vt 0.583275 0.892495
vt 0.420954 0.047255
vt 0.403386 0.067444
vt 0.413888 0.044651
vt 0.316735 0.182333
vt 0.061959 0.286192
vt 0.066299 0.272428
vt 0.560143 0.943268
vt 0.545055 0.954490
vt 0.547820 0.925127
vt 0.054313 0.250844
vt 0.049694 0.270516
vt 0.040249 0.284097
vt 0.064815 0.238614
vt 0.240474 0.836201
vt 0.057970 0.317772
vt 0.045556 0.302798
vt 0.052917 0.286281
vt 0.784502 0.303352
vt 0.058449 0.377527
vt 0.073618 0.260926
vt 0.228312 0.812408
vt 0.018164 0.293779
vt 0.534005 0.906108
vt 0.532953 0.889036
vt 0.547959 0.889050
vt 0.111509 0.369376
vt 0.392128 0.045551
vt 0.395872 0.035704
vt 0.402229 0.039006
vt 0.275669 0.017396
vt 0.003692 0.278256
vt 0.397408 0.049398
vt 0.012621 0.146443
vt 0.024611 0.143230
vt 0.030053 0.156706
vt 0.018534 0.155756
vt 0.406906 0.018734
vt 0.577282 0.842038
vt 0.407861 0.041930
vt 0.407260 0.105228
vt 0.396363 0.088412
vt 0.565220 0.871148
vt 0.505829 0.892871
vt 0.555445 0.846222
vt 0.555524 0.834936
vt 0.531702 0.870843
vt 0.547263 0.869995
vt 0.224358 0.541283
vt 0.208562 0.541501
vt 0.546276 0.851657
vt 0.525588 0.881080
vt 0.415142 0.091657
vt 0.425369 0.107255
vt 0.718545 0.254473
vt 0.422202 0.002375
vt 0.514325 0.835576
vt 0.434220 0.041454
vt 0.428792 0.052142
vt 0.501884 0.852606
vt 0.734407 0.246933
vt 0.470337 0.880658
vt 0.422874 0.022984
vt 0.512691 0.883678
vt 0.520134 0.890497
vt 0.230584 0.445665
vt 0.109422 0.380876
vt 0.431567 0.855638
vt 0.497250 0.873616
vt 0.103885 0.251440
vt 0.116150 0.246985
vt 0.773221 0.603259
vt 0.112802 0.276047
vt 0.045365 0.451117
vt 0.492170 0.167886
vt 0.776527 0.546508
vt 0.128393 0.426751
vt 0.745090 0.333666
vt 0.777014 0.287633
vt 0.275422 0.889233
vt 0.273963 0.901104
vt 0.757842 0.277577
vt 0.560669 0.303280
vt 0.430731 0.069951
vt 0.421012 0.073190
vt 0.434362 0.060122
vt 0.509343 0.090141
vt 0.503659 0.086365
vt 0.876623 0.163952
vt 0.474915 0.603302
vt 0.852857 0.181118
vt 0.013260 0.243776
vt 0.992607 0.915778
vt 0.988048 0.932059
vt 0.493208 0.093825
vt 0.496821 0.079982
vt 0.042617 0.635695
vt 0.505849 0.056783
vt 0.519081 0.063695
vt 0.070956 0.449721
vt 0.049890 0.460325
vt 0.029334 0.466276
vt 0.730531 0.713869
vt 0.025728 0.461955
vt 0.433740 0.157279
vt 0.470247 0.165397
vt 0.545217 0.057291
vt 0.533113 0.073079
vt 0.528866 0.069979
vt 0.540601 0.051861
vt 0.019338 0.485667
vt 0.017351 0.504838
vt 0.010907 0.525466
vt 0.007639 0.503031
vt 0.707600 0.669312
vt 0.471244 0.128169
vt 0.506639 0.156188
vt 0.507646 0.149467
vt 0.519514 0.161474
vt 0.008959 0.550931
vt 0.401370 0.175604
vt 0.001520 0.525780
vt 0.424999 0.166507
vt 0.423289 0.161970
vt 0.447801 0.161996
vt 0.054054 0.470752
vt 0.038625 0.479183
vt 0.035685 0.474665
vt 0.051895 0.465115
vt 0.027382 0.490643
vt 0.290042 0.623686
vt 0.062646 0.464173
vt 0.071751 0.454147
vt 0.072588 0.458751
vt 0.419800 0.155618
vt 0.397747 0.166605
vt 0.011231 0.480276
vt 0.032327 0.566064
vt 0.036424 0.589007
vt 0.020881 0.573187
vt 0.019311 0.547558
vt 0.083698 0.460078
vt 0.426238 0.170737
vt 0.015294 0.576796
vt 0.095283 0.447221
vt 0.094563 0.452049
vt 0.370270 0.158200
vt 0.392461 0.148067
vt 0.066890 0.909846
vt 0.056645 0.938719
vt 0.421191 0.082899
vt 0.412014 0.074460
vt 0.450300 0.132055
vt 0.434765 0.472644
vt 0.441543 0.487875
vt 0.426525 0.476623
vt 0.330612 0.864975
vt 0.311159 0.854747
vt 0.296565 0.841370
vt 0.625746 0.459699
vt 0.063594 0.970483
vt 0.051649 0.956830
vt 0.728213 0.578666
vt 0.729252 0.572248
vt 0.802828 0.052182
vt 0.388355 0.682032
vt 0.233669 0.994081
vt 0.408091 0.689604
vt 0.375930 0.184504
vt 0.004240 0.552475
vt 0.024822 0.597773
vt 0.153502 0.545519
vt 0.166444 0.546245
vt 0.004167 0.619267
vt 0.361593 0.186022
vt 0.031235 0.635915
vt 0.022292 0.524530
vt 0.029648 0.505986
vt 0.001527 0.634209
vt 0.044567 0.654442
vt 0.053569 0.647870
vt 0.050087 0.578802
vt 0.246172 0.725041
vt 0.020831 0.630793
vt 0.354128 0.191688
vt 0.370408 0.600223
vt 0.016178 0.592161
vt 0.009208 0.580829
vt 0.362279 0.191648
vt 0.073699 0.513859
vt 0.053121 0.500943
vt 0.066590 0.480294
vt 0.086639 0.491804
vt 0.280017 0.611885
vt 0.037824 0.492948
vt 0.050222 0.487443
vt 0.162562 0.579124
vt 0.155447 0.608228
vt 0.056704 0.649284
vt 0.073137 0.887711
vt 0.337748 0.581665
vt 0.627936 0.507391
vt 0.613860 0.496721
vt 0.525967 0.434543
vt 0.530237 0.413384
vt 0.105490 0.450571
vt 0.106820 0.445739
vt 0.127714 0.450123
vt 0.921147 0.994104
vt 0.631188 0.682038
vt 0.665577 0.684327
vt 0.668809 0.404921
vt 0.240277 0.914639
vt 0.708947 0.588740
vt 0.932727 0.932283
vt 0.917710 0.907611
vt 0.935159 0.855731
vt 0.701794 0.636201
vt 0.694461 0.635378
vt 0.926405 0.879757
vt 0.942238 0.837321
vt 0.914452 0.874387
vt 0.257818 0.703432
vt 0.256601 0.722910
vt 0.252261 0.723946
vt 0.272402 0.756885
vt 0.228522 0.550687
vt 0.225202 0.558218
vt 0.212852 0.552376
vt 0.273732 0.838029
vt 0.187758 0.728728
vt 0.199379 0.765607
vt 0.181149 0.761303
vt 0.199950 0.754731
vt 0.163168 0.048961
vt 0.189606 0.745024
vt 0.199855 0.748039
vt 0.189801 0.751894
vt 0.172451 0.044924
vt 0.154718 0.046596
vt 0.147683 0.053546
vt 0.791134 0.227246
vt 0.788335 0.236236
vt 0.799123 0.224507
vt 0.112146 0.723764
vt 0.108068 0.732158
vt 0.670538 0.207219
vt 0.924284 0.306390
vt 0.678673 0.201962
vt 0.546637 0.391274
vt 0.288473 0.233264
vt 0.914183 0.258777
vt 0.905801 0.257351
vt 0.914016 0.253867
vt 0.415514 0.419513
vt 0.647818 0.235721
vt 0.929804 0.298074
vt 0.942007 0.295130
vt 0.385284 0.403141
vt 0.365547 0.399934
vt 0.307844 0.346134
vt 0.316205 0.342149
vt 0.303731 0.374287
vt 0.840856 0.714839
vt 0.835027 0.703288
vt 0.847925 0.723298
vt 0.302158 0.347634
vt 0.316219 0.252004
vt 0.284427 0.256292
vt 0.289020 0.269624
vt 0.281078 0.258642
vt 0.296993 0.372604
vt 0.096651 0.801715
vt 0.928723 0.260655
vt 0.558226 0.394942
vt 0.296314 0.266082
vt 0.308185 0.290491
vt 0.236800 0.314413
vt 0.314267 0.237482
vt 0.534119 0.326241
vt 0.537105 0.343435
vt 0.830131 0.832107
vt 0.845474 0.824704
vt 0.605826 0.318872
vt 0.591551 0.319131
vt 0.313659 0.300876
vt 0.625008 0.355164
vt 0.633968 0.367731
vt 0.598885 0.336122
vt 0.628722 0.364977
vt 0.527830 0.041538
vt 0.520121 0.040034
vt 0.638907 0.354017
vt 0.294531 0.019000
vt 0.670910 0.261164
vt 0.566088 0.261622
vt 0.562399 0.272286
vt 0.672860 0.240969
vt 0.508283 0.019542
vt 0.331218 0.011348
vt 0.317301 0.004248
vt 0.495991 0.023866
vt 0.271202 0.662548
vt 0.476902 0.020407
vt 0.470006 0.004252
vt 0.975242 0.938614
vt 0.972172 0.951301
vt 0.971498 0.938715
vt 0.837507 0.114437
vt 0.846372 0.112270
vt 0.838961 0.121725
vt 0.010598 0.188436
vt 0.014143 0.181427
vt 0.522607 0.273738
vt 0.015126 0.250913
vt 0.511962 0.118456
vt 0.519600 0.093438
vt 0.514385 0.092132
vt 0.524857 0.156858
vt 0.546959 0.040484
vt 0.030419 0.240630
vt 0.525028 0.094478
vt 0.993848 0.950468
vt 0.987389 0.948852
vt 0.922011 0.982335
vt 0.015431 0.131668
vt 0.044646 0.227535
vt 0.569551 0.262438
vt 0.982115 0.931787
vt 0.995739 0.961229
vt 0.026920 0.234245
vt 0.988587 0.958970
vt 0.976958 0.931983
vt 0.951027 0.968351
vt 0.961174 0.957526
vt 0.967742 0.965605
vt 0.982486 0.956328
vt 0.032988 0.209284
vt 0.981754 0.947337
vt 0.976902 0.953622
vt 0.976521 0.945723
vt 0.530283 0.152796
vt 0.961582 0.932390
vt 0.937604 0.990563
vt 0.649619 0.685530
vt 0.530607 0.084377
vt 0.682746 0.686977
vt 0.701241 0.699428
vt 0.927856 0.193930
vt 0.929385 0.186864
vt 0.932210 0.195026
vt 0.605789 0.658920
vt 0.608854 0.648517
vt 0.520891 0.105507
vt 0.527016 0.105399
vt 0.018765 0.236100
vt 0.040474 0.146522
vt 0.675918 0.695486
vt 0.690619 0.705271
vt 0.057849 0.157958
vt 0.019320 0.169947
vt 0.016976 0.175307
vt 0.013138 0.165136
vt 0.580189 0.342816
vt 0.582833 0.333929
vt 0.720180 0.692047
vt 0.095930 0.442151
vt 0.423588 0.146378
vt 0.698576 0.646647
vt 0.083583 0.454869
vt 0.064329 0.470816
vt 0.047224 0.478294
vt 0.041738 0.485899
vt 0.141517 0.466404
vt 0.158535 0.481940
vt 0.520522 0.410496
vt 0.069590 0.703668
vt 0.133479 0.562838
vt 0.707695 0.637043
vt 0.712024 0.617159
vt 0.158023 0.629118
vt 0.704589 0.647226
vt 0.118257 0.445165
vt 0.712715 0.668671
vt 0.942759 0.922574
vt 0.689237 0.626383
vt 0.433134 0.851576
vt 0.690890 0.615894
vt 0.699609 0.601330
vt 0.145786 0.525086
vt 0.670894 0.631453
vt 0.648770 0.635365
vt 0.123034 0.459746
vt 0.134517 0.473942
vt 0.076766 0.561458
vt 0.084826 0.542790
vt 0.103872 0.564689
vt 0.735301 0.357454
vt 0.711914 0.338002
vt 0.034229 0.542943
vt 0.040154 0.522190
vt 0.061305 0.534868
vt 0.052111 0.555656
vt 0.093649 0.525539
vt 0.105188 0.508785
vt 0.709720 0.647783
vt 0.104249 0.455380
vt 0.451804 0.502222
vt 0.824064 0.185415
vt 0.418671 0.481532
vt 0.411173 0.605303
vt 0.929402 0.945897
vt 0.623756 0.643191
vt 0.622087 0.657603
vt 0.534637 0.259278
vt 0.604609 0.628062
vt 0.627113 0.629375
vt 0.283304 0.367842
vt 0.290482 0.347408
vt 0.829729 0.712439
vt 0.937075 0.961702
vt 0.948710 0.957308
vt 0.985717 0.916913
vt 0.011034 0.237132
vt 0.046944 0.197585
vt 0.934817 0.934457
vt 0.006466 0.175251
vt 0.053941 0.221268
vt 0.594967 0.670383
vt 0.743103 0.850868
vt 0.539351 0.675928
vt 0.728962 0.845381
vt 0.710170 0.725457
vt 0.257265 0.789178
vt 0.044556 0.164847
vt 0.539841 0.145281
vt 0.057199 0.180049
vt 0.935963 0.975689
vt 0.955156 0.980642
vt 0.001579 0.136043
vt 0.063485 0.200927
vt 0.691456 0.727203
vt 0.703481 0.726073
vt 0.609647 0.619433
vt 0.590775 0.610261
vt 0.614290 0.696714
vt 0.002176 0.123969
vt 0.923747 0.964329
vt 0.002505 0.154974
vt 0.030503 0.132576
vt 0.021422 0.164944
vt 0.570355 0.371434
vt 0.735777 0.776684
vt 0.748567 0.776445
vt 0.741098 0.793090
vt 0.183575 0.912952
vt 0.553434 0.641206
vt 0.685999 0.336321
vt 0.544120 0.641222
vt 0.245062 0.799528
vt 0.544627 0.664543
vt 0.268078 0.768481
vt 0.937493 0.193812
vt 0.938301 0.199514
vt 0.648167 0.618112
vt 0.374595 0.925835
vt 0.680035 0.623021
vt 0.669500 0.624364
vt 0.260233 0.721946
vt 0.384236 0.906013
vt 0.402563 0.918093
vt 0.275336 0.665862
vt 0.423207 0.846727
vt 0.276893 0.750532
vt 0.596425 0.603992
vt 0.381461 0.858933
vt 0.613630 0.612888
vt 0.399393 0.903608
vt 0.406691 0.895196
vt 0.408674 0.909330
vt 0.849880 0.943599
vt 0.422359 0.850963
vt 0.400722 0.853212
vt 0.366617 0.890600
vt 0.629208 0.621731
vt 0.601752 0.599103
vt 0.371074 0.908230
vt 0.383252 0.891425
vt 0.397864 0.889529
vt 0.389843 0.884218
vt 0.405244 0.880841
vt 0.442707 0.895978
vt 0.423320 0.927110
vt 0.124882 0.011129
vt 0.133655 0.014778
vt 0.168436 0.691441
vt 0.542057 0.391108
vt 0.284113 0.236604
vt 0.210975 0.743138
vt 0.122388 0.704091
vt 0.170495 0.717372
vt 0.152337 0.734217
vt 0.155715 0.053069
vt 0.165587 0.053521
vt 0.893566 0.703421
vt 0.882878 0.710231
vt 0.902593 0.694311
vt 0.901846 0.702667
vt 0.158418 0.724687
vt 0.171866 0.753262
vt 0.180801 0.755483
vt 0.172443 0.759220
vt 0.155138 0.761600
vt 0.133587 0.761656
vt 0.164531 0.763170
vt 0.860487 0.772390
vt 0.165060 0.772373
vt 0.181552 0.770593
vt 0.121951 0.758950
vt 0.155681 0.767334
vt 0.164841 0.768289
vt 0.156260 0.771830
vt 0.135101 0.770546
vt 0.860037 0.753156
vt 0.146910 0.775783
vt 0.305139 0.326984
vt 0.297891 0.347996
vt 0.291801 0.370697
vt 0.216573 0.773253
vt 0.856055 0.808538
vt 0.556996 0.797901
vt 0.137541 0.780585
vt 0.854060 0.732272
vt 0.534986 0.376307
vt 0.717980 0.733618
vt 0.827213 0.716210
vt 0.278988 0.366915
vt 0.123465 0.767574
vt 0.856026 0.753516
vt 0.855377 0.790243
vt 0.850414 0.734150
vt 0.785619 0.765628
vt 0.801021 0.765127
vt 0.799791 0.780940
vt 0.815111 0.813793
vt 0.817430 0.806417
vt 0.821160 0.815609
vt 0.837712 0.696630
vt 0.557771 0.371427
vt 0.552155 0.391973
vt 0.292530 0.267806
vt 0.942562 0.629776
vt 0.294820 0.231214
vt 0.716531 0.817951
vt 0.734191 0.839918
vt 0.487174 0.308511
vt 0.789438 0.813410
vt 0.799471 0.821751
vt 0.779574 0.834135
vt 0.766917 0.817614
vt 0.310532 0.301560
vt 0.565786 0.397885
vt 0.545180 0.357999
vt 0.291125 0.519493
vt 0.615653 0.285410
vt 0.618991 0.241103
vt 0.532013 0.308818
vt 0.577719 0.323058
vt 0.402517 0.865476
vt 0.819886 0.097779
vt 0.815687 0.094137
vt 0.826840 0.087098
vt 0.823777 0.101280
vt 0.835318 0.817875
vt 0.847978 0.806332
vt 0.648561 0.625419
vt 0.770272 0.857497
vt 0.772527 0.851181
vt 0.539683 0.306599
vt 0.751621 0.762580
vt 0.761648 0.767337
vt 0.631499 0.743436
vt 0.125352 0.421901
vt 0.700346 0.791686
vt 0.848069 0.789453
vt 0.837938 0.803004
vt 0.752066 0.837320
vt 0.797281 0.842891
vt 0.837244 0.718908
vt 0.846804 0.735968
vt 0.834311 0.722733
vt 0.747115 0.844584
vt 0.835862 0.742504
vt 0.839558 0.740108
vt 0.848812 0.754006
vt 0.853774 0.771829
vt 0.767482 0.698639
vt 0.784969 0.701979
vt 0.832208 0.708281
vt 0.287425 0.369152
vt 0.759283 0.702533
vt 0.769428 0.703143
vt 0.291973 0.282682
vt 0.295638 0.293747
vt 0.748152 0.705121
vt 0.722542 0.764271
vt 0.721131 0.788396
vt 0.713324 0.789822
vt 0.277632 0.242780
vt 0.302183 0.228105
vt 0.537590 0.391083
vt 0.280808 0.239699
vt 0.214216 0.673232
vt 0.722424 0.814018
vt 0.755171 0.859379
vt 0.812770 0.829091
vt 0.824646 0.824415
vt 0.825350 0.806179
vt 0.275050 0.365839
vt 0.284137 0.345764
vt 0.539593 0.375088
vt 0.834422 0.786488
vt 0.749502 0.752008
vt 0.724793 0.776590
vt 0.729785 0.765661
vt 0.539608 0.359744
vt 0.710906 0.761940
vt 0.523144 0.350095
vt 0.727419 0.827217
vt 0.809009 0.819266
vt 0.733603 0.821931
vt 0.814052 0.728186
vt 0.798736 0.714161
vt 0.798832 0.794049
vt 0.816106 0.796905
vt 0.729194 0.797507
vt 0.720185 0.800953
vt 0.742333 0.814774
vt 0.816393 0.820515
vt 0.736725 0.711751
vt 0.740080 0.714821
vt 0.825064 0.784449
vt 0.809532 0.730818
vt 0.796086 0.717183
vt 0.292114 0.580997
vt 0.784515 0.705890
vt 0.726694 0.737834
vt 0.761983 0.706907
vt 0.812078 0.739178
vt 0.808531 0.756782
vt 0.806270 0.773295
vt 0.811432 0.779623
vt 0.814476 0.785778
vt 0.820137 0.796731
vt 0.823442 0.797105
vt 0.815268 0.771899
vt 0.783728 0.709867
vt 0.777727 0.705984
vt 0.099962 0.747047
vt 0.105193 0.751770
vt 0.783617 0.751606
vt 0.769023 0.758217
vt 0.876876 0.292275
vt 0.794249 0.757283
vt 0.820197 0.784527
vt 0.738471 0.757064
vt 0.027403 0.414560
vt 0.011460 0.794156
vt 0.010782 0.804736
vt 0.311979 0.407228
vt 0.657006 0.557795
vt 0.624488 0.745831
vt 0.787375 0.504697
vt 0.913652 0.287657
vt 0.215282 0.113428
vt 0.366017 0.409966
vt 0.384282 0.407845
vt 0.961664 0.318089
vt 0.883339 0.337928
vt 0.947632 0.344407
vt 0.908296 0.294632
vt 0.675834 0.210750
vt 0.941717 0.352813
vt 0.667946 0.227220
vt 0.404885 0.412947
vt 0.095237 0.743612
vt 0.318523 0.419436
vt 0.916122 0.300527
vt 0.083936 0.753037
vt 0.925712 0.265691
vt 0.896883 0.256112
vt 0.321731 0.423560
vt 0.424511 0.894008
vt 0.422488 0.879206
vt 0.411420 0.853110
vt 0.266472 0.730716
vt 0.411370 0.858121
vt 0.401351 0.857392
vt 0.412433 0.871427
vt 0.414484 0.886914
vt 0.423939 0.908034
vt 0.949560 0.822816
vt 0.707437 0.351086
vt 0.415439 0.709432
vt 0.420667 0.682916
vt 0.658891 0.722428
vt 0.643790 0.725183
vt 0.440656 0.003669
vt 0.729558 0.362087
vt 0.145421 0.319412
vt 0.167178 0.403460
vt 0.719966 0.561932
vt 0.158635 0.354222
vt 0.170964 0.287476
vt 0.159419 0.365901
vt 0.193602 0.415365
vt 0.650920 0.707493
vt 0.111372 0.418361
vt 0.952433 0.532878
vt 0.963811 0.525190
vt 0.744664 0.368066
vt 0.984720 0.542550
vt 0.979497 0.542400
vt 0.974913 0.518327
vt 0.168740 0.358423
vt 0.946884 0.552322
vt 0.935168 0.560489
vt 0.939599 0.539458
vt 0.191601 0.370724
vt 0.156355 0.377861
vt 0.841027 0.136220
vt 0.849886 0.128041
vt 0.856316 0.133838
vt 0.850443 0.141294
vt 0.010794 0.086135
vt 0.012019 0.596950
vt 0.903471 0.177973
vt 0.886009 0.187905
vt 0.721136 0.231090
vt 0.745300 0.664668
vt 0.503620 0.016544
vt 0.677313 0.235620
vt 0.686509 0.235892
vt 0.238338 0.557265
vt 0.091590 0.047596
vt 0.507984 0.744819
vt 0.214339 0.127846
vt 0.100794 0.033590
vt 0.978569 0.643347
vt 0.966945 0.647525
vt 0.040368 0.708743
vt 0.224380 0.116392
vt 0.485292 0.723608
vt 0.961179 0.643296
vt 0.768325 0.434845
vt 0.834184 0.275138
vt 0.168835 0.082689
vt 0.515470 0.725269
vt 0.178810 0.097410
vt 0.106981 0.017882
vt 0.806915 0.584599
vt 0.555754 0.754339
vt 0.149767 0.067750
vt 0.954713 0.703816
vt 0.558450 0.714301
vt 0.512162 0.709529
vt 0.523751 0.709560
vt 0.901155 0.709661
vt 0.890704 0.719053
vt 0.881256 0.733791
vt 0.882251 0.753262
vt 0.191694 0.081525
vt 0.862415 0.389357
vt 0.847566 0.369657
vt 0.914852 0.721674
vt 0.912447 0.702588
vt 0.907403 0.698728
vt 0.935100 0.730042
vt 0.550442 0.711151
vt 0.279192 0.852447
vt 0.256793 0.855424
vt 0.638485 0.499318
vt 0.963388 0.498913
vt 0.845027 0.341198
vt 0.180959 0.088177
vt 0.804796 0.487397
vt 0.897923 0.769512
vt 0.182375 0.093385
vt 0.035888 0.776460
vt 0.036891 0.752058
vt 0.057814 0.760278
vt 0.055726 0.780963
vt 0.073128 0.775067
vt 0.687164 0.840120
vt 0.009998 0.758685
vt 0.020099 0.777552
vt 0.641626 0.932557
vt 0.622598 0.879651
vt 0.654025 0.850931
vt 0.225977 0.041958
vt 0.002477 0.898094
vt 0.033499 0.900437
vt 0.809197 0.250715
vt 0.751803 0.025943
vt 0.069531 0.796606
vt 0.079828 0.821136
vt 0.025955 0.819110
vt 0.019071 0.819563
vt 0.021960 0.807761
vt 0.919942 0.515601
vt 0.732896 0.411640
vt 0.212160 0.561725
vt 0.836138 0.349142
vt 0.964792 0.194356
vt 0.191317 0.572097
vt 0.951000 0.227500
vt 0.769253 0.341916
vt 0.585319 0.507451
vt 0.315125 0.872649
vt 0.613133 0.523210
vt 0.530439 0.485137
vt 0.519337 0.512850
vt 0.622995 0.512505
vt 0.182294 0.552546
vt 0.668829 0.409368
vt 0.504364 0.531373
vt 0.824126 0.425181
vt 0.516244 0.555126
vt 0.540095 0.553384
vt 0.553539 0.468489
vt 0.284416 0.862406
vt 0.271839 0.869988
vt 0.121737 0.964076
vt 0.131067 0.934001
vt 0.491647 0.445181
vt 0.509327 0.442834
vt 0.477507 0.460309
vt 0.115193 0.942073
vt 0.517859 0.427810
vt 0.074951 0.711558
vt 0.059784 0.701799
vt 0.110996 0.899455
vt 0.061500 0.976667
vt 0.437627 0.430273
vt 0.412839 0.591894
vt 0.407772 0.588412
vt 0.510631 0.690131
vt 0.318755 0.669482
vt 0.223244 0.921157
vt 0.017728 0.061325
vt 0.092865 0.120727
vt 0.096623 0.107217
vt 0.070027 0.127490
vt 0.408014 0.719773
vt 0.402711 0.708011
vt 0.202827 0.089071
vt 0.395996 0.702904
vt 0.207591 0.098879
vt 0.211085 0.100710
vt 0.391859 0.702802
vt 0.246241 0.952583
vt 0.405238 0.713055
vt 0.224793 0.959840
vt 0.233354 0.966827
vt 0.718651 0.553290
vt 0.719749 0.568305
vt 0.200187 0.081994
vt 0.204889 0.094552
vt 0.228069 0.941566
vt 0.813531 0.579033
vt 0.114765 0.018600
vt 0.817443 0.276444
vt 0.785739 0.605266
vt 0.813808 0.492619
vt 0.865859 0.741412
vt 0.871523 0.721947
vt 0.866984 0.707396
vt 0.606027 0.793375
vt 0.867519 0.686497
vt 0.588635 0.786011
vt 0.885518 0.677947
vt 0.897068 0.689128
vt 0.908820 0.689632
vt 0.026449 0.830392
vt 0.041027 0.826761
vt 0.188323 0.073387
vt 0.585390 0.791327
vt 0.582071 0.796757
vt 0.577436 0.784224
vt 0.064372 0.842755
vt 0.058961 0.815520
vt 0.894801 0.678416
vt 0.619958 0.815616
vt 0.588283 0.843493
vt 0.081250 0.853781
vt 0.030386 0.723728
vt 0.674065 0.838478
vt 0.635808 0.835779
vt 0.022966 0.797489
vt 0.017400 0.791766
vt 0.026712 0.794408
vt 0.025756 0.788150
vt 0.699856 0.891513
vt 0.006008 0.919652
vt 0.789147 0.451018
vt 0.738600 0.435690
vt 0.696830 0.840347
vt 0.716035 0.870580
vt 0.705617 0.861612
vt 0.709084 0.879526
vt 0.700357 0.855577
vt 0.704331 0.840969
vt 0.004999 0.782282
vt 0.706885 0.855915
vt 0.004635 0.790367
vt 0.872959 0.253144
vt 0.057401 0.874518
vt 0.018120 0.844860
vt 0.740908 0.861708
vt 0.005634 0.771965
vt 0.025997 0.877142
vt 0.775013 0.910672
vt 0.755507 0.878678
vt 0.001502 0.836365
vt 0.039106 0.849169
vt 0.963490 0.571007
vt 0.726190 0.435649
vt 0.728181 0.451582
vt 0.725305 0.426821
vt 0.872275 0.357929
vt 0.855398 0.357623
vt 0.926850 0.500203
vt 0.740711 0.404574
vt 0.789486 0.926196
vt 0.971977 0.566654
vt 0.947162 0.570357
vt 0.931123 0.578154
vt 0.921238 0.564115
vt 0.615873 0.832074
vt 0.732191 0.435638
vt 0.974001 0.553408
vt 0.968939 0.532338
vt 0.972452 0.541747
vt 0.944554 0.501240
vt 0.969316 0.521917
vt 0.823825 0.410226
vt 0.522445 0.573966
vt 0.789209 0.358465
vt 0.808169 0.398719
vt 0.256737 0.592062
vt 0.949490 0.168456
vt 0.266071 0.929037
vt 0.665424 0.582144
vt 0.654644 0.592624
vt 0.119383 0.935438
vt 0.117263 0.923037
vt 0.122941 0.920740
vt 0.034542 0.044724
vt 0.907561 0.114426
vt 0.114906 0.907532
vt 0.468228 0.450684
vt 0.451225 0.445468
vt 0.468610 0.445067
vt 0.519342 0.402201
vt 0.106710 0.904673
vt 0.660570 0.489914
vt 0.677236 0.498285
vt 0.653868 0.501353
vt 0.869177 0.369558
vt 0.429688 0.574845
vt 0.081409 0.980951
vt 0.475988 0.448365
vt 0.118024 0.971379
vt 0.476606 0.453921
vt 0.694267 0.571915
vt 0.622101 0.824211
vt 0.881921 0.670700
vt 0.719457 0.427483
vt 0.957731 0.510501
vt 0.679472 0.488058
vt 0.538978 0.575004
vt 0.620279 0.554988
vt 0.918616 0.203905
vt 0.951894 0.184844
vt 0.919577 0.178394
vt 0.914110 0.161250
vt 0.932320 0.169010
vt 0.938846 0.182667
vt 0.471258 0.499075
vt 0.111261 0.919286
vt 0.117017 0.915540
vt 0.417519 0.572583
vt 0.416765 0.462194
vt 0.426889 0.507232
vt 0.776808 0.149410
vt 0.800291 0.168906
vt 0.793257 0.076371
vt 0.783404 0.094193
vt 0.788218 0.072745
vt 0.774875 0.118777
vt 0.708161 0.577262
vt 0.680773 0.578530
vt 0.695314 0.576647
vt 0.682617 0.582601
vt 0.907015 0.523962
vt 0.876665 0.421141
vt 0.686388 0.517939
vt 0.481711 0.577501
vt 0.866030 0.436485
vt 0.906433 0.557562
vt 0.471724 0.570690
vt 0.827117 0.175761
vt 0.785512 0.144586
vt 0.806098 0.162212
vt 0.879608 0.068682
vt 0.887824 0.090802
vt 0.295515 0.858739
vt 0.294258 0.865746
vt 0.886669 0.060930
vt 0.888347 0.140597
vt 0.860674 0.051680
vt 0.833969 0.048934
vt 0.658473 0.596631
vt 0.770027 0.119204
vt 0.048828 0.024699
vt 0.807111 0.134780
vt 0.812585 0.154310
vt 0.794672 0.139415
vt 0.798698 0.117566
vt 0.796036 0.099370
vt 0.785246 0.117520
vt 0.798793 0.080462
vt 0.719062 0.574353
vt 0.783219 0.069228
vt 0.853233 0.169035
vt 0.876987 0.098115
vt 0.870405 0.080906
vt 0.887220 0.116403
vt 0.830491 0.166684
vt 0.834642 0.156227
vt 0.852872 0.158659
vt 0.857729 0.063933
vt 0.836148 0.060843
vt 0.859335 0.057130
vt 0.808253 0.104286
vt 0.810627 0.089735
vt 0.749101 0.587269
vt 0.810359 0.061671
vt 0.772833 0.089813
vt 0.870858 0.153819
vt 0.866005 0.146395
vt 0.878227 0.135564
vt 0.870777 0.131990
vt 0.861228 0.139994
vt 0.863203 0.129057
vt 0.869670 0.117795
vt 0.822284 0.144908
vt 0.855745 0.072830
vt 0.839206 0.077567
vt 0.818693 0.074505
vt 0.804629 0.084930
vt 0.851625 0.150255
vt 0.878103 0.116799
vt 0.837971 0.146033
vt 0.854306 0.079929
vt 0.818378 0.108450
vt 0.864013 0.091138
vt 0.821848 0.118163
vt 0.818348 0.130508
vt 0.810514 0.118206
vt 0.869684 0.103360
vt 0.861905 0.108002
vt 0.859506 0.098443
vt 0.852339 0.090143
vt 0.853181 0.085413
vt 0.829804 0.125420
vt 0.830192 0.136384
vt 0.840978 0.089133
vt 0.859301 0.118876
vt 0.851675 0.104436
vt 0.851639 0.094492
vt 0.926179 0.199192
vt 0.915044 0.198905
vt 0.260825 0.658782
vt 0.331634 0.887011
vt 0.100901 0.052110
vt 0.274663 0.915141
vt 0.178574 0.539843
vt 0.326273 0.194663
vt 0.018228 0.670472
vt 0.015258 0.676225
vt 0.879343 0.437740
vt 0.003410 0.390456
s 1
f 1494/1/1494 156/2/156 1296/3/1296 7/4/7
f 158/5/158 1496/6/1496 1497/7/1497 161/8/161
f 1515/9/1515 1502/10/1502 1501/11/1501
f 160/12/160 159/13/159 167/14/167 1290/15/1290
f 2468/16/2468 11/17/11 1297/18/1297
f 1520/19/1520 1499/20/1499 1500/21/1500 1519/22/1519
f 1674/23/1674 1521/24/1521 1520/19/1520 1673/25/1673
f 1497/26/1497 1513/27/1513 3/28/3 1512/29/1512
f 4/30/4 166/31/166 168/32/168
f 202/33/202 13/34/13 201/35/201
f 184/36/184 2464/37/2464 1293/38/1293 2685/39/2685
f 2466/40/2466 1296/3/1296 1295/41/1295 2465/42/2465
f 1288/43/1288 1289/44/1289 167/14/167 1287/45/1287
f 1481/46/1481 1468/47/1468 1469/48/1469 1480/49/1480
f 170/50/170 1486/51/1486 1487/52/1487 1488/53/1488
f 1677/54/1677 1522/55/1522 1676/56/1676 1699/57/1699
f 1504/58/1504 176/59/176 1501/11/1501 1502/10/1502
f 1507/60/1507 177/61/177 1505/62/1505 1506/63/1506
f 164/64/164 166/31/166 161/8/161
f 2767/65/2767 2766/66/2766 2768/67/2768
f 1604/68/1604 1619/69/1619 10/70/10 1605/71/1605
f 1468/47/1468 191/72/191 1469/48/1469
f 2465/42/2465 2689/73/2689 2690/74/2690 2466/40/2466
f 2790/75/2790 2784/76/2784 2781/77/2781
f 214/78/214 213/79/213 196/80/196 197/81/197
f 2803/82/2803 71/83/71 2801/84/2801
f 2702/85/2702 2701/86/2701 238/87/238 2798/88/2798
f 2469/89/2469 189/90/189 237/91/237 2696/92/2696
f 2694/93/2694 188/94/188 2692/95/2692 2693/96/2693
f 208/97/208 192/98/192 207/99/207 14/100/14
f 193/101/193 192/98/192 208/97/208 1652/102/1652
f 1656/103/1656 1472/104/1472 1471/105/1471
f 1469/48/1469 1470/106/1470 1471/107/1471
f 1459/108/1459 1605/71/1605 10/70/10 1461/109/1461
f 218/110/218 2505/111/2505 2506/112/2506 2496/113/2496
f 2469/89/2469 2470/114/2470 11/17/11 2468/16/2468
f 2788/115/2788 212/116/212 210/117/210
f 241/118/241 240/119/240 2491/120/2491
f 13/34/13 12/121/12 204/122/204
f 2785/123/2785 210/117/210 211/124/211 2774/125/2774
f 1495/126/1495 157/127/157 1494/1/1494
f 1492/128/1492 204/122/204 12/121/12 1491/129/1491
f 17/130/17 12/121/12 200/131/200
f 1304/132/1304 1303/133/1303 2488/134/2488
f 219/135/219 1359/136/1359 1358/137/1358
f 2496/113/2496 2516/138/2516 217/139/217
f 1601/140/1601 279/141/279 278/142/278
f 1300/143/1300 203/144/203 2515/145/2515 2514/146/2514
f 205/147/205 14/100/14 207/99/207 1466/148/1466
f 1754/149/1754 1730/150/1730 1728/151/1728 1753/152/1753
f 2686/153/2686 2758/154/2758 15/155/15 2759/156/2759
f 2508/157/2508 2507/158/2507 2512/159/2512
f 2497/160/2497 2496/113/2496 2506/112/2506
f 1358/137/1358 1360/161/1360 1387/162/1387 219/135/219
f 1286/163/1286 168/32/168 1284/164/1284
f 18/165/18 224/166/224 222/167/222
f 1391/168/1391 1389/169/1389 1390/170/1390
f 2880/171/2880 2881/172/2881 2855/173/2855 2870/174/2870
f 258/175/258 28/176/28 259/177/259 1602/178/1602
f 1605/71/1605 1608/179/1608 257/180/257 1604/68/1604
f 2791/181/2791 227/182/227 2766/66/2766 2767/65/2767
f 2695/183/2695 2693/184/2693 226/185/226 228/186/228
f 239/187/239 23/188/23 2796/189/2796
f 239/187/239 2797/190/2797 2798/88/2798
f 2857/191/2857 2872/192/2872 2859/193/2859
f 1723/194/1723 1721/195/1721 21/196/21
f 1796/197/1796 1939/198/1939 1867/199/1867 1940/200/1940
f 1679/201/1679 1526/202/1526 1525/203/1525
f 49/204/49 327/205/327 326/206/326
f 2528/207/2528 82/208/82 2527/209/2527
f 2800/210/2800 2858/211/2858 2801/84/2801
f 2696/92/2696 238/87/238 2701/86/2701 2697/212/2697
f 2699/213/2699 2698/214/2698 348/215/348
f 2695/183/2695 228/186/228 2796/189/2796 23/188/23
f 2231/216/2231 2240/217/2240 24/218/24 2232/219/2232
f 12/121/12 199/220/199 1491/129/1491
f 243/221/243 2485/222/2485 2484/223/2484 2486/224/2486
f 244/225/244 2488/134/2488 2501/226/2501 2489/227/2489
f 2172/228/2172 1806/229/1806 1805/230/1805 2171/231/2171
f 1726/232/1726 301/233/301 1725/234/1725
f 1532/235/1532 246/236/246 1804/237/1804
f 1280/238/1280 234/239/234 1279/240/1279
f 274/241/274 277/242/277 2674/243/2674
f 1276/244/1276 2454/245/2454 2455/246/2455 1277/247/1277
f 1383/248/1383 1362/249/1362 1363/250/1363 1382/251/1382
f 1297/18/1297 11/17/11 2492/252/2492
f 38/253/38 282/254/282 285/255/285
f 260/256/260 1608/179/1608 1607/257/1607 29/258/29
f 1607/257/1607 1608/179/1608 1606/259/1606
f 31/260/31 267/261/267 263/262/263
f 265/263/265 264/264/264 260/256/260
f 270/265/270 269/266/269 2750/267/2750
f 1386/268/1386 1360/161/1360 1385/269/1385
f 2501/226/2501 2488/134/2488 1303/133/1303 1302/270/1302
f 263/262/263 289/271/289 261/272/261 264/264/264
f 2318/273/2318 290/274/290 2316/275/2316
f 401/276/401 1350/277/1350 1349/278/1349
f 219/135/219 200/131/200 1359/136/1359
f 3019/279/3019 3006/280/3006 3017/281/3017
f 2759/156/2759 15/155/15 2777/282/2777 2787/283/2787
f 271/284/271 2849/285/2849 33/286/33
f 2852/287/2852 2794/288/2794 33/286/33 2851/289/2851
f 3020/290/3020 3007/291/3007 3006/280/3006
f 315/292/315 271/293/271 270/265/270 2847/294/2847
f 2453/295/2453 3005/296/3005 34/297/34 3033/298/3033
f 1592/299/1592 1596/300/1596 291/301/291
f 2749/302/2749 2957/303/2957 35/304/35 2675/305/2675
f 292/306/292 293/307/293 329/308/329
f 3042/309/3042 385/310/385 3041/311/3041 3043/312/3043
f 1655/313/1655 1470/314/1470 194/315/194
f 1741/316/1741 1761/317/1761 1775/318/1775 1776/319/1776
f 1676/56/1676 1522/55/1522 233/320/233 1281/321/1281
f 1308/322/1308 1340/323/1340 1341/324/1341 1305/325/1305
f 1616/326/1616 1603/327/1603 1615/328/1615
f 1638/329/1638 1629/330/1629 1637/331/1637
f 282/332/282 281/333/281 293/334/293 42/335/42
f 1914/336/1914 1789/337/1789 1915/338/1915
f 295/339/295 294/340/294 1898/341/1898
f 312/342/312 1915/338/1915 284/343/284 285/255/285
f 2183/344/2183 2200/345/2200 39/346/39 2201/347/2201
f 41/348/41 289/271/289 263/262/263
f 1250/349/1250 1263/350/1263 1266/351/1266
f 1911/352/1911 1901/353/1901 1902/354/1902 1910/355/1910
f 2986/356/2986 458/357/458 457/358/457
f 1744/359/1744 1643/360/1643 1743/361/1743
f 1899/362/1899 339/363/339 1911/352/1911 1898/341/1898
f 1599/364/1599 329/308/329 1600/365/1600 1598/366/1598
f 31/260/31 264/264/264 265/263/265
f 323/367/323 1590/368/1590 43/369/43 1589/370/1589
f 1747/371/1747 1746/372/1746 1748/373/1748
f 1463/374/1463 1461/109/1461 10/70/10 1619/69/1619
f 50/375/50 292/306/292 329/308/329
f 372/376/372 1909/377/1909 1908/378/1908
f 38/379/38 283/380/283 281/333/281
f 1591/381/1591 1590/368/1590 310/382/310
f 1618/383/1618 1616/326/1616 1617/384/1617
f 1629/330/1629 1632/385/1632 1637/331/1637
f 1758/386/1758 1739/387/1739 1737/388/1737
f 2029/389/2029 2006/390/2006 2005/391/2005 2028/392/2028
f 1934/393/1934 1794/394/1794 355/395/355
f 1801/396/1801 304/397/304 57/398/57 1797/399/1797
f 1751/400/1751 1725/234/1725 1724/401/1724 1750/402/1750
f 3021/403/3021 320/404/320 322/405/322
f 55/406/55 1587/407/1587 309/408/309 2318/273/2318
f 314/409/314 1913/410/1913 337/411/337 338/412/338
f 316/413/316 2847/294/2847 287/414/287
f 2960/415/2960 2961/416/2961 2745/417/2745
f 2741/418/2741 318/419/318 344/420/344 345/421/345
f 2813/422/2813 2810/423/2810 317/424/317 319/425/319
f 3015/426/3015 3006/280/3006 34/297/34 3005/296/3005
f 1398/427/1398 1401/428/1401 1397/429/1397 1378/430/1378
f 2975/431/2975 2976/432/2976 2973/433/2973
f 1276/244/1276 252/434/252 1275/435/1275
f 1812/436/1812 2178/437/2178 1814/438/1814
f 58/439/58 358/440/358 325/441/325
f 1534/442/1534 1533/443/1533 1807/444/1807
f 2492/252/2492 11/17/11 2491/120/2491
f 1399/445/1399 1422/446/1422 1400/447/1400 1398/427/1398
f 1239/448/1239 1238/449/1238 51/450/51 1273/451/1273
f 1905/452/1905 1906/453/1906 371/454/371 1904/455/1904
f 3030/456/3030 334/457/334 335/458/335
f 3023/459/3023 3022/460/3022 3021/403/3021
f 2521/461/2521 1315/462/1315 2520/463/2520 2482/464/2482
f 1932/465/1932 1953/466/1953 1933/467/1933 1793/468/1793
f 2179/469/2179 1817/470/1817 2193/471/2193 341/472/341
f 1238/449/1238 1236/473/1236 1237/474/1237
f 1315/462/1315 1313/475/1313 2520/463/2520
f 2949/476/2949 2941/477/2941 2948/478/2948
f 2669/479/2669 2668/480/2668 2667/481/2667
f 1727/482/1727 1728/151/1728 1791/483/1791 1792/484/1792
f 1900/485/1900 1903/486/1903 53/487/53 340/488/340
f 63/489/63 1912/490/1912 372/376/372
f 1908/378/1908 1909/377/1909 1907/491/1907
f 2966/492/2966 2984/493/2984 2967/494/2967 356/495/356
f 1414/496/1414 1415/497/1415 1412/498/1412
f 356/495/356 2969/499/2969 2960/415/2960 2744/500/2744
f 2950/501/2950 353/502/353 2949/476/2949
f 309/408/309 46/503/46 2318/273/2318
f 2244/504/2244 2314/505/2314 1444/506/1444 1443/507/1443
f 1586/508/1586 1587/407/1587 2243/509/2243 66/510/66
f 2268/511/2268 439/512/439 438/513/438
f 56/514/56 350/515/350 351/516/351
f 2800/210/2800 2703/517/2703 2702/85/2702 2799/518/2799
f 2799/518/2799 2858/211/2858 2800/210/2800
f 2524/519/2524 352/520/352 351/516/351 2537/521/2537
f 1983/522/1983 1959/523/1959 1938/524/1938 1958/525/1958
f 2203/526/2203 2186/527/2186 2174/528/2174 2185/529/2185
f 383/530/383 65/531/65 1442/532/1442
f 1257/533/1257 1256/534/1256 1255/535/1255
f 1254/536/1254 381/537/381 3041/311/3041 385/310/385
f 1534/442/1534 357/538/357 1533/443/1533
f 51/450/51 1274/539/1274 49/204/49 1273/451/1273
f 2451/540/2451 51/450/51 2450/541/2450 3003/542/3003
f 1878/543/1878 1880/544/1880 1574/545/1574
f 360/546/360 1535/547/1535 1808/548/1808 1536/549/1536
f 2443/550/2443 2668/480/2668 2669/479/2669
f 3002/551/3002 3000/552/3000 3012/553/3012
f 2444/554/2444 2443/550/2443 2669/555/2669 2670/556/2670
f 1374/557/1374 379/558/379 1373/559/1373
f 64/560/64 380/561/380 379/558/379
f 368/562/368 1377/563/1377 1425/564/1425 1399/445/1399
f 1422/446/1422 1423/565/1423 1421/566/1421
f 2999/567/2999 2448/568/2448 62/569/62 2447/570/2447
f 2261/571/2261 2254/572/2254 2260/573/2260
f 3004/574/3004 2452/575/2452 2451/540/2451 3003/542/3003
f 3014/576/3014 3013/577/3013 335/458/335
f 2079/578/2079 2065/579/2065 2078/580/2078 2096/581/2096
f 63/489/63 372/376/372 373/582/373
f 1918/583/1918 374/584/374 1920/585/1920 1919/586/1919
f 1367/587/1367 1368/588/1368 376/589/376 1366/590/1366
f 1377/563/1377 1376/591/1376 1428/592/1428 1427/593/1427
f 1331/594/1331 1373/559/1373 380/595/380 1372/596/1372
f 1365/597/1365 1355/598/1355 1366/590/1366
f 471/599/471 513/600/513 3048/601/3048
f 382/602/382 1444/506/1444 2315/603/2315 1445/604/1445
f 2214/605/2214 2216/606/2216 2186/527/2186 2203/526/2203
f 1594/607/1594 1588/608/1588 1599/364/1599 1598/366/1598
f 1299/609/1299 202/610/202 1298/611/1298
f 1266/351/1266 1263/612/1263 1262/613/1262
f 2323/614/2323 2324/615/2324 1352/616/1352
f 2833/617/2833 397/618/397 2832/619/2832
f 1310/620/1310 1311/621/1311 1308/322/1308
f 2289/622/2289 2290/623/2290 2278/624/2278
f 67/625/67 387/626/387 388/627/388
f 390/628/390 388/629/388 402/630/402 406/631/406
f 2666/632/2666 346/633/346 389/634/389 2416/635/2416
f 393/636/393 392/637/392 452/638/452 456/639/456
f 1537/640/1537 453/641/453 452/638/452
f 395/642/395 1269/643/1269 3042/309/3042 3043/312/3043
f 393/636/393 456/639/456 1268/644/1268
f 2453/295/2453 2454/245/2454 1276/244/1276 2452/575/2452
f 1822/645/1822 398/646/398 72/647/72
f 2805/648/2805 71/83/71 2803/82/2803 2804/649/2804
f 71/83/71 397/618/397 2833/617/2833
f 1820/650/1820 72/647/72 1819/651/1819 1940/200/1940
f 1826/652/1826 1827/653/1827 1825/654/1825
f 72/647/72 1810/655/1810 1811/656/1811
f 78/657/78 2830/658/2830 412/659/412
f 495/660/495 494/661/494 2266/662/2266
f 1352/616/1352 1351/663/1351 1350/277/1350
f 73/664/73 402/630/402 403/665/403
f 2441/666/2441 403/665/403 402/630/402 2442/667/2442
f 2436/668/2436 404/669/404 2437/670/2437 477/671/477
f 406/672/406 405/673/405 3034/674/3034 3038/675/3038
f 2743/676/2743 2669/479/2669 2667/481/2667 2742/677/2742
f 408/678/408 2477/679/2477 2522/680/2522 2523/681/2523
f 1167/682/1167 472/683/472 2329/684/2329
f 411/685/411 82/208/82 2528/207/2528 2328/686/2328
f 2707/687/2707 2543/688/2543 2542/689/2542 2706/690/2706
f 457/358/457 2834/691/2834 2835/692/2835
f 470/693/470 3044/694/3044 1267/695/1267
f 430/696/430 1928/697/1928 1926/698/1926
f 2025/699/2025 2046/700/2046 2067/701/2067 2047/702/2047
f 2441/666/2441 2442/667/2442 2440/703/2440
f 2298/704/2298 2297/705/2297 419/706/419 2300/707/2300
f 2280/708/2280 2279/709/2279 2294/710/2294 2295/711/2295
f 2024/712/2024 2025/699/2025 2026/713/2026
f 534/714/534 421/715/421 1118/716/1118 1119/717/1119
f 1118/716/1118 2276/718/2276 2285/719/2285
f 1895/720/1895 328/721/328 1586/508/1586
f 2536/722/2536 425/723/425 2525/724/2525 2524/519/2524
f 2388/725/2388 482/726/482 2387/727/2387
f 2373/728/2373 428/729/428 2997/730/2997 2374/731/2374
f 2728/732/2728 433/733/433 2836/734/2836 2841/735/2841
f 2253/736/2253 2252/737/2252 1439/738/1439
f 2305/739/2305 2308/740/2308 2304/741/2304 2262/742/2262
f 2830/658/2830 2835/692/2835 2831/743/2831 2811/744/2811
f 2271/745/2271 439/512/439 2269/746/2269
f 2267/747/2267 438/513/438 2246/748/2246 2247/749/2247
f 2276/718/2276 2275/750/2275 2285/751/2285
f 2252/737/2252 2255/752/2255 2264/753/2264 2251/754/2251
f 2833/617/2833 2834/691/2834 458/357/458 464/755/464
f 3037/756/3037 460/757/460 2420/758/2420
f 1249/759/1249 1250/349/1250 1248/760/1248
f 3044/694/3044 3045/761/3045 80/762/80 1267/695/1267
f 1330/763/1330 443/764/443 1328/765/1328 1329/766/1329
f 2322/767/2322 2324/615/2324 2323/614/2323
f 2326/768/2326 1322/769/1322 1321/770/1321 2478/771/2478
f 506/772/506 2528/207/2528 2527/209/2527 2535/773/2535
f 2986/356/2986 457/358/457 84/774/84 2725/775/2725
f 506/772/506 2329/684/2329 473/776/473 2528/207/2528
f 449/777/449 450/778/450 1930/779/1930 1916/780/1916
f 1927/781/1927 448/782/448 449/777/449 1919/586/1919
f 2828/783/2828 2812/784/2812 2814/785/2814
f 1585/786/1585 1584/787/1584 1583/788/1583
f 1954/789/1954 1933/467/1933 1953/466/1953 1976/790/1976
f 2726/791/2726 433/733/433 2728/732/2728 2727/792/2727
f 2838/793/2838 2843/794/2843 85/795/85 2839/796/2839
f 1823/797/1823 1538/798/1538 1537/640/1537 398/646/398
f 454/799/454 1538/798/1538 1539/800/1539
f 1540/801/1540 1828/802/1828 545/803/545 1541/804/1541
f 3049/805/3049 454/799/454 1539/800/1539 100/806/100
f 2422/807/2422 2420/758/2420 460/757/460
f 1252/808/1252 400/809/400 3054/810/3054 1251/811/1251
f 552/812/552 2370/813/2370 2371/814/2371
f 2417/815/2417 89/816/89 2415/817/2415 2416/635/2416
f 2560/818/2560 692/819/692 2397/820/2397 2558/821/2558
f 461/822/461 87/823/87 462/824/462 492/825/492
f 95/826/95 493/827/493 490/828/490
f 88/829/88 464/755/464 465/830/465
f 432/831/432 78/657/78 412/659/412
f 88/829/88 465/830/465 467/832/467
f 2724/833/2724 467/832/467 465/830/465 2986/356/2986
f 2377/834/2377 2391/835/2391 2390/836/2390 2376/837/2376
f 2435/838/2435 480/839/480 2433/840/2433
f 2971/841/2971 331/842/331 2961/416/2961 2970/843/2970
f 1266/844/1266 1265/845/1265 469/846/469 1267/847/1267
f 3048/601/3048 3047/848/3047 3046/849/3046 471/599/471
f 2433/840/2433 2431/850/2431 489/851/489
f 2531/852/2531 2532/853/2532 1178/854/1178 1174/855/1174
f 2300/707/2300 2291/856/2291 2289/622/2289 2299/857/2299
f 2391/835/2391 2377/834/2377 2378/858/2378 2379/859/2379
f 2673/860/2673 277/242/277 275/861/275
f 655/862/655 653/863/653 134/864/134
f 2705/865/2705 468/866/468 2706/690/2706
f 3062/867/3062 496/868/496 515/869/515
f 1131/870/1131 2290/623/2290 91/871/91 1132/872/1132
f 92/873/92 476/874/476 477/671/477
f 2428/875/2428 479/876/479 1230/877/1230 1229/878/1229
f 2436/668/2436 476/879/476 2435/838/2435
f 2432/880/2432 479/876/479 2428/875/2428 2429/881/2429
f 2439/882/2439 364/883/364 62/569/62
f 1226/884/1226 1220/885/1220 1225/886/1225 2426/887/2426
f 2385/888/2385 485/889/485 2382/890/2382 2384/891/2384
f 2385/888/2385 481/892/481 485/889/485
f 1232/893/1232 491/894/491 1231/895/1231
f 837/896/837 683/897/683 911/898/911
f 612/899/612 1114/900/1114 610/901/610
f 500/902/500 1164/903/1164 501/904/501
f 1224/905/1224 1225/886/1225 97/906/97
f 2438/907/2438 403/665/403 2441/666/2441
f 484/908/484 483/909/483 2389/910/2389
f 499/911/499 1164/903/1164 1165/912/1165 1166/913/1166
f 1230/877/1230 1231/895/1231 490/828/490 548/914/548
f 1223/915/1223 2424/916/2424 1224/905/1224 1222/917/1222
f 1167/682/1167 1168/918/1168 499/911/499 1166/913/1166
f 2248/919/2248 2265/920/2265 495/660/495 2266/662/2266
f 2992/921/2992 2552/922/2552 2554/923/2554
f 2555/924/2555 2554/923/2554 2714/925/2714 2715/926/2715
f 2830/658/2830 78/657/78 84/774/84
f 854/927/854 858/928/858 876/929/876 504/930/504
f 98/931/98 500/902/500 501/904/501
f 2428/875/2428 2427/932/2427 2430/933/2430
f 1220/934/1220 1221/935/1221 97/906/97 1225/886/1225
f 98/931/98 501/904/501 503/936/503
f 503/936/503 501/904/501 1169/937/1169 1172/938/1172
f 489/851/489 2425/939/2425 505/940/505 2424/916/2424
f 1149/941/1149 3061/942/3061 570/943/570 2313/944/2313
f 596/945/596 1851/946/1851 1852/947/1852
f 455/948/455 454/799/454 3049/805/3049
f 822/949/822 812/950/812 823/951/823
f 1170/952/1170 2330/953/2330 2530/954/2530
f 1324/955/1324 1162/956/1162 516/957/516 1160/958/1160
f 3036/959/3036 2435/838/2435 460/757/460
f 2649/960/2649 509/961/509 105/962/105 2648/963/2648
f 541/964/541 2577/965/2577 2594/966/2594 2578/967/2578
f 1843/968/1843 1842/969/1842 1841/970/1841 1839/971/1839
f 516/957/516 517/972/517 1159/973/1159 1160/958/1160
f 497/974/497 496/868/496 3062/867/3062
f 1549/975/1549 649/976/649 619/977/619
f 2102/978/2102 2103/979/2103 941/980/941 1550/981/1550
f 113/982/113 586/983/586 512/984/512
f 632/985/632 631/986/631 1575/987/1575 647/988/647
f 871/989/871 527/990/527 869/991/869 870/992/870
f 1326/993/1326 443/764/443 445/994/445
f 2515/995/2515 2516/138/2516 2497/160/2497 2498/996/2498
f 1833/997/1833 1835/998/1835 101/999/101 524/1000/524
f 573/1001/573 2638/1002/2638 2640/1003/2640
f 2711/1004/2711 557/1005/557 2710/1006/2710
f 1838/1007/1838 526/1008/526 1839/971/1839
f 2991/1009/2991 2717/1010/2717 2990/1011/2990
f 1843/968/1843 520/1012/520 1845/1013/1845 1844/1014/1844
f 102/1015/102 522/1016/522 523/1017/523
f 102/1015/102 526/1018/526 525/1019/525
f 1081/1020/1081 740/1021/740 1559/1022/1559 1082/1023/1082
f 1990/1024/1990 1989/1025/1989 2008/1026/2008
f 2087/1027/2087 2086/1028/2086 2088/1029/2088
f 441/1030/441 442/1031/442 2837/1032/2837 2823/1033/2823
f 546/1034/546 545/803/545 519/1035/519 1836/1036/1836
f 104/1037/104 534/1038/534 535/1039/535
f 1124/1040/1124 1123/1041/1123 1127/1042/1127
f 589/1043/589 536/1044/536 1136/1045/1136 601/1046/601
f 1832/1047/1832 1831/1048/1831 1834/1049/1834
f 2086/1028/2086 2060/1050/2060 2059/1051/2059 2075/1052/2075
f 539/1053/539 563/1054/563 2726/791/2726 2727/792/2727
f 2031/1055/2031 542/1056/542 2029/389/2029 2030/1057/2030
f 518/1058/518 1835/998/1835 544/1059/544 1836/1036/1836
f 519/1035/519 518/1058/518 1836/1036/1836
f 568/1060/568 110/1061/110 1228/1062/1228
f 2086/1028/2086 2075/1052/2075 2074/1063/2074 2085/1064/2085
f 1231/895/1231 478/1065/478 477/671/477
f 1228/1062/1228 110/1061/110 1227/1066/1227
f 531/1067/531 3061/942/3061 1149/941/1149
f 106/1068/106 547/1069/547 548/914/548
f 1229/878/1229 1230/877/1230 548/914/548 568/1060/568
f 848/1070/848 849/1071/849 851/1072/851 850/1073/850
f 842/1074/842 841/1075/841 551/1076/551 843/1077/843
f 569/1078/569 551/1076/551 841/1079/841 839/1080/839
f 2369/1081/2369 555/1082/555 621/1083/621 2368/1084/2368
f 556/1085/556 2396/1086/2396 2558/821/2558 2397/820/2397
f 108/1087/108 559/1088/559 560/1089/560
f 2723/1090/2723 560/1089/560 559/1088/559 2722/1091/2722
f 2649/960/2649 2648/963/2648 2650/1092/2650
f 2664/1093/2664 94/1094/94 2663/1095/2663
f 2566/1096/2566 562/1097/562 2568/1098/2568 2400/1099/2400
f 2732/1100/2732 2658/1101/2658 487/1102/487 2731/1103/2731
f 2010/1104/2010 566/1105/566 565/1106/565 2033/1107/2033
f 567/1108/567 566/1105/566 2009/1109/2009 2008/1026/2008
f 1227/1066/1227 110/1061/110 1216/1110/1216 1217/1111/1217
f 1218/1112/1218 89/816/89 1219/1113/1219
f 2411/1114/2411 1216/1110/1216 110/1061/110 1215/1115/1215
f 888/1116/888 887/1117/887 901/1118/901
f 900/1119/900 899/1120/899 887/1117/887
f 2348/1121/2348 2350/1122/2350 2346/1123/2346
f 111/1124/111 575/1125/575 576/1126/576
f 539/1053/539 2646/1127/2646 563/1054/563
f 1143/1128/1143 1144/1129/1144 600/1130/600
f 576/1126/576 1141/1131/1141 1142/1132/1142 600/1130/600
f 576/1126/576 600/1130/600 1147/1133/1147 1148/1134/1148
f 111/1124/111 577/1135/577 127/1136/127 578/1137/578
f 1139/1138/1139 574/1139/574 1137/1140/1137 1138/1141/1138
f 580/1142/580 1158/1143/1158 1160/958/1160 1159/973/1159
f 1163/1144/1163 502/1145/502 1162/956/1162
f 687/1146/687 793/1147/793 688/1148/688
f 1546/1149/1546 585/1150/585 584/1151/584 1543/1152/1543
f 2125/1153/2125 2102/1154/2102 2101/1155/2101 2124/1156/2124
f 514/1157/514 100/806/100 512/984/512 586/983/586
f 938/1158/938 927/1159/927 937/1160/937 587/1161/587
f 113/982/113 585/1150/585 126/1162/126 587/1161/587
f 589/1043/589 588/1163/588 1116/1164/1116 537/1165/537
f 3066/1166/3066 606/1167/606 605/1168/605
f 1152/1169/1152 633/1170/633 1151/1171/1151
f 591/1172/591 1100/1173/1100 1101/1174/1101
f 1857/1175/1857 1854/1176/1854 1855/1177/1855
f 617/1178/617 616/1179/616 597/1180/597 598/1181/598
f 1144/1129/1144 1147/1133/1147 600/1130/600
f 3063/1182/3063 1103/1183/1103 1102/1184/1102 3066/1166/3066
f 1150/1185/1150 609/1186/609 607/1187/607
f 1136/1045/1136 1137/1140/1137 602/1188/602
f 627/1189/627 626/1190/626 1576/1191/1576
f 2362/1192/2362 2363/1193/2363 2364/1194/2364
f 116/1195/116 578/1137/578 127/1136/127 604/1196/604
f 1583/788/1583 424/1197/424 1582/1198/1582
f 1150/1185/1150 607/1187/607 1149/941/1149 2313/944/2313
f 1901/353/1901 1911/352/1911 339/363/339
f 125/1199/125 646/1200/646 645/1201/645
f 2643/1202/2643 2588/1203/2588 2645/1204/2645 2644/1205/2644
f 2095/1206/2095 2096/581/2096 2078/580/2078
f 1908/378/1908 1907/491/1907 1906/453/1906
f 653/863/653 648/1207/648 647/988/647
f 431/1208/431 1581/1209/1581 1580/1210/1580 1891/1211/1891
f 610/901/610 588/1163/588 592/1212/592 611/1213/611
f 1115/1214/1115 1116/1164/1116 610/901/610 1114/900/1114
f 1113/1215/1113 1114/900/1114 612/899/612 1112/1216/1112
f 125/1199/125 645/1201/645 643/1217/643
f 644/1218/644 613/1219/613 614/1220/614 1104/1221/1104
f 658/1222/658 2604/1223/2604 119/1224/119 659/1225/659
f 120/1226/120 618/1227/618 616/1179/616
f 1839/971/1839 1841/970/1841 616/1179/616 1840/1228/1840
f 2102/1154/2102 1550/981/1550 1549/1229/1549 2101/1155/2101
f 2535/773/2535 2527/209/2527 2370/813/2370 2534/1230/2534
f 2527/209/2527 82/208/82 2526/1231/2526
f 2532/853/2532 2368/1084/2368 2367/1232/2367 2533/1233/2533
f 1882/1234/1882 627/1189/627 1881/1235/1881 1880/544/1880
f 630/1236/630 1887/1237/1887 1577/1238/1577
f 1885/1239/1885 628/1240/628 1883/1241/1883 1884/1242/1884
f 673/1243/673 672/1244/672 1020/1245/1020
f 2258/1246/2258 1324/955/1324 1160/958/1160 1158/1143/1158
f 783/1247/783 634/1248/634 785/1249/785 784/1250/784
f 637/1251/637 963/1252/963 964/1253/964 965/1254/965
f 994/1255/994 995/1256/995 976/1257/976
f 1146/1258/1146 1145/1259/1145 639/1260/639 969/1261/969
f 3066/1166/3066 605/1168/605 3065/1262/3065 642/1263/642
f 1033/1264/1033 1044/1265/1044 1061/1266/1061
f 581/1267/581 580/1142/580 3059/1268/3059
f 3066/1166/3066 642/1263/642 3064/1269/3064 3063/1182/3063
f 729/1270/729 728/1271/728 948/1272/948
f 2100/1273/2100 2124/1156/2124 2101/1155/2101
f 1112/1216/1112 613/1219/613 644/1218/644 643/1217/643
f 1112/1216/1112 1111/1274/1111 1113/1215/1113
f 631/986/631 1108/1275/1108 1107/1276/1107 1575/987/1575
f 1027/1277/1027 1026/1278/1026 1025/1279/1025
f 2104/1280/2104 1551/1281/1551 941/980/941 2103/979/2103
f 2106/1282/2106 2105/1283/2105 2128/1284/2128 2129/1285/2129
f 939/1286/939 650/1287/650 1550/981/1550 940/1288/940
f 1041/1289/1041 1039/1290/1039 1038/1291/1038
f 1109/1292/1109 1108/1275/1108 1576/1191/1576
f 656/1293/656 655/862/655 1092/1294/1092 1091/1295/1091
f 1882/1234/1882 628/1240/628 627/1189/627
f 1851/946/1851 1855/1177/1855 1854/1296/1854 1853/1297/1853
f 2388/725/2388 2387/727/2387 2374/731/2374 2375/1298/2375
f 1853/1299/1853 1572/1300/1572 1089/1301/1089 1571/1302/1571
f 2362/1192/2362 625/1303/625 2363/1193/2363
f 2141/1304/2141 2154/1305/2154 2143/1306/2143 663/1307/663
f 783/1247/783 784/1250/784 132/1308/132 781/1309/781
f 2644/1205/2644 615/1310/615 2643/1202/2643
f 2588/1203/2588 2571/1311/2571 2587/1312/2587 2645/1204/2645
f 789/1313/789 791/1314/791 139/1315/139
f 562/1097/562 2580/1316/2580 2568/1098/2568
f 2561/1317/2561 2562/1318/2562 664/1319/664 2559/1320/2559
f 2566/1096/2566 665/1321/665 2564/1322/2564 2565/1323/2565
f 1093/1324/1093 134/864/134 1575/987/1575 1107/1276/1107
f 790/1325/790 791/1314/791 789/1313/789
f 2399/1326/2399 1203/1327/1203 2398/1328/2398 668/1329/668
f 988/1330/988 1026/1278/1026 1028/1331/1028
f 730/1332/730 949/1333/949 915/1334/915
f 803/1335/803 802/1336/802 801/1337/801
f 980/1338/980 1035/1339/1035 1037/1340/1037
f 1001/1341/1001 674/1342/674 1003/1343/1003 1002/1344/1002
f 675/1345/675 1019/1346/1019 1014/1347/1014 1013/1348/1013
f 128/1349/128 653/863/653 655/862/655
f 799/1350/799 699/1351/699 700/1352/700
f 804/1353/804 688/1148/688 802/1336/802
f 138/1354/138 681/1355/681 682/1356/682
f 906/1357/906 926/1358/926 907/1359/907
f 839/1360/839 683/897/683 837/896/837 838/1361/838
f 1088/1362/1088 1089/1301/1089 1090/1363/1090
f 820/1364/820 735/1365/735 815/1366/815 814/1367/814
f 2161/1368/2161 2160/1369/2160 2165/1370/2165
f 1196/1371/1196 798/1372/798 689/1373/689 1195/1374/1195
f 1020/1245/1020 672/1244/672 137/1375/137
f 774/1376/774 777/1377/777 805/1378/805 806/1379/806
f 917/1380/917 919/1381/919 948/1272/948
f 1045/1382/1045 1032/1383/1032 1030/1384/1030 1029/1385/1029
f 1009/1386/1009 1012/1387/1012 1010/1388/1010
f 2410/1389/2410 1214/1390/1214 1213/1391/1213 2409/1392/2409
f 2129/1285/2129 2158/1393/2158 2147/1394/2147 708/1395/708
f 834/1396/834 746/1397/746 833/1398/833
f 803/1335/803 1198/1399/1198 2339/1400/2339 1200/1401/1200
f 819/1402/819 719/1403/719 721/1404/721
f 2114/1405/2114 2115/1406/2115 2116/1407/2116
f 2404/1408/2404 1208/1409/1208 825/1410/825 1207/1411/1207
f 761/1412/761 760/1413/760 952/1414/952
f 924/1415/924 925/1416/925 705/1417/705 923/1418/923
f 705/1417/705 704/1419/704 923/1418/923
f 1018/1420/1018 1001/1341/1001 1000/1421/1000 999/1422/999
f 1094/1423/1094 706/1424/706 143/1425/143 1093/1324/1093
f 2118/1426/2118 1566/1427/1566 1565/1428/1565
f 3055/1429/3055 837/896/837 3056/1430/3056
f 1062/1431/1062 1043/1432/1043 1036/1433/1036
f 677/1434/677 678/1435/678 1098/1436/1098
f 836/1437/836 913/1438/913 914/1439/914 835/1440/835
f 822/949/822 732/1441/732 734/1442/734
f 722/1443/722 720/1444/720 148/1445/148
f 1215/1115/1215 3055/1429/3055 1214/1390/1214
f 147/1446/147 714/1447/714 715/1448/715
f 722/1443/722 723/1449/723 829/1450/829 725/1451/725
f 1202/1452/1202 809/1453/809 715/1448/715 808/1454/808
f 717/1455/717 811/1456/811 812/950/812
f 820/1364/820 719/1403/719 735/1365/735
f 146/1457/146 713/1458/713 712/1459/712
f 732/1441/732 822/949/822 823/951/823
f 831/1460/831 725/1451/725 713/1458/713
f 724/1461/724 148/1462/148 734/1442/734
f 827/1463/827 723/1464/723 724/1461/724 826/1465/826
f 915/1334/915 916/1466/916 730/1332/730
f 816/1467/816 815/1468/815 818/1469/818
f 757/1470/757 760/1413/760 761/1412/761
f 1557/1471/1557 149/1472/149 1555/1473/1555 1556/1474/1556
f 150/1475/150 731/1476/731 724/1461/724
f 1208/1409/1208 826/1465/826 825/1410/825
f 926/1358/926 924/1415/924 907/1359/907
f 2568/1098/2568 2580/1316/2580 2579/1477/2579
f 737/1478/737 151/1479/151 736/1480/736
f 1086/1481/1086 143/1425/143 1085/1482/1085
f 1084/1483/1084 748/1484/748 1083/1485/1083
f 151/1479/151 740/1021/740 736/1480/736
f 757/1470/757 758/1486/758 760/1413/760
f 1/1487/1 156/2/156 157/127/157
f 190/1488/190 2468/16/2468 2467/1489/2467
f 1083/1490/1083 1563/1491/1563 1085/1482/1085
f 1563/1492/1563 1564/1493/1564 1565/1428/1565
f 951/1494/951 737/1478/737 738/1495/738
f 743/1496/743 816/1497/816 818/1469/818 726/1498/726
f 744/1499/744 743/1500/743 830/1501/830 829/1502/829
f 833/1398/833 744/1499/744 828/1503/828 832/1504/832
f 914/1439/914 751/1505/751 745/1506/745 834/1396/834
f 1560/1507/1560 1559/1022/1559 740/1021/740
f 1068/1508/1068 1065/1509/1065 1063/1510/1063
f 750/1511/750 749/1512/749 755/1513/755 817/1514/817
f 759/1515/759 749/1512/749 753/1516/753
f 741/1517/741 737/1478/737 951/1494/951
f 816/1467/816 817/1514/817 754/1518/754 815/1468/815
f 2401/1519/2401 1206/1520/1206 824/1521/824 1205/1522/1205
f 769/1523/769 771/1524/771 808/1454/808
f 760/1413/760 759/1515/759 951/1494/951 952/1414/952
f 749/1512/749 154/1525/154 753/1516/753
f 154/1525/154 750/1511/750 751/1505/751
f 749/1512/749 759/1515/759 758/1486/758 755/1513/755
f 766/1526/766 764/1527/764 765/1528/765
f 757/1470/757 761/1412/761 763/1529/763 762/1530/762
f 765/1528/765 763/1529/763 1069/1531/1069 1070/1532/1070
f 1000/1421/1000 980/1338/980 979/1533/979 997/1534/997
f 777/1377/777 139/1315/139 805/1378/805
f 954/1535/954 953/1536/953 1071/1537/1071
f 769/1523/769 714/1447/714 767/1538/767
f 734/1442/734 148/1445/148 820/1539/820
f 807/1540/807 808/1454/808 771/1524/771 772/1541/772
f 954/1535/954 768/1542/768 953/1536/953
f 767/1538/767 714/1447/714 718/1543/718 766/1526/766
f 2400/1099/2400 1205/1522/1205 1204/1544/1204 2399/1326/2399
f 774/1376/774 776/1545/776 777/1377/777
f 769/1523/769 767/1538/767 770/1546/770 771/1524/771
f 773/1547/773 772/1541/772 956/1548/956
f 807/1540/807 806/1379/806 1200/1401/1200 1201/1549/1201
f 132/1308/132 784/1250/784 786/1550/786
f 776/1545/776 775/1551/775 780/1552/780
f 696/1553/696 2398/1328/2398 1203/1327/1203 809/1554/809
f 1080/1555/1080 960/1556/960 958/1557/958
f 1052/1558/1052 1053/1559/1053 1051/1560/1051
f 784/1250/784 785/1249/785 1155/1561/1155
f 2359/1562/2359 2347/1563/2347 2357/1564/2357
f 778/1565/778 777/1377/777 776/1545/776
f 1205/1522/1205 824/1521/824 823/951/823 1204/1544/1204
f 782/1566/782 781/1309/781 780/1552/780
f 132/1308/132 779/1567/779 778/1565/778
f 788/1568/788 1188/1569/1188 789/1313/789
f 998/1570/998 996/1571/996 697/1572/697
f 1013/1348/1013 967/1573/967 991/1574/991 1012/1387/1012
f 959/1575/959 962/1576/962 782/1566/782
f 781/1309/781 132/1308/132 778/1565/778 780/1552/780
f 637/1251/637 635/1577/635 963/1252/963
f 1092/1294/1092 655/862/655 134/864/134
f 787/1578/787 788/1568/788 786/1550/786
f 3000/552/3000 2449/1579/2449 2448/568/2448
f 583/1580/583 786/1550/786 784/1250/784 1155/1561/1155
f 1153/1581/1153 1155/1561/1155 785/1249/785
f 635/1577/635 634/1248/634 783/1247/783
f 779/1582/779 132/1308/132 686/1583/686
f 1152/1169/1152 785/1249/785 634/1248/634
f 787/1578/787 582/1584/582 1184/1585/1184
f 790/1325/790 789/1313/789 1188/1569/1188
f 1187/1586/1187 788/1568/788 1185/1587/1185
f 792/1588/792 1189/1589/1189 2331/1590/2331 1190/1591/1190
f 2343/1592/2343 2340/1593/2340 2341/1594/2341 2342/1595/2342
f 687/1146/687 139/1596/139 791/1314/791
f 952/1414/952 738/1495/738 1081/1020/1081 1067/1597/1067
f 794/1598/794 802/1336/802 688/1148/688 793/1147/793
f 2335/1599/2335 2336/1600/2336 1195/1374/1195
f 670/1601/670 1194/1602/1194 2334/1603/2334
f 800/1604/800 794/1598/794 795/1605/795
f 805/1378/805 804/1353/804 1199/1606/1199
f 1199/1606/1199 803/1335/803 1200/1401/1200
f 797/1607/797 798/1372/798 698/1608/698
f 769/1523/769 808/1454/808 715/1448/715
f 801/1337/801 802/1336/802 800/1604/800
f 2334/1603/2334 1194/1602/1194 797/1607/797 1193/1609/1193
f 801/1337/801 799/1350/799 1198/1399/1198
f 797/1607/797 698/1608/698 796/1610/796
f 1195/1374/1195 689/1373/689 1194/1602/1194
f 2355/1611/2355 669/1612/669 2354/1613/2354
f 796/1610/796 699/1351/699 795/1605/795
f 142/1614/142 701/1615/701 702/1616/702
f 810/1617/810 715/1448/715 809/1453/809
f 1203/1327/1203 810/1617/810 809/1453/809
f 804/1353/804 803/1618/803 1199/1606/1199
f 2343/1592/2343 695/1619/695 2340/1593/2340
f 695/1619/695 140/1620/140 696/1553/696
f 919/1381/919 921/1621/921 947/1622/947
f 805/1378/805 688/1148/688 804/1353/804
f 1571/1302/1571 1569/1623/1569 2121/1624/2121 1852/947/1852
f 799/1350/799 800/1604/800 795/1605/795
f 698/1608/698 798/1372/798 700/1352/700
f 2339/1625/2339 2338/1626/2338 2342/1595/2342 2341/1594/2341
f 2334/1603/2334 2333/1627/2333 2354/1613/2354 669/1612/669
f 811/1628/811 810/1629/810 1203/1327/1203
f 2345/1630/2345 2343/1592/2343 2342/1595/2342 2358/1631/2358
f 776/1545/776 780/1552/780 778/1565/778
f 957/1632/957 773/1547/773 956/1548/956
f 1199/1606/1199 806/1379/806 805/1378/805
f 962/1633/962 961/1634/961 1049/1635/1049
f 823/951/823 812/950/812 811/1456/811 1204/1544/1204
f 810/1617/810 716/1636/716 715/1448/715
f 813/1637/813 762/1530/762 821/1638/821
f 147/1446/147 718/1543/718 714/1447/714
f 764/1527/764 717/1455/717 812/950/812
f 717/1455/717 716/1636/716 811/1628/811
f 821/1638/821 822/949/822 734/1442/734
f 833/1398/833 746/1397/746 744/1499/744
f 1015/1639/1015 992/1640/992 970/1641/970
f 766/1526/766 718/1543/718 764/1527/764
f 975/1642/975 972/1643/972 974/1644/974
f 772/1541/772 773/1547/773 774/1376/774
f 743/1496/743 742/1645/742 816/1497/816
f 954/1535/954 1071/1537/1071 1072/1646/1072
f 155/1647/155 757/1470/757 756/1648/756
f 742/1645/742 817/1514/817 816/1467/816
f 720/1444/720 722/1443/722 831/1460/831
f 817/1514/817 742/1645/742 745/1506/745 750/1511/750
f 154/1525/154 752/1649/752 753/1516/753
f 728/1271/728 950/1650/950 730/1332/730 948/1272/948
f 721/1404/721 712/1459/712 819/1402/819
f 719/1403/719 819/1402/819 735/1365/735
f 1068/1508/1068 1069/1531/1069 763/1529/763 761/1412/761
f 1562/1651/1562 1558/1652/1558 1557/1471/1557 2116/1407/2116
f 762/1530/762 813/1637/813 757/1470/757
f 1064/1653/1064 1065/1509/1065 1066/1654/1066
f 727/1655/727 149/1472/149 1557/1471/1557
f 615/1310/615 2605/1656/2605 2643/1202/2643
f 815/1366/815 754/1518/754 814/1367/814
f 738/1495/738 736/1480/736 740/1021/740 1081/1020/1081
f 825/1657/825 731/1476/731 733/1658/733
f 911/898/911 913/1438/913 836/1437/836 837/896/837
f 2636/1659/2636 2626/1660/2626 2625/1661/2625 2614/1662/2614
f 2574/1663/2574 2409/1664/2409 2408/1665/2408 2573/1666/2573
f 150/1475/150 733/1667/733 731/1476/731
f 1207/1411/1207 825/1657/825 824/1521/824 1206/1520/1206
f 1209/1668/1209 827/1669/827 826/1465/826 1208/1409/1208
f 3056/1430/3056 3057/1670/3057 1214/1390/1214
f 831/1460/831 722/1443/722 725/1451/725
f 2408/1665/2408 2407/1671/2407 2572/1672/2572 2573/1666/2573
f 723/1449/723 828/1503/828 829/1450/829
f 724/1461/724 731/1476/731 826/1465/826
f 828/1503/828 827/1463/827 832/1504/832
f 146/1457/146 712/1459/712 721/1404/721
f 1555/1473/1555 149/1472/149 945/1673/945 944/1674/944
f 947/1622/947 948/1272/948 919/1381/919
f 150/1475/150 724/1461/724 734/1442/734
f 1065/1509/1065 1068/1508/1068 1067/1597/1067
f 2114/1405/2114 2116/1407/2116 1557/1471/1557 1556/1474/1556
f 729/1270/729 945/1673/945 149/1472/149
f 152/1675/152 745/1506/745 742/1645/742
f 844/1676/844 843/1077/843 845/1677/845
f 839/1360/839 684/1678/684 683/897/683
f 898/1679/898 899/1120/899 900/1119/900
f 909/1680/909 920/1681/920 918/1682/918
f 949/1333/949 752/1649/752 915/1334/915
f 2671/1683/2671 2444/554/2444 2670/556/2670
f 3051/1684/3051 847/1685/847 845/1677/845 493/827/493
f 2413/1686/2413 1217/1111/1217 1216/1110/1216
f 844/1676/844 845/1677/845 847/1685/847 846/1687/846
f 138/1354/138 682/1356/682 685/1688/685
f 539/1053/539 105/962/105 2646/1127/2646
f 840/1689/840 569/1078/569 839/1080/839
f 138/1354/138 684/1678/684 681/1355/681
f 907/1359/907 860/1690/860 861/1691/861
f 555/1082/555 556/1692/556 622/1693/622
f 2372/1694/2372 429/1695/429 428/729/428
f 861/1691/861 681/1355/681 842/1696/842 883/1697/883
f 106/1068/106 551/1076/551 547/1069/547
f 106/1068/106 549/1698/549 550/1699/550
f 863/1700/863 864/1701/864 865/1702/865
f 3053/1703/3053 851/1072/851 849/1071/849 3050/1704/3050
f 852/1705/852 853/1706/853 855/1707/855 854/927/854
f 861/1691/861 883/1697/883 884/1708/884 862/1709/862
f 885/1710/885 864/1701/864 862/1709/862 884/1708/884
f 854/927/854 855/1707/855 856/1711/856 858/928/858
f 713/1458/713 725/1451/725 726/1498/726
f 936/1712/936 935/1713/935 855/1707/855 853/1706/853
f 930/1714/930 865/1702/865 867/1715/867 932/1716/932
f 857/1717/857 858/928/858 856/1711/856
f 1101/1174/1101 1100/1173/1100 1099/1718/1099
f 874/1719/874 876/929/876 858/928/858
f 859/1720/859 874/1719/874 858/928/858
f 842/1696/842 843/1077/843 844/1676/844
f 884/1708/884 883/1697/883 882/1721/882 896/1722/896
f 1102/1184/1102 591/1172/591 606/1167/606
f 903/1723/903 599/1724/599 905/1725/905
f 859/1720/859 858/928/858 857/1717/857
f 2425/939/2425 2429/881/2429 2430/1726/2430
f 2136/1727/2136 2135/1728/2135 2150/1729/2150 2151/1730/2151
f 1177/1731/1177 1180/1732/1180 3059/1268/3059
f 530/1733/530 497/974/497 3062/867/3062
f 897/1734/897 885/1710/885 884/1708/884 896/1722/896
f 852/1705/852 854/927/854 504/930/504 878/1735/878
f 879/1736/879 850/1073/850 852/1705/852 878/1735/878
f 880/1737/880 848/1070/848 850/1073/850 879/1736/879
f 850/1073/850 851/1072/851 853/1706/853 852/1705/852
f 138/1354/138 685/1688/685 683/897/683
f 550/1699/550 845/1677/845 843/1077/843
f 867/1715/867 869/991/869 934/1738/934 932/1716/932
f 928/1739/928 863/1700/863 865/1702/865 930/1714/930
f 865/1702/865 866/1740/866 868/1741/868 867/1715/867
f 925/1416/925 924/1415/924 926/1358/926
f 876/929/876 875/1742/875 877/1743/877
f 900/1119/900 887/1117/887 886/1744/886
f 890/1745/890 891/1746/891 889/1747/889
f 886/1744/886 870/992/870 868/1741/868 900/1119/900
f 935/1713/935 934/1738/934 869/991/869 527/990/527
f 3053/1703/3053 3047/848/3047 933/1748/933 936/1712/936
f 890/1745/890 902/1749/902 903/1723/903 904/1750/904
f 929/1751/929 930/1714/930 932/1716/932 931/1752/931
f 859/1720/859 872/1753/872 886/1744/886 873/1754/873
f 931/1755/931 933/1748/933 3047/848/3047 3048/601/3048
f 872/1753/872 857/1717/857 871/989/871
f 902/1749/902 901/1118/901 903/1723/903
f 875/1756/875 873/1754/873 888/1116/888 889/1747/889
f 681/1355/681 841/1075/841 842/1074/842
f 899/1120/899 898/1679/898 897/1734/897
f 2425/939/2425 2426/887/2426 1225/886/1225 505/940/505
f 504/930/504 877/1743/877 893/1757/893 878/1735/878
f 892/1758/892 890/1745/890 904/1750/904
f 865/1702/865 864/1701/864 866/1740/866
f 886/1744/886 872/1753/872 870/992/870
f 896/1722/896 882/1721/882 881/1759/881 895/1760/895
f 861/1691/861 860/1690/860 681/1355/681
f 863/1700/863 906/1357/906 862/1709/862
f 907/1359/907 861/1691/861 862/1709/862 906/1357/906
f 860/1690/860 682/1356/682 681/1355/681
f 922/1761/922 920/1681/920 909/1680/909
f 946/1762/946 921/1621/921 922/1761/922 923/1418/923
f 890/1745/890 889/1763/889 902/1749/902
f 912/1764/912 916/1466/916 913/1438/913
f 891/1746/891 890/1745/890 892/1758/892
f 144/1765/144 1095/1766/1095 1097/1767/1097
f 887/1117/887 888/1116/888 873/1754/873 886/1744/886
f 892/1758/892 893/1757/893 891/1746/891
f 903/1723/903 905/1725/905 904/1750/904
f 879/1736/879 528/1768/528 894/1769/894 880/1737/880
f 891/1746/891 893/1757/893 877/1743/877
f 877/1743/877 875/1756/875 889/1747/889 891/1746/891
f 893/1757/893 528/1768/528 879/1736/879 878/1735/878
f 866/1740/866 885/1710/885 898/1679/898
f 528/1768/528 892/1758/892 904/1750/904 894/1769/894
f 1121/1770/1121 1119/1771/1119 1118/716/1118
f 902/1749/902 889/1763/889 888/1116/888
f 902/1749/902 888/1116/888 901/1118/901
f 905/1725/905 895/1760/895 894/1769/894 904/1750/904
f 875/1756/875 874/1719/874 873/1754/873
f 906/1357/906 863/1700/863 928/1739/928
f 929/1751/929 931/1752/931 3048/601/3048 514/1772/514
f 1146/1258/1146 1147/1133/1147 1144/1129/1144
f 577/1135/577 576/1126/576 1148/1134/1148
f 998/1570/998 997/1534/997 996/1571/996
f 915/1334/915 751/1505/751 914/1439/914
f 859/1720/859 857/1717/857 872/1753/872
f 998/1773/998 999/1422/999 997/1534/997
f 896/1722/896 895/1760/895 905/1725/905 897/1734/897
f 493/827/493 3052/1774/3052 3051/1684/3051
f 897/1734/897 898/1679/898 885/1710/885
f 513/600/513 514/1772/514 3048/601/3048
f 870/992/870 872/1753/872 871/989/871
f 528/1768/528 893/1757/893 892/1758/892
f 867/1715/867 868/1741/868 870/992/870 869/991/869
f 911/898/911 685/1688/685 910/1775/910
f 901/1118/901 599/1724/599 903/1723/903
f 885/1710/885 866/1740/866 864/1701/864
f 898/1679/898 900/1119/900 868/1741/868 866/1740/866
f 700/1352/700 1197/1776/1197 1198/1399/1198 799/1350/799
f 863/1700/863 862/1709/862 864/1701/864
f 909/1680/909 910/1775/910 685/1688/685 908/1777/908
f 750/1511/750 745/1506/745 751/1505/751
f 678/1435/678 676/1778/676 977/1779/977
f 752/1649/752 751/1505/751 915/1334/915
f 882/1721/882 844/1676/844 846/1687/846 881/1759/881
f 547/1069/547 551/1076/551 569/1078/569
f 917/1380/917 918/1682/918 920/1681/920 919/1381/919
f 683/897/683 685/1688/685 911/898/911
f 2576/1780/2576 2412/1781/2412 1216/1110/1216 2411/1114/2411
f 3056/1430/3056 837/896/837 836/1437/836
f 1561/1782/1561 1082/1023/1082 1559/1022/1559
f 922/1761/922 909/1680/909 908/1777/908
f 155/1647/155 756/1648/756 754/1518/754
f 948/1272/948 730/1332/730 916/1466/916 917/1380/917
f 910/1775/910 918/1682/918 912/1764/912
f 923/1418/923 704/1419/704 946/1762/946
f 906/1357/906 928/1739/928 926/1358/926
f 931/1755/931 932/1716/932 934/1738/934 933/1748/933
f 921/1621/921 919/1381/919 920/1681/920
f 915/1334/915 914/1439/914 913/1438/913 916/1466/916
f 918/1682/918 910/1775/910 909/1680/909
f 925/1416/925 926/1358/926 928/1739/928 927/1159/927
f 651/1783/651 650/1287/650 939/1286/939
f 939/1286/939 703/1784/703 705/1417/705
f 942/1785/942 1551/1281/1551 2107/1786/2107 2108/1787/2108
f 1560/1507/1560 950/1650/950 728/1271/728
f 3044/1788/3044 3046/849/3046 3045/761/3045
f 527/990/527 871/989/871 856/1711/856
f 1176/1789/1176 1177/1731/1177 3060/1790/3060
f 875/1742/875 876/929/876 874/1719/874
f 989/1791/989 1011/1792/1011 1010/1388/1010 990/1793/990
f 935/1713/935 527/990/527 856/1711/856 855/1707/855
f 895/1760/895 881/1759/881 880/1737/880 894/1769/894
f 3052/1774/3052 3045/761/3045 3051/1684/3051
f 701/1615/701 940/1288/940 941/980/941
f 943/1794/943 702/1616/702 701/1615/701
f 2136/1795/2136 2122/1796/2122 2121/1624/2121 2135/1728/2135
f 939/1286/939 705/1417/705 925/1416/925 938/1158/938
f 142/1614/142 705/1417/705 703/1784/703
f 933/1748/933 934/1738/934 935/1713/935 936/1712/936
f 142/1614/142 702/1616/702 704/1419/704
f 1108/1275/1108 646/1200/646 1107/1276/1107
f 701/1615/701 941/980/941 1551/1281/1551 942/1785/942
f 1553/1797/1553 1554/1798/1554 1552/1799/1552
f 142/1614/142 703/1784/703 701/1615/701
f 1554/1798/1554 1555/1473/1555 944/1674/944
f 817/1514/817 755/1513/755 754/1518/754
f 794/1598/794 793/1147/793 1191/1800/1191 1192/1801/1192
f 945/1673/945 946/1762/946 702/1616/702 944/1674/944
f 1563/1492/1563 1562/1651/1562 1564/1493/1564
f 977/1779/977 676/1778/676 976/1257/976
f 912/1764/912 913/1438/913 911/898/911
f 1087/1802/1087 1567/1803/1567 1568/1804/1568
f 1698/1805/1698 1675/1806/1675 1674/23/1674 1697/1807/1697
f 950/1650/950 739/1808/739 741/1517/741
f 2687/1809/2687 2686/153/2686 2759/156/2759 2760/1810/2760
f 950/1650/950 741/1517/741 753/1516/753 949/1333/949
f 154/1525/154 751/1505/751 752/1649/752
f 759/1515/759 753/1516/753 741/1517/741 951/1494/951
f 151/1479/151 741/1517/741 739/1808/739
f 2140/1811/2140 2153/1812/2153 679/1813/679
f 808/1454/808 807/1540/807 1201/1549/1201 1202/1452/1202
f 807/1540/807 772/1541/772 774/1376/774 806/1379/806
f 813/1637/813 756/1648/756 757/1470/757
f 766/1526/766 765/1528/765 953/1536/953 768/1542/768
f 770/1546/770 768/1542/768 954/1535/954
f 972/1643/972 973/1814/973 971/1815/971
f 1206/1520/1206 2401/1519/2401 2569/1816/2569 2402/1817/2402
f 768/1542/768 767/1538/767 766/1526/766
f 1074/1818/1074 955/1819/955 1072/1646/1072
f 956/1548/956 772/1541/772 771/1524/771 955/1819/955
f 947/1622/947 729/1270/729 948/1272/948
f 1073/1820/1073 1074/1818/1074 1072/1646/1072
f 1077/1821/1077 1078/1822/1078 1076/1823/1076
f 1080/1555/1080 958/1557/958 957/1632/957
f 1075/1824/1075 1076/1823/1076 1074/1818/1074
f 1079/1825/1079 1080/1555/1080 1078/1822/1078
f 1155/1561/1155 1156/1826/1156 583/1580/583
f 957/1632/957 956/1548/956 1078/1822/1078 1080/1555/1080
f 635/1577/635 783/1247/783 963/1827/963
f 1055/1828/1055 1054/1829/1054 1053/1559/1053
f 967/1573/967 641/1830/641 966/1831/966 991/1574/991
f 959/1832/959 961/1634/961 962/1633/962
f 1046/1833/1046 1029/1385/1029 1028/1331/1028
f 1022/1834/1022 965/1254/965 964/1253/964
f 960/1835/960 1050/1836/1050 961/1634/961
f 959/1832/959 960/1835/960 961/1634/961
f 964/1253/964 963/1827/963 962/1633/962 1049/1635/1049
f 963/1827/963 783/1247/783 781/1309/781 962/1633/962
f 1060/1837/1060 1070/1532/1070 1061/1266/1061
f 968/1838/968 638/1839/638 641/1830/641
f 1018/1420/1018 1014/1347/1014 1019/1346/1019
f 1020/1245/1020 137/1375/137 1005/1840/1005
f 2308/740/2308 1151/1171/1151 1150/1185/1150 2309/1841/2309
f 128/1349/128 655/862/655 656/1293/656
f 2392/1842/2392 2390/836/2390 2391/835/2391
f 974/1644/974 972/1643/972 971/1815/971
f 969/1261/969 968/1838/968 970/1641/970 971/1815/971
f 969/1261/969 638/1843/638 968/1838/968
f 995/1256/995 996/1571/996 997/1534/997
f 993/1844/993 994/1255/994 974/1644/974
f 678/1435/678 136/1845/136 676/1778/676
f 1038/1291/1038 1039/1290/1039 978/1846/978 979/1533/979
f 676/1778/676 136/1845/136 652/1847/652
f 975/1642/975 974/1644/974 994/1255/994 976/1257/976
f 676/1778/676 652/1847/652 975/1642/975 976/1257/976
f 1063/1510/1063 1043/1432/1043 1062/1431/1062
f 127/1136/127 136/1845/136 604/1196/604
f 1020/1245/1020 1005/1840/1005 1004/1848/1004 1003/1343/1003
f 3064/1269/3064 1099/1718/1099 677/1434/677 3063/1182/3063
f 1042/1849/1042 1064/1653/1064 1041/1289/1041 1038/1291/1038
f 1084/1850/1084 1040/1851/1040 747/1852/747
f 1001/1341/1001 1019/1346/1019 674/1342/674
f 1036/1433/1036 1035/1339/1035 1034/1853/1034
f 1063/1510/1063 1064/1653/1064 1042/1849/1042
f 1034/1853/1034 1035/1339/1035 981/1854/981
f 985/1855/985 1031/1856/1031 982/1857/982 984/1858/984
f 986/1859/986 984/1858/984 1004/1848/1004
f 1030/1384/1030 1031/1856/1031 985/1855/985
f 1025/1279/1025 1048/1860/1048 1027/1277/1027
f 1046/1833/1046 1056/1861/1056 1045/1382/1045 1029/1385/1029
f 992/1640/992 1015/1639/1015 1016/1862/1016
f 675/1345/675 674/1342/674 1019/1346/1019
f 1027/1277/1027 1028/1331/1028 1026/1278/1026
f 1032/1383/1032 1031/1856/1031 1030/1384/1030
f 1026/1278/1026 989/1791/989 1023/1863/1023 1025/1279/1025
f 970/1641/970 968/1838/968 967/1573/967
f 788/1568/788 787/1578/787 1184/1585/1184 1185/1587/1185
f 1022/1834/1022 1023/1863/1023 990/1793/990 1021/1864/1021
f 1008/1865/1008 135/1866/135 675/1345/675
f 1024/1867/1024 1025/1279/1025 1023/1863/1023
f 1146/1258/1146 969/1261/969 971/1815/971 973/1814/973
f 1013/1348/1013 1014/1347/1014 1015/1639/1015
f 994/1255/994 993/1844/993 1016/1862/1016
f 973/1814/973 1147/1133/1147 1146/1258/1146
f 652/1847/652 577/1135/577 1148/1134/1148
f 1148/1134/1148 1147/1133/1147 973/1814/973
f 1002/1344/1002 981/1854/981 980/1338/980 1000/1421/1000
f 144/1765/144 706/1424/706 1095/1766/1095
f 792/1588/792 790/1325/790 1189/1589/1189
f 1019/1346/1019 1001/1341/1001 1018/1420/1018
f 1001/1341/1001 1002/1344/1002 1000/1421/1000
f 674/1342/674 673/1243/673 1003/1343/1003
f 986/1859/986 985/1855/985 984/1858/984
f 1003/1343/1003 1004/1848/1004 983/1868/983 1002/1344/1002
f 1066/1654/1066 747/1852/747 1041/1289/1041
f 999/1422/999 1017/1869/1017 1018/1420/1018
f 986/1859/986 1006/1870/1006 987/1871/987
f 1066/1654/1066 1041/1289/1041 1064/1653/1064
f 989/1791/989 1026/1278/1026 988/1330/988
f 1037/1340/1037 1043/1432/1043 1042/1849/1042
f 983/1868/983 984/1858/984 982/1857/982
f 153/1872/153 1081/1020/1081 1082/1023/1082
f 690/1873/690 988/1330/988 987/1871/987 1006/1870/1006
f 990/1793/990 1023/1863/1023 989/1791/989
f 1036/1433/1036 1037/1340/1037 1035/1339/1035
f 1014/1347/1014 1017/1869/1017 1015/1639/1015
f 952/1414/952 951/1494/951 738/1495/738
f 1031/1856/1031 1032/1383/1032 1033/1264/1033
f 696/1553/696 692/819/692 2398/1328/2398
f 2358/1631/2358 2357/1564/2357 2347/1563/2347 2345/1630/2345
f 2130/1874/2130 2147/1394/2147 2148/1875/2148
f 2623/1876/2623 2608/1877/2608 2607/1878/2607 2622/1879/2622
f 658/1222/658 2603/1880/2603 2604/1223/2604
f 778/1565/778 779/1567/779 777/1377/777
f 662/1881/662 131/1882/131 659/1225/659
f 781/1309/781 782/1566/782 962/1576/962
f 1011/1792/1011 1007/1883/1007 130/1884/130 1010/1388/1010
f 997/1534/997 979/1533/979 978/1846/978 995/1256/995
f 662/1881/662 659/1225/659 2645/1204/2645 2587/1312/2587
f 991/1574/991 1021/1864/1021 990/1793/990
f 1028/1331/1028 1047/1885/1047 1046/1833/1046
f 691/1886/691 1006/1870/1006 1005/1840/1005
f 1012/1387/1012 991/1574/991 990/1793/990 1010/1388/1010
f 796/1610/796 698/1608/698 699/1351/699
f 1016/1862/1016 993/1844/993 992/1640/992
f 697/1887/697 996/1571/996 1016/1862/1016
f 708/1395/708 2131/1888/2131 2106/1282/2106 2129/1285/2129
f 996/1571/996 995/1256/995 994/1255/994 1016/1862/1016
f 983/1868/983 981/1854/981 1002/1344/1002
f 1003/1343/1003 673/1243/673 1020/1245/1020
f 1024/1867/1024 1023/1863/1023 1022/1834/1022
f 993/1844/993 974/1644/974 992/1640/992
f 1013/1348/1013 1015/1639/1015 970/1641/970 967/1573/967
f 1018/1420/1018 1017/1869/1017 1014/1347/1014
f 992/1640/992 974/1644/974 971/1815/971 970/1641/970
f 1049/1635/1049 961/1634/961 1050/1836/1050
f 130/1884/130 1009/1386/1009 1010/1388/1010
f 675/1345/675 1013/1348/1013 1012/1387/1012
f 1057/1889/1057 1056/1861/1056 1054/1829/1054 1055/1828/1055
f 1008/1865/1008 675/1345/675 1012/1387/1012
f 1061/1266/1061 1059/1890/1059 1060/1837/1060
f 2332/1891/2332 1191/1800/1191 1190/1591/1190 2360/1892/2360
f 985/1855/985 987/1871/987 1030/1384/1030
f 1042/1849/1042 1038/1291/1038 1037/1340/1037
f 1036/1433/1036 1034/1893/1034 1033/1894/1033
f 511/1895/511 1130/1896/1130 1131/870/1131
f 1033/1894/1033 1034/1893/1034 982/1857/982 1031/1856/1031
f 1563/1491/1563 1083/1490/1083 1082/1023/1082 1561/1782/1561
f 983/1868/983 982/1857/982 981/1854/981
f 986/1859/986 1004/1848/1004 1005/1840/1005 1006/1870/1006
f 691/1886/691 690/1873/690 1006/1870/1006
f 760/1413/760 758/1486/758 759/1515/759
f 1028/1331/1028 1029/1385/1029 987/1871/987 988/1330/988
f 1039/1290/1039 1040/1851/1040 144/1765/144
f 1011/1792/1011 989/1791/989 988/1330/988 690/1873/690
f 1004/1848/1004 984/1858/984 983/1868/983
f 981/1854/981 1035/1339/1035 980/1338/980
f 1040/1851/1040 1039/1290/1039 1041/1289/1041 747/1852/747
f 1098/1436/1098 1104/1221/1104 1103/1183/1103
f 2113/1897/2113 2133/1898/2133 2149/1899/2149
f 713/1458/713 146/1457/146 831/1460/831
f 1033/1264/1033 1032/1383/1032 1044/1265/1044
f 1068/1508/1068 1063/1510/1063 1062/1431/1062 1069/1531/1069
f 1061/1266/1061 1062/1431/1062 1036/1433/1036 1033/1264/1033
f 1050/1836/1050 1051/1560/1051 1048/1860/1048 1049/1635/1049
f 1059/1890/1059 1044/1900/1044 1045/1382/1045
f 1045/1382/1045 1044/1900/1044 1032/1383/1032
f 1054/1829/1054 1056/1861/1056 1046/1833/1046
f 1022/1834/1022 964/1253/964 1024/1867/1024
f 1052/1558/1052 1051/1560/1051 1050/1836/1050
f 1048/1860/1048 1051/1560/1051 1047/1885/1047 1027/1277/1027
f 1021/1864/1021 965/1254/965 1022/1834/1022
f 966/1831/966 965/1254/965 1021/1864/1021
f 966/1831/966 637/1901/637 965/1254/965
f 1049/1635/1049 1048/1860/1048 1024/1867/1024 964/1253/964
f 1060/1837/1060 1059/1890/1059 1058/1902/1058
f 1054/1829/1054 1046/1833/1046 1047/1885/1047
f 1075/1903/1075 1055/1828/1055 1053/1559/1053
f 1057/1904/1057 1058/1902/1058 1056/1861/1056
f 1073/1905/1073 1057/1889/1057 1055/1828/1055
f 1054/1829/1054 1047/1885/1047 1051/1560/1051 1053/1559/1053
f 1559/1022/1559 1558/1652/1558 1561/1782/1561
f 1069/1531/1069 1062/1431/1062 1061/1266/1061 1070/1532/1070
f 1028/1331/1028 1027/1277/1027 1047/1885/1047
f 1059/1890/1059 1045/1382/1045 1056/1861/1056 1058/1902/1058
f 1881/1235/1881 1576/1191/1576 1108/1275/1108 631/986/631
f 977/1779/977 976/1257/976 995/1256/995 978/1846/978
f 1025/1279/1025 1024/1867/1024 1048/1860/1048
f 1059/1890/1059 1061/1266/1061 1044/1265/1044
f 1063/1510/1063 1042/1849/1042 1043/1432/1043
f 1072/1646/1072 1071/1537/1071 1058/1906/1058 1057/1904/1057
f 1081/1020/1081 153/1872/153 1067/1597/1067
f 1037/1340/1037 1036/1433/1036 1043/1432/1043
f 1082/1023/1082 748/1484/748 153/1872/153
f 1060/1837/1060 1058/1906/1058 1071/1537/1071
f 1067/1597/1067 1068/1508/1068 761/1412/761 952/1414/952
f 1060/1837/1060 1071/1537/1071 953/1536/953 1070/1532/1070
f 1057/1904/1057 1073/1820/1073 1072/1646/1072
f 767/1538/767 768/1542/768 770/1546/770
f 1078/1822/1078 956/1548/956 1076/1823/1076
f 770/1546/770 954/1535/954 1072/1646/1072 955/1819/955
f 1074/1818/1074 1076/1823/1076 955/1819/955
f 773/1547/773 957/1632/957 775/1551/775
f 775/1551/775 774/1376/774 773/1547/773
f 1073/1820/1073 1075/1824/1075 1074/1818/1074
f 958/1557/958 782/1907/782 780/1552/780
f 1075/1903/1075 1053/1559/1053 1077/1908/1077
f 958/1557/958 780/1552/780 775/1551/775 957/1632/957
f 1077/1821/1077 1079/1825/1079 1078/1822/1078
f 958/1557/958 959/1909/959 782/1907/782
f 1079/1910/1079 1050/1836/1050 960/1835/960
f 747/1852/747 153/1872/153 748/1484/748 1084/1483/1084
f 1021/1864/1021 991/1574/991 966/1831/966
f 1508/1911/1508 1507/60/1507 1509/1912/1509
f 203/144/203 202/610/202 1299/609/1299
f 747/1852/747 1066/1654/1066 153/1872/153
f 152/1675/152 742/1645/742 743/1496/743
f 1070/1532/1070 953/1536/953 765/1528/765
f 830/1501/830 743/1500/743 726/1498/726
f 707/1913/707 1084/1483/1084 1083/1485/1083 1085/1482/1085
f 154/1525/154 749/1512/749 750/1511/750
f 155/1647/155 754/1518/754 755/1513/755
f 2130/1874/2130 708/1395/708 2147/1394/2147
f 2165/1370/2165 2162/1914/2162 2151/1730/2151
f 1087/1802/1087 1086/1481/1086 1567/1803/1567
f 1570/1915/1570 1088/1362/1088 1087/1802/1087
f 2365/1916/2365 2361/1917/2361 657/1918/657 2360/1892/2360
f 1090/1363/1090 143/1425/143 1086/1481/1086 1088/1362/1088
f 628/1240/628 1882/1234/1882 1883/1241/1883
f 136/1845/136 678/1435/678 677/1434/677
f 1097/1767/1097 678/1435/678 977/1779/977 144/1765/144
f 1040/1851/1040 707/1913/707 144/1765/144
f 710/1919/710 3058/1920/3058 835/1440/835
f 1087/1802/1087 1088/1362/1088 1086/1481/1086
f 1065/1509/1065 1064/1653/1064 1063/1510/1063
f 144/1765/144 707/1913/707 706/1424/706
f 1108/1275/1108 645/1201/645 646/1200/646
f 147/1446/147 717/1455/717 718/1543/718
f 987/1871/987 985/1855/985 986/1859/986
f 1102/1184/1102 606/1167/606 3066/1166/3066
f 978/1846/978 1039/1290/1039 144/1765/144 977/1779/977
f 1037/1340/1037 1038/1291/1038 979/1533/979 980/1338/980
f 2202/1921/2202 2185/529/2185 2173/1922/2173 2184/1923/2184
f 1102/1184/1102 592/1212/592 591/1172/591
f 551/1076/551 550/1699/550 843/1077/843
f 117/1924/117 3065/1262/3065 1101/1174/1101
f 1103/1183/1103 3063/1182/3063 677/1434/677 1098/1436/1098
f 672/1244/672 135/1866/135 1008/1865/1008
f 331/842/331 332/1925/332 2983/1926/2983 2962/1927/2962
f 136/1845/136 677/1434/677 604/1196/604
f 2311/1928/2311 515/869/515 496/868/496
f 1103/1183/1103 611/1213/611 1102/1184/1102
f 255/1929/255 256/1930/256 1392/1931/1392 1393/1932/1393
f 591/1172/591 590/1933/590 1100/1173/1100
f 299/1934/299 300/1935/300 1737/388/1737 1738/1936/1738
f 1103/1183/1103 614/1220/614 611/1213/611
f 1636/1937/1636 296/1938/296 297/1939/297 1635/1940/1635
f 124/1941/124 639/1260/639 608/1942/608
f 114/1943/114 589/1043/589 590/1933/590
f 116/1195/116 604/1196/604 603/1944/603
f 538/1945/538 1115/1214/1115 1117/1946/1117
f 1896/1947/1896 330/1948/330 1895/720/1895
f 1113/1215/1113 1580/1210/1580 1114/900/1114
f 632/985/632 1881/1235/1881 631/986/631
f 125/1199/125 1106/1949/1106 646/1200/646
f 1838/1950/1838 1832/1047/1832 1833/997/1833 525/1019/525
f 1099/1718/1099 604/1196/604 677/1434/677
f 1106/1949/1106 125/1199/125 644/1218/644
f 1124/1040/1124 1122/1951/1122 1123/1041/1123
f 1109/1292/1109 645/1201/645 1108/1275/1108
f 1947/1952/1947 1968/1953/1968 1992/1954/1992 1969/1955/1969
f 2164/1956/2164 2156/1957/2156 680/1958/680
f 1097/1767/1097 1096/1959/1096 1106/1949/1106 1105/1960/1105
f 1579/1961/1579 1111/1274/1111 1110/1962/1110
f 643/1217/643 1109/1292/1109 1110/1962/1110 1111/1274/1111
f 626/1190/626 1577/1238/1577 1576/1191/1576
f 2286/1963/2286 2287/1964/2287 1123/1041/1123 1121/1965/1121
f 1096/1959/1096 1095/1766/1095 1094/1423/1094
f 1106/1949/1106 644/1218/644 1104/1221/1104 1105/1960/1105
f 1119/1771/1119 1121/1966/1121 1120/1967/1120
f 118/1968/118 611/1213/611 614/1220/614
f 1830/1969/1830 546/1034/546 1836/1036/1836
f 2053/1970/2053 2032/1971/2032 2052/1972/2052 2073/1973/2073
f 1117/1946/1117 1115/1214/1115 1581/1209/1581 1582/1198/1582
f 1117/1946/1117 534/1038/534 538/1945/538
f 2031/1055/2031 109/1974/109 543/1975/543
f 2290/623/2290 2292/1976/2292 91/871/91
f 2383/1977/2383 2382/890/2382 2380/1978/2380
f 534/714/534 1117/1946/1117 421/715/421
f 2285/719/2285 2286/1963/2286 1121/1770/1121 1118/716/1118
f 602/1188/602 601/1046/601 1136/1045/1136
f 104/1037/104 535/1039/535 536/1044/536
f 574/1139/574 578/1137/578 602/1188/602
f 1123/1041/1123 1122/1951/1122 1120/1967/1120 1121/1966/1121
f 2279/709/2279 2280/708/2280 1133/1979/1133 1132/872/1132
f 1127/1042/1127 1123/1041/1123 2287/1964/2287 2277/1980/2277
f 1125/1981/1125 1124/1040/1124 1126/1982/1126
f 1125/1981/1125 1128/1983/1128 2281/1984/2281 1138/1141/1138
f 1125/1981/1125 1122/1985/1122 1124/1040/1124
f 2281/1986/2281 1128/1983/1128 1133/1979/1133 2280/708/2280
f 574/1139/574 602/1188/602 1137/1140/1137
f 943/1794/943 701/1615/701 942/1785/942
f 1548/1987/1548 618/1227/618 619/977/619
f 639/1260/639 1145/1259/1145 607/1187/607
f 1825/654/1825 1828/802/1828 1540/801/1540 1539/800/1539
f 512/1988/512 100/806/100 1540/801/1540
f 609/1186/609 1150/1185/1150 1151/1171/1151
f 1137/1140/1137 1134/1989/1134 1138/1141/1138
f 1134/1989/1134 1125/1981/1125 1138/1141/1138
f 100/806/100 513/600/513 3049/805/3049
f 2142/1990/2142 2128/1284/2128 2105/1283/2105 2127/1991/2127
f 2387/727/2387 482/726/482 2386/1992/2386
f 2270/1993/2270 1141/1994/1141 1140/1995/1140 2269/746/2269
f 2282/1996/2282 2271/745/2271 2269/746/2269 1139/1997/1139
f 590/1933/590 589/1043/589 601/1046/601
f 1126/1982/1126 1127/1042/1127 1129/1998/1129
f 1141/1994/1141 575/1125/575 1140/1995/1140
f 1136/1045/1136 536/1044/536 1120/1967/1120 1135/1999/1135
f 116/1195/116 603/1944/603 601/1046/601
f 601/1046/601 603/1944/603 1100/1173/1100 590/1933/590
f 821/1638/821 762/1530/762 764/1527/764 812/950/812
f 1135/1999/1135 1134/1989/1134 1137/1140/1137
f 589/1043/589 537/1165/537 536/1044/536
f 1140/2000/1140 575/1125/575 574/1139/574
f 1135/1999/1135 1137/1140/1137 1136/1045/1136
f 639/1260/639 638/1843/638 969/1261/969
f 2311/1928/2311 2309/1841/2309 1150/1185/1150 2313/944/2313
f 1142/2001/1142 533/2002/533 1143/1128/1143
f 607/1187/607 608/1942/608 639/1260/639
f 633/1170/633 636/2003/636 640/2004/640
f 1143/1128/1143 600/1130/600 1142/1132/1142
f 1485/2005/1485 1486/51/1486 183/2006/183
f 1149/941/1149 607/1187/607 1145/1259/1145 533/2002/533
f 608/1942/608 607/1187/607 609/1186/609
f 197/81/197 196/80/196 1485/2005/1485 1484/2007/1484
f 611/1213/611 592/1212/592 1102/1184/1102
f 531/1067/531 103/2008/103 530/1733/530
f 973/1814/973 972/1643/972 975/1642/975
f 116/1195/116 601/1046/601 602/1188/602
f 116/1195/116 602/1188/602 578/1137/578
f 973/1814/973 975/1642/975 652/1847/652 1148/1134/1148
f 1145/1259/1145 1144/1129/1144 1143/1128/1143
f 124/1941/124 640/2004/640 641/1830/641
f 1146/1258/1146 1144/2009/1144 1145/1259/1145
f 1157/2010/1157 579/2011/579 1156/1826/1156
f 571/2012/571 572/2013/572 2074/1063/2074 2075/1052/2075
f 2056/2014/2056 2074/1063/2074 572/2013/572
f 1153/1581/1153 785/1249/785 1152/1169/1152
f 124/1941/124 608/1942/608 640/2004/640
f 290/274/290 267/261/267 2316/275/2316
f 800/1604/800 802/1336/802 794/1598/794
f 1152/1169/1152 634/1248/634 633/1170/633
f 1892/2015/1892 1582/1198/1582 1581/1209/1581 431/1208/431
f 1183/2016/1183 1185/1587/1185 1184/1585/1184
f 2307/2017/2307 1156/1826/1156 1155/1561/1155 1154/2018/1154
f 1155/1561/1155 1153/1581/1153 1154/2018/1154
f 1187/1586/1187 1188/1569/1188 788/1568/788
f 579/2011/579 112/2019/112 583/1580/583
f 502/1145/502 516/957/516 1162/956/1162
f 688/1148/688 139/1596/139 687/1146/687
f 2257/2020/2257 2258/1246/2258 1158/1143/1158 2259/2021/2259
f 502/1145/502 1161/2022/1161 516/957/516
f 1161/2022/1161 98/931/98 503/936/503
f 580/1142/580 579/2011/579 1157/2010/1157
f 2353/2023/2353 2333/1627/2333 2332/1891/2332
f 1161/2022/1161 503/936/503 517/972/517
f 533/2002/533 103/2008/103 531/1067/531
f 694/2024/694 2344/2025/2344 2363/1193/2363 625/1303/625
f 3039/2026/3039 1165/912/1165 1163/1144/1163 2326/768/2326
f 474/2027/474 1165/912/1165 2327/2028/2327
f 874/1719/874 859/1720/859 873/1754/873
f 1190/1591/1190 2331/1590/2331 2365/1916/2365 2360/1892/2360
f 1135/1999/1135 1120/1967/1120 1122/1951/1122
f 1163/1144/1163 1162/956/1162 1322/769/1322 2326/768/2326
f 1166/913/1166 472/683/472 1167/682/1167
f 474/2027/474 1166/913/1166 1165/912/1165
f 1334/2029/1334 1319/2030/1319 1333/2031/1333
f 1169/937/1169 1168/918/1168 1170/952/1170 1171/2032/1171
f 1176/1789/1176 1173/2033/1173 1175/2034/1175
f 98/931/98 502/1145/502 500/902/500
f 2329/684/2329 2330/953/2330 1167/682/1167
f 2356/2035/2356 2357/1564/2357 2336/1600/2336
f 1173/2033/1173 1171/2032/1171 1174/855/1174 1175/2034/1175
f 812/950/812 822/949/822 821/1638/821
f 2554/923/2554 2555/924/2555 2992/921/2992
f 1182/2036/1182 1178/854/1178 2532/853/2532 2533/1233/2533
f 698/1608/698 700/1352/700 699/1351/699
f 1177/1731/1177 1175/2034/1175 1178/854/1178 1179/2037/1179
f 1173/2033/1173 1172/938/1172 1171/2032/1171
f 1177/1731/1177 1176/1789/1176 1175/2034/1175
f 1186/2038/1186 1182/2036/1182 2533/1233/2533 2366/2039/2366
f 1181/2040/1181 1179/2037/1179 1182/2036/1182 1183/2016/1183
f 2802/2041/2802 2539/2042/2539 2704/2043/2704 2801/2044/2801
f 687/1146/687 791/1314/791 792/1588/792
f 790/1325/790 1188/1569/1188 1189/1589/1189
f 2366/2039/2366 2331/1590/2331 1189/1589/1189 1186/2038/1186
f 689/1373/689 797/1607/797 1194/1602/1194
f 2339/1400/2339 1198/1399/1198 1197/1776/1197 2338/1626/2338
f 2334/1603/2334 1193/1609/1193 1192/1801/1192 2333/1627/2333
f 1192/1801/1192 1191/1800/1191 2332/1891/2332 2333/1627/2333
f 2354/1613/2354 2359/1562/2359 2355/1611/2355
f 1193/1609/1193 796/1610/796 795/1605/795
f 1196/1371/1196 2337/2045/2337 2338/1626/2338 1197/1776/1197
f 2335/1599/2335 1194/1602/1194 670/1601/670
f 999/1422/999 998/1773/998 1017/1869/1017
f 2131/1888/2131 2109/2046/2109 2108/1787/2108
f 689/1373/689 798/1372/798 797/1607/797
f 1211/2047/1211 1209/2048/1209 1208/1409/1208
f 696/1553/696 809/1554/809 1202/1452/1202 2340/2049/2340
f 668/1329/668 667/2050/667 2567/2051/2567
f 800/1604/800 799/1350/799 801/1337/801
f 803/1335/803 801/1337/801 1198/1399/1198
f 795/1605/795 699/1351/699 799/1350/799
f 2339/1625/2339 2341/1594/2341 1201/1549/1201 1200/1401/1200
f 2341/1594/2341 2340/2049/2340 1202/1452/1202 1201/1549/1201
f 803/1618/803 804/1353/804 802/1336/802
f 787/1578/787 786/1550/786 583/1580/583
f 775/1551/775 776/1545/776 774/1376/774
f 715/1448/715 714/1447/714 769/1523/769
f 2399/1326/2399 1204/1544/1204 811/1628/811 1203/1327/1203
f 2340/2049/2340 695/1619/695 696/1553/696
f 2560/818/2560 666/2052/666 668/1329/668
f 2402/2053/2402 2569/1816/2569 2581/2054/2581 2582/2055/2582
f 811/1628/811 716/1636/716 810/1629/810
f 2407/1671/2407 2571/1311/2571 2588/1203/2588 2572/1672/2572
f 1207/2056/1207 1206/1520/1206 2402/1817/2402 2403/2057/2403
f 733/1667/733 732/1441/732 823/2058/823
f 3058/1920/3058 836/1437/836 835/1440/835
f 733/1667/733 823/2058/823 824/1521/824
f 2404/2059/2404 1207/2056/1207 2403/2057/2403 2570/2060/2570
f 681/1355/681 684/1678/684 841/1079/841
f 756/2061/756 813/1637/813 814/1367/814
f 830/1501/830 725/1451/725 829/1450/829
f 826/1465/826 731/1476/731 825/1657/825
f 2574/1663/2574 2573/1666/2573 2590/2062/2590 2591/2063/2591
f 1210/2064/1210 1209/2048/1209 1211/2047/1211
f 832/1504/832 827/1669/827 1209/1668/1209
f 917/1380/917 916/1466/916 912/1764/912 918/1682/918
f 2575/2065/2575 2574/1663/2574 2591/2063/2591 2592/2066/2592
f 2571/1311/2571 2407/1671/2407 1212/2067/1212 2406/2068/2406
f 744/1499/744 829/1502/829 828/1503/828
f 1212/2067/1212 1211/2069/1211 2405/2070/2405 2406/2068/2406
f 2576/1780/2576 2411/1114/2411 2410/1389/2410 2575/2071/2575
f 832/1504/832 1210/2064/1210 145/2072/145 833/1398/833
f 821/1638/821 734/1442/734 820/1364/820 814/1367/814
f 834/1396/834 833/1398/833 145/2072/145 835/1440/835
f 145/2072/145 711/2073/711 710/1919/710
f 711/2073/711 145/2072/145 709/2074/709
f 711/2073/711 1212/2067/1212 2407/1671/2407 2408/1665/2408
f 1210/2064/1210 709/2075/709 145/2072/145
f 2414/2076/2414 89/816/89 1218/1112/1218
f 1214/1390/1214 3057/1670/3057 1213/1391/1213
f 3056/1430/3056 1214/1390/1214 3055/1429/3055
f 3058/1920/3058 1213/1391/1213 3057/1670/3057
f 2620/2077/2620 2630/2078/2630 2631/2079/2631
f 2419/2080/2419 1221/935/1221 2418/2081/2418
f 1835/998/1835 518/1058/518 101/999/101
f 1221/935/1221 1222/917/1222 97/906/97
f 1229/878/1229 1228/1062/1228 2427/932/2427
f 2418/2081/2418 1221/935/1221 1220/934/1220 1219/1113/1219
f 491/894/491 490/828/490 1231/895/1231
f 97/906/97 1222/917/1222 1224/905/1224
f 488/2082/488 94/1094/94 507/2083/507
f 405/673/405 404/669/404 2436/668/2436
f 2421/2084/2421 1222/917/1222 1221/935/1221 2419/2080/2419
f 2424/916/2424 1223/915/1223 2422/807/2422 2423/2085/2423
f 2420/758/2420 2421/2084/2421 2419/2080/2419
f 2427/932/2427 1227/1066/1227 1226/884/1226 2426/2086/2426
f 479/876/479 478/1065/478 1230/877/1230
f 2424/916/2424 505/940/505 1224/905/1224
f 99/2087/99 509/961/509 488/2082/488
f 1236/473/1236 69/2088/69 1235/2089/1235
f 2703/517/2703 2704/2043/2704 2538/2090/2538 2537/521/2537
f 480/839/480 2432/880/2432 2433/840/2433
f 719/1403/719 720/1444/720 721/1404/721
f 1229/878/1229 2427/932/2427 2428/875/2428
f 476/879/476 480/839/480 2435/838/2435
f 1223/915/1223 1222/917/1222 2421/2084/2421
f 2430/933/2430 2426/2086/2426 2425/939/2425
f 2751/2091/2751 2677/2092/2677 2750/267/2750
f 569/1078/569 840/1689/840 110/1061/110
f 435/2093/435 87/823/87 461/822/461
f 112/2019/112 580/1142/580 581/1267/581
f 568/1060/568 1228/1062/1228 1229/878/1229
f 112/2019/112 582/1584/582 583/1580/583
f 3053/1703/3053 936/1712/936 853/1706/853 851/1072/851
f 2670/556/2670 2669/555/2669 2743/676/2743 2744/500/2744
f 2437/670/2437 1232/893/1232 1231/895/1231 477/671/477
f 2671/1683/2671 2670/556/2670 2745/417/2745
f 1232/893/1232 1233/2094/1233 435/2093/435 461/822/461
f 304/397/304 354/2095/354 57/398/57
f 463/2096/463 87/823/87 435/2093/435
f 3050/1704/3050 3051/1684/3051 3045/761/3045 3046/2097/3046
f 2094/2098/2094 2096/581/2096 2095/1206/2095 2091/2099/2091
f 79/2100/79 436/2101/436 437/2102/437
f 461/822/461 491/894/491 1232/893/1232
f 2850/2103/2850 2846/2104/2846 2808/2105/2808
f 1424/2106/1424 1423/565/1423 1422/446/1422
f 1430/2107/1430 1431/2108/1431 70/2109/70 1429/2110/1429
f 1241/2111/1241 3040/2112/3040 3043/312/3043 3041/311/3041
f 386/2113/386 1255/535/1255 1254/536/1254
f 381/537/381 1242/2114/1242 1241/2111/1241 3041/311/3041
f 1441/2115/1441 1442/2116/1442 1440/2117/1440
f 3054/810/3054 1264/2118/1264 1251/811/1251
f 1264/2118/1264 1263/350/1263 1249/2119/1249 1251/811/1251
f 3054/810/3054 1258/2120/1258 418/2121/418
f 1252/808/1252 1242/2114/1242 381/537/381 1253/2122/1253
f 1249/759/1249 1248/760/1248 1243/2123/1243
f 1432/2124/1432 1438/2125/1438 1439/738/1439
f 1264/2118/1264 1262/613/1262 1263/612/1263
f 3046/849/3046 3044/1788/3044 471/599/471
f 69/2088/69 1245/2126/1245 1246/2127/1246 1247/2128/1247
f 1237/474/1237 2449/1579/2449 2450/541/2450
f 1265/845/1265 1262/613/1262 1260/2129/1260 1269/643/1269
f 3037/756/3037 2419/2080/2419 2418/2130/2418 3035/2131/3035
f 81/2132/81 443/764/443 444/2133/444
f 81/2132/81 445/994/445 443/764/443
f 1238/449/1238 69/2088/69 1236/473/1236
f 425/723/425 429/1695/429 2526/1231/2526
f 1247/2128/1247 1246/2127/1246 80/762/80 462/824/462
f 462/824/462 87/823/87 1247/2128/1247
f 1250/349/1250 1249/2119/1249 1263/350/1263
f 1243/2134/1243 1248/760/1248 1244/2135/1244
f 1254/536/1254 1255/535/1255 1253/2122/1253
f 1245/2126/1245 1240/2136/1240 1244/2135/1244
f 1442/532/1442 65/531/65 1427/593/1427 1440/2117/1440
f 3029/2137/3029 3013/577/3013 3012/2138/3012 3028/2139/3028
f 549/1698/549 493/827/493 845/1677/845
f 3043/312/3043 1271/2140/1271 395/642/395
f 395/642/395 1268/644/1268 1269/643/1269
f 1177/1731/1177 3059/1268/3059 1159/973/1159 3060/1790/3060
f 1923/2141/1923 1892/2015/1892 1926/698/1926
f 1273/451/1273 358/440/358 1272/2142/1272
f 1261/2143/1261 418/2121/418 1260/2129/1260
f 1270/2144/1270 395/2145/395 1271/2140/1271
f 1272/2142/1272 1270/2144/1270 1271/2140/1271
f 90/2146/90 471/599/471 470/693/470
f 1268/644/1268 456/639/456 469/846/469 1265/845/1265
f 68/2147/68 393/636/393 395/642/395
f 3053/1703/3053 3050/1704/3050 3046/2097/3046 3047/848/3047
f 1247/2128/1247 87/823/87 463/2096/463
f 1281/321/1281 1282/2148/1282 1284/164/1284 1283/2149/1283
f 550/1699/550 549/1698/549 845/1677/845
f 1270/2144/1270 68/2150/68 395/2145/395
f 471/599/471 90/2146/90 3049/805/3049
f 221/2151/221 274/241/274 2674/243/2674 2458/2152/2458
f 1277/247/1277 252/434/252 1276/244/1276
f 394/2153/394 68/2150/68 1270/2144/1270
f 1272/2142/1272 359/2154/359 394/2153/394 1270/2144/1270
f 359/2154/359 1272/2142/1272 358/440/358
f 249/2155/249 1681/2156/1681 1680/2157/1680
f 1241/2111/1241 1240/2136/1240 1239/448/1239 3040/2112/3040
f 2458/2152/2458 2674/243/2674 2749/302/2749 2675/305/2675
f 1529/2158/1529 1530/2159/1530 1274/539/1274
f 1731/2160/1731 1729/2161/1729 1730/150/1730
f 254/2162/254 1275/435/1275 252/434/252
f 2452/575/2452 1276/244/1276 1275/435/1275 2451/540/2451
f 268/2163/268 2511/2164/2511 2510/2165/2510 2512/159/2512
f 273/2166/273 274/241/274 1279/240/1279
f 1278/2167/1278 232/2168/232 1277/247/1277 2455/2169/2455
f 1279/240/1279 1278/2167/1278 2456/2170/2456 2457/2171/2457
f 234/239/234 22/2172/22 232/2168/232
f 3001/2173/3001 3014/576/3014 3003/542/3003
f 2753/2174/2753 2678/2175/2678 2677/2092/2677 2752/2176/2752
f 220/2177/220 1280/238/1280 221/2151/221
f 220/2177/220 18/165/18 222/167/222
f 221/2151/221 18/165/18 220/2177/220
f 256/1930/256 255/1929/255 2321/2178/2321 1410/2179/1410
f 1282/2148/1282 1281/321/1281 233/320/233 220/2177/220
f 1290/15/1290 1292/2180/1292 1295/41/1295
f 1282/2148/1282 222/167/222 2460/2181/2460
f 1685/2182/1685 1708/2183/1708 1709/2184/1709 1684/2185/1684
f 1526/202/1526 251/2186/251 250/2187/250
f 168/32/168 166/31/166 164/64/164
f 1805/2188/1805 1804/237/1804 2170/2189/2170 2171/231/2171
f 2173/1922/2173 1807/444/1807 1533/443/1533 1806/229/1806
f 164/64/164 165/2190/165 1285/2191/1285
f 164/64/164 1285/2191/1285 1284/164/1284 168/32/168
f 2870/174/2870 2855/173/2855 2797/190/2797 2854/2192/2854
f 1286/163/1286 169/2193/169 168/32/168
f 2465/42/2465 1295/41/1295 1292/2180/1292 1294/2194/1294
f 167/14/167 169/2193/169 1287/45/1287
f 5/2195/5 170/50/170 171/2196/171
f 2463/2197/2463 1293/38/1293 1292/2180/1292 1291/2198/1291
f 2690/74/2690 187/2199/187 2467/1489/2467
f 156/2/156 1295/41/1295 1296/3/1296
f 156/2/156 160/2200/160 1295/41/1295
f 1294/2194/1294 2464/37/2464 2688/2201/2688
f 2475/2202/2475 2474/2203/2474 2473/2204/2473 2700/2205/2700
f 1292/2180/1292 1289/44/1289 1291/2198/1291
f 2699/213/2699 2472/2206/2472 2471/2207/2471 2697/212/2697
f 2472/2206/2472 2485/222/2485 2471/2207/2471
f 1540/801/1540 100/806/100 1539/800/1539
f 1521/24/1521 165/2190/165 163/2208/163
f 1298/611/1298 1297/18/1297 2492/252/2492 2493/2209/2493
f 1387/162/1387 216/2210/216 16/2211/16
f 2513/2212/2513 1301/2213/1301 1300/143/1300 2514/146/2514
f 2484/223/2484 2472/2206/2472 2473/2204/2473 2483/2214/2483
f 1502/10/1502 1503/2215/1503 1504/58/1504
f 2499/2216/2499 2500/2217/2500 2514/146/2514
f 2499/2216/2499 2509/2218/2509 2500/2217/2500
f 2519/2219/2519 1310/620/1310 1309/2220/1309
f 2501/226/2501 2513/2212/2513 2500/2217/2500
f 12/121/12 203/144/203 1300/143/1300
f 2760/1810/2760 2789/2221/2789 2779/2222/2779 198/2223/198
f 1336/2224/1336 1337/2225/1337 1316/2226/1316 1317/2227/1317
f 2513/2212/2513 2501/226/2501 1302/270/1302
f 1345/2228/1345 1344/2229/1344 1342/2230/1342 1343/2231/1343
f 200/131/200 1300/143/1300 1359/136/1359
f 40/2232/40 1356/2233/1356 30/2234/30
f 1305/325/1305 1306/2235/1306 1307/2236/1307
f 1343/2231/1343 1342/2230/1342 40/2232/40 1341/324/1341
f 1386/268/1386 1388/2237/1388 1387/162/1387
f 2480/2238/2480 1318/2239/1318 1317/2227/1317 2481/2240/2481
f 506/772/506 2529/2241/2529 2329/684/2329
f 1339/2242/1339 1340/323/1340 1308/322/1308 1311/621/1311
f 1367/2243/1367 1342/2230/1342 1344/2229/1344 1370/2244/1370
f 2539/2245/2539 2705/865/2705 2540/2246/2540
f 1335/2247/1335 1336/2224/1336 1317/2227/1317 1318/2239/1318
f 1315/462/1315 1314/2248/1314 1313/475/1313
f 1313/475/1313 1314/2248/1314 1311/621/1311
f 1322/769/1322 447/2249/447 446/2250/446
f 410/2251/410 411/685/411 3039/2026/3039
f 408/678/408 407/2252/407 2477/679/2477
f 1158/1143/1158 1157/2010/1157 2259/2021/2259
f 1333/2031/1333 1320/2253/1320 1330/763/1330 1332/2254/1332
f 81/2132/81 447/2249/447 445/994/445
f 500/902/500 1163/1144/1163 1164/903/1164
f 1327/2255/1327 1326/993/1326 1325/2256/1325
f 445/994/445 1324/955/1324 2258/1246/2258 1325/2256/1325
f 92/873/92 479/876/479 480/2257/480
f 1434/2258/1434 1329/766/1329 1328/765/1328
f 1331/594/1331 1330/763/1330 1329/766/1329
f 2323/614/2323 1334/2029/1334 1333/2031/1333 2322/767/2322
f 1332/2254/1332 1372/2259/1372 2322/767/2322
f 2367/1232/2367 2362/1192/2362 2364/1194/2364
f 1331/594/1331 1332/2254/1332 1330/763/1330
f 1174/855/1174 1171/2032/1171 1170/952/1170
f 445/994/445 1323/2260/1323 1324/955/1324
f 1323/2260/1323 447/2249/447 1322/769/1322
f 1335/2247/1335 2323/614/2323 401/276/401 1336/2224/1336
f 1322/769/1322 446/2250/446 1321/770/1321
f 1320/2253/1320 1333/2031/1333 1319/2030/1319
f 1319/2030/1319 1334/2029/1334 1318/2239/1318
f 1178/854/1178 1175/2034/1175 1174/855/1174
f 2479/2261/2479 1319/2030/1319 1318/2239/1318 2480/2238/2480
f 1346/2262/1346 1338/2263/1338 1337/2225/1337 1349/278/1349
f 1344/2229/1344 1345/2228/1345 1346/2262/1346 384/2264/384
f 1312/2265/1312 1313/475/1313 1311/621/1311
f 1309/2220/1309 1310/620/1310 1308/322/1308
f 1424/2106/1424 1399/445/1399 1425/564/1425
f 2370/813/2370 2369/1081/2369 2534/1230/2534
f 1383/248/1383 1384/2266/1384 1361/2267/1361 1362/249/1362
f 340/488/340 1901/353/1901 339/363/339
f 2324/615/2324 1371/2268/1371 1353/2269/1353
f 1358/137/1358 1357/2270/1357 1361/2267/1361 1360/161/1360
f 1356/2233/1356 40/2271/40 1355/2272/1355
f 2328/686/2328 2528/207/2528 473/776/473
f 1352/616/1352 401/276/401 2323/614/2323
f 2326/768/2326 410/2251/410 3039/2026/3039
f 1354/2273/1354 384/2264/384 1347/2274/1347 1348/2275/1348
f 2324/615/2324 1353/2269/1353 1352/616/1352
f 1348/2275/1348 1351/663/1351 1354/2273/1354
f 1352/616/1352 1353/2269/1353 1351/663/1351
f 1234/2276/1234 2439/882/2439 62/569/62 1235/2089/1235
f 73/664/73 403/665/403 404/669/404
f 1362/249/1362 1361/2267/1361 1357/2270/1357 2325/2277/2325
f 2297/705/2297 2285/751/2285 2275/750/2275 2296/2278/2296
f 1371/2268/1371 2322/767/2322 1372/2259/1372
f 1373/559/1373 379/558/379 380/561/380
f 1366/590/1366 1355/2272/1355 1367/2243/1367
f 2242/2279/2242 2241/2280/2241 2222/2281/2222 2237/2282/2237
f 1261/2143/1261 1260/2129/1260 1262/613/1262
f 1370/2244/1370 1368/588/1368 1367/587/1367
f 1738/1936/1738 1739/387/1739 1740/2283/1740
f 1309/2220/1309 1308/322/1308 1307/2236/1307
f 1347/2274/1347 384/2264/384 1346/2262/1346
f 1393/1932/1393 1392/1931/1392 1385/269/1385 1384/2266/1384
f 1462/2284/1462 1463/374/1463 1465/2285/1465 1464/2286/1464
f 1378/430/1378 369/2287/369 368/562/368
f 2514/146/2514 2515/995/2515 2498/996/2498 2499/2216/2499
f 1302/270/1302 30/2234/30 1301/2213/1301
f 1706/2288/1706 1705/2289/1705 32/2290/32 2230/2291/2230
f 201/2292/201 204/122/204 1493/2293/1493
f 1382/251/1382 1395/2294/1395 1394/2295/1394 1383/248/1383
f 1452/2296/1452 19/2297/19 1451/2298/1451
f 1496/6/1496 1495/126/1495 1511/2299/1511
f 1375/2300/1375 1374/557/1374 1435/2301/1435
f 1381/2302/1381 1380/2303/1380 1397/429/1397 1396/2304/1396
f 1368/588/1368 377/2305/377 376/589/376
f 378/2306/378 366/2307/366 376/589/376
f 1369/2308/1369 377/2305/377 1368/2309/1368
f 370/2310/370 60/2311/60 367/2312/367
f 1387/162/1387 16/2211/16 219/135/219
f 64/560/64 379/558/379 378/2306/378
f 1377/563/1377 65/2313/65 1425/2314/1425
f 368/562/368 1399/445/1399 1398/427/1398 1378/430/1378
f 1372/596/1372 1332/2254/1332 1331/594/1331
f 1434/2258/1434 1433/2315/1433 1435/2301/1435
f 1371/2268/1371 1372/596/1372 380/561/380 1369/2316/1369
f 1331/594/1331 1329/766/1329 1373/559/1373
f 64/560/64 377/2305/377 380/561/380
f 367/2312/367 378/2306/378 379/558/379 1374/557/1374
f 367/2312/367 1374/557/1374 1375/2300/1375
f 1428/592/1428 1429/2110/1429 2252/737/2252 2251/754/2251
f 1379/2317/1379 369/2287/369 1378/430/1378
f 1402/2318/1402 2319/2319/2319 1403/2320/1403
f 2251/754/2251 2264/753/2264 2265/920/2265 2250/2321/2250
f 369/2287/369 60/2311/60 368/562/368
f 1399/445/1399 1424/2106/1424 1422/446/1422
f 1369/2308/1369 1368/2309/1368 1370/2244/1370
f 1433/2315/1433 1431/2108/1431 1430/2107/1430
f 1394/2295/1394 1393/1932/1393 1384/2266/1384 1383/248/1383
f 259/177/259 28/176/28 261/272/261
f 3044/1788/3044 470/693/470 471/599/471
f 1405/2322/1405 1408/2323/1408 1406/2324/1406
f 1599/364/1599 328/721/328 329/308/329
f 376/589/376 366/2307/366 1366/590/1366
f 1380/2303/1380 1364/2325/1364 1365/2326/1365 1379/2317/1379
f 1407/2327/1407 1389/169/1389 1391/168/1391
f 366/2307/366 1379/2317/1379 1365/597/1365 1366/590/1366
f 1788/2328/1788 1787/2329/1787 1784/2330/1784 262/2331/262
f 1390/170/1390 1386/268/1386 1385/269/1385
f 1356/2233/1356 1355/598/1355 1365/597/1365
f 1410/2179/1410 1409/2332/1409 1408/2333/1408
f 1427/593/1427 1428/592/1428 2251/754/2251 2250/2321/2250
f 1388/2237/1388 1389/169/1389 1451/2298/1451 19/2297/19
f 1389/169/1389 1407/2327/1407 1450/2334/1450
f 1392/1931/1392 1391/168/1391 1385/269/1385
f 1490/2335/1490 213/79/213 215/2336/215
f 1724/401/1724 1723/194/1723 21/196/21 1750/402/1750
f 1393/1932/1393 1394/2295/1394 1404/2337/1404 255/1929/255
f 1391/168/1391 1390/170/1390 1385/269/1385
f 1405/2322/1405 1407/2327/1407 1391/168/1391 1392/1931/1392
f 1430/2107/1430 1429/2110/1429 1428/592/1428 1376/591/1376
f 2322/767/2322 1371/2268/1371 2324/615/2324
f 2321/2178/2321 255/1929/255 1404/2337/1404
f 1450/2334/1450 1451/2298/1451 1389/169/1389
f 1420/2338/1420 1400/447/1400 1422/446/1422
f 1411/2339/1411 1412/498/1412 1409/2340/1409
f 1402/2318/1402 1396/2304/1396 1397/429/1397 1401/428/1401
f 1676/56/1676 1281/321/1281 1283/2149/1283 1675/1806/1675
f 1377/563/1377 370/2310/370 1376/591/1376
f 60/2311/60 369/2287/369 366/2307/366
f 1422/446/1422 1421/566/1421 1420/2338/1420
f 1416/2341/1416 2320/2342/2320 1403/2320/1403 2319/2319/2319
f 1432/2124/1432 70/2109/70 1431/2108/1431
f 62/569/62 363/2343/363 2446/2344/2446
f 1404/2337/1404 2320/2342/2320 1413/2345/1413 2321/2178/2321
f 1416/2341/1416 1417/2346/1417 1415/497/1415
f 1416/2341/1416 1415/497/1415 1414/496/1414
f 215/2336/215 1458/2347/1458 1460/2348/1460 1490/2335/1490
f 2315/603/2315 2317/2349/2317 1448/2350/1448 1447/2351/1447
f 216/2210/216 1387/162/1387 1388/2237/1388
f 1409/2340/1409 1410/2179/1410 1411/2339/1411
f 1452/2296/1452 266/2352/266 1453/2353/1453
f 1446/2354/1446 1447/2355/1447 1412/498/1412 1415/497/1415
f 1447/2355/1447 1448/2350/1448 1409/2340/1409 1412/498/1412
f 1426/2356/1426 1424/2106/1424 1425/564/1425
f 1450/2334/1450 1406/2324/1406 1449/2357/1449
f 1420/2338/1420 1418/2358/1418 1419/2359/1419
f 1416/2341/1416 1414/496/1414 2320/2342/2320
f 1334/2029/1334 1335/2247/1335 1318/2239/1318
f 396/2360/396 69/2088/69 1238/449/1238
f 2314/505/2314 55/406/55 2318/273/2318
f 2247/749/2247 2246/748/2246 1441/2115/1441 2249/2361/2249
f 2216/606/2216 2217/2362/2217 2186/527/2186
f 1419/2359/1419 2319/2319/2319 1402/2318/1402
f 1379/2317/1379 1378/430/1378 1397/429/1397 1380/2303/1380
f 1487/52/1487 1490/2335/1490 1460/2348/1460 1462/2284/1462
f 1348/2275/1348 1347/2274/1347 1349/278/1349 1350/277/1350
f 1415/497/1415 1418/2358/1418 61/2363/61 1446/2354/1446
f 1434/2258/1434 1328/765/1328 1433/2315/1433
f 1327/2255/1327 1325/2256/1325 1436/2364/1436
f 1375/2300/1375 1435/2301/1435 1430/2107/1430
f 397/618/397 71/83/71 2805/648/2805
f 1438/2125/1438 1432/2124/1432 1436/2364/1436
f 1437/2365/1437 1436/2364/1436 1325/2256/1325
f 1328/765/1328 1326/993/1326 1327/2255/1327
f 2803/82/2803 2801/84/2801 2858/211/2858 2859/2366/2859
f 2252/737/2252 1429/2110/1429 70/2109/70 1439/738/1439
f 382/602/382 383/530/383 1444/506/1444
f 1439/738/1439 2256/2367/2256 2253/736/2253
f 1472/2368/1472 1473/2369/1473 1471/105/1471
f 1435/2301/1435 1374/557/1374 1373/559/1373 1434/2258/1434
f 2257/2020/2257 2256/2367/2256 1438/2125/1438 1437/2365/1437
f 443/764/443 1326/993/1326 1328/765/1328
f 368/562/368 60/2311/60 370/2310/370
f 70/2109/70 1432/2124/1432 1439/738/1439
f 401/276/401 1349/278/1349 1337/2225/1337 1336/2224/1336
f 2256/2367/2256 2257/2020/2257 2254/572/2254
f 1436/2364/1436 1432/2124/1432 1431/2108/1431 1327/2255/1327
f 464/755/464 466/2370/466 2802/2041/2802
f 1430/2107/1430 1435/2301/1435 1433/2315/1433
f 2249/2361/2249 1440/2117/1440 2250/2321/2250
f 2271/745/2271 440/2371/440 439/512/439
f 1443/507/1443 1441/2115/1441 2246/748/2246 2245/2372/2245
f 1386/268/1386 1387/162/1387 1360/161/1360
f 61/2363/61 1421/566/1421 1423/565/1423
f 1236/473/1236 1235/2089/1235 62/569/62 2448/568/2448
f 1426/2373/1426 1445/604/1445 1423/565/1423
f 321/2374/321 3018/2375/3018 3029/2137/3029
f 65/2313/65 382/602/382 1425/2314/1425
f 1445/2376/1445 1446/2354/1446 61/2363/61 1423/565/1423
f 1350/277/1350 401/276/401 1352/616/1352
f 63/489/63 374/584/374 375/2377/375
f 1419/2359/1419 1418/2358/1418 1417/2346/1417
f 1452/2296/1452 1451/2298/1451 267/261/267
f 1413/2345/1413 1411/2339/1411 2321/2178/2321
f 1413/2345/1413 1414/496/1414 1412/498/1412
f 1419/2359/1419 1417/2346/1417 2319/2319/2319
f 1413/2345/1413 1412/498/1412 1411/2339/1411
f 1407/2327/1407 1406/2324/1406 1450/2334/1450
f 267/261/267 266/2352/266 1452/2296/1452
f 1458/2347/1458 1459/108/1459 1461/109/1461 1460/2348/1460
f 1406/2324/1406 1407/2327/1407 1405/2322/1405
f 1456/2378/1456 1455/2379/1455 1454/2380/1454
f 41/348/41 263/262/263 290/274/290
f 209/2381/209 14/100/14 206/2382/206
f 2879/2383/2879 2870/174/2870 2854/2384/2854 2869/2385/2869
f 1640/2386/1640 1623/2387/1623 1624/2388/1624
f 1607/257/1607 1606/259/1606 1456/2378/1456
f 206/2382/206 1609/2389/1609 1610/2390/1610
f 1515/9/1515 1501/11/1501 1500/21/1500 179/2391/179
f 1481/46/1481 171/2196/171 1468/47/1468
f 206/2382/206 1610/2390/1610 1614/2392/1614
f 1611/2393/1611 209/2381/209 206/2382/206
f 16/2211/16 215/2336/215 213/79/213
f 197/81/197 199/220/199 214/78/214
f 1657/2394/1657 1475/2395/1475 1474/2396/1474 1472/2397/1472
f 1480/49/1480 1469/48/1469 1471/105/1471 1473/2398/1473
f 172/2399/172 171/2196/171 1481/46/1481
f 1479/2400/1479 1480/49/1480 1473/2398/1473
f 205/147/205 1466/148/1466 1465/2285/1465
f 1622/2401/1622 1645/2402/1645 1620/2403/1620 1621/2404/1621
f 1478/2405/1478 1665/2406/1665 1693/2407/1693 1666/2408/1666
f 1717/2409/1717 1656/103/1656 1471/107/1471 1655/313/1655
f 207/99/207 191/72/191 1468/47/1468 1467/2410/1467
f 191/72/191 195/2411/195 1469/48/1469
f 9/2412/9 194/2413/194 195/2411/195
f 1671/2414/1671 1670/2415/1670 1669/2416/1669
f 1668/2417/1668 1482/2418/1482 1481/46/1481 1667/2419/1667
f 195/2411/195 1470/314/1470 1469/48/1469
f 1656/103/1656 1657/2394/1657 1472/2397/1472
f 1661/2420/1661 1663/2421/1663 1477/2422/1477 1476/2423/1476
f 1663/2421/1663 1664/2424/1664 1477/2422/1477
f 1478/2405/1478 1666/2408/1666 1479/2400/1479 1474/2396/1474
f 1664/2424/1664 1665/2406/1665 1478/2405/1478 1477/2422/1477
f 1495/126/1495 1494/1/1494 1511/2425/1511
f 1478/2405/1478 1474/2396/1474 1475/2395/1475 1477/2422/1477
f 1476/2423/1476 1660/2426/1660 1661/2420/1661
f 1658/2427/1658 1659/2428/1659 1476/2423/1476 1475/2395/1475
f 1479/2400/1479 1473/2398/1473 1474/2396/1474
f 173/2429/173 1482/2418/1482 1483/2430/1483
f 1667/2419/1667 1480/49/1480 1479/2431/1479
f 1507/60/1507 1506/63/1506 1509/1912/1509
f 1700/2432/1700 1695/2433/1695 1672/2434/1672 1694/2435/1694
f 1660/2426/1660 1659/2428/1659 2221/2436/2221
f 1669/2437/1669 1667/2419/1667 1479/2431/1479 1666/2408/1666
f 1672/2434/1672 1517/2438/1517 1671/2414/1671
f 1657/2394/1657 1658/2427/1658 1475/2395/1475
f 2218/2439/2218 2219/2440/2219 1658/2427/1658 1657/2394/1657
f 173/2429/173 1483/2430/1483 1510/2441/1510 182/2442/182
f 158/5/158 1495/126/1495 1496/6/1496
f 185/2443/185 2687/1809/2687 2761/2444/2761 2688/2201/2688
f 1491/129/1491 197/81/197 1484/2007/1484
f 1457/2445/1457 1458/2347/1458 225/2446/225
f 1467/2410/1467 1464/2286/1464 1466/148/1466
f 5/2195/5 172/2399/172 173/2429/173
f 1467/2410/1467 1468/47/1468 171/2196/171 1489/2447/1489
f 1667/2419/1667 1481/46/1481 1480/49/1480
f 1457/2445/1457 1455/2379/1455 1456/2378/1456
f 20/2448/20 230/2449/230 229/2450/229
f 3010/2451/3010 3009/2452/3009 3031/2453/3031 2456/2454/2456
f 2510/2165/2510 2509/2218/2509 2508/157/2508 2512/159/2512
f 1487/52/1487 1486/51/1486 1485/2005/1485
f 1489/2447/1489 170/50/170 1488/53/1488
f 2780/2455/2780 2762/2456/2762 198/2223/198 2779/2222/2779
f 2874/2457/2874 2860/2458/2860 2873/2459/2873
f 166/31/166 158/5/158 161/8/161
f 2503/2460/2503 2492/252/2492 2491/120/2491 2502/2461/2502
f 214/78/214 16/2211/16 213/79/213
f 201/2292/201 13/34/13 204/122/204
f 1482/2418/1482 172/2399/172 1481/46/1481
f 1300/143/1300 200/131/200 12/121/12
f 2790/75/2790 2785/123/2785 2784/76/2784
f 1319/2030/1319 2479/2261/2479 1321/770/1321 1320/2253/1320
f 25/2462/25 243/221/243 244/225/244
f 1494/1/1494 201/2292/201 1493/2293/1493 1511/2425/1511
f 2466/40/2466 2468/16/2468 1297/18/1297 1296/3/1296
f 1671/2414/1671 1517/2438/1517 1516/2463/1516 1670/2464/1670
f 4/30/4 159/13/159 166/31/166
f 1519/22/1519 1500/21/1500 1501/11/1501 1518/2465/1518
f 1686/2466/1686 1685/2182/1685 1678/2467/1678 1677/54/1677
f 1504/58/1504 1503/2215/1503 1505/2468/1505
f 4/30/4 167/14/167 159/13/159
f 178/2469/178 1508/1911/1508 1516/2463/1516
f 180/2470/180 1515/9/1515 179/2391/179
f 1699/57/1699 1676/56/1676 1675/1806/1675 1698/1805/1698
f 1525/203/1525 1678/2467/1678 1685/2182/1685 1684/2185/1684
f 1509/1912/1509 1506/63/1506 1511/2425/1511 1493/2293/1493
f 1692/2471/1692 1665/2406/1665 1664/2424/1664 1701/2472/1701
f 204/122/204 1492/128/1492 1493/2293/1493
f 1483/2430/1483 1508/1911/1508 1509/1912/1509 1510/2441/1510
f 1490/2335/1490 1487/52/1487 1485/2005/1485 196/80/196
f 1506/63/1506 1514/2473/1514 1496/6/1496 1511/2299/1511
f 158/5/158 157/127/157 1495/126/1495
f 1483/2430/1483 1482/2418/1482 1668/2417/1668
f 1498/2474/1498 162/2475/162 161/8/161
f 179/2391/179 1500/21/1500 1499/20/1499 1512/29/1512
f 1499/20/1499 162/2475/162 1498/2474/1498
f 1521/24/1521 163/2208/163 1520/19/1520
f 1674/23/1674 1673/25/1673 1696/2476/1696 1697/1807/1697
f 1496/6/1496 1514/2473/1514 1513/27/1513 1497/7/1497
f 9/2412/9 192/98/192 193/101/193
f 4/30/4 169/2193/169 167/14/167
f 157/127/157 156/2/156 1494/1/1494
f 398/646/398 1537/640/1537 399/2477/399
f 202/33/202 201/35/201 7/4/7 1298/611/1298
f 181/2478/181 180/2470/180 3/28/3 1513/27/1513
f 169/2193/169 1286/163/1286 1287/45/1287
f 1497/7/1497 1498/2474/1498 161/8/161
f 176/59/176 1518/2465/1518 1501/11/1501
f 1507/60/1507 178/2469/178 177/2479/177
f 2762/2456/2762 2689/2480/2689 2688/2201/2688 2761/2444/2761
f 237/91/237 238/87/238 2696/92/2696
f 176/59/176 175/2481/175 1518/2465/1518
f 1508/1911/1508 178/2469/178 1507/60/1507
f 1517/2438/1517 175/2481/175 1516/2482/1516
f 1516/2463/1516 6/2483/6 178/2469/178
f 2228/2484/2228 2227/2485/2227 2224/2486/2224 2238/2487/2238
f 1506/63/1506 1505/2468/1505 1514/2488/1514
f 186/2489/186 2225/2490/2225 2227/2485/2227
f 1523/2491/1523 231/2492/231 1522/55/1522
f 177/61/177 176/59/176 1504/58/1504
f 1512/29/1512 1498/2474/1498 1497/7/1497
f 177/61/177 1504/58/1504 1505/62/1505
f 1466/148/1466 1464/2286/1464 1465/2285/1465
f 1526/202/1526 250/2187/250 1525/203/1525
f 1587/407/1587 55/406/55 2243/509/2243
f 163/2208/163 162/2475/162 1499/20/1499
f 2/2493/2 163/2208/163 165/2190/165
f 1291/2198/1291 1289/44/1289 1288/43/1288
f 160/12/160 1290/15/1290 1295/41/1295
f 2/2493/2 165/2190/165 164/64/164
f 1292/2180/1292 1293/2494/1293 1294/2495/1294
f 276/2496/276 36/2497/36 273/2166/273
f 1675/1806/1675 1283/2149/1283 1521/24/1521 1674/23/1674
f 2679/2498/2679 2461/2499/2461 1286/163/1286 2460/2181/2460
f 1280/238/1280 1279/240/1279 274/241/274 221/2151/221
f 2235/2500/2235 1714/2501/1714 1711/2502/1711
f 1768/2503/1768 1752/2504/1752 1751/400/1751 1767/2505/1767
f 1524/2506/1524 232/2168/232 231/2492/231 1523/2491/1523
f 3014/576/3014 3002/2507/3002 3013/577/3013
f 250/2187/250 1523/2491/1523 1678/2467/1678 1525/203/1525
f 1681/2508/1681 1532/2509/1532 327/205/327 1531/2510/1531
f 27/2511/27 251/2186/251 254/2162/254
f 1719/2512/1719 1720/2513/1720 249/2155/249
f 1531/2510/1531 1529/2158/1529 1527/2514/1527
f 253/2515/253 252/434/252 1277/247/1277
f 1529/2158/1529 1528/2516/1528 1527/2514/1527
f 27/2511/27 254/2162/254 252/434/252
f 1528/2516/1528 254/2162/254 251/2186/251 1527/2514/1527
f 234/239/234 1278/2167/1278 1279/240/1279
f 1528/2516/1528 1274/539/1274 1275/435/1275
f 399/2477/399 1537/640/1537 1536/549/1536 1808/548/1808
f 1535/547/1535 2175/2517/2175 2177/2518/2177 1808/548/1808
f 1533/443/1533 325/441/325 326/206/326
f 1804/237/1804 1805/2188/1805 326/206/326 1532/235/1532
f 1812/436/1812 1809/2519/1809 2177/2518/2177
f 325/441/325 49/204/49 326/206/326
f 1419/2359/1419 1402/2318/1402 1401/428/1401 1400/447/1400
f 1811/2520/1811 1810/655/1810 1812/436/1812
f 1809/2519/1809 399/2477/399 1808/548/1808
f 59/2521/59 361/2522/361 362/2523/362
f 392/637/392 1536/549/1536 452/638/452
f 2457/2171/2457 2998/2524/2998 2447/570/2447 276/2496/276
f 1810/655/1810 1809/2519/1809 1812/436/1812
f 1825/654/1825 1539/800/1539 1538/798/1538 1824/2525/1824
f 1269/643/1269 1268/644/1268 1265/845/1265
f 1867/199/1867 1868/2526/1868 1861/2527/1861 1864/2528/1864
f 399/2477/399 72/647/72 398/646/398
f 1544/2529/1544 1830/1969/1830 1831/1048/1831
f 454/799/454 453/641/453 1538/798/1538
f 1846/2530/1846 1866/2531/1866 1865/2532/1865
f 546/1034/546 1541/804/1541 545/803/545
f 1547/2533/1547 1544/2529/1544 1831/1048/1831
f 938/1158/938 651/1783/651 939/1286/939
f 616/1179/616 618/1227/618 1840/1228/1840
f 3049/805/3049 90/2146/90 455/948/455
f 1829/2534/1829 1541/2535/1541 546/1034/546
f 997/1534/997 999/1422/999 1000/1421/1000
f 1838/1007/1838 1840/1228/1840 1832/1047/1832
f 513/600/513 100/806/100 514/1157/514
f 1546/1149/1546 1545/2536/1545 1547/2537/1547
f 1541/804/1541 1542/2538/1542 1543/1152/1543
f 113/982/113 587/1161/587 586/983/586
f 649/976/649 585/1150/585 1546/1149/1546
f 1543/1152/1543 1542/2538/1542 1545/2536/1545
f 620/2539/620 2099/2540/2099 2101/1155/2101
f 1548/1987/1548 619/977/619 649/976/649 1546/1149/1546
f 701/1615/701 703/1784/703 940/1288/940
f 120/1226/120 617/1178/617 620/2539/620
f 126/1162/126 650/1287/650 651/1783/651
f 1556/1474/1556 2112/2541/2112 2113/1897/2113 2114/1405/2114
f 2146/2542/2146 2129/1285/2129 2128/1284/2128
f 1553/1797/1553 2110/2543/2110 2112/2541/2112
f 1949/2544/1949 451/2545/451 1887/1237/1887
f 946/1762/946 704/1419/704 702/1616/702
f 1570/1915/1570 1571/1302/1571 1089/1301/1089
f 1552/1799/1552 1554/1798/1554 943/1794/943 942/1785/942
f 739/1808/739 950/1650/950 1560/1507/1560
f 702/1616/702 943/1794/943 944/1674/944
f 947/1622/947 921/1621/921 946/1762/946 945/1673/945
f 729/1270/729 947/1622/947 945/1673/945
f 2139/2546/2139 2138/2547/2138 2137/2548/2137
f 2112/2541/2112 1556/1474/1556 1555/1473/1555 1553/1797/1553
f 215/2336/215 216/2210/216 19/2297/19
f 727/1655/727 1558/1652/1558 1559/1022/1559
f 762/1530/762 763/1529/763 765/1528/765 764/1527/764
f 814/1367/814 813/1637/813 821/1638/821
f 1565/1428/1565 1566/1427/1566 1567/1803/1567
f 728/1271/728 727/1655/727 1559/1022/1559 1560/1507/1560
f 2115/2549/2115 2118/1426/2118 1565/1428/1565 1564/2550/1564
f 748/1484/748 1082/1023/1082 1083/1490/1083
f 1567/1803/1567 1086/1481/1086 1565/1428/1565
f 753/1516/753 752/1649/752 949/1333/949
f 967/1573/967 968/1838/968 641/1830/641
f 1561/1782/1561 1558/1652/1558 1562/1651/1562
f 151/1479/151 737/1478/737 741/1517/741
f 2158/1393/2158 2157/2551/2157 2159/2552/2159
f 707/1913/707 1040/1851/1040 1084/1850/1084
f 1562/1651/1562 1563/1492/1563 1561/1782/1561
f 2139/2546/2139 2140/1811/2140 2138/2547/2138
f 1564/2550/1564 2116/1407/2116 2115/2549/2115
f 1097/1767/1097 1098/1436/1098 678/1435/678
f 1091/1295/1091 1090/1363/1090 1089/1301/1089
f 1096/1959/1096 1097/1767/1097 1095/1766/1095
f 646/1200/646 1096/1959/1096 1094/1423/1094 1107/1276/1107
f 1568/1804/1568 1566/1427/1566 2119/2553/2119 2120/2554/2120
f 1099/1718/1099 603/1944/603 604/1196/604
f 1570/1915/1570 1087/1802/1087 1568/1804/1568 1569/1623/1569
f 1572/1300/1572 656/1293/656 1091/1295/1091
f 1881/1235/1881 632/985/632 1880/544/1880
f 1089/1301/1089 1088/1362/1088 1570/1915/1570
f 648/1207/648 1574/545/1574 647/988/647
f 1573/2555/1573 1574/545/1574 654/2556/654
f 1091/1295/1091 1092/1294/1092 1090/1363/1090
f 654/2556/654 1572/1300/1572 129/2557/129 1573/2555/1573
f 128/1349/128 656/1293/656 654/2556/654
f 1875/2558/1875 1876/2559/1876 1874/2560/1874
f 1877/2561/1877 1878/543/1878 1573/2555/1573
f 1579/1961/1579 1110/1962/1110 1578/2562/1578
f 1881/1235/1881 627/1189/627 1576/1191/1576
f 126/1162/126 649/976/649 650/1287/650
f 1971/2563/1971 1995/2564/1995 1996/2565/1996
f 1874/2560/1874 1876/2566/1876 129/2567/129 1854/1296/1854
f 1091/1295/1091 1089/1301/1089 1572/1300/1572
f 583/1580/583 582/1584/582 787/1578/787
f 579/2011/579 583/1580/583 1156/1826/1156
f 2152/2568/2152 2136/1727/2136 2151/1730/2151
f 128/1349/128 654/2556/654 648/1207/648
f 1888/2569/1888 1578/2562/1578 1577/1238/1577 1887/1237/1887
f 135/1866/135 674/1342/674 675/1345/675
f 612/899/612 613/1219/613 1112/1216/1112
f 1969/1955/1969 1948/2570/1948 1886/2571/1886 1947/1952/1947
f 123/2572/123 634/1248/634 635/1577/635
f 1111/1274/1111 1579/1961/1579 1113/1215/1113
f 643/1217/643 645/1201/645 1109/1292/1109
f 1579/1961/1579 1578/2562/1578 1890/2573/1890
f 1952/2574/1952 1951/2575/1951 1953/466/1953
f 1582/1198/1582 424/1197/424 1117/1946/1117
f 2002/2576/2002 1984/2577/1984 1959/523/1959 1983/522/1983
f 1896/1947/1896 1894/2578/1894 1924/2579/1924 1905/452/1905
f 626/1190/626 122/2580/122 630/1236/630
f 1580/1210/1580 1113/1215/1113 1579/1961/1579 1890/2573/1890
f 1112/1216/1112 643/1217/643 1111/1274/1111
f 1581/1209/1581 1115/1214/1115 1114/900/1114 1580/1210/1580
f 1583/788/1583 423/2581/423 424/1197/424
f 1901/353/1901 340/488/340 53/487/53
f 1584/787/1584 1585/786/1585 66/510/66
f 421/715/421 420/2582/420 1118/716/1118
f 1892/2015/1892 1923/2141/1923 1893/2583/1893
f 1893/2583/1893 1583/788/1583 1582/1198/1582 1892/2015/1892
f 76/2584/76 421/715/421 424/1197/424
f 294/340/294 42/335/42 292/306/292
f 400/809/400 1256/534/1256 1258/2120/1258
f 1245/2126/1245 1244/2135/1244 1246/2127/1246
f 2442/667/2442 402/630/402 388/629/388
f 1612/2585/1612 1611/2393/1611 1613/2586/1613
f 1442/2116/1442 1441/2115/1441 1443/507/1443
f 1587/407/1587 1586/508/1586 1599/364/1599 1588/608/1588
f 2265/920/2265 2248/919/2248 2250/2321/2250
f 422/2587/422 423/2581/423 1584/787/1584
f 1594/607/1594 1595/2588/1595 308/2589/308 1588/608/1588
f 47/2590/47 313/2591/313 314/409/314
f 46/503/46 308/2589/308 288/2592/288
f 278/2593/278 280/2594/280 1593/2595/1593
f 254/2162/254 1528/2516/1528 1275/435/1275
f 279/141/279 259/177/259 37/2596/37
f 258/175/258 1604/68/1604 257/180/257
f 37/2596/37 278/2593/278 279/141/279
f 1602/178/1602 279/141/279 1601/140/1601 1615/328/1615
f 49/204/49 325/441/325 358/440/358
f 394/2153/394 359/2154/359 360/2597/360
f 1597/2598/1597 288/2592/288 1589/370/1589
f 1596/300/1596 1597/2598/1597 1589/370/1589 43/369/43
f 289/271/289 288/2599/288 1597/2598/1597
f 1631/2600/1631 1736/2601/1736 1633/2602/1633
f 2955/2603/2955 2954/2604/2954 2956/2605/2956
f 261/272/261 289/271/289 1597/2598/1597
f 31/260/31 266/2352/266 267/261/267
f 38/379/38 281/333/281 282/332/282
f 1740/2283/1740 1759/2606/1759 1760/2607/1760
f 1592/299/1592 1593/2595/1593 280/2594/280
f 293/307/293 1612/2585/1612 1613/2586/1613
f 1606/259/1606 1608/179/1608 1605/71/1605
f 328/721/328 1599/364/1599 1586/508/1586
f 1588/608/1588 309/408/309 1587/407/1587
f 258/175/258 1602/178/1602 1603/327/1603
f 50/375/50 329/308/329 328/721/328
f 1612/2585/1612 283/380/283 1611/2393/1611
f 257/180/257 28/176/28 258/175/258
f 1603/327/1603 1602/178/1602 1615/328/1615
f 1616/326/1616 1618/383/1618 1603/327/1603
f 1618/383/1618 1604/68/1604 258/175/258 1603/327/1603
f 265/263/265 260/256/260 29/258/29
f 190/1488/190 2469/89/2469 2468/16/2468
f 1454/2380/1454 29/258/29 1607/257/1607
f 264/264/264 261/272/261 28/176/28 260/256/260
f 28/176/28 257/180/257 260/256/260
f 1619/69/1619 1617/384/1617 1465/2285/1465 1463/374/1463
f 2704/2043/2704 2800/210/2800 2801/2044/2801
f 2470/114/2470 2696/92/2696 2697/212/2697 2471/2207/2471
f 259/177/259 261/272/261 1597/2598/1597 37/2596/37
f 1619/69/1619 1618/383/1618 1617/384/1617
f 1791/483/1791 52/2608/52 1792/484/1792
f 1614/2392/1614 1610/2390/1610 1616/326/1616 1615/328/1615
f 241/118/241 2491/120/2491 11/17/11 2470/114/2470
f 171/2196/171 170/50/170 1489/2447/1489
f 1622/2401/1622 1915/338/1915 1789/337/1789 1623/2609/1623
f 1652/102/1652 208/97/208 1651/2610/1651
f 1612/2585/1612 281/333/281 283/380/283
f 1489/2447/1489 1488/53/1488 1464/2286/1464
f 1489/2447/1489 1464/2286/1464 1467/2410/1467
f 207/99/207 192/98/192 191/72/191
f 206/2382/206 1614/2392/1614 1613/2586/1613 1611/2393/1611
f 1604/68/1604 1618/383/1618 1619/69/1619
f 1648/2611/1648 1650/2612/1650 1620/2403/1620
f 1615/328/1615 1601/140/1601 1614/2392/1614
f 1610/2390/1610 1617/384/1617 1616/326/1616
f 1611/2393/1611 283/380/283 1620/2403/1620 1650/2612/1650
f 1653/2613/1653 193/101/193 1652/102/1652
f 38/379/38 284/2614/284 283/380/283
f 259/177/259 279/141/279 1602/178/1602
f 292/306/292 42/335/42 293/334/293
f 1621/2404/1621 1620/2403/1620 283/380/283
f 1623/2609/1623 1642/2615/1642 1622/2401/1622
f 1648/2611/1648 1620/2403/1620 1645/2402/1645 1647/2616/1647
f 1610/2390/1610 1609/2389/1609 1617/384/1617
f 1609/2389/1609 205/147/205 1465/2285/1465
f 284/2614/284 1621/2404/1621 283/380/283
f 1623/2609/1623 1789/337/1789 1732/2617/1732 1624/2388/1624
f 293/307/293 281/333/281 1612/2585/1612
f 1732/2617/1732 1625/2618/1625 1624/2388/1624
f 1779/2619/1779 1778/2620/1778 1787/2329/1787 1788/2328/1788
f 1645/2402/1645 1622/2401/1622 1642/2615/1642 1644/2621/1644
f 1631/2600/1631 1633/2602/1633 1632/385/1632
f 47/2590/47 285/255/285 311/2622/311
f 1626/2623/1626 1629/330/1629 1638/329/1638
f 1731/2160/1731 1730/2624/1730 1732/2617/1732
f 1641/2625/1641 1642/2615/1642 1623/2387/1623 1640/2386/1640
f 1733/2626/1733 1625/2618/1625 1732/2617/1732
f 1629/330/1629 1626/2623/1626 1628/2627/1628
f 1643/360/1643 1644/2621/1644 1642/2615/1642
f 1771/2628/1771 1756/2629/1756 1736/2601/1736 1755/2630/1755
f 1734/2631/1734 1625/2618/1625 1733/2626/1733
f 1637/331/1637 1636/1937/1636 1742/2632/1742 1743/361/1743
f 1734/2631/1734 1627/2633/1627 1625/2618/1625
f 1735/2634/1735 1630/2635/1630 1627/2633/1627
f 1744/359/1744 1644/2621/1644 1643/360/1643
f 1635/1940/1635 1740/2283/1740 1761/317/1761 1741/316/1741
f 1748/373/1748 1746/372/1746 1749/2636/1749
f 1740/2283/1740 1635/1940/1635 297/1939/297 1738/1936/1738
f 1634/2637/1634 296/1938/296 1632/385/1632 1633/2602/1633
f 1779/2619/1779 1769/2638/1769 1768/2639/1768 1778/2620/1778
f 1646/2640/1646 1645/2402/1645 1644/2621/1644
f 1739/387/1739 1738/1936/1738 1737/388/1737
f 1766/2641/1766 1750/402/1750 21/196/21 1654/2642/1654
f 1589/370/1589 308/2589/308 1595/2588/1595 323/367/323
f 2974/2643/2974 2981/2644/2981 307/2645/307
f 44/2646/44 304/397/304 305/2647/305
f 1759/2606/1759 1740/2283/1740 1739/387/1739
f 375/2377/375 374/584/374 1918/583/1918
f 1649/2648/1649 1647/2616/1647 1745/2649/1745
f 300/1935/300 1633/2602/1633 1736/2601/1736 1756/2629/1756
f 1743/361/1743 1641/2625/1641 1639/2650/1639
f 2973/433/2973 2976/432/2976 2974/2643/2974
f 1786/2651/1786 1777/2652/1777 1765/2653/1765 1764/2654/1764
f 1774/2655/1774 1773/2656/1773 1782/2657/1782
f 1630/2635/1630 1628/2627/1628 1626/2623/1626 1627/2633/1627
f 1649/2648/1649 1747/371/1747 1648/2611/1648
f 299/1934/299 1634/2637/1634 1633/2602/1633
f 1748/373/1748 1651/2610/1651 1747/371/1747
f 1923/2141/1923 1921/2658/1921 1922/2659/1922
f 1915/338/1915 312/342/312 1914/336/1914
f 1634/2637/1634 297/1939/297 296/1938/296
f 1626/2623/1626 1624/2388/1624 1625/2618/1625 1627/2633/1627
f 1749/2636/1749 1746/372/1746 1764/2654/1764 1765/2653/1765
f 284/343/284 1915/338/1915 1621/2404/1621
f 1651/2610/1651 1650/2612/1650 1648/2611/1648 1747/371/1747
f 1767/2505/1767 1751/400/1751 1750/402/1750 1766/2641/1766
f 1765/2653/1765 1766/2641/1766 1654/2642/1654 1749/2636/1749
f 1650/2612/1650 1651/2610/1651 208/97/208 209/2381/209
f 1652/102/1652 1651/2610/1651 1748/373/1748
f 1694/2435/1694 1693/2407/1693 1665/2406/1665 1692/2471/1692
f 173/2429/173 172/2399/172 1482/2418/1482
f 1474/2396/1474 1473/2369/1473 1472/2368/1472
f 2218/2439/2218 1657/2394/1657 1656/2660/1656 1716/2661/1716
f 170/50/170 174/2662/174 1486/51/1486
f 1720/2513/1720 1718/2663/1718 1721/195/1721
f 1470/106/1470 1655/313/1655 1471/107/1471
f 2220/2664/2220 1659/2428/1659 1658/2427/1658
f 1661/2420/1661 1660/2426/1660 2223/2665/2223
f 1663/2421/1663 1662/2666/1662 2226/2667/2226
f 1660/2426/1660 1476/2423/1476 1659/2428/1659
f 186/2489/186 2226/2667/2226 2225/2490/2225
f 1662/2666/1662 1661/2420/1661 2223/2665/2223
f 1662/2666/1662 1663/2421/1663 1661/2420/1661
f 1696/2476/1696 1673/25/1673 1695/2433/1695 1700/2432/1700
f 1694/2435/1694 1672/2434/1672 1671/2414/1671 1693/2407/1693
f 183/2006/183 173/2429/173 182/2442/182
f 1670/2464/1670 1508/1911/1508 1483/2430/1483 1668/2417/1668
f 183/2006/183 174/2662/174 173/2429/173
f 1491/129/1491 1484/2007/1484 1492/128/1492
f 1670/2464/1670 1516/2463/1516 1508/1911/1508
f 1520/19/1520 163/2208/163 1499/20/1499
f 1518/2465/1518 175/2481/175 1517/2438/1517
f 1518/2465/1518 1672/2434/1672 1695/2433/1695 1519/22/1519
f 1283/2149/1283 1285/2191/1285 1521/24/1521
f 250/2187/250 1524/2506/1524 1523/2491/1523
f 1684/2185/1684 1709/2184/1709 1710/2668/1710 1683/2669/1683
f 2681/2670/2681 2462/2671/2462 1288/43/1288
f 1687/2672/1687 1686/2466/1686 1677/54/1677 1699/57/1699
f 1713/2673/1713 1719/2512/1719 1682/2674/1682
f 231/2492/231 22/2675/22 233/320/233
f 1806/229/1806 1533/443/1533 326/206/326 1805/230/1805
f 1527/2514/1527 1526/202/1526 1679/201/1679
f 1523/2491/1523 1522/55/1522 1677/54/1677 1678/2467/1678
f 232/2168/232 22/2675/22 231/2492/231
f 1681/2156/1681 1531/2510/1531 1680/2157/1680
f 1684/2185/1684 1683/2669/1683 1679/201/1679 1525/203/1525
f 1715/2676/1715 1712/2677/1712 1716/2678/1716 1717/2409/1717
f 357/538/357 325/441/325 1533/443/1533
f 327/205/327 1530/2159/1530 1531/2510/1531
f 1682/2674/1682 1719/2512/1719 249/2155/249 1680/2679/1680
f 251/2186/251 1526/202/1526 1527/2514/1527
f 247/2680/247 1720/2513/1720 1721/195/1721
f 2187/2681/2187 2175/2517/2175 2174/528/2174 2186/527/2186
f 249/2155/249 26/2682/26 248/2683/248
f 1687/2672/1687 1706/2288/1706 1707/2684/1707 1686/2466/1686
f 1535/547/1535 1534/442/1534 1807/444/1807
f 1720/2513/1720 247/2680/247 249/2155/249
f 1719/2512/1719 1718/2663/1718 1720/2513/1720
f 1710/2668/1710 1711/2502/1711 1682/2674/1682 1683/2669/1683
f 21/196/21 1721/195/1721 1718/2663/1718
f 2218/2439/2218 1714/2501/1714 2235/2500/2235
f 249/2155/249 248/2683/248 1681/2508/1681
f 1722/2685/1722 1723/194/1723 1802/2686/1802
f 2234/2687/2234 1710/2668/1710 1709/2184/1709 2233/2688/2233
f 248/2683/248 1532/2509/1532 1681/2508/1681
f 2235/2500/2235 1711/2502/1711 1710/2668/1710 2234/2687/2234
f 1713/2673/1713 1682/2674/1682 1711/2502/1711
f 1689/2689/1689 1704/2690/1704 1705/2289/1705 1688/2691/1688
f 436/2101/436 2272/2692/2272 2273/2693/2273
f 1691/2694/1691 1702/2695/1702 1703/2696/1703 1690/2697/1690
f 2228/2484/2228 1703/2696/1703 1702/2695/1702 2227/2485/2227
f 1692/2471/1692 1701/2472/1701 1702/2695/1702 1691/2694/1691
f 1462/2284/1462 1488/53/1488 1487/52/1487
f 1522/55/1522 231/2492/231 233/320/233
f 2229/2698/2229 2228/2484/2228 2238/2487/2238 2239/2699/2239
f 1679/201/1679 1683/2669/1683 1682/2674/1682 1680/2679/1680
f 1689/2689/1689 1688/2691/1688 1698/1805/1698 1697/1807/1697
f 1712/2700/1712 1713/2673/1713 1711/2502/1711
f 1688/2691/1688 1687/2672/1687 1699/57/1699 1698/1805/1698
f 2236/2701/2236 2235/2500/2235 2234/2687/2234
f 1700/2432/1700 1691/2694/1691 1690/2697/1690 1696/2476/1696
f 1692/2471/1692 1691/2694/1691 1700/2432/1700 1694/2435/1694
f 2794/288/2794 230/2449/230 2793/2702/2793
f 2853/2703/2853 2795/2704/2795 2794/288/2794 2852/287/2852
f 2231/216/2231 1707/2684/1707 1706/2288/1706 2230/2291/2230
f 8/2705/8 187/2199/187 188/94/188
f 422/2587/422 1584/787/1584 66/510/66
f 1518/2465/1518 1517/2438/1517 1672/2434/1672
f 2229/2698/2229 1704/2690/1704 1703/2696/1703 2228/2484/2228
f 2239/2699/2239 2230/2291/2230 32/2290/32 2229/2698/2229
f 2233/2688/2233 2232/219/2232 24/218/24 2242/2279/2242
f 1773/2656/1773 1772/2706/1772 1782/2657/1782
f 2234/2687/2234 2233/2688/2233 2242/2279/2242 2237/2282/2237
f 1690/2697/1690 1689/2689/1689 1697/1807/1697 1696/2476/1696
f 2233/2688/2233 1709/2184/1709 1708/2183/1708 2232/219/2232
f 1800/2707/1800 1802/2686/1802 1723/194/1723 1724/401/1724
f 1690/2697/1690 1703/2696/1703 1704/2690/1704 1689/2689/1689
f 1715/2676/1715 1717/2409/1717 1718/2663/1718
f 1724/401/1724 303/2708/303 1800/2707/1800
f 1688/2691/1688 1705/2289/1705 1706/2288/1706 1687/2672/1687
f 1714/2501/1714 1712/2677/1712 1711/2502/1711
f 1712/2677/1712 1714/2501/1714 1716/2678/1716
f 1713/2673/1713 1715/2676/1715 1719/2512/1719
f 2220/2664/2220 1658/2427/1658 2219/2440/2219
f 1725/234/1725 303/2708/303 1724/401/1724
f 1686/2466/1686 1707/2684/1707 1708/2183/1708 1685/2182/1685
f 1719/2512/1719 1715/2676/1715 1718/2663/1718
f 1715/2676/1715 1713/2673/1713 1712/2700/1712
f 1680/2157/1680 1531/2510/1531 1527/2514/1527 1679/201/1679
f 1723/194/1723 1722/2685/1722 247/2680/247 1721/195/1721
f 26/2682/26 246/236/246 248/2683/248
f 1729/2161/1729 1728/151/1728 1730/150/1730
f 1753/152/1753 1728/151/1728 1727/482/1727 1752/2504/1752
f 1725/234/1725 301/233/301 303/2708/303
f 1729/2161/1729 1790/2709/1790 1791/483/1791
f 1726/232/1726 1727/482/1727 1792/484/1792
f 1726/232/1726 1725/234/1725 1727/482/1727
f 1800/2707/1800 1798/2710/1798 1799/2711/1799 1802/2686/1802
f 1966/2712/1966 1967/2713/1967 1965/2714/1965
f 1729/2161/1729 1791/483/1791 1728/151/1728
f 1755/2630/1755 1735/2634/1735 1734/2631/1734
f 1740/2283/1740 1760/2607/1760 1761/317/1761
f 1736/2601/1736 1735/2634/1735 1755/2630/1755
f 1914/336/1914 1790/2709/1790 1731/2160/1731 1789/337/1789
f 1732/2617/1732 1730/2624/1730 1733/2626/1733
f 1736/2601/1736 1630/2635/1630 1735/2634/1735
f 1757/2715/1757 298/2716/298 1756/2629/1756 1771/2628/1771
f 1639/2650/1639 1640/2717/1640 1638/2718/1638
f 1742/2632/1742 1741/316/1741 1776/319/1776 1762/2719/1762
f 1735/2634/1735 1627/2633/1627 1734/2631/1734
f 1630/2635/1630 1631/2600/1631 1628/2627/1628
f 1759/2720/1759 1758/386/1758 1772/2721/1772
f 1655/313/1655 21/196/21 1718/2663/1718 1717/2409/1717
f 1631/2600/1631 1630/2635/1630 1736/2601/1736
f 1640/2386/1640 1639/2650/1639 1641/2625/1641
f 1646/2722/1646 1744/359/1744 1745/2649/1745
f 1717/2409/1717 1716/2661/1716 1656/2660/1656
f 1632/385/1632 1628/2627/1628 1631/2600/1631
f 44/2646/44 301/233/301 302/2723/302
f 1956/2724/1956 1936/2725/1936 1955/2726/1955
f 1639/2650/1639 1638/2718/1638 1637/331/1637
f 1643/360/1643 1641/2625/1641 1743/361/1743
f 194/2413/194 1653/2727/1653 1654/2642/1654
f 1646/2722/1646 1644/2621/1644 1744/359/1744
f 1629/330/1629 1628/2627/1628 1632/385/1632
f 1797/399/1797 57/398/57 1796/2728/1796
f 1785/2729/1785 1786/2651/1786 1764/2730/1764 1763/2731/1763
f 1643/360/1643 1642/2615/1642 1641/2625/1641
f 1649/2648/1649 1648/2611/1648 1647/2616/1647
f 1780/2732/1780 1770/2733/1770 1769/2638/1769 1779/2734/1779
f 1787/2329/1787 1778/2620/1778 1777/2652/1777 1786/2651/1786
f 1745/2649/1745 1744/359/1744 1762/2719/1762 1763/2731/1763
f 1747/371/1747 1649/2648/1649 1746/372/1746
f 1746/372/1746 1745/2735/1745 1763/2731/1763 1764/2736/1764
f 1749/2737/1749 1653/2613/1653 1652/102/1652 1748/373/1748
f 2167/2738/2167 1799/2711/1799 1798/2710/1798 2166/2739/2166
f 1769/2638/1769 1753/2740/1753 1752/2504/1752 1768/2741/1768
f 1780/2732/1780 1779/2734/1779 1788/2328/1788 1781/2742/1781
f 298/2716/298 1758/386/1758 1737/388/1737
f 1781/2743/1781 1757/2715/1757 1771/2628/1771 1780/2732/1780
f 1770/2733/1770 1755/2630/1755 1734/2631/1734 1754/149/1754
f 1780/2732/1780 1771/2628/1771 1755/2630/1755 1770/2733/1770
f 1785/2729/1785 1784/2330/1784 1787/2329/1787 1786/2651/1786
f 1760/2607/1760 1759/2720/1759 1772/2721/1772
f 1776/319/1776 1775/318/1775 1784/2330/1784 1785/2729/1785
f 1739/387/1739 1758/386/1758 1759/2720/1759
f 300/1935/300 1756/2629/1756 298/2716/298 1737/388/1737
f 1649/2648/1649 1745/2735/1745 1746/372/1746
f 1654/2642/1654 1653/2613/1653 1749/2737/1749
f 1743/361/1743 1639/2650/1639 1637/331/1637
f 1758/386/1758 298/2716/298 1757/2715/1757 1772/2721/1772
f 1785/2729/1785 1763/2731/1763 1762/2719/1762 1776/319/1776
f 1745/2649/1745 1647/2616/1647 1646/2722/1646
f 1744/359/1744 1743/361/1743 1742/2632/1742 1762/2719/1762
f 1767/2505/1767 1766/2641/1766 1765/2653/1765 1777/2744/1777
f 1778/2620/1778 1768/2639/1768 1767/2505/1767 1777/2744/1777
f 195/2411/195 194/315/194 1470/314/1470
f 300/1935/300 299/1934/299 1633/2602/1633
f 262/2331/262 1783/2745/1783 1782/2657/1782
f 2505/111/2505 268/2163/268 2512/159/2512 2506/112/2506
f 1761/317/1761 1774/2655/1774 1775/318/1775
f 448/782/448 1928/697/1928 1929/2746/1929
f 1773/2656/1773 1760/2607/1760 1772/2721/1772
f 1773/2656/1773 1761/317/1761 1760/2607/1760
f 262/2331/262 1782/2657/1782 1781/2742/1781 1788/2328/1788
f 2063/2747/2063 2064/2748/2064 2043/2749/2043
f 1726/232/1726 1792/484/1792 302/2723/302
f 1783/2745/1783 1774/2655/1774 1782/2657/1782
f 1783/2745/1783 1775/318/1775 1774/2655/1774
f 1783/2745/1783 262/2331/262 1784/2330/1784 1775/318/1775
f 1761/317/1761 1773/2656/1773 1774/2655/1774
f 355/395/355 354/2095/354 1793/468/1793
f 354/2095/354 302/2723/302 1793/468/1793
f 1358/137/1358 1301/2213/1301 30/2234/30 1357/2270/1357
f 1305/2750/1305 1341/324/1341 40/2232/40 1303/133/1303
f 1729/2161/1729 1731/2160/1731 1790/2709/1790
f 1796/197/1796 57/398/57 1795/2751/1795
f 1934/393/1934 1933/467/1933 1954/789/1954 1955/2726/1955
f 2512/159/2512 2507/158/2507 2506/112/2506
f 1357/2270/1357 30/2234/30 1356/2233/1356 2325/2277/2325
f 1781/2743/1781 1782/2657/1782 1772/2706/1772 1757/2715/1757
f 1734/2631/1734 1733/2626/1733 1754/149/1754
f 2275/750/2275 422/2587/422 66/510/66 2274/2752/2274
f 44/2646/44 302/2723/302 304/397/304
f 2949/476/2949 2948/478/2948 2950/501/2950
f 1638/2718/1638 1640/2717/1640 1624/2388/1624 1626/2623/1626
f 1792/484/1792 52/2608/52 1932/465/1932
f 355/395/355 57/398/57 354/2095/354
f 354/2095/354 304/397/304 302/2723/302
f 1937/2753/1937 1938/2754/1938 1795/2751/1795
f 1935/2755/1935 1794/394/1794 1934/393/1934
f 44/2646/44 303/2708/303 301/233/301
f 1795/2751/1795 355/395/355 1794/394/1794
f 1795/2751/1795 1794/394/1794 1937/2753/1937
f 1947/1952/1947 1885/1239/1885 1884/1242/1884
f 355/395/355 1793/468/1793 1933/467/1933 1934/393/1934
f 2166/2739/2166 1798/2710/1798 1797/399/1797 1819/2756/1819
f 1938/2754/1938 1939/198/1939 1796/197/1796 1795/2751/1795
f 2960/415/2960 2745/417/2745 2744/500/2744
f 1418/2358/1418 1420/2338/1420 1421/566/1421
f 306/2757/306 2982/2758/2982 307/2645/307
f 2222/2281/2222 2221/2436/2221 2237/2282/2237
f 57/398/57 355/395/355 1795/2751/1795
f 1752/2504/1752 1727/482/1727 1725/234/1725 1751/400/1751
f 2184/1923/2184 2172/228/2172 2183/344/2183 2201/347/2201
f 1532/235/1532 248/2683/248 246/236/246
f 1265/845/1265 1266/351/1266 1262/613/1262
f 2171/231/2171 2170/2189/2170 2181/2759/2181 2182/2760/2182
f 303/2708/303 305/2647/305 1800/2707/1800
f 1770/2733/1770 1754/149/1754 1753/2740/1753 1769/2638/1769
f 246/236/246 245/2761/245 1803/2762/1803
f 2187/2681/2187 2176/2763/2176 2175/2517/2175
f 2199/2764/2199 2209/2765/2209 39/346/39 2200/345/2200
f 2186/527/2186 2217/2362/2217 2187/2681/2187
f 26/2682/26 247/2680/247 245/2761/245
f 360/546/360 1534/2766/1534 1535/547/1535
f 2178/437/2178 2188/2767/2188 1814/2768/1814
f 1536/549/1536 394/2153/394 360/2597/360
f 1813/2769/1813 1814/2768/1814 1816/2770/1816 1815/2771/1815
f 2184/1923/2184 2173/1922/2173 1806/229/1806 2172/228/2172
f 2208/2772/2208 2207/2773/2207 2211/2774/2211
f 2174/528/2174 2175/2517/2175 1535/547/1535 1807/2775/1807
f 2175/2517/2175 2176/2763/2176 2177/2518/2177
f 2189/2776/2189 2190/2777/2190 2188/2767/2188
f 1845/1013/1845 1825/654/1825 1824/2525/1824
f 2178/437/2178 2177/2518/2177 2176/2763/2176
f 1537/640/1537 452/638/452 1536/549/1536
f 1541/804/1541 584/1151/584 1540/801/1540
f 453/641/453 1537/640/1537 1538/798/1538
f 1815/2771/1815 1818/2778/1818 2181/2759/2181 2168/2779/2168
f 1354/2273/1354 1353/2269/1353 1369/2308/1369 1370/2244/1370
f 2190/2777/2190 2193/471/2193 1817/470/1817 1816/2780/1816
f 2180/2781/2180 1818/2778/1818 1817/470/1817 2179/469/2179
f 2180/2781/2180 2179/469/2179 2199/2764/2199 2200/345/2200
f 341/472/341 2198/2782/2198 2179/469/2179
f 2197/2783/2197 2196/2784/2196 2195/2785/2195
f 2204/2786/2204 2203/526/2203 2185/529/2185 2202/1921/2202
f 2184/1923/2184 2201/347/2201 2210/2787/2210 2202/1921/2202
f 1827/2788/1827 1837/2789/1837 1828/2790/1828
f 1722/2685/1722 1802/2686/1802 1803/2762/1803
f 1826/652/1826 1825/654/1825 1845/1013/1845
f 2198/2782/2198 2196/2784/2196 2197/2783/2197
f 2182/2760/2182 2181/2759/2181 1818/2778/1818 2180/2781/2180
f 399/2477/399 1810/655/1810 72/647/72
f 1891/1211/1891 430/696/430 431/1208/431
f 1815/2771/1815 1816/2770/1816 1817/470/1817 1818/2778/1818
f 1823/797/1823 1824/2525/1824 1538/798/1538
f 1822/645/1822 1823/797/1823 398/646/398
f 519/1035/519 545/803/545 1828/2790/1828 1837/2789/1837
f 1948/2570/1948 1973/2791/1973 1949/2792/1949
f 1820/650/1820 1822/645/1822 72/647/72
f 1846/2530/1846 1824/2525/1824 1823/797/1823 1821/2793/1821
f 1547/2794/1547 1548/1987/1548 1546/1149/1546
f 523/2795/523 1827/653/1827 1826/652/1826
f 1840/1228/1840 1838/1007/1838 1839/971/1839
f 521/2796/521 520/1012/520 1843/968/1843
f 584/1151/584 512/1988/512 1540/801/1540
f 1834/1049/1834 544/1059/544 1835/998/1835
f 1541/804/1541 1543/1152/1543 584/1151/584
f 1829/2534/1829 1542/2797/1542 1541/2535/1541
f 1834/1049/1834 1833/997/1833 1832/1047/1832
f 794/1598/794 1192/1801/1192 1193/1609/1193 795/1605/795
f 1542/2797/1542 1829/2534/1829 1544/2529/1544
f 1547/2533/1547 1545/2798/1545 1544/2529/1544
f 1548/1987/1548 1831/1048/1831 1832/1047/1832 1840/1228/1840
f 1837/2789/1837 522/1016/522 524/1000/524
f 525/1019/525 526/1018/526 1838/1950/1838
f 504/930/504 876/929/876 877/1743/877
f 871/989/871 857/1717/857 856/1711/856
f 3062/867/3062 3061/942/3061 531/1067/531 530/1733/530
f 597/1180/597 616/1179/616 1841/970/1841
f 557/1005/557 558/2799/558 2546/2800/2546 2710/1006/2710
f 1839/971/1839 521/2796/521 1843/968/1843
f 558/2799/558 557/1005/557 2551/2801/2551 2548/2802/2548
f 106/1068/106 548/914/548 549/1698/549
f 102/2803/102 520/1012/520 521/2796/521
f 1548/1987/1548 1547/2533/1547 1831/1048/1831
f 1827/2788/1827 523/1017/523 522/1016/522
f 1844/1014/1844 1846/2530/1846 1865/2532/1865 1847/2804/1847
f 1847/2804/1847 1863/2805/1863 1862/2806/1862
f 102/1015/102 525/1019/525 524/1000/524
f 1544/2529/1544 1829/2534/1829 1830/1969/1830
f 618/1227/618 1548/1987/1548 1840/1228/1840
f 1829/2534/1829 546/1034/546 1830/1969/1830
f 1864/2528/1864 1866/2531/1866 1820/650/1820
f 1549/1229/1549 619/977/619 620/2539/620
f 120/1226/120 619/977/619 618/1227/618
f 1848/2807/1848 594/2808/594 1841/970/1841 1842/969/1842
f 2099/2540/2099 620/2539/620 617/1178/617
f 1839/971/1839 526/1008/526 521/2796/521
f 1860/2809/1860 1848/2807/1848 1862/2806/1862
f 102/1015/102 524/1000/524 522/1016/522
f 520/1012/520 523/2795/523 1826/652/1826
f 1827/2788/1827 522/1016/522 1837/2789/1837
f 650/1287/650 1549/1229/1549 1550/981/1550
f 1871/2810/1871 1870/2811/1870 1869/2812/1869
f 1863/2805/1863 1847/2804/1847 1865/2532/1865
f 1862/2806/1862 1861/2527/1861 1860/2809/1860
f 115/2813/115 598/1181/598 597/1180/597
f 1849/2814/1849 1859/2815/1859 1858/2816/1858
f 1850/2817/1850 594/2808/594 1848/2807/1848 1849/2814/1849
f 1872/2818/1872 1856/2819/1856 1870/2811/1870 1871/2810/1871
f 1858/2816/1858 1856/2819/1856 1855/1177/1855
f 1851/946/1851 1850/2817/1850 1855/1177/1855
f 1864/2528/1864 1865/2532/1865 1866/2531/1866
f 115/2813/115 597/1180/597 594/2808/594
f 1853/1299/1853 129/2557/129 1572/1300/1572
f 1879/2820/1879 1880/544/1880 1878/543/1878
f 1946/2821/1946 1877/2561/1877 1876/2559/1876 1945/2822/1945
f 1869/2812/1869 1868/2526/1868 1960/2823/1960 1961/2824/1961
f 133/2825/133 665/1321/665 667/2050/667
f 1856/2819/1856 1858/2816/1858 1870/2811/1870
f 1856/2819/1856 1857/2826/1857 1855/1177/1855
f 1849/2814/1849 1860/2809/1860 1859/2815/1859
f 1857/1175/1857 1872/2818/1872 1873/2827/1873
f 1873/2827/1873 1854/1176/1854 1857/1175/1857
f 1997/2828/1997 1971/2563/1971 1996/2829/1996
f 1967/2713/1967 1966/2830/1966 1990/2831/1990
f 1865/2532/1865 1864/2528/1864 1863/2805/1863
f 1851/946/1851 595/2832/595 1850/2817/1850
f 1860/2809/1860 1861/2527/1861 1859/2815/1859
f 630/1236/630 1886/2571/1886 1887/1237/1887
f 1858/2816/1858 1855/1177/1855 1850/2817/1850 1849/2814/1849
f 1857/2826/1857 1856/2819/1856 1872/2818/1872
f 1850/2817/1850 595/2832/595 594/2808/594
f 1860/2809/1860 1849/2814/1849 1848/2807/1848
f 1825/654/1825 1827/2788/1827 1828/2790/1828
f 1870/2811/1870 1859/2815/1859 1869/2812/1869
f 1941/2833/1941 1872/2818/1872 1871/2810/1871
f 1821/2793/1821 1820/650/1820 1866/2531/1866
f 1861/2527/1861 1862/2806/1862 1863/2805/1863
f 1961/2824/1961 1962/2834/1962 1871/2810/1871 1869/2812/1869
f 1953/466/1953 1951/2575/1951 1976/790/1976
f 1868/2526/1868 1869/2812/1869 1859/2815/1859 1861/2527/1861
f 1872/2818/1872 1941/2833/1941 1942/2835/1942 1873/2827/1873
f 1877/2561/1877 1946/2821/1946 1883/1241/1883 1879/2820/1879
f 2093/2836/2093 2082/2837/2082 2080/2838/2080 2094/2098/2094
f 1880/544/1880 1879/2820/1879 1882/1234/1882
f 413/2839/413 2027/2840/2027 414/2841/414
f 1573/2555/1573 129/2842/129 1876/2566/1876 1877/2561/1877
f 450/778/450 83/2843/83 451/2844/451
f 1886/2571/1886 1885/1239/1885 1947/1952/1947
f 1949/2544/1949 1887/1237/1887 1886/2571/1886 1948/2570/1948
f 1577/1238/1577 1110/1962/1110 1109/1292/1109 1576/1191/1576
f 1971/2563/1971 1970/2845/1970 1995/2564/1995
f 2335/1599/2335 670/1601/670 671/2846/671
f 1887/1237/1887 451/2844/451 1888/2847/1888
f 451/2844/451 83/2843/83 1888/2847/1888
f 1978/2848/1978 1979/2849/1979 1955/2850/1955
f 2045/2851/2045 2023/2852/2023 2022/2853/2022 2044/2854/2044
f 630/1236/630 629/2855/629 1886/2571/1886
f 1890/2573/1890 1889/2856/1889 1891/1211/1891
f 1580/1210/1580 1890/2573/1890 1891/1211/1891
f 1929/2746/1929 430/696/430 1891/1211/1891
f 1930/779/1930 450/778/450 1950/2857/1950 1952/2574/1952
f 538/1945/538 537/1165/537 1116/1164/1116
f 1894/2578/1894 1585/786/1585 1583/788/1583 1893/2583/1893
f 2439/882/2439 1234/2276/1234 434/2858/434 2438/907/2438
f 1895/720/1895 1585/786/1585 1894/2578/1894 1896/1947/1896
f 1898/341/1898 294/340/294 1897/2859/1897
f 463/2096/463 1235/2089/1235 69/2088/69 1247/2128/1247
f 373/582/373 372/376/372 1908/378/1908
f 1895/720/1895 50/375/50 328/721/328
f 330/1948/330 50/375/50 1895/720/1895
f 423/2581/423 1583/788/1583 1584/787/1584
f 1614/2392/1614 1601/140/1601 1600/2860/1600 1613/2586/1613
f 1928/697/1928 1927/781/1927 1926/698/1926
f 1932/465/1932 1931/2861/1931 1953/466/1953
f 37/2596/37 280/2594/280 278/2593/278
f 1925/2862/1925 1924/2579/1924 1922/2659/1922
f 1600/365/1600 1601/140/1601 278/142/278 1598/366/1598
f 1923/2141/1923 1922/2659/1922 1893/2583/1893
f 330/1948/330 1897/2859/1897 294/340/294 292/306/292
f 2195/2785/2195 2196/2784/2196 2194/2863/2194
f 330/1948/330 1896/1947/1896 1897/2859/1897
f 1910/355/1910 295/339/295 1898/341/1898 1911/352/1911
f 52/2608/52 338/412/338 337/411/337
f 1909/377/1909 372/376/372 1912/490/1912
f 311/2622/311 282/254/282 295/339/295
f 2932/2864/2932 2923/2865/2923 2931/2866/2931
f 56/514/56 351/516/351 352/520/352
f 2247/749/2247 2266/662/2266 2267/747/2267
f 2942/2867/2942 2941/477/2941 2949/476/2949
f 2240/217/2240 2231/216/2231 2230/2291/2230 2239/2699/2239
f 2224/2486/2224 2223/2665/2223 2222/2281/2222
f 3033/298/3033 34/297/34 3006/280/3006 3007/291/3007
f 1912/490/1912 311/2622/311 1909/377/1909
f 1255/535/1255 1256/534/1256 1253/2122/1253
f 1912/490/1912 63/489/63 375/2377/375
f 1906/453/1906 1905/452/1905 1924/2579/1924 373/582/373
f 295/339/295 42/335/42 294/340/294
f 50/375/50 330/1948/330 292/306/292
f 448/782/448 83/2843/83 449/777/449
f 64/560/64 376/589/376 377/2305/377
f 2003/2868/2003 1985/2869/1985 1984/2577/1984 2002/2576/2002
f 1251/811/1251 1243/2134/1243 1242/2114/1242 1252/808/1252
f 1913/410/1913 375/2377/375 1918/583/1918
f 1791/483/1791 1790/2709/1790 338/412/338
f 2168/2779/2168 2169/2870/2169 1799/2711/1799 2167/2738/2167
f 282/254/282 42/335/42 295/339/295
f 2245/2372/2245 436/2101/436 2244/504/2244
f 1900/485/1900 371/454/371 1907/491/1907 1903/486/1903
f 44/2646/44 305/2647/305 303/2708/303
f 1912/490/1912 313/2591/313 311/2622/311
f 1646/2640/1646 1647/2616/1647 1645/2402/1645
f 285/255/285 282/254/282 311/2622/311
f 314/409/314 313/2591/313 1913/410/1913
f 1916/780/1916 1918/583/1918 1919/586/1919 449/777/449
f 1916/780/1916 337/411/337 1913/410/1913 1918/583/1918
f 1958/525/1958 1957/2871/1957 1982/2872/1982
f 1914/336/1914 312/342/312 314/409/314
f 47/2590/47 314/409/314 312/342/312
f 1910/355/1910 1909/377/1909 311/2622/311 295/339/295
f 1914/336/1914 314/409/314 338/412/338 1790/2709/1790
f 1731/2160/1731 1732/2617/1732 1789/337/1789
f 14/100/14 209/2381/209 208/97/208
f 1636/1937/1636 1637/331/1637 1632/385/1632 296/1938/296
f 1931/2861/1931 1932/465/1932 52/2608/52 1917/2873/1917
f 1921/2658/1921 1926/698/1926 1927/781/1927
f 430/696/430 1929/2746/1929 1928/697/1928
f 1891/1211/1891 1889/2856/1889 1929/2746/1929
f 449/777/449 83/2843/83 450/778/450
f 1925/2862/1925 374/584/374 373/582/373
f 1897/2859/1897 1896/1947/1896 1905/452/1905 1904/455/1904
f 1926/698/1926 1921/2658/1921 1923/2141/1923
f 1925/2862/1925 373/582/373 1924/2579/1924
f 1917/2873/1917 337/411/337 1916/780/1916
f 1922/2659/1922 1921/2658/1921 1920/585/1920
f 1955/2726/1955 1936/2725/1936 1934/393/1934
f 1903/486/1903 1902/354/1902 53/487/53
f 1922/2659/1922 1920/585/1920 1925/2862/1925
f 1930/779/1930 1917/2873/1917 1916/780/1916
f 1951/2575/1951 1952/2574/1952 1950/2857/1950
f 1888/2569/1888 83/2843/83 448/782/448
f 2077/2874/2077 2090/2875/2090 2064/2748/2064
f 2278/624/2278 2277/1980/2277 2288/2876/2288
f 450/778/450 451/2545/451 1949/2544/1949 1950/2857/1950
f 79/2877/79 439/512/439 440/2371/440
f 1921/2658/1921 1927/781/1927 1919/586/1919 1920/585/1920
f 1925/2862/1925 1920/585/1920 374/584/374
f 1977/2878/1977 1954/789/1954 1976/790/1976 1997/2828/1997
f 1901/353/1901 53/487/53 1902/354/1902
f 1791/483/1791 338/412/338 52/2608/52
f 1754/149/1754 1733/2626/1733 1730/150/1730
f 1986/2879/1986 1985/2869/1985 2003/2868/2003 2004/2880/2004
f 1982/2872/1982 2000/2881/2000 2022/2853/2022 2001/2882/2001
f 1578/2562/1578 1110/1962/1110 1577/1238/1577
f 2001/2882/2001 1983/522/1983 1958/525/1958 1982/2872/1982
f 1944/2883/1944 1943/2884/1943 1964/2885/1964
f 1956/2724/1956 1979/2849/1979 1981/2886/1981
f 2006/390/2006 2007/2887/2007 1988/2888/1988
f 1960/2823/1960 1939/198/1939 1938/524/1938 1959/523/1959
f 1798/2710/1798 1801/396/1801 1797/399/1797
f 1802/2686/1802 1799/2711/1799 2169/2870/2169 1803/2762/1803
f 1821/2793/1821 1866/2531/1866 1846/2530/1846
f 2005/391/2005 1987/2889/1987 1963/2890/1963 1986/2879/1986
f 2012/2891/2012 1992/1954/1992 2011/2892/2011
f 1870/2811/1870 1858/2816/1858 1859/2815/1859
f 1941/2833/1941 1963/2890/1963 1987/2889/1987 1943/2884/1943
f 1883/1241/1883 1946/2821/1946 1884/1242/1884
f 1945/2893/1945 1944/2883/1944 1965/2894/1965
f 1962/2834/1962 1963/2890/1963 1941/2833/1941 1871/2810/1871
f 1876/2559/1876 1875/2558/1875 1945/2822/1945
f 672/1244/672 130/1884/130 1007/1883/1007 137/1375/137
f 1874/2560/1874 1873/2827/1873 1942/2835/1942
f 1945/2893/1945 1875/2558/1875 1944/2883/1944
f 2013/2895/2013 2012/2891/2012 2038/2896/2038
f 1943/2884/1943 1944/2883/1944 1875/2558/1875 1942/2835/1942
f 1885/1239/1885 629/2855/629 628/1240/628
f 1994/2897/1994 1993/2898/1993 2014/2899/2014
f 1967/2713/1967 1968/1953/1968 1947/1952/1947 1884/1242/1884
f 1882/1234/1882 1879/2820/1879 1883/1241/1883
f 1886/2571/1886 629/2855/629 1885/1239/1885
f 2041/2900/2041 2019/2901/2019 2017/2902/2017
f 1971/2563/1971 1972/2903/1972 1970/2845/1970
f 1889/2904/1889 1578/2562/1578 1888/2569/1888
f 1948/2570/1948 1970/2845/1970 1972/2905/1972 1973/2906/1973
f 1985/2869/1985 1962/2834/1962 1961/2824/1961 1984/2577/1984
f 1952/2574/1952 1931/2861/1931 1930/779/1930
f 1890/2573/1890 1578/2562/1578 1889/2904/1889
f 86/2907/86 454/799/454 455/948/455
f 1960/2823/1960 1959/523/1959 1984/2577/1984 1961/2824/1961
f 2017/2902/2017 1998/2908/1998 1978/2848/1978
f 1955/2850/1955 1954/789/1954 1977/2878/1977 1978/2848/1978
f 1936/2725/1936 1935/2755/1935 1934/393/1934
f 1957/2871/1957 1936/2909/1936 1956/2724/1956
f 1794/394/1794 1935/2755/1935 1937/2753/1937
f 416/2910/416 417/2911/417 2002/2576/2002
f 1957/2871/1957 1956/2724/1956 1981/2886/1981 1982/2872/1982
f 414/2841/414 459/2912/459 2004/2880/2004 2003/2868/2003
f 1935/2755/1935 1936/2909/1936 1957/2871/1957
f 1958/525/1958 1937/2753/1937 1935/2755/1935 1957/2871/1957
f 1989/1025/1989 1964/2885/1964 1988/2888/1988
f 1867/199/1867 1864/2528/1864 1820/650/1820 1940/200/1940
f 1946/2821/1946 1945/2893/1945 1965/2894/1965
f 1943/2884/1943 1942/2835/1942 1941/2833/1941
f 1965/2714/1965 1964/2885/1964 1966/2712/1966
f 2079/578/2079 2045/2851/2045 2044/2854/2044 2065/579/2065
f 2009/2913/2009 1991/2914/1991 1990/1024/1990
f 1995/2564/1995 1970/2845/1970 1969/1955/1969 1993/2898/1993
f 1988/2888/1988 1964/2885/1964 1943/2884/1943 1987/2889/1987
f 1966/2830/1966 1989/1025/1989 1990/2831/1990
f 1991/2914/1991 1968/1953/1968 1967/2713/1967 1990/1024/1990
f 1967/2713/1967 1884/1242/1884 1946/2821/1946 1965/2714/1965
f 1875/2558/1875 1874/2560/1874 1942/2835/1942
f 2011/2892/2011 1992/1954/1992 1968/1953/1968 1991/2914/1991
f 1965/2714/1965 1944/2883/1944 1964/2885/1964
f 2007/2887/2007 2008/1026/2008 1989/1025/1989 1988/2888/1988
f 1879/2820/1879 1878/543/1878 1877/2561/1877
f 1974/2915/1974 1997/2828/1997 1976/790/1976
f 2030/1057/2030 2029/389/2029 2051/2916/2051
f 1938/524/1938 1937/2753/1937 1958/525/1958
f 2077/2874/2077 2076/2917/2076 2087/1027/2087
f 1994/2897/1994 1995/2564/1995 1993/2898/1993
f 626/1190/626 630/1236/630 1577/1238/1577
f 2042/2918/2042 2061/2919/2061 2063/2747/2063
f 1949/2792/1949 1973/2791/1973 1975/2920/1975 1950/2857/1950
f 1974/2915/1974 1973/2906/1973 1972/2905/1972
f 1951/2575/1951 1975/2920/1975 1976/790/1976
f 1974/2915/1974 1975/2920/1975 1973/2791/1973
f 1931/2861/1931 1952/2574/1952 1953/466/1953
f 2016/2921/2016 2017/2902/2017 1978/2848/1978 1977/2922/1977
f 1980/2923/1980 1979/2849/1979 1978/2848/1978
f 1981/2886/1981 1979/2849/1979 1980/2923/1980
f 2023/2852/2023 415/2924/415 416/2910/416
f 2005/391/2005 1986/2879/1986 2004/2880/2004 2028/392/2028
f 2051/2916/2051 2029/389/2029 2028/392/2028
f 1999/2925/1999 2000/2881/2000 1981/2886/1981 1980/2923/1980
f 2006/390/2006 1988/2888/1988 1987/2889/1987 2005/391/2005
f 2034/2926/2034 2035/2927/2035 2010/1104/2010
f 1986/2879/1986 1963/2890/1963 1962/2834/1962 1985/2869/1985
f 1993/2898/1993 1969/1955/1969 1992/1954/1992
f 1972/2903/1972 1971/2563/1971 1997/2828/1997
f 416/2910/416 2002/2576/2002 1983/522/1983 2001/2882/2001
f 2009/1109/2009 566/1105/566 2010/1104/2010
f 2008/1026/2008 2009/2913/2009 1990/1024/1990
f 1976/790/1976 1975/2920/1975 1974/2915/1974
f 2013/2895/2013 2014/2899/2014 2012/2891/2012
f 2096/581/2096 2094/2098/2094 2066/2928/2066 2079/578/2079
f 1951/2575/1951 1950/2857/1950 1975/2920/1975
f 1997/2828/1997 1996/2829/1996 2016/2921/2016 1977/2922/1977
f 1981/2886/1981 2000/2881/2000 1982/2872/1982
f 1974/2915/1974 1972/2905/1972 1997/2828/1997
f 1980/2923/1980 1998/2908/1998 1999/2925/1999
f 2024/712/2024 2023/2852/2023 2045/2851/2045 2046/700/2046
f 1956/2724/1956 1955/2726/1955 1979/2849/1979
f 2048/2929/2048 2025/699/2025 2047/702/2047
f 2019/2901/2019 2020/2930/2020 2018/2931/2018
f 2000/2881/2000 2021/2932/2021 2044/2854/2044 2022/2853/2022
f 414/2841/414 75/2933/75 413/2839/413
f 2029/389/2029 542/1056/542 2006/390/2006
f 2032/1971/2032 565/1106/565 2031/1055/2031
f 2020/2930/2020 2043/2749/2043 2021/2932/2021
f 1996/2565/1996 1994/2934/1994 2015/2935/2015
f 1989/1025/1989 1966/2830/1966 1964/2885/1964
f 2011/2892/2011 1991/2914/1991 2010/1104/2010 2035/2927/2035
f 2071/2936/2071 2052/1972/2052 2032/1971/2032 2030/1057/2030
f 2010/1104/2010 2033/1107/2033 2034/2926/2034
f 109/1974/109 2031/1055/2031 565/1106/565
f 567/1108/567 2008/1026/2008 2007/2887/2007
f 2054/2937/2054 2056/2014/2056 2057/2938/2057
f 3034/2939/3034 2436/668/2436 2435/838/2435 3036/959/3036
f 2014/2899/2014 1993/2898/1993 1992/1954/1992 2012/2891/2012
f 2038/2896/2038 2012/2891/2012 2011/2892/2011 2036/2940/2036
f 2000/2881/2000 1999/2925/1999 2021/2932/2021
f 2042/2918/2042 2019/2901/2019 2041/2900/2041
f 1996/2565/1996 1995/2564/1995 1994/2934/1994
f 1996/2565/1996 2015/2935/2015 2040/2941/2040 2016/2921/2016
f 2059/1051/2059 2040/2941/2040 2015/2935/2015 2039/2942/2039
f 2086/1028/2086 2076/2917/2076 2060/1050/2060
f 1980/2923/1980 1978/2848/1978 1998/2908/1998
f 1999/2925/1999 1998/2908/1998 2018/2931/2018
f 2018/2931/2018 1998/2908/1998 2017/2902/2017
f 2023/2852/2023 416/2910/416 2001/2882/2001 2022/2853/2022
f 2055/2943/2055 2073/1973/2073 2083/2944/2083
f 2079/578/2079 2066/2928/2066 2046/700/2046 2045/2851/2045
f 1999/2925/1999 2018/2931/2018 2020/2930/2020 2021/2932/2021
f 417/2911/417 2003/2868/2003 2002/2576/2002
f 2081/2945/2081 2069/2946/2069 2080/2838/2080
f 2074/1063/2074 2056/2014/2056 2055/2943/2055
f 2068/2947/2068 2047/702/2047 2067/701/2067
f 416/2910/416 75/2933/75 417/2911/417
f 2049/2948/2049 2050/2949/2050 2027/2840/2027
f 1266/844/1266 1267/847/1267 80/762/80 1250/349/1250
f 76/2584/76 422/2587/422 420/2582/420
f 271/293/271 33/286/33 270/265/270
f 2048/2929/2048 2026/713/2026 2025/699/2025
f 3052/1774/3052 462/824/462 80/762/80 3045/761/3045
f 2073/1973/2073 2072/2950/2072 2081/2945/2081 2083/2944/2083
f 459/2912/459 414/2841/414 2027/2840/2027 2050/2949/2050
f 1991/2914/1991 2009/1109/2009 2010/1104/2010
f 417/2911/417 75/2933/75 414/2841/414
f 2004/2880/2004 459/2912/459 2051/2916/2051 2028/392/2028
f 1166/913/1166 474/2027/474 472/683/472
f 474/2027/474 2327/2028/2327 473/776/473
f 2073/1973/2073 2055/2943/2055 2053/1970/2053
f 2041/2900/2041 2017/2902/2017 2016/2921/2016 2040/2941/2040
f 543/1975/543 109/1974/109 567/1108/567
f 2033/1107/2033 565/1106/565 2032/1971/2032
f 572/2013/572 2058/2951/2058 2057/2938/2057
f 2060/1050/2060 2041/2900/2041 2040/2941/2040 2059/1051/2059
f 2057/2938/2057 2035/2927/2035 2034/2926/2034 2054/2937/2054
f 2037/2952/2037 2036/2940/2036 2058/2951/2058
f 2067/701/2067 2046/700/2046 2066/2928/2066
f 1570/1915/1570 1569/1623/1569 1571/1302/1571
f 2075/1052/2075 2059/1051/2059 2039/2942/2039 571/2012/571
f 2122/1796/2122 2098/2953/2098 2097/2954/2097
f 2091/2099/2091 2093/2836/2093 2094/2098/2094
f 2020/2930/2020 2019/2901/2019 2042/2918/2042
f 2065/579/2065 2044/2854/2044 2021/2932/2021 2043/2749/2043
f 2020/2930/2020 2042/2918/2042 2063/2747/2063 2043/2749/2043
f 2088/1029/2088 2092/2955/2092 2089/2956/2089
f 2126/2957/2126 2103/979/2103 2102/978/2102 2125/1153/2125
f 2050/2949/2050 2049/2948/2049 2071/2936/2071
f 2069/2946/2069 2068/2947/2068 2067/701/2067
f 75/2933/75 416/2910/416 415/2924/415
f 2032/1971/2032 2031/1055/2031 2030/1057/2030
f 2069/2946/2069 2072/2950/2072 2068/2947/2068
f 2084/2958/2084 2093/2836/2093 2092/2955/2092
f 2027/2840/2027 2026/713/2026 2049/2948/2049
f 2070/2959/2070 2047/702/2047 2068/2947/2068
f 2052/1972/2052 2070/2959/2070 2068/2947/2068 2072/2950/2072
f 2071/2936/2071 2049/2948/2049 2048/2929/2048 2070/2959/2070
f 2072/2950/2072 2069/2946/2069 2081/2945/2081
f 2013/2895/2013 2039/2942/2039 2015/2935/2015
f 2026/713/2026 2027/2840/2027 413/2839/413 2024/712/2024
f 2031/1055/2031 543/1975/543 542/1056/542
f 3054/810/3054 1261/2143/1261 1264/2118/1264
f 2054/2937/2054 2053/1970/2053 2055/2943/2055
f 2060/1050/2060 2061/2919/2061 2041/2900/2041
f 2034/2926/2034 2033/1107/2033 2053/1970/2053
f 2034/2926/2034 2053/1970/2053 2054/2937/2054
f 2080/2838/2080 2066/2928/2066 2094/2098/2094
f 572/2013/572 2057/2938/2057 2056/2014/2056
f 2013/2895/2013 2038/2896/2038 2039/2942/2039
f 2058/2951/2058 2036/2940/2036 2035/2927/2035 2057/2938/2057
f 2037/2952/2037 2038/2896/2038 2036/2940/2036
f 415/2924/415 2023/2852/2023 2024/712/2024
f 2088/1029/2088 2089/2956/2089 2087/1027/2087
f 2019/2901/2019 2018/2931/2018 2017/2902/2017
f 2015/2935/2015 2014/2899/2014 2013/2895/2013
f 2065/579/2065 2043/2749/2043 2064/2748/2064 2078/580/2078
f 2062/2960/2062 2076/2917/2076 2077/2874/2077
f 2083/2944/2083 2084/2958/2084 2085/1064/2085
f 2422/807/2422 460/757/460 2434/2961/2434
f 2037/2952/2037 571/2012/571 2039/2942/2039
f 2063/2747/2063 2062/2960/2062 2077/2874/2077 2064/2748/2064
f 2046/700/2046 2025/699/2025 2024/712/2024
f 2085/1064/2085 2088/1029/2088 2086/1028/2086
f 2092/2955/2092 2085/1064/2085 2084/2958/2084
f 2049/2948/2049 2026/713/2026 2048/2929/2048
f 2080/2838/2080 2069/2946/2069 2067/701/2067 2066/2928/2066
f 2048/2929/2048 2047/702/2047 2070/2959/2070
f 2629/2962/2629 2639/2963/2639 2630/2078/2630
f 2033/1107/2033 2032/1971/2032 2053/1970/2053
f 2085/1064/2085 2074/1063/2074 2055/2943/2055 2083/2944/2083
f 2039/2942/2039 2038/2896/2038 2037/2952/2037
f 2037/2952/2037 2058/2951/2058 571/2012/571
f 2062/2960/2062 2060/1050/2060 2076/2917/2076
f 2097/2954/2097 596/945/596 1852/2964/1852
f 2042/2918/2042 2041/2900/2041 2061/2919/2061
f 1852/2964/1852 2121/1624/2121 2122/1796/2122 2097/2954/2097
f 1107/1276/1107 1094/1423/1094 1093/1324/1093
f 2087/1027/2087 2076/2917/2076 2086/1028/2086
f 2077/2874/2077 2087/1027/2087 2089/2956/2089 2090/2875/2090
f 2084/2958/2084 2082/2837/2082 2093/2836/2093
f 456/639/456 86/2907/86 455/948/455
f 2030/1057/2030 2051/2916/2051 2050/2949/2050 2071/2936/2071
f 2127/1991/2127 2104/1280/2104 2103/979/2103 2126/2957/2126
f 2082/2837/2082 2083/2944/2083 2081/2945/2081
f 2056/2014/2056 2054/2937/2054 2055/2943/2055
f 2062/2960/2062 2061/2919/2061 2060/1050/2060
f 2101/1155/2101 2099/2540/2099 2100/1273/2100
f 2082/2837/2082 2081/2945/2081 2080/2838/2080
f 2063/2747/2063 2061/2919/2061 2062/2960/2062
f 2291/856/2291 2292/1976/2292 2290/623/2290
f 533/2002/533 531/1067/531 1149/941/1149
f 663/1307/663 2126/2957/2126 2125/1153/2125 2141/1304/2141
f 315/292/315 317/424/317 2809/2965/2809
f 2083/2944/2083 2082/2837/2082 2084/2958/2084
f 2085/1064/2085 2092/2955/2092 2088/1029/2088
f 2298/704/2298 475/2966/475 2287/1964/2287 2286/1963/2286
f 1093/1324/1093 1092/1294/1092 134/864/134
f 1994/2934/1994 2014/2899/2014 2015/2935/2015
f 2663/1095/2663 94/1094/94 2649/960/2649
f 1863/2805/1863 1864/2528/1864 1861/2527/1861
f 47/2590/47 312/342/312 285/255/285
f 63/489/63 373/582/373 374/584/374
f 468/866/468 2987/2967/2987 2706/690/2706
f 654/2556/654 656/1293/656 1572/1300/1572
f 2156/1957/2156 2155/2968/2155 2154/1305/2154
f 2160/1369/2160 2147/1394/2147 2158/1393/2158
f 2157/2551/2157 2158/1393/2158 2146/2542/2146
f 121/2969/121 621/1083/621 622/1693/622
f 2150/2970/2150 2134/2971/2134 2149/2972/2149 2161/1368/2161
f 2099/2540/2099 617/1178/617 2097/2954/2097 2098/2953/2098
f 2108/1787/2108 1552/1799/1552 942/1785/942
f 696/1553/696 140/1620/140 692/819/692
f 2106/1282/2106 2107/1786/2107 141/2973/141 2105/1283/2105
f 1569/1623/1569 1568/1804/1568 2120/2554/2120
f 2131/1888/2131 2130/1874/2130 2132/2974/2132 2109/2046/2109
f 2143/1306/2143 2144/2975/2144 2142/1990/2142
f 2159/2552/2159 2160/1369/2160 2158/1393/2158
f 2120/2554/2120 2119/2553/2119 2134/2971/2134
f 143/1425/143 706/1424/706 707/1913/707 1085/1482/1085
f 2112/2541/2112 2110/2543/2110 2111/2976/2111
f 1097/1767/1097 1105/1960/1105 1098/1436/1098
f 2104/1280/2104 2127/1991/2127 2105/1283/2105 141/2973/141
f 1093/1324/1093 143/1425/143 1090/1363/1090 1092/1294/1092
f 2130/1874/2130 2131/1888/2131 708/1395/708
f 2111/2977/2111 2109/2046/2109 2132/2974/2132
f 2124/1156/2124 2138/2547/2138 2140/1811/2140
f 2133/2978/2133 2113/1897/2113 2112/2541/2112 2111/2977/2111
f 1563/1492/1563 1565/1428/1565 1086/1481/1086 1085/1482/1085
f 1555/1473/1555 1554/1798/1554 1553/1797/1553
f 1552/1799/1552 2108/1787/2108 2109/2046/2109 2110/2543/2110
f 2149/2972/2149 2134/2971/2134 2117/2979/2117 2113/1897/2113
f 1568/1804/1568 1567/1803/1567 1566/1427/1566
f 2132/2974/2132 2133/2978/2133 2111/2977/2111
f 1553/1797/1553 1552/1799/1552 2110/2543/2110
f 1515/9/1515 180/2470/180 181/2478/181
f 1558/1652/1558 727/1655/727 1557/1471/1557
f 1569/1623/1569 2120/2554/2120 2135/1728/2135 2121/1624/2121
f 728/1271/728 149/1472/149 727/1655/727
f 2116/1407/2116 1564/2550/1564 1562/1651/1562
f 740/1021/740 739/1808/739 1560/1507/1560
f 2149/1899/2149 2133/1898/2133 2148/1875/2148
f 2125/1153/2125 2124/1156/2124 2140/1811/2140 2141/1304/2141
f 1566/1427/1566 2118/1426/2118 2119/2553/2119
f 2137/2548/2137 2123/2980/2123 2098/2953/2098 2122/2981/2122
f 598/1181/598 596/945/596 2097/2954/2097
f 2153/1812/2153 2139/2546/2139 2152/2568/2152
f 617/1178/617 598/1181/598 2097/2954/2097
f 2100/1273/2100 2099/2540/2099 2098/2953/2098
f 2144/2975/2144 2128/1284/2128 2142/1990/2142
f 2131/1888/2131 2108/1787/2108 2107/1786/2107 2106/1282/2106
f 2145/2982/2145 2128/1284/2128 2144/2975/2144
f 2149/1899/2149 2148/1875/2148 2147/1394/2147 2161/1368/2161
f 2128/1284/2128 2145/2982/2145 2146/2542/2146
f 2115/1406/2115 2114/1405/2114 2117/2979/2117
f 2117/2979/2117 2114/1405/2114 2113/1897/2113
f 2111/2976/2111 2110/2543/2110 2109/2046/2109
f 1095/1766/1095 706/1424/706 1094/1423/1094
f 2148/1875/2148 2132/2974/2132 2130/1874/2130
f 679/1813/679 2154/1305/2154 2141/1304/2141 2140/1811/2140
f 2119/2553/2119 2118/1426/2118 2117/2979/2117
f 2136/1795/2136 2137/2983/2137 2122/2981/2122
f 2162/1914/2162 680/1958/680 2163/2984/2163
f 2120/2554/2120 2134/2971/2134 2150/1729/2150 2135/1728/2135
f 2162/1914/2162 2164/1956/2164 680/1958/680
f 729/1270/729 149/1472/149 728/1271/728
f 2100/1273/2100 2098/2953/2098 2123/2980/2123
f 2138/2547/2138 2123/2980/2123 2137/2548/2137
f 2100/1273/2100 2123/2985/2123 2124/1156/2124
f 2137/2986/2137 2136/1795/2136 2152/2568/2152 2139/2546/2139
f 2155/2968/2155 2143/1306/2143 2154/1305/2154
f 2160/1369/2160 2161/1368/2161 2147/1394/2147
f 663/1307/663 2142/1990/2142 2127/1991/2127 2126/2957/2126
f 2259/2021/2259 1157/2010/1157 1156/1826/1156 2307/2017/2307
f 2145/2982/2145 2144/2975/2144 2155/2968/2155
f 2160/1369/2160 2159/2552/2159 2165/1370/2165
f 2205/2987/2205 2213/2988/2213 2204/2786/2204
f 2164/1956/2164 2162/1914/2162 2165/1370/2165
f 2151/1730/2151 2150/2970/2150 2161/1368/2161 2165/1370/2165
f 2153/1812/2153 2163/2984/2163 679/1813/679
f 663/1307/663 2143/1306/2143 2142/1990/2142
f 2140/1811/2140 2139/2546/2139 2153/1812/2153
f 2124/1156/2124 2123/2985/2123 2138/2547/2138
f 2146/2542/2146 2158/1393/2158 2129/1285/2129
f 2181/2759/2181 2170/2189/2170 2169/2870/2169 2168/2779/2168
f 2145/2982/2145 2155/2968/2155 2156/1957/2156 2157/2551/2157
f 2157/2551/2157 2146/2542/2146 2145/2982/2145
f 2153/1812/2153 2152/2568/2152 2163/2984/2163
f 1017/1869/1017 998/1570/998 697/1572/697
f 138/1354/138 683/897/683 684/1678/684
f 2165/1370/2165 2159/2552/2159 2164/1956/2164
f 2155/2968/2155 2144/2975/2144 2143/1306/2143
f 923/1418/923 922/1761/922 924/1415/924
f 2133/1898/2133 2132/2974/2132 2148/1875/2148
f 2162/1914/2162 2163/2984/2163 2152/2568/2152 2151/1730/2151
f 120/1226/120 620/2539/620 619/977/619
f 2172/228/2172 2171/231/2171 2182/2760/2182 2183/344/2183
f 1803/2762/1803 245/2761/245 1722/2685/1722
f 2170/2189/2170 1804/237/1804 1803/2762/1803 2169/2870/2169
f 305/2647/305 1801/396/1801 1800/2707/1800
f 1809/2519/1809 1808/548/1808 2177/2518/2177
f 2185/529/2185 2174/528/2174 1807/2775/1807 2173/1922/2173
f 2199/2764/2199 2208/2772/2208 2209/2765/2209
f 2191/2989/2191 2190/2777/2190 2189/2776/2189
f 2176/2763/2176 2188/2990/2188 2178/437/2178
f 1811/2520/1811 1813/2769/1813 2167/2738/2167 2166/2739/2166
f 2215/2991/2215 2194/2863/2194 2192/2992/2192
f 1809/2519/1809 1810/655/1810 399/2477/399
f 2182/2760/2182 2180/2781/2180 2200/345/2200 2183/344/2183
f 1814/438/1814 1813/2769/1813 1811/2520/1811 1812/436/1812
f 2177/2518/2177 2178/437/2178 1812/436/1812
f 2197/2783/2197 2207/2773/2207 2208/2772/2208
f 309/408/309 1588/608/1588 308/2589/308
f 2196/2784/2196 2198/2782/2198 341/472/341
f 2179/469/2179 2198/2782/2198 2199/2764/2199
f 2192/2992/2192 2193/471/2193 2190/2777/2190
f 2187/2681/2187 2188/2990/2188 2176/2763/2176
f 1716/2661/1716 1714/2501/1714 2218/2439/2218
f 2189/2776/2189 2187/2681/2187 2217/2362/2217
f 2191/2989/2191 2217/2362/2217 2216/606/2216 2215/2991/2215
f 2194/2863/2194 2212/2993/2212 2195/2785/2195
f 2134/2971/2134 2119/2553/2119 2117/2979/2117
f 2273/2693/2273 2243/509/2243 2244/504/2244 436/2101/436
f 1908/378/1908 1906/453/1906 373/582/373
f 2198/2782/2198 2197/2783/2197 2208/2772/2208 2199/2764/2199
f 2191/2989/2191 2189/2776/2189 2217/2362/2217
f 2214/605/2214 2213/2988/2213 2212/2993/2212
f 2210/2787/2210 2201/347/2201 39/346/39 2209/2765/2209
f 2212/2993/2212 2194/2863/2194 2215/2991/2215
f 1404/2337/1404 1394/2295/1394 1395/2294/1395 1403/2320/1403
f 2206/2994/2206 2213/2988/2213 2205/2987/2205
f 2207/2773/2207 2206/2994/2206 2205/2987/2205
f 2215/2991/2215 2216/606/2216 2214/605/2214 2212/2993/2212
f 2211/2774/2211 333/2995/333 2210/2787/2210 2209/2765/2209
f 2208/2772/2208 2211/2774/2211 2209/2765/2209
f 1245/2126/1245 396/2360/396 1240/2136/1240
f 2207/2773/2207 2205/2987/2205 333/2995/333 2211/2774/2211
f 1900/485/1900 1899/362/1899 1904/455/1904 371/454/371
f 1356/2233/1356 1365/2326/1365 1364/2325/1364 2325/2277/2325
f 2207/2773/2207 2197/2783/2197 2195/2785/2195 2206/2994/2206
f 2456/2454/2456 1278/2167/1278 2455/2169/2455 3010/2451/3010
f 2212/2993/2212 2213/2988/2213 2206/2994/2206 2195/2785/2195
f 2215/2991/2215 2192/2992/2192 2191/2989/2191
f 2190/2777/2190 2191/2989/2191 2192/2992/2192
f 2187/2681/2187 2189/2776/2189 2188/2767/2188
f 58/439/58 360/546/360 359/2154/359
f 291/301/291 1590/368/1590 1591/381/1591
f 250/2187/250 253/2515/253 1524/2996/1524
f 2220/2664/2220 2219/2440/2219 2236/2701/2236
f 1668/2417/1668 1667/2419/1667 1669/2437/1669
f 1659/2428/1659 2220/2664/2220 2221/2436/2221
f 2241/2280/2241 2240/217/2240 2239/2699/2239 2238/2487/2238
f 2222/2281/2222 2223/2665/2223 1660/2426/1660 2221/2436/2221
f 1662/2666/1662 2223/2665/2223 2224/2486/2224 2225/2490/2225
f 2232/219/2232 1708/2183/1708 1707/2684/1707 2231/216/2231
f 269/266/269 33/286/33 2793/2702/2793
f 2243/509/2243 55/406/55 2244/504/2244
f 1705/2289/1705 1704/2690/1704 2229/2698/2229 32/2290/32
f 2850/2103/2850 2851/289/2851 2849/285/2849
f 2236/2701/2236 2219/2440/2219 2235/2500/2235
f 437/2102/437 2245/2372/2245 2246/748/2246
f 2237/2282/2237 2221/2436/2221 2220/2664/2220 2236/2701/2236
f 2253/736/2253 2255/752/2255 2252/737/2252
f 2227/2485/2227 2225/2490/2225 2224/2486/2224
f 2241/2280/2241 2242/2279/2242 24/218/24 2240/217/2240
f 2225/2490/2225 2226/2667/2226 1662/2666/1662
f 1381/2302/1381 1363/250/1363 1364/2325/1364 1380/2303/1380
f 25/2462/25 240/119/240 241/118/241
f 2296/2278/2296 2275/750/2275 2274/2752/2274 2284/2997/2284
f 437/2102/437 436/2101/436 2245/2372/2245
f 2241/2280/2241 2238/2487/2238 2224/2486/2224 2222/2281/2222
f 2519/2219/2519 1309/2220/1309 2518/2998/2518
f 25/2462/25 242/2999/242 243/221/243
f 245/2761/245 247/2680/247 1722/2685/1722
f 229/2450/229 230/2449/230 2794/288/2794
f 2469/89/2469 190/1488/190 189/90/189
f 260/256/260 257/180/257 1608/179/1608
f 1655/313/1655 194/2413/194 1654/2642/1654 21/196/21
f 233/320/233 22/2172/22 1280/238/1280
f 242/2999/242 241/118/241 2471/2207/2471
f 1913/410/1913 313/2591/313 1912/490/1912 375/2377/375
f 305/2647/305 304/397/304 1801/396/1801
f 1819/651/1819 1797/399/1797 1796/2728/1796 1940/200/1940
f 2273/2693/2273 2274/2752/2274 66/510/66 2243/509/2243
f 2293/3000/2293 2292/1976/2292 2301/3001/2301
f 2317/2349/2317 2314/505/2314 2318/273/2318 2316/3002/2316
f 2295/711/2295 2283/3003/2283 2271/745/2271 2282/1996/2282
f 382/602/382 65/2313/65 383/530/383
f 2264/753/2264 2263/3004/2263 2304/741/2304
f 1425/564/1425 382/602/382 1426/2373/1426
f 530/1733/530 103/2008/103 529/3005/529
f 2248/919/2248 2247/749/2247 2249/2361/2249
f 1349/278/1349 1347/2274/1347 1346/2262/1346
f 2235/2500/2235 2219/2440/2219 2218/2439/2218
f 2273/2693/2273 2272/2692/2272 2283/3003/2283
f 1854/1296/1854 129/2557/129 1853/1299/1853
f 383/530/383 1442/532/1442 1443/507/1443
f 2263/3004/2263 2262/742/2262 2304/741/2304
f 2255/752/2255 2261/571/2261 2263/3004/2263
f 1440/2117/1440 1427/593/1427 2250/2321/2250
f 2259/2021/2259 2260/573/2260 2254/572/2254 2257/2020/2257
f 2806/3006/2806 2805/648/2805 2804/649/2804
f 1437/2365/1437 1325/2256/1325 2258/1246/2258
f 2254/572/2254 2255/752/2255 2253/736/2253
f 1431/2108/1431 1433/2315/1433 1328/765/1328 1327/2255/1327
f 1163/1144/1163 500/902/500 502/1145/502
f 1320/2253/1320 444/2133/444 1330/763/1330
f 502/1145/502 98/931/98 1161/2022/1161
f 1162/956/1162 1323/2260/1323 1322/769/1322
f 2303/3007/2303 495/660/495 2265/920/2265
f 2307/2017/2307 2306/3008/2306 2260/573/2260
f 1445/604/1445 1426/2373/1426 382/602/382
f 2270/1993/2270 2268/511/2268 529/3005/529
f 498/3009/498 495/660/495 2303/3007/2303
f 383/530/383 1443/507/1443 1444/506/1444
f 2253/736/2253 2256/2367/2256 2254/572/2254
f 2266/662/2266 2247/749/2247 2248/919/2248
f 2307/2017/2307 2260/573/2260 2259/2021/2259
f 2263/3004/2263 2264/753/2264 2255/752/2255
f 594/2808/594 597/1180/597 1841/970/1841
f 2386/1992/2386 2385/888/2385 2992/921/2992
f 494/661/494 497/974/497 530/1733/530
f 2267/747/2267 2266/662/2266 494/661/494
f 529/3005/529 2267/747/2267 494/661/494 530/1733/530
f 2289/622/2289 2288/2876/2288 2299/857/2299
f 2268/511/2268 438/513/438 2267/747/2267 529/3005/529
f 1363/250/1363 1381/2302/1381 1382/251/1382
f 2248/919/2248 2249/2361/2249 2250/2321/2250
f 532/3010/532 2270/1993/2270 529/3005/529 103/2008/103
f 104/1037/104 536/1044/536 537/1165/537
f 2302/3011/2302 2296/2278/2296 2284/2997/2284 2294/710/2294
f 79/2877/79 438/513/438 439/512/439
f 2284/2997/2284 2274/2752/2274 2273/2693/2273 2283/3003/2283
f 2285/751/2285 2297/705/2297 2298/704/2298 2286/1963/2286
f 2072/2950/2072 2073/1973/2073 2052/1972/2052
f 438/513/438 437/3012/437 2246/748/2246
f 2732/1100/2732 2845/3013/2845 2733/3014/2733
f 1441/2115/1441 1440/2117/1440 2249/2361/2249
f 436/2101/436 440/3015/440 2272/2692/2272
f 1586/508/1586 66/510/66 1585/786/1585 1895/720/1895
f 1131/870/1131 2278/624/2278 2290/623/2290
f 2276/718/2276 420/2582/420 422/2587/422
f 396/2360/396 1245/2126/1245 69/2088/69
f 46/503/46 309/408/309 308/2589/308
f 1898/341/1898 1897/2859/1897 1904/455/1904 1899/362/1899
f 76/2584/76 424/1197/424 423/2581/423
f 2277/1980/2277 1130/1896/1130 1127/1042/1127
f 2301/3001/2301 2291/856/2291 2300/707/2300
f 76/2584/76 423/2581/423 422/2587/422
f 1272/2142/1272 3040/2112/3040 1239/448/1239 1273/451/1273
f 3061/942/3061 3062/867/3062 515/869/515
f 1130/1896/1130 1129/1998/1129 1127/1042/1127
f 536/1044/536 535/1039/535 1120/1967/1120
f 511/1895/511 1129/1998/1129 1130/1896/1130
f 1140/2000/1140 574/1139/574 1139/1138/1139
f 1127/1042/1127 1126/1982/1126 1124/1040/1124
f 2302/3011/2302 2294/710/2294 2279/709/2279 2293/3000/2293
f 2291/856/2291 2290/623/2290 2289/622/2289
f 2662/3016/2662 2661/3017/2661 2736/3018/2736
f 3035/2131/3035 2418/2130/2418 3038/675/3038
f 2283/3003/2283 2272/2692/2272 2271/745/2271
f 2300/707/2300 2299/857/2299 2298/704/2298
f 1131/870/1131 1130/1896/1130 2277/1980/2277 2278/624/2278
f 1122/1985/1122 1125/1981/1125 1134/1989/1134
f 576/1126/576 575/1125/575 1141/1994/1141
f 2272/2692/2272 440/2371/440 2271/745/2271
f 1118/716/1118 420/2582/420 2276/718/2276
f 2289/622/2289 2278/624/2278 2288/2876/2288
f 2117/2979/2117 2118/1426/2118 2115/2549/2115
f 2282/1996/2282 1139/1997/1139 1138/1141/1138 2281/1984/2281
f 92/873/92 478/1065/478 479/876/479
f 2288/2876/2288 475/2966/475 2299/857/2299
f 2309/1841/2309 2310/3019/2310 2303/3007/2303
f 2310/3019/2310 498/3009/498 2303/3007/2303
f 2298/704/2298 2299/857/2299 475/2966/475
f 2450/541/2450 3000/552/3000 3001/2173/3001
f 2292/1976/2292 2291/856/2291 2301/3001/2301
f 486/3020/486 2730/3021/2730 2843/794/2843 2844/3022/2844
f 2260/573/2260 2306/3008/2306 2262/742/2262
f 76/2584/76 420/2582/420 421/715/421
f 2301/3001/2301 419/706/419 2302/3011/2302 2293/3000/2293
f 535/1039/535 1119/717/1119 1120/1967/1120
f 1443/507/1443 2245/2372/2245 2244/504/2244
f 2263/3004/2263 2261/571/2261 2262/742/2262
f 2312/3023/2312 515/869/515 2311/1928/2311
f 472/683/472 474/2027/474 473/776/473
f 2269/746/2269 1140/2000/1140 1139/1138/1139
f 2308/740/2308 2309/1841/2309 2303/3007/2303 2304/741/2304
f 96/3024/96 497/974/497 494/661/494
f 2296/2278/2296 2302/3011/2302 419/706/419 2297/705/2297
f 2244/504/2244 55/406/55 2314/505/2314
f 2311/1928/2311 2310/3019/2310 2309/1841/2309
f 1323/2260/1323 1162/956/1162 1324/955/1324
f 1154/2018/1154 2306/3008/2306 2307/2017/2307
f 1225/886/1225 1224/905/1224 505/940/505
f 2262/742/2262 2261/571/2261 2260/573/2260
f 1154/2018/1154 1153/1581/1153 2305/739/2305
f 2306/3008/2306 1154/2018/1154 2305/739/2305
f 2313/944/2313 2312/3023/2312 2311/1928/2311
f 96/3024/96 495/660/495 498/3009/498
f 1451/2298/1451 1450/2334/1450 1449/2357/1449
f 770/1546/770 955/1819/955 771/1524/771
f 518/1058/518 519/1035/519 1837/2789/1837 101/999/101
f 653/863/653 647/988/647 1575/987/1575
f 640/2004/640 608/1942/608 609/1186/609
f 580/1142/580 1157/2010/1157 1158/1143/1158
f 111/1124/111 576/1126/576 577/1135/577
f 472/683/472 473/776/473 2329/684/2329
f 1438/2125/1438 1436/2364/1436 1437/2365/1437
f 1460/2348/1460 1461/109/1461 1463/374/1463 1462/2284/1462
f 1423/565/1423 1424/2106/1424 1426/2356/1426
f 290/274/290 263/262/263 267/261/267
f 225/2446/225 1455/2379/1455 1457/2445/1457
f 31/260/31 265/263/265 266/2352/266
f 1606/259/1606 1459/108/1459 1457/2445/1457 1456/2378/1456
f 2319/2319/2319 1417/2346/1417 1416/2341/1416
f 1589/370/1589 288/2592/288 308/2589/308
f 324/3025/324 2952/3026/2952 45/3027/45 2945/3028/2945
f 56/514/56 349/3029/349 350/515/350
f 2269/746/2269 2268/511/2268 2270/1993/2270
f 123/2572/123 633/1170/633 634/1248/634
f 26/2682/26 249/2155/249 247/2680/247
f 6/3030/6 1516/2482/1516 175/2481/175
f 174/2662/174 183/2006/183 1486/51/1486
f 2227/2485/2227 1702/2695/1702 1701/2472/1701 186/2489/186
f 20/2448/20 226/185/226 227/182/227
f 2256/2367/2256 1439/738/1439 1438/2125/1438
f 1427/593/1427 65/531/65 1377/563/1377
f 1414/496/1414 1413/2345/1413 2320/2342/2320
f 1411/2339/1411 1410/2179/1410 2321/2178/2321
f 1408/2333/1408 256/1930/256 1410/2179/1410
f 297/1939/297 1634/2637/1634 1738/1936/1738
f 2965/3031/2965 2984/493/2984 2966/492/2966 2959/3032/2959
f 2316/275/2316 267/261/267 1451/2298/1451 1449/2357/1449
f 2317/2349/2317 2316/3002/2316 1449/2357/1449 1448/3033/1448
f 1408/2323/1408 1405/2322/1405 256/1930/256
f 1386/268/1386 1390/170/1390 1388/2237/1388
f 1373/559/1373 1329/766/1329 1434/2258/1434
f 1384/2266/1384 1385/269/1385 1360/161/1360 1361/2267/1361
f 380/561/380 377/2305/377 1369/2316/1369
f 2437/670/2437 404/669/404 2438/907/2438
f 41/348/41 288/2599/288 289/271/289
f 1591/381/1591 1592/299/1592 291/301/291
f 1257/533/1257 386/2113/386 1259/3034/1259
f 1351/663/1351 1348/2275/1348 1350/277/1350
f 366/2307/366 369/2287/369 1379/2317/1379
f 368/562/368 370/2310/370 1377/563/1377
f 1596/300/1596 280/3035/280 37/2596/37
f 1371/2268/1371 1369/2316/1369 1353/2269/1353
f 1390/170/1390 1389/169/1389 1388/2237/1388
f 1376/591/1376 1375/2300/1375 1430/2107/1430
f 41/3036/41 290/3037/290 46/503/46
f 501/904/501 499/911/499 1168/918/1168 1169/937/1169
f 2330/953/2330 1170/952/1170 1168/918/1168 1167/682/1167
f 2529/2241/2529 2530/954/2530 2330/953/2330
f 792/1588/792 791/1314/791 790/1325/790
f 2530/954/2530 2531/852/2531 1174/855/1174 1170/952/1170
f 2530/954/2530 2529/2241/2529 506/772/506 2535/773/2535
f 846/1687/846 848/1070/848 880/1737/880 881/1759/881
f 2444/554/2444 365/3038/365 2443/550/2443
f 1189/1589/1189 1187/1586/1187 1186/2038/1186
f 426/3039/426 2536/722/2536 2538/2090/2538
f 1172/938/1172 1169/937/1169 1171/2032/1171
f 625/1303/625 693/3040/693 694/2024/694
f 621/1083/621 624/3041/624 2367/1232/2367
f 1180/1732/1180 1177/1731/1177 1179/2037/1179
f 427/3042/427 426/3039/426 2540/2246/2540
f 1186/2038/1186 1185/1587/1185 1183/2016/1183
f 1189/1589/1189 1188/1569/1188 1187/1586/1187
f 1183/2016/1183 1184/1585/1184 1181/2040/1181
f 1187/1586/1187 1185/1587/1185 1186/2038/1186
f 555/1082/555 622/1693/622 621/1083/621
f 687/1146/687 792/1588/792 793/1147/793
f 2361/1917/2361 2365/1916/2365 2364/1194/2364 2363/1193/2363
f 2366/2039/2366 2364/1194/2364 2365/1916/2365 2331/1590/2331
f 2353/2023/2353 2332/1891/2332 2352/3043/2352 2349/3044/2349
f 2336/1600/2336 671/2846/671 2356/2035/2356
f 2335/1599/2335 671/2846/671 2336/1600/2336
f 1199/1606/1199 1200/1401/1200 806/1379/806
f 1008/1865/1008 1009/1386/1009 672/1244/672
f 2344/2025/2344 694/2024/694 2343/1592/2343 2345/1630/2345
f 2430/933/2430 2427/932/2427 2426/2086/2426
f 2405/2070/2405 1211/2047/1211 1208/1409/1208 2404/3045/2404
f 2362/1192/2362 624/3041/624 625/3046/625
f 669/1612/669 670/1601/670 2334/1603/2334
f 2357/1564/2357 2355/1611/2355 2359/1562/2359
f 2348/1121/2348 2346/1123/2346 2347/1563/2347
f 2344/3047/2344 2345/1630/2345 2347/1563/2347 2346/1123/2346
f 820/1539/820 148/1445/148 720/1444/720 719/1403/719
f 2333/1627/2333 2353/2023/2353 2354/1613/2354
f 694/2024/694 140/1620/140 695/1619/695
f 2348/1121/2348 2347/1563/2347 2359/1562/2359 2351/3048/2351
f 2351/3048/2351 2349/3044/2349 2348/1121/2348
f 2349/3044/2349 2351/3048/2351 2353/2023/2353
f 2354/1613/2354 2351/3048/2351 2359/1562/2359
f 2356/2035/2356 2355/1611/2355 2357/1564/2357
f 2349/3044/2349 2350/1122/2350 2348/1121/2348
f 2351/3048/2351 2354/1613/2354 2353/2023/2353
f 2358/1631/2358 2337/2045/2337 2336/1600/2336 2357/1564/2357
f 2356/2035/2356 669/1612/669 2355/1611/2355
f 1195/1374/1195 1194/1602/1194 2335/1599/2335
f 135/1866/135 673/1243/673 674/1342/674
f 135/1866/135 672/1244/672 673/1243/673
f 657/1918/657 2350/1122/2350 2352/3043/2352
f 540/3049/540 2578/967/2578 2579/1477/2579
f 694/2024/694 695/1619/695 2343/1592/2343
f 2344/3047/2344 2346/1123/2346 2361/1917/2361 2363/1193/2363
f 1009/1386/1009 130/1884/130 672/1244/672
f 1009/1386/1009 1008/1865/1008 1012/1387/1012
f 2577/965/2577 510/3050/510 2412/1781/2412
f 621/1083/621 2367/1232/2367 2368/1084/2368
f 2364/1194/2364 2366/2039/2366 2533/1233/2533 2367/1232/2367
f 122/2580/122 626/1190/626 627/1189/627
f 552/812/552 2371/814/2371 2394/3051/2394
f 140/1620/140 694/2024/694 693/3040/693
f 624/3041/624 2362/1192/2362 2367/1232/2367
f 797/1607/797 796/1610/796 1193/1609/1193
f 625/1303/625 623/3052/623 693/3040/693
f 657/1918/657 2352/3043/2352 2360/1892/2360
f 2369/1081/2369 554/3053/554 555/1082/555
f 2541/3054/2541 2540/3055/2540 2542/689/2542
f 2716/3056/2716 2717/1010/2717 2561/1317/2561
f 2372/1694/2372 428/729/428 2373/728/2373
f 552/812/552 554/3053/554 2370/813/2370
f 2371/814/2371 2372/1694/2372 2373/728/2373
f 2393/3057/2393 2373/728/2373 2374/731/2374 2387/727/2387
f 2394/3051/2394 2393/3057/2393 2556/3058/2556 2557/3059/2557
f 121/3060/121 622/3061/622 623/3052/623
f 2834/691/2834 457/358/457 458/357/458
f 429/1695/429 2372/1694/2372 2526/1231/2526
f 2397/820/2397 623/3052/623 622/3061/622
f 2388/725/2388 2375/1298/2375 2376/837/2376 2390/836/2390
f 2547/3062/2547 2380/1978/2380 2378/858/2378 2993/3063/2993
f 2994/3064/2994 2377/834/2377 2376/837/2376 2995/3065/2995
f 2993/3063/2993 2378/858/2378 2377/834/2377 2994/3064/2994
f 2557/3059/2557 2395/3066/2395 2394/3051/2394
f 2383/1977/2383 2380/1978/2380 2547/3062/2547
f 501/904/501 1164/903/1164 499/911/499
f 2815/3067/2815 345/421/345 2666/632/2666 2740/3068/2740
f 2381/3069/2381 2379/859/2379 2380/1978/2380
f 2386/1992/2386 481/892/481 2385/888/2385
f 2550/3070/2550 2552/922/2552 2384/891/2384
f 2393/3057/2393 2387/727/2387 2386/1992/2386 2556/3058/2556
f 2552/922/2552 2550/3070/2550 2549/3071/2549
f 93/3072/93 484/908/484 485/889/485
f 556/1085/556 2395/3073/2395 2396/1086/2396
f 2389/910/2389 483/909/483 2388/725/2388
f 3031/2453/3031 3026/3074/3026 3011/3075/3011 2998/3076/2998
f 2092/2955/2092 2093/2836/2093 2091/2099/2091 2089/2956/2089
f 2310/3019/2310 2311/1928/2311 496/868/496
f 93/3072/93 485/889/485 481/892/481
f 2664/1093/2664 2663/1095/2663 2737/3077/2737 2738/3078/2738
f 91/871/91 2292/1976/2292 2293/3000/2293
f 2383/1977/2383 2384/891/2384 2382/890/2382
f 2552/922/2552 2992/921/2992 2385/888/2385 2384/891/2384
f 439/512/439 2268/511/2268 2269/746/2269
f 914/1439/914 834/1396/834 835/1440/835
f 428/729/428 427/3042/427 2541/3054/2541
f 556/1085/556 553/3079/553 2395/3073/2395
f 2987/2967/2987 2722/1091/2722 2564/1322/2564 2721/3080/2721
f 2996/3081/2996 2375/1298/2375 2374/731/2374 2997/730/2997
f 2393/3057/2393 2394/3051/2394 2371/814/2371 2373/728/2373
f 107/3082/107 554/3053/554 552/812/552
f 2549/3071/2549 2550/3070/2550 2548/2802/2548
f 140/1620/140 693/3040/693 692/819/692
f 668/1329/668 2567/2051/2567 2399/1326/2399
f 555/1082/555 107/3082/107 556/1085/556
f 121/2969/121 624/3041/624 621/1083/621
f 2398/1328/2398 2560/818/2560 668/1329/668
f 2615/3083/2615 2599/3084/2599 2584/3085/2584 2598/3086/2598
f 142/1614/142 704/1419/704 705/1417/705
f 825/1657/825 733/1658/733 824/1521/824
f 2583/3087/2583 2584/3085/2584 2570/2060/2570 2403/2057/2403
f 711/2073/711 709/2074/709 1212/2067/1212
f 2582/2055/2582 2583/3087/2583 2403/2057/2403 2402/2053/2402
f 541/964/541 510/3050/510 2577/965/2577
f 660/3088/660 661/3089/661 2600/3090/2600
f 2409/1664/2409 1213/1391/1213 711/3091/711 2408/1665/2408
f 1212/2067/1212 709/2075/709 1211/3092/1211
f 2571/1311/2571 2406/2068/2406 2586/3093/2586 2587/1312/2587
f 2575/2065/2575 2410/1389/2410 2409/1392/2409 2574/1663/2574
f 2586/3093/2586 662/1881/662 2587/1312/2587
f 722/1443/722 148/1445/148 723/3094/723
f 2609/3095/2609 2610/3096/2610 2593/3097/2593 2592/2066/2592
f 709/2075/709 1210/2064/1210 1211/3092/1211
f 828/1503/828 723/1464/723 827/1463/827
f 94/1094/94 2664/1093/2664 2414/2076/2414
f 2411/1114/2411 1215/1115/1215 1214/1390/1214 2410/1389/2410
f 89/816/89 2417/815/2417 1219/1113/1219
f 3058/1920/3058 710/1919/710 1213/1391/1213
f 2415/817/2415 89/816/89 2414/2076/2414
f 838/3098/838 3055/1429/3055 1215/1115/1215
f 2413/1686/2413 1216/1110/1216 2412/1781/2412
f 540/3049/540 541/964/541 2578/967/2578
f 840/1689/840 1215/1115/1215 110/1061/110
f 2597/3099/2597 2583/3087/2583 2582/2055/2582 2596/3100/2596
f 564/3101/564 2641/3102/2641 2637/3103/2637
f 1218/1112/1218 1226/884/1226 1227/1066/1227 1217/1111/1217
f 2446/2344/2446 2447/570/2447 62/569/62
f 2837/1032/2837 2838/793/2838 2824/3104/2824 2823/1033/2823
f 540/3049/540 105/962/105 541/3105/541
f 94/1094/94 488/2082/488 2649/960/2649
f 478/1065/478 1231/895/1231 1230/877/1230
f 2445/3106/2445 2444/554/2444 2671/1683/2671
f 99/2087/99 510/3050/510 509/961/509
f 490/828/490 549/1698/549 548/914/548
f 2262/742/2262 2306/3008/2306 2305/739/2305
f 3052/1774/3052 492/825/492 462/824/462
f 99/2087/99 488/2082/488 507/2083/507
f 2415/817/2415 2665/3107/2665 2740/3068/2740 2666/632/2666
f 1219/1113/1219 2417/815/2417 3038/675/3038 2418/2081/2418
f 2423/2085/2423 489/851/489 2424/916/2424
f 2747/3108/2747 2672/3109/2672 2746/3110/2746 2962/1927/2962
f 2415/817/2415 2414/2076/2414 2664/1093/2664 2665/3107/2665
f 1258/2120/1258 3054/810/3054 400/809/400
f 1237/474/1237 2450/541/2450 51/450/51
f 1240/2136/1240 1241/2111/1241 1242/2114/1242 1243/2134/1243
f 396/2360/396 1238/449/1238 1239/448/1239
f 496/868/496 498/3009/498 2310/3019/2310
f 477/671/477 476/874/476 2436/668/2436
f 838/1361/838 1215/1115/1215 840/1689/840
f 460/757/460 3037/756/3037 3036/959/3036
f 2430/1726/2430 2429/881/2429 2428/875/2428
f 480/2257/480 479/876/479 2432/880/2432
f 365/3038/365 364/883/364 2440/703/2440
f 92/873/92 477/671/477 478/1065/478
f 2431/850/2431 2432/880/2432 2429/881/2429
f 1234/2276/1234 463/2096/463 435/2093/435
f 2530/954/2530 2535/773/2535 2534/1230/2534 2531/852/2531
f 2440/703/2440 2439/882/2439 2441/666/2441
f 2434/2961/2434 460/757/460 2435/838/2435 2433/840/2433
f 95/826/95 461/822/461 492/825/492
f 93/3072/93 481/892/481 482/726/482
f 3035/3111/3035 3034/2939/3034 3036/959/3036
f 413/2839/413 75/2933/75 415/2924/415
f 79/2877/79 437/3012/437 438/513/438
f 404/669/404 403/665/403 2438/907/2438
f 2449/1579/2449 1236/473/1236 2448/568/2448
f 1417/2346/1417 1418/2358/1418 1415/497/1415
f 2673/860/2673 2672/3109/2672 2747/3108/2747 2748/3112/2748
f 3022/460/3022 3008/3113/3008 3007/291/3007
f 2440/703/2440 364/883/364 2439/882/2439
f 1237/474/1237 1236/473/1236 2449/1579/2449
f 1420/2338/1420 1419/2359/1419 1400/447/1400
f 60/2311/60 366/2307/366 378/2306/378 367/2312/367
f 364/883/364 363/2343/363 62/569/62
f 365/3038/365 2440/703/2440 2442/667/2442 2443/550/2443
f 2444/554/2444 361/2522/361 365/3038/365
f 2671/1683/2671 2745/417/2745 2961/416/2961 2746/3110/2746
f 3001/2173/3001 3003/542/3003 2450/541/2450
f 2982/2758/2982 306/2757/306 2983/1926/2983
f 2673/860/2673 275/861/275 2445/3106/2445 2672/3114/2672
f 59/2521/59 364/883/364 365/3038/365
f 2750/267/2750 2677/2092/2677 2459/3115/2459 2676/3116/2676
f 3012/553/3012 3000/552/3000 2448/568/2448 2999/567/2999
f 362/2523/362 275/3117/275 276/3118/276 2446/2344/2446
f 84/774/84 2726/791/2726 2725/775/2725
f 362/2523/362 361/2522/361 2445/3106/2445
f 3001/2173/3001 3000/552/3000 3002/551/3002
f 1238/449/1238 1237/474/1237 51/450/51
f 2700/2205/2700 2473/2204/2473 2472/2206/2472 2699/213/2699
f 2519/2219/2519 2518/2998/2518 2484/223/2484 2483/2214/2483
f 1278/2167/1278 234/239/234 232/2168/232
f 232/2168/232 1524/2996/1524 1277/3119/1277
f 270/265/270 2750/267/2750 2676/3116/2676 2848/3120/2848
f 343/3121/343 286/3122/286 35/304/35 2958/3123/2958
f 2766/66/2766 2693/96/2693 2692/95/2692
f 2458/2152/2458 223/3124/223 221/2151/221
f 253/2515/253 1277/3119/1277 1524/2996/1524
f 3026/3074/3026 3025/3125/3025 3027/3126/3027
f 2783/3127/2783 2774/125/2774 2755/3128/2755 2773/3129/2773
f 273/2166/273 1279/240/1279 2457/2171/2457
f 1284/164/1284 1282/2148/1282 2460/2181/2460 1286/163/1286
f 1280/238/1280 22/2172/22 234/239/234
f 2459/3115/2459 2458/2152/2458 2675/305/2675 2676/3116/2676
f 2754/3130/2754 2679/2498/2679 2678/2175/2678 2753/2174/2753
f 1285/2191/1285 1283/2149/1283 1284/164/1284
f 2752/2176/2752 2767/65/2767 2769/3131/2769
f 2677/2092/2677 2678/2175/2678 224/166/224 2459/3115/2459
f 223/3124/223 2459/3115/2459 224/166/224
f 2751/2091/2751 2752/2176/2752 2677/2092/2677
f 2786/3132/2786 2787/283/2787 2777/282/2777
f 184/36/184 185/2443/185 2464/37/2464
f 2773/3129/2773 2755/3128/2755 2680/3133/2680 2754/3130/2754
f 1622/2401/1622 1621/2404/1621 1915/338/1915
f 2682/3134/2682 2462/2671/2462 2681/2670/2681
f 1287/45/1287 1286/163/1286 2461/2499/2461
f 2689/2480/2689 2465/42/2465 1294/2194/1294 2688/2201/2688
f 2680/3133/2680 2681/2670/2681 1288/43/1288 2461/2499/2461
f 2463/2197/2463 2685/39/2685 1293/38/1293
f 1290/15/1290 1289/44/1289 1292/2180/1292
f 2463/3135/2463 2462/2671/2462 2682/3136/2682
f 2763/3137/2763 2764/3138/2764 2691/3139/2691
f 2470/114/2470 2469/89/2469 2696/92/2696
f 1663/2421/1663 2226/2667/2226 1664/2424/1664
f 2763/3140/2763 2690/74/2690 2689/73/2689 2762/2456/2762
f 2467/1489/2467 2468/16/2468 2466/40/2466
f 2471/2207/2471 241/118/241 2470/114/2470
f 2539/2042/2539 2538/2090/2538 2704/2043/2704
f 217/139/217 218/110/218 2496/113/2496
f 1291/2198/1291 2462/2671/2462 2463/3135/2463
f 1297/18/1297 7/4/7 1296/3/1296
f 1301/2213/1301 1359/136/1359 1300/143/1300
f 2698/214/2698 2699/213/2699 2697/212/2697
f 1337/2225/1337 1338/2263/1338 1314/2248/1314 1316/2226/1316
f 350/515/350 2701/86/2701 2702/85/2702
f 349/3141/349 2698/214/2698 2701/86/2701
f 1299/3142/1299 2494/3143/2494 217/139/217 2516/138/2516
f 242/2999/242 25/2462/25 241/118/241
f 2810/423/2810 2811/744/2811 2809/2965/2809
f 242/2999/242 2471/2207/2471 2485/222/2485
f 243/221/243 242/2999/242 2485/222/2485
f 2856/3144/2856 2799/518/2799 2702/85/2702 2798/88/2798
f 2478/771/2478 407/2252/407 410/2251/410
f 74/3145/74 409/3146/409 411/685/411
f 445/994/445 447/2249/447 1323/2260/1323
f 1326/993/1326 445/994/445 1325/2256/1325
f 473/776/473 2327/2028/2327 2328/686/2328
f 493/827/493 492/825/492 3052/1774/3052
f 2706/690/2706 2542/689/2542 2540/2246/2540 2705/865/2705
f 2525/724/2525 409/3146/409 408/678/408
f 2484/223/2484 2485/222/2485 2472/2206/2472
f 2520/463/2520 2519/2219/2519 2483/2214/2483 2482/464/2482
f 1312/2265/1312 2519/2219/2519 2520/463/2520
f 2479/2261/2479 2476/3147/2476 2478/771/2478 1321/770/1321
f 2536/722/2536 426/3039/426 425/723/425
f 1309/2220/1309 1307/3148/1307 2518/2998/2518
f 2487/3149/2487 2486/224/2486 2517/3150/2517
f 2477/679/2477 2478/771/2478 2476/3147/2476
f 2480/2238/2480 2475/2202/2475 2476/3147/2476 2479/2261/2479
f 2517/3150/2517 1306/2235/1306 1304/132/1304
f 2522/680/2522 2477/679/2477 2476/3147/2476
f 2490/3151/2490 240/119/240 244/3152/244
f 25/2462/25 244/225/244 240/119/240
f 2491/120/2491 2490/3153/2490 2502/3154/2502
f 1813/2769/1813 1815/2771/1815 2168/2779/2168 2167/2738/2167
f 2486/224/2486 2484/223/2484 2518/2998/2518
f 2504/3155/2504 2493/2209/2493 2492/252/2492 2503/2460/2503
f 2482/464/2482 2483/2214/2483 2473/2204/2473 2474/2203/2474
f 2796/189/2796 229/2450/229 2795/2704/2795
f 2786/3132/2786 211/124/211 212/116/212
f 13/34/13 203/144/203 12/121/12
f 1405/2322/1405 1392/1931/1392 256/1930/256
f 203/144/203 13/34/13 202/33/202
f 2518/2998/2518 2517/3156/2517 2486/224/2486
f 2513/2212/2513 1302/270/1302 1301/2213/1301
f 236/3157/236 235/3158/235 268/2163/268 2505/111/2505
f 17/130/17 214/78/214 199/220/199
f 220/2177/220 222/167/222 1282/2148/1282
f 2502/2461/2502 2510/2165/2510 2511/2164/2511 2503/2460/2503
f 1459/108/1459 1606/259/1606 1605/71/1605
f 2489/227/2489 2501/226/2501 2500/2217/2500 2509/2218/2509
f 1306/2235/1306 1305/325/1305 1304/132/1304
f 1493/2293/1493 1492/128/1492 1510/2441/1510 1509/1912/1509
f 2509/2218/2509 2510/2165/2510 2502/3154/2502 2489/227/2489
f 1312/2265/1312 1311/621/1311 1310/620/1310
f 196/80/196 213/79/213 1490/2335/1490
f 240/119/240 2490/3151/2490 2491/120/2491
f 2511/2164/2511 268/2163/268 235/3158/235
f 1609/2389/1609 1465/2285/1465 1617/384/1617
f 2508/157/2508 2499/2216/2499 2498/996/2498
f 2502/3154/2502 2490/3153/2490 2489/227/2489
f 266/2352/266 265/263/265 1453/2353/1453
f 2481/2240/2481 1317/2227/1317 1316/2226/1316 2521/461/2521
f 2807/3159/2807 2808/2105/2808 2831/743/2831
f 1598/366/1598 278/2593/278 1593/2595/1593 1594/607/1594
f 2862/3160/2862 2804/649/2804 2860/2458/2860
f 2509/2218/2509 2499/2216/2499 2508/157/2508
f 287/414/287 286/3122/286 344/420/344 318/419/318
f 2518/2998/2518 1307/3161/1307 1306/2235/1306 2517/3156/2517
f 1346/2262/1346 1345/2228/1345 1339/2242/1339 1338/2263/1338
f 219/135/219 17/130/17 200/131/200
f 2327/2028/2327 1165/912/1165 3039/2026/3039
f 2323/614/2323 1335/2247/1335 1334/2029/1334
f 1402/2318/1402 1403/2320/1403 1395/2294/1395 1396/2304/1396
f 2487/3149/2487 2517/3150/2517 1304/132/1304 2488/134/2488
f 2787/283/2787 2789/2221/2789 2760/1810/2760 2759/156/2759
f 2500/2217/2500 2513/2212/2513 2514/146/2514
f 2516/138/2516 2496/113/2496 2497/160/2497
f 12/121/12 17/130/17 199/220/199
f 40/2232/40 30/2234/30 1303/133/1303
f 280/2594/280 1596/300/1596 1592/299/1592
f 244/225/244 243/221/243 2487/3162/2487
f 2520/463/2520 1313/475/1313 1312/2265/1312
f 1339/2242/1339 1311/621/1311 1314/2248/1314 1338/2263/1338
f 2523/681/2523 352/520/352 2524/519/2524
f 1312/2265/1312 1310/620/1310 2519/2219/2519
f 1303/133/1303 1304/132/1304 1305/2750/1305
f 1917/2873/1917 1930/779/1930 1931/2861/1931
f 244/225/244 2487/3162/2487 2488/134/2488
f 2192/2992/2192 2194/2863/2194 2193/471/2193
f 2474/2203/2474 2481/2240/2481 2521/461/2521 2482/464/2482
f 2328/686/2328 2327/2028/2327 3039/2026/3039
f 2537/521/2537 2536/722/2536 2524/519/2524
f 2495/3163/2495 2494/3143/2494 2493/2209/2493 2504/3155/2504
f 446/2250/446 444/2133/444 1320/2253/1320
f 2478/771/2478 410/2251/410 2326/768/2326
f 1321/770/1321 446/2250/446 1320/2253/1320
f 1307/2236/1307 1308/322/1308 1305/325/1305
f 1332/2254/1332 2322/767/2322 1333/2031/1333
f 74/3145/74 408/678/408 409/3146/409
f 2529/2241/2529 2330/953/2330 2329/684/2329
f 2524/519/2524 2525/724/2525 408/678/408 2523/681/2523
f 74/3145/74 410/2251/410 407/2252/407
f 3039/2026/3039 411/685/411 2328/686/2328
f 2281/1986/2281 2280/708/2280 2295/711/2295 2282/1996/2282
f 2394/3051/2394 553/3079/553 552/812/552
f 1888/2569/1888 448/782/448 1929/2746/1929 1889/2904/1889
f 2541/3164/2541 2542/689/2542 2997/3165/2997
f 1183/2016/1183 1182/2036/1182 1186/2038/1186
f 99/2087/99 507/2083/507 508/3166/508
f 2342/3167/2342 2338/1626/2338 2337/2045/2337 2358/1631/2358
f 1181/2040/1181 1180/1732/1180 1179/2037/1179
f 2534/1230/2534 2369/1081/2369 2368/1084/2368
f 2360/1892/2360 2352/3043/2352 2332/1891/2332
f 2532/853/2532 2531/852/2531 2534/1230/2534 2368/1084/2368
f 2996/3081/2996 2997/3165/2997 2542/689/2542 2543/688/2543
f 2541/3164/2541 2997/3165/2997 428/729/428
f 548/914/548 547/1069/547 568/1060/568
f 2708/3168/2708 2544/3169/2544 2543/688/2543 2707/687/2707
f 2995/3065/2995 2544/3169/2544 2545/3170/2545 2994/3064/2994
f 2995/3065/2995 2996/3081/2996 2543/688/2543 2544/3169/2544
f 2538/2090/2538 2539/2245/2539 2540/2246/2540 426/3039/426
f 2541/3054/2541 427/3042/427 2540/3055/2540
f 2710/1006/2710 2546/2800/2546 2545/3170/2545 2709/3171/2709
f 2709/3171/2709 2545/3170/2545 2544/3169/2544 2708/3168/2708
f 2708/3168/2708 2707/687/2707 2721/3080/2721 2720/3172/2720
f 2709/3171/2709 2708/3168/2708 2720/3172/2720 2988/3173/2988
f 2710/1006/2710 2709/3171/2709 2988/3174/2988 2989/3175/2989
f 2793/2702/2793 33/286/33 2794/288/2794
f 2551/2801/2551 2712/3176/2712 2553/3177/2553
f 2642/3178/2642 564/3101/564 2636/1659/2636 2635/3179/2635
f 2555/924/2555 2715/926/2715 2557/3180/2557 2556/3058/2556
f 2549/3071/2549 2548/2802/2548 2551/2801/2551
f 2396/1086/2396 2716/3056/2716 2561/1317/2561 2558/821/2558
f 2398/1328/2398 692/819/692 2560/818/2560
f 557/1005/557 2712/3176/2712 2551/2801/2551
f 2559/1320/2559 2558/821/2558 2561/1317/2561
f 2666/632/2666 2416/635/2416 2415/817/2415
f 2551/2801/2551 2553/3177/2553 2549/3071/2549
f 509/961/509 541/3105/541 105/962/105
f 2396/1086/2396 2395/3066/2395 2557/3059/2557
f 424/1197/424 421/715/421 1117/1946/1117
f 2719/3181/2719 2720/3172/2720 2563/3182/2563
f 539/1053/539 2648/963/2648 105/962/105
f 1119/717/1119 535/1039/535 534/714/534
f 2388/725/2388 483/909/483 482/726/482
f 2395/3066/2395 553/3079/553 2394/3051/2394
f 693/3040/693 2397/820/2397 692/819/692
f 2559/1320/2559 2560/818/2560 2558/821/2558
f 2991/1009/2991 2718/3183/2718 2717/1010/2717
f 2597/3099/2597 2596/3100/2596 2612/3184/2612 2613/3185/2613
f 273/2166/273 2457/2171/2457 276/2496/276
f 2567/2051/2567 2400/1099/2400 2399/1326/2399
f 664/1319/664 666/2052/666 2559/1320/2559
f 623/3052/623 2397/820/2397 693/3040/693
f 1205/1522/1205 2400/1099/2400 2568/1098/2568 2401/1519/2401
f 2717/1010/2717 2718/3183/2718 2562/1318/2562 2561/1317/2561
f 2721/3080/2721 2564/1322/2564 2563/3182/2563 2720/3172/2720
f 2563/3182/2563 2562/1318/2562 2719/3181/2719
f 2989/3175/2989 2713/3186/2713 2711/1004/2711
f 2565/1323/2565 559/3187/559 562/1097/562
f 2400/1099/2400 2567/2051/2567 2566/1096/2566
f 2582/2055/2582 2581/3188/2581 2595/3189/2595 2596/3100/2596
f 2569/1816/2569 2401/1519/2401 2568/1098/2568 2579/1477/2579
f 667/2050/667 2566/1096/2566 2567/2051/2567
f 2585/3190/2585 2586/3093/2586 2406/2068/2406 2405/2070/2405
f 2600/3090/2600 661/3191/661 2599/3084/2599 2615/3083/2615
f 2570/2060/2570 2584/3085/2584 2599/3084/2599 2585/3192/2585
f 2628/3193/2628 2616/3194/2616 2627/3195/2627
f 2627/3195/2627 593/3196/593 2625/1661/2625 2626/1660/2626
f 1213/1391/1213 710/1919/710 711/3091/711
f 1217/1111/1217 2413/1686/2413 507/2083/507
f 2590/2062/2590 2573/1666/2573 2572/1672/2572 2589/3197/2589
f 2576/1780/2576 2575/2071/2575 2592/2066/2592 2593/3097/2593
f 2578/967/2578 2594/966/2594 2595/3189/2595 2581/3188/2581
f 2593/3198/2593 2577/965/2577 2412/1781/2412 2576/1780/2576
f 510/3050/510 508/3166/508 2412/1781/2412
f 2579/1477/2579 2578/967/2578 2581/2054/2581 2569/1816/2569
f 2294/710/2294 2284/2997/2284 2283/3003/2283 2295/711/2295
f 2276/718/2276 422/2587/422 2275/750/2275
f 107/3082/107 553/3079/553 556/1085/556
f 2580/1316/2580 561/3199/561 2646/1127/2646
f 107/3082/107 555/1082/555 554/3053/554
f 2647/3200/2647 539/1053/539 2727/792/2727
f 108/1087/108 560/1089/560 563/1054/563
f 2616/3194/2616 2601/3201/2601 2600/3090/2600 593/3196/593
f 2607/1878/2607 2608/1877/2608 2591/2063/2591 2590/2062/2590
f 661/3191/661 662/1881/662 2586/3093/2586
f 660/3088/660 131/1882/131 661/3089/661
f 2572/1672/2572 2588/1203/2588 2643/1202/2643 2589/3197/2589
f 2620/2077/2620 2621/3202/2621 2619/3203/2619
f 131/1882/131 662/1881/662 661/3191/661
f 2607/1878/2607 2590/2062/2590 2589/3197/2589 2606/3204/2606
f 691/1886/691 1005/1840/1005 137/1375/137 1007/1883/1007
f 777/1377/777 779/1582/779 139/1315/139
f 2352/3043/2352 2350/1122/2350 2349/3044/2349
f 2163/2984/2163 680/1958/680 679/1813/679
f 2603/1880/2603 2602/3205/2602 2619/3203/2619
f 2617/3206/2617 2601/3207/2601 2616/3194/2616
f 2615/3083/2615 2598/3086/2598 2614/1662/2614 2625/1661/2625
f 541/964/541 509/961/509 510/3050/510
f 2646/1127/2646 105/962/105 540/3049/540
f 661/3191/661 2586/3093/2586 2585/3190/2585 2599/3084/2599
f 2619/3203/2619 2618/3208/2618 2620/2077/2620
f 593/3196/593 2627/3195/2627 2616/3194/2616
f 2629/2962/2629 2617/3209/2617 2616/3194/2616
f 2595/3189/2595 2594/3210/2594 2610/3096/2610 2611/3211/2611
f 131/1882/131 660/3088/660 658/1222/658
f 2633/3212/2633 2632/3213/2632 2640/1003/2640 2642/3178/2642
f 2622/1879/2622 2607/1878/2607 2606/3204/2606 2621/3202/2621
f 615/1310/615 2604/1223/2604 2605/1656/2605
f 2601/3201/2601 2602/3205/2602 658/1222/658 660/3214/660
f 133/2825/133 666/2052/666 664/1319/664
f 648/1207/648 654/2556/654 1574/545/1574
f 2589/3197/2589 2643/1202/2643 2605/1656/2605 2606/3204/2606
f 1826/652/1826 1845/1013/1845 520/1012/520
f 2620/2077/2620 2618/3208/2618 2630/2078/2630
f 2604/1223/2604 2603/1880/2603 2605/1656/2605
f 2624/3215/2624 2609/3216/2609 2608/1877/2608 2623/1876/2623
f 2633/3212/2633 2623/3217/2623 2622/1879/2622 2632/3218/2632
f 660/3214/660 2600/3090/2600 2601/3201/2601
f 2600/3090/2600 2615/3083/2615 2625/1661/2625 593/3196/593
f 2609/3095/2609 2592/2066/2592 2591/2063/2591 2608/1877/2608
f 2605/1656/2605 2603/1880/2603 2619/3203/2619
f 2603/1880/2603 658/1222/658 2602/3205/2602
f 1939/198/1939 1960/2823/1960 1868/2526/1868 1867/199/1867
f 2602/3205/2602 2601/3207/2601 2617/3206/2617 2618/3208/2618
f 115/2813/115 594/2808/594 595/2832/595
f 2634/3219/2634 2624/3215/2624 2623/3217/2623 2633/3212/2633
f 1574/545/1574 1573/2555/1573 1878/543/1878
f 2621/3202/2621 2606/3204/2606 2605/1656/2605 2619/3203/2619
f 2611/3211/2611 2610/3096/2610 2609/3216/2609 2624/3215/2624
f 2634/3219/2634 2633/3212/2633 2642/3178/2642 2635/3179/2635
f 2635/3179/2635 2636/1659/2636 2614/1662/2614 2613/3185/2613
f 2636/1659/2636 564/3101/564 2637/3103/2637 2626/1660/2626
f 2637/3103/2637 2628/3193/2628 2626/1660/2626
f 2628/3193/2628 2627/3195/2627 2626/1660/2626
f 3065/1262/3065 605/1168/605 1101/1174/1101
f 2641/3102/2641 2640/1003/2640 2638/1002/2638
f 2630/2078/2630 2617/3209/2617 2629/2962/2629
f 2638/1002/2638 2639/2963/2639 2637/3103/2637
f 2630/2078/2630 2618/3208/2618 2617/3206/2617
f 1571/1302/1571 1852/947/1852 1851/946/1851 1853/1297/1853
f 596/945/596 595/2832/595 1851/946/1851
f 2619/3203/2619 2602/3205/2602 2618/3208/2618
f 2655/3220/2655 2653/3221/2653 2654/3222/2654
f 2629/2962/2629 2628/3193/2628 2637/3103/2637 2639/2963/2639
f 2632/3218/2632 2622/1879/2622 2621/3202/2621 2631/2079/2631
f 2620/2077/2620 2631/2079/2631 2621/3202/2621
f 2629/2962/2629 2616/3194/2616 2628/3193/2628
f 2641/3102/2641 564/3101/564 2642/3178/2642 2640/1003/2640
f 2641/3102/2641 2638/1002/2638 2637/3103/2637
f 532/3010/532 1141/1131/1141 2270/1993/2270
f 532/3010/532 1142/1132/1142 1141/1131/1141
f 109/1974/109 565/1106/565 566/1105/566
f 2651/3223/2651 2662/3016/2662 2650/1092/2650
f 573/1001/573 2639/2963/2639 2638/1002/2638
f 686/1583/686 132/1308/132 786/1550/786
f 111/1124/111 574/1139/574 575/1125/575
f 2598/3086/2598 2597/3099/2597 2613/3185/2613 2614/1662/2614
f 2624/3215/2624 2634/3219/2634 2612/3184/2612 2611/3211/2611
f 2819/3224/2819 2739/3225/2739 2738/3078/2738 2820/3226/2820
f 119/1224/119 2644/1205/2644 2645/1204/2645 659/1225/659
f 2646/1127/2646 561/3199/561 563/1054/563
f 2164/1956/2164 2159/2552/2159 2157/2551/2157 2156/1957/2156
f 2091/2099/2091 2095/1206/2095 2090/2875/2090
f 2594/3227/2594 2577/965/2577 2593/3228/2593 2610/3096/2610
f 2634/3219/2634 2635/3179/2635 2613/3185/2613 2612/3184/2612
f 1830/1969/1830 1836/1036/1836 544/1059/544
f 2648/963/2648 539/1053/539 2647/3200/2647
f 1116/1164/1116 588/1163/588 610/901/610
f 2661/3017/2661 2662/3016/2662 2651/3223/2651 2656/3229/2656
f 2646/1127/2646 540/3049/540 2579/1477/2579 2580/1316/2580
f 2657/3230/2657 2729/3231/2729 2842/3232/2842 2730/3021/2730
f 562/1097/562 561/3233/561 2580/1316/2580
f 118/1968/118 612/899/612 610/901/610
f 2650/1092/2650 2662/3016/2662 2663/1095/2663 2649/960/2649
f 95/826/95 491/894/491 461/822/461
f 2653/3221/2653 2651/3223/2651 2652/3234/2652
f 2654/3222/2654 2652/3234/2652 2727/792/2727 2728/732/2728
f 2660/3235/2660 2655/3220/2655 2658/1101/2658
f 2731/1103/2731 2845/3013/2845 2732/1100/2732
f 2734/3236/2734 2659/3237/2659 2658/1101/2658
f 2397/820/2397 622/1693/622 556/1692/556
f 2656/3229/2656 2655/3220/2655 2660/3235/2660
f 2658/1101/2658 2659/3237/2659 2660/3235/2660
f 2656/3229/2656 2660/3235/2660 2661/3017/2661
f 2733/3014/2733 2734/3236/2734 2732/1100/2732
f 2820/3226/2820 2738/3078/2738 2737/3077/2737 2821/3238/2821
f 2661/3017/2661 2659/3237/2659 2735/3239/2735 2736/3018/2736
f 2844/3022/2844 2731/1103/2731 486/3020/486
f 346/633/346 2666/632/2666 345/421/345
f 2433/840/2433 2432/880/2432 2431/850/2431
f 2741/418/2741 345/421/345 2815/3067/2815
f 487/1102/487 2658/1101/2658 2655/3220/2655 2657/3230/2657
f 2382/890/2382 485/889/485 2381/3069/2381
f 390/628/390 3038/675/3038 2417/815/2417
f 343/3121/343 54/3240/54 344/3241/344
f 2652/3234/2652 2651/3223/2651 2650/1092/2650
f 2676/3116/2676 2675/305/2675 35/304/35 2848/3120/2848
f 2667/481/2667 387/626/387 389/634/389
f 1223/915/1223 2421/2084/2421 2422/807/2422
f 2420/758/2420 2419/2080/2419 3037/756/3037
f 54/3240/54 346/633/346 345/421/345
f 390/628/390 406/631/406 3038/675/3038
f 391/3242/391 2417/815/2417 2416/635/2416
f 67/625/67 390/628/390 391/3242/391
f 389/634/389 346/633/346 347/3243/347 2667/481/2667
f 2966/492/2966 356/495/356 2744/500/2744 2743/676/2743
f 1593/2595/1593 1591/381/1591 310/382/310
f 73/664/73 406/672/406 402/630/402
f 2674/243/2674 2673/860/2673 2748/3112/2748 2749/302/2749
f 388/627/388 387/626/387 2668/3244/2668
f 2442/667/2442 388/627/388 2668/3244/2668 2443/550/2443
f 67/625/67 389/634/389 387/626/387
f 3035/2131/3035 3036/959/3036 3037/756/3037
f 2064/2748/2064 2090/2875/2090 2095/1206/2095 2078/580/2078
f 2963/3245/2963 2957/303/2957 2749/302/2749 2748/3112/2748
f 3015/426/3015 3005/296/3005 3004/574/3004 336/3246/336
f 277/242/277 36/2497/36 275/3117/275
f 2446/2344/2446 363/2343/363 362/2523/362
f 2999/567/2999 2447/570/2447 2998/2524/2998 3011/3075/3011
f 2864/3247/2864 2866/3248/2866 2851/289/2851
f 2450/541/2450 2449/1579/2449 3000/552/3000
f 2752/2176/2752 2769/3131/2769 2753/2174/2753
f 2460/2181/2460 222/167/222 224/166/224
f 2775/3249/2775 2776/3250/2776 2756/3251/2756
f 2881/172/2881 2871/3252/2871 2856/3144/2856 2855/3253/2855
f 2754/3130/2754 2680/3133/2680 2461/2499/2461 2679/2498/2679
f 2756/3251/2756 2755/3128/2755 2774/125/2774 2775/3249/2775
f 2756/3251/2756 2683/3254/2683 2681/2670/2681
f 1288/43/1288 1287/45/1287 2461/2499/2461
f 2771/3255/2771 2765/3256/2765 2782/3257/2782
f 2683/3254/2683 2682/3258/2682 2681/2670/2681
f 2690/74/2690 2467/1489/2467 2466/40/2466
f 2688/2201/2688 2464/37/2464 185/2443/185
f 2463/3135/2463 2682/3136/2682 2684/3259/2684 2685/39/2685
f 2818/3260/2818 2827/3261/2827 2816/3262/2816 2817/3263/2817
f 2683/3254/2683 2684/3259/2684 2682/3136/2682
f 2765/3256/2765 2692/3264/2692 2691/3139/2691 2764/3265/2764
f 2467/1489/2467 8/2705/8 190/1488/190
f 2787/283/2787 212/116/212 2788/115/2788
f 8/2705/8 189/90/189 190/1488/190
f 2691/3139/2691 187/2199/187 2690/74/2690
f 1298/611/1298 7/4/7 1297/18/1297
f 188/94/188 2691/3139/2691 2692/3264/2692
f 2772/3266/2772 2782/3267/2782 2783/3127/2783
f 2770/3268/2770 2772/3266/2772 2773/3129/2773
f 2515/145/2515 203/144/203 1299/3142/1299 2516/138/2516
f 2695/183/2695 2694/93/2694 2693/96/2693
f 2694/93/2694 189/90/189 188/94/188
f 2785/123/2785 2790/75/2790 210/117/210
f 348/215/348 2523/681/2523 2522/680/2522
f 188/94/188 187/2199/187 2691/3139/2691
f 2480/2238/2480 2481/2240/2481 2474/2203/2474 2475/2202/2475
f 1452/2296/1452 1453/2353/1453 19/2297/19
f 9/2412/9 191/72/191 192/98/192
f 23/188/23 237/91/237 2694/93/2694 2695/183/2695
f 1492/128/1492 1484/2007/1484 182/2442/182 1510/2441/1510
f 2873/2459/2873 2860/2458/2860 2803/82/2803 2859/193/2859
f 2703/517/2703 351/516/351 350/515/350
f 238/87/238 239/187/239 2798/88/2798
f 2800/210/2800 2704/2043/2704 2703/517/2703
f 2522/680/2522 2700/2205/2700 2699/213/2699 348/215/348
f 2487/3149/2487 243/221/243 2486/224/2486
f 2703/517/2703 350/515/350 2702/85/2702
f 409/3146/409 82/208/82 411/685/411
f 2862/3160/2862 2863/3269/2863 2806/3006/2806
f 2707/687/2707 2706/690/2706 2987/2967/2987 2721/3080/2721
f 3011/3075/3011 3026/3074/3026 3027/3126/3027 3028/2139/3028
f 2722/1091/2722 2565/1323/2565 2564/1322/2564
f 3028/2139/3028 3012/2138/3012 2999/567/2999 3011/3075/3011
f 84/774/84 433/733/433 2726/791/2726
f 2565/1323/2565 562/1097/562 2566/1096/2566
f 2711/1004/2711 2712/3176/2712 557/1005/557
f 2716/3056/2716 2715/926/2715 2714/925/2714 2990/1011/2990
f 2989/3175/2989 2990/1011/2990 2713/3186/2713
f 2640/1003/2640 2632/3213/2632 2631/2079/2631 573/1001/573
f 108/3270/108 561/3233/561 562/1097/562
f 2714/925/2714 2553/3177/2553 2712/3176/2712 2713/3186/2713
f 666/2052/666 2560/818/2560 2559/1320/2559
f 2563/3182/2563 664/1319/664 2562/1318/2562
f 665/1321/665 664/1319/664 2563/3182/2563
f 2566/1096/2566 667/2050/667 665/1321/665
f 2719/3181/2719 2718/3183/2718 2988/3174/2988
f 2988/3174/2988 2718/3183/2718 2991/3271/2991
f 2598/3086/2598 2584/3085/2584 2583/3087/2583 2597/3099/2597
f 563/1054/563 560/1089/560 2725/775/2725
f 2652/3234/2652 2650/1092/2650 2647/3200/2647
f 2648/963/2648 2647/3200/2647 2650/1092/2650
f 2655/3220/2655 2656/3272/2656 2653/3221/2653
f 2732/1100/2732 2734/3236/2734 2658/1101/2658
f 2817/3263/2817 2740/3068/2740 2665/3107/2665 2739/3225/2739
f 2655/3220/2655 2654/3222/2654 2729/3231/2729 2657/3230/2657
f 487/1102/487 486/3020/486 2731/1103/2731
f 2816/3262/2816 2815/3067/2815 2740/3068/2740 2817/3263/2817
f 2661/3017/2661 2660/3235/2660 2659/3237/2659
f 2651/3223/2651 2653/3221/2653 2656/3272/2656
f 1837/2789/1837 524/1000/524 101/999/101
f 2659/3237/2659 2734/3236/2734 2735/3239/2735
f 1161/2022/1161 517/972/517 516/957/516
f 2737/3077/2737 2736/3018/2736 2822/3273/2822 2821/3238/2821
f 2822/3273/2822 2733/3014/2733 442/1031/442 441/1030/441
f 2816/3262/2816 2827/3261/2827 412/659/412 2828/783/2828
f 2734/3236/2734 2733/3014/2733 2735/3239/2735
f 432/831/432 412/659/412 2827/3261/2827
f 2818/3260/2818 2826/3274/2826 2836/734/2836 2827/3261/2827
f 2845/3013/2845 442/1031/442 2733/3014/2733
f 343/3275/343 2958/3123/2958 2959/3032/2959 2742/677/2742
f 54/3240/54 347/3243/347 346/633/346
f 2668/480/2668 387/626/387 2667/481/2667
f 343/3121/343 344/3241/344 286/3122/286
f 48/3276/48 319/425/319 317/424/317
f 277/242/277 2673/860/2673 2674/243/2674
f 2847/294/2847 270/265/270 2848/3120/2848
f 1800/2707/1800 1801/396/1801 1798/2710/1798
f 2969/499/2969 2967/494/2967 2968/3277/2968
f 2980/3278/2980 2963/3245/2963 2748/3112/2748 2747/3108/2747
f 2977/3279/2977 2965/3031/2965 2964/3280/2964 2978/3281/2978
f 2964/3280/2964 2958/3123/2958 35/304/35 2957/303/2957
f 2961/416/2961 2960/415/2960 2970/843/2970
f 223/3124/223 2458/2152/2458 2459/3115/2459
f 274/241/274 36/2497/36 277/242/277
f 2980/3278/2980 2979/3282/2979 2978/3281/2978 2963/3245/2963
f 2773/3129/2773 2754/3130/2754 2753/2174/2753 2770/3268/2770
f 1738/1936/1738 1634/2637/1634 299/1934/299
f 2792/3283/2792 2751/2091/2751 2750/267/2750
f 2751/2091/2751 2791/181/2791 2752/2176/2752
f 2778/3284/2778 15/155/15 2758/154/2758
f 2788/115/2788 2789/2221/2789 2787/283/2787
f 2790/75/2790 2781/77/2781 2779/2222/2779 2789/2221/2789
f 2777/282/2777 2776/3250/2776 2775/3249/2775
f 2776/3250/2776 2778/3284/2778 2757/3285/2757
f 2684/3259/2684 2683/3254/2683 2757/3285/2757
f 210/117/210 2790/75/2790 2788/115/2788
f 2778/3284/2778 2758/154/2758 2684/3259/2684 2757/3285/2757
f 2686/153/2686 184/36/184 2685/39/2685 2758/154/2758
f 2990/1011/2990 2717/1010/2717 2716/3056/2716
f 2763/3140/2763 2691/3139/2691 2690/74/2690
f 2701/86/2701 2698/214/2698 2697/212/2697
f 2781/77/2781 2764/3286/2764 2780/2455/2780 2779/2222/2779
f 2761/2444/2761 198/2223/198 2762/2456/2762
f 2768/67/2768 2766/66/2766 2692/3264/2692 2765/3256/2765
f 187/2199/187 8/2705/8 2467/1489/2467
f 2769/3131/2769 2770/3268/2770 2753/2174/2753
f 2767/65/2767 2752/2176/2752 2791/181/2791
f 2769/3131/2769 2768/67/2768 2770/3268/2770
f 237/91/237 23/188/23 238/87/238
f 2772/3266/2772 2783/3127/2783 2773/3129/2773
f 20/2448/20 228/3287/228 226/185/226
f 2770/3268/2770 2768/67/2768 2771/3255/2771
f 2785/123/2785 2774/125/2774 2783/3127/2783
f 211/124/211 2775/3249/2775 2774/125/2774
f 2795/2704/2795 229/2450/229 2794/288/2794
f 16/2211/16 214/78/214 219/135/219
f 2784/76/2784 2785/123/2785 2783/3127/2783
f 2776/3250/2776 2777/282/2777 2778/3284/2778
f 212/116/212 2787/283/2787 2786/3132/2786
f 2853/3288/2853 2852/287/2852 2867/3289/2867 2868/3290/2868
f 2776/3250/2776 2757/3285/2757 2756/3251/2756
f 1364/2325/1364 1363/250/1363 1362/249/1362 2325/2277/2325
f 215/2336/215 16/2211/16 216/2210/216
f 2764/3286/2764 2763/3137/2763 2780/2455/2780
f 216/2210/216 1388/2237/1388 19/2297/19
f 2772/3266/2772 2771/3255/2771 2782/3257/2782
f 2783/3127/2783 2782/3267/2782 2784/76/2784
f 2771/3255/2771 2768/67/2768 2765/3256/2765
f 1303/133/1303 30/2234/30 1302/270/1302
f 269/266/269 2793/2702/2793 2792/3283/2792
f 2788/115/2788 2790/75/2790 2789/2221/2789
f 189/90/189 2694/93/2694 237/91/237
f 2769/3131/2769 2767/65/2767 2768/67/2768
f 2869/2385/2869 2854/2384/2854 2795/2704/2795 2853/2703/2853
f 226/185/226 2693/184/2693 2766/66/2766
f 2786/3132/2786 2775/3249/2775 211/124/211
f 227/182/227 226/185/226 2766/66/2766
f 1454/2380/1454 1455/2379/1455 1453/2353/1453
f 1488/53/1488 1462/2284/1462 1464/2286/1464
f 17/130/17 219/135/219 214/78/214
f 2751/2091/2751 2792/3283/2792 2791/181/2791
f 2793/2702/2793 230/2449/230 227/182/227
f 2775/3249/2775 2786/3132/2786 2777/282/2777
f 215/2336/215 19/2297/19 225/2446/225 1458/2347/1458
f 2757/3285/2757 2683/3254/2683 2756/3251/2756
f 2771/3255/2771 2772/3266/2772 2770/3268/2770
f 2793/2702/2793 227/182/227 2791/181/2791 2792/3283/2792
f 2798/88/2798 2797/190/2797 2855/3253/2855 2856/3144/2856
f 2797/190/2797 2796/189/2796 2795/2704/2795 2854/2192/2854
f 20/2448/20 227/182/227 230/2449/230
f 2808/2105/2808 2807/3159/2807 2806/3006/2806
f 458/357/458 465/830/465 464/755/464
f 2802/2041/2802 2705/865/2705 2539/2042/2539
f 2894/3291/2894 2895/3292/2895 2884/3293/2884
f 2705/865/2705 466/2370/466 468/866/468
f 466/2370/466 2705/865/2705 2802/2041/2802
f 2537/521/2537 351/516/351 2703/517/2703
f 2990/1011/2990 2989/3175/2989 2991/3271/2991
f 2166/2739/2166 1819/2756/1819 72/647/72 1811/656/1811
f 2895/3292/2895 2885/3294/2885 2875/3295/2875 2884/3293/2884
f 2724/833/2724 2722/1091/2722 2987/2967/2987
f 1823/797/1823 1822/645/1822 1821/2793/1821
f 2865/3296/2865 2876/3297/2876 2877/3298/2877
f 1844/1014/1844 1845/1013/1845 1824/2525/1824 1846/2530/1846
f 270/265/270 33/286/33 269/266/269
f 2809/2965/2809 317/424/317 2810/423/2810
f 2816/3262/2816 2814/785/2814 2815/3067/2815
f 2825/3299/2825 2826/3274/2826 2818/3260/2818 2819/3224/2819
f 2833/617/2833 2832/619/2832 2834/691/2834
f 319/3300/319 2741/418/2741 2813/422/2813
f 315/292/315 2809/2965/2809 2846/2104/2846 271/293/271
f 2828/783/2828 2829/3301/2829 2812/784/2812
f 2813/422/2813 2812/784/2812 2810/423/2810
f 48/3302/48 316/413/316 318/419/318
f 2830/658/2830 2829/3301/2829 412/659/412
f 318/419/318 316/413/316 287/414/287
f 344/420/344 54/3240/54 345/421/345
f 319/3300/319 318/3303/318 2741/418/2741
f 2824/3104/2824 2825/3299/2825 2819/3224/2819 2820/3226/2820
f 2839/796/2839 2840/3304/2840 2826/3274/2826 2825/3299/2825
f 2814/785/2814 2813/422/2813 2741/418/2741 2815/3067/2815
f 432/831/432 2827/3261/2827 2836/734/2836
f 2838/793/2838 2839/796/2839 2825/3299/2825 2824/3104/2824
f 2840/3304/2840 2841/735/2841 2836/734/2836 2826/3274/2826
f 391/3242/391 2416/635/2416 389/634/389
f 2742/677/2742 347/3243/347 343/3275/343
f 2735/3239/2735 2733/3014/2733 2822/3273/2822
f 2745/417/2745 2670/556/2670 2744/500/2744
f 2431/850/2431 2425/939/2425 489/851/489
f 2792/3283/2792 2750/267/2750 269/266/269
f 2843/794/2843 2838/793/2838 2837/1032/2837 2844/3022/2844
f 2835/692/2835 2834/691/2834 2832/619/2832
f 412/659/412 2829/3301/2829 2828/783/2828
f 2832/619/2832 2831/743/2831 2835/692/2835
f 1233/2094/1233 1232/893/1232 2437/670/2437
f 441/1030/441 2823/1033/2823 2821/3238/2821 2822/3273/2822
f 432/831/432 2836/734/2836 433/733/433
f 1261/2143/1261 3054/810/3054 418/2121/418
f 2830/658/2830 84/774/84 2835/692/2835
f 2811/744/2811 2810/423/2810 2812/784/2812 2829/3301/2829
f 397/618/397 2807/3159/2807 2831/743/2831 2832/619/2832
f 2847/294/2847 316/413/316 315/3305/315
f 464/755/464 2802/2041/2802 71/83/71 2833/617/2833
f 88/829/88 467/832/467 468/866/468
f 397/618/397 2805/648/2805 2807/3159/2807
f 2647/3200/2647 2727/792/2727 2652/3234/2652
f 84/774/84 78/657/78 433/733/433
f 2811/744/2811 2829/3301/2829 2830/658/2830
f 433/733/433 78/657/78 432/831/432
f 33/286/33 2849/285/2849 2851/289/2851
f 2654/3222/2654 2728/732/2728 2841/735/2841 2729/3231/2729
f 2730/3021/2730 2842/3232/2842 85/795/85 2843/794/2843
f 2729/3231/2729 2841/735/2841 2840/3304/2840 2842/3232/2842
f 2279/709/2279 1132/872/1132 91/871/91 2293/3000/2293
f 459/2912/459 2050/2949/2050 2051/2916/2051
f 2849/285/2849 271/284/271 2846/2104/2846
f 2421/2084/2421 2420/758/2420 2422/807/2422
f 2731/1103/2731 2844/3022/2844 2845/3013/2845
f 2746/3110/2746 2672/3114/2672 2445/3106/2445 2671/1683/2671
f 2817/3263/2817 2739/3225/2739 2819/3224/2819 2818/3260/2818
f 2823/1033/2823 2824/3104/2824 2820/3226/2820 2821/3238/2821
f 2851/289/2851 2866/3248/2866 2852/287/2852
f 2853/3288/2853 2868/3290/2868 2878/3306/2878 2869/2385/2869
f 90/2146/90 469/846/469 455/948/455
f 2737/3077/2737 2663/1095/2663 2662/3016/2662 2736/3018/2736
f 86/2907/86 453/641/453 454/799/454
f 86/2907/86 452/638/452 453/641/453
f 2371/814/2371 2370/813/2370 2527/209/2527 2526/1231/2526
f 2868/3290/2868 2886/3307/2886 2887/3308/2887 2878/3306/2878
f 48/3276/48 317/424/317 315/292/315
f 15/155/15 2778/3284/2778 2777/282/2777
f 239/187/239 2796/189/2796 2797/190/2797
f 2761/2444/2761 2687/1809/2687 2760/1810/2760 198/2223/198
f 1354/2273/1354 1351/663/1351 1353/2269/1353
f 3021/403/3021 322/405/322 3023/459/3023
f 41/3036/41 46/503/46 288/2592/288
f 2891/3309/2891 2881/172/2881 2880/171/2880 2890/3310/2890
f 272/3311/272 3024/3312/3024 3025/3125/3025
f 2799/518/2799 2856/3144/2856 2871/3313/2871 2857/191/2857
f 2796/189/2796 228/3287/228 229/2450/229
f 3020/290/3020 320/404/320 3021/403/3021
f 2889/3314/2889 2880/171/2880 2870/174/2870 2879/2383/2879
f 2872/192/2872 2882/3315/2882 2883/3316/2883
f 2867/3317/2867 2877/3318/2877 2885/3294/2885
f 2885/3294/2885 2886/3307/2886 2868/3290/2868 2867/3317/2867
f 238/87/238 23/188/23 239/187/239
f 2872/3319/2872 2857/191/2857 2871/3313/2871
f 2914/3320/2914 2907/3321/2907 2897/3322/2897 2906/3323/2906
f 2905/3324/2905 2896/3325/2896 2895/3292/2895 2904/3326/2904
f 2846/2104/2846 2809/2965/2809 2808/2105/2808
f 2875/3295/2875 2861/3327/2861 2874/3328/2874
f 2866/3248/2866 2864/3247/2864 2865/3296/2865
f 2875/3295/2875 2876/3297/2876 2861/3327/2861
f 2806/3006/2806 2804/649/2804 2862/3160/2862
f 2888/3329/2888 2879/2383/2879 2869/2385/2869 2878/3306/2878
f 2910/3330/2910 2901/3331/2901 2890/3310/2890 2900/3332/2900
f 2876/3297/2876 2863/3269/2863 2862/3160/2862 2861/3327/2861
f 2808/2105/2808 2806/3006/2806 2863/3269/2863 2850/2103/2850
f 2862/3160/2862 2860/2458/2860 2861/3327/2861
f 2852/287/2852 2866/3248/2866 2867/3289/2867
f 2814/785/2814 2812/784/2812 2813/422/2813
f 2863/3269/2863 2865/3296/2865 2864/3247/2864
f 2840/3304/2840 2839/796/2839 85/795/85 2842/3232/2842
f 2898/3333/2898 2907/3321/2907 2915/3334/2915 2908/3335/2908
f 2884/3293/2884 2874/2457/2874 2873/2459/2873
f 2866/3248/2866 2865/3296/2865 2877/3318/2877 2867/3317/2867
f 2860/2458/2860 2804/649/2804 2803/82/2803
f 2872/3319/2872 2871/3313/2871 2882/3315/2882
f 2902/3336/2902 2903/3337/2903 2892/3338/2892
f 2887/3308/2887 2897/3322/2897 2907/3321/2907 2898/3333/2898
f 2858/211/2858 2799/518/2799 2857/191/2857
f 2924/3339/2924 2906/3323/2906 2905/3324/2905 2922/3340/2922
f 2883/3316/2883 2873/3341/2873 2859/193/2859 2872/192/2872
f 2893/3342/2893 2884/3293/2884 2873/3341/2873 2883/3316/2883
f 2888/3329/2888 2878/3306/2878 2887/3308/2887 2898/3333/2898
f 2877/3298/2877 2875/3343/2875 2885/3294/2885
f 2896/3325/2896 2886/3307/2886 2885/3294/2885 2895/3292/2895
f 2807/3159/2807 2805/648/2805 2806/3006/2806
f 2861/3327/2861 2860/2458/2860 2874/2457/2874
f 2865/3296/2865 2863/3269/2863 2876/3297/2876
f 2897/3322/2897 2896/3325/2896 2905/3324/2905 2906/3323/2906
f 2908/3335/2908 2899/3344/2899 2888/3329/2888 2898/3333/2898
f 2850/2103/2850 2849/285/2849 2846/2104/2846
f 2899/3344/2899 2908/3335/2908 2916/3345/2916 2909/3346/2909
f 2864/3247/2864 2851/289/2851 2850/2103/2850
f 2909/3346/2909 2900/3332/2900 2889/3314/2889 2899/3344/2899
f 2892/3338/2892 2882/3315/2882 2891/3309/2891
f 2895/3292/2895 2894/3291/2894 2904/3326/2904
f 2875/3295/2875 2874/3328/2874 2884/3293/2884
f 2928/3347/2928 2936/3348/2936 2946/3349/2946 2937/3350/2937
f 2907/3321/2907 2914/3320/2914 2926/3351/2926 2915/3334/2915
f 2883/3316/2883 2892/3338/2892 2903/3337/2903 2893/3342/2893
f 2899/3344/2899 2889/3314/2889 2879/2383/2879 2888/3329/2888
f 2877/3298/2877 2876/3297/2876 2875/3343/2875
f 2900/3332/2900 2890/3310/2890 2880/171/2880 2889/3314/2889
f 2901/3331/2901 2911/3352/2911 2902/3336/2902
f 2882/3315/2882 2871/3252/2871 2881/172/2881 2891/3309/2891
f 2902/3336/2902 2891/3309/2891 2890/3310/2890 2901/3331/2901
f 2921/3353/2921 2912/3354/2912 2903/3337/2903 2911/3352/2911
f 2894/3291/2894 2884/3293/2884 2893/3342/2893
f 2913/3355/2913 2905/3324/2905 2904/3326/2904
f 2897/3322/2897 2887/3308/2887 2886/3307/2886 2896/3325/2896
f 2908/3335/2908 2915/3334/2915 2927/3356/2927 2916/3345/2916
f 2904/3326/2904 2894/3291/2894 2893/3342/2893
f 2900/3332/2900 2909/3346/2909 2917/3357/2917 2910/3330/2910
f 2892/3338/2892 2891/3309/2891 2902/3336/2902
f 2883/3316/2883 2882/3315/2882 2892/3338/2892
f 2912/3354/2912 2904/3326/2904 2893/3342/2893 2903/3337/2903
f 2915/3334/2915 2926/3351/2926 2935/3358/2935 2927/3356/2927
f 2909/3346/2909 2916/3345/2916 2928/3347/2928 2917/3357/2917
f 2911/3352/2911 2901/3331/2901 2920/3359/2920
f 2949/476/2949 353/502/353 2933/3360/2933 2942/2867/2942
f 2901/3331/2901 2910/3330/2910 2918/3361/2918 2920/3359/2920
f 2903/3337/2903 2902/3336/2902 2911/3352/2911
f 2905/3324/2905 2913/3355/2913 2922/3340/2922
f 2913/3355/2913 2904/3326/2904 2912/3354/2912
f 2943/3362/2943 2934/3363/2934 2925/3364/2925 2933/3360/2933
f 2914/3320/2914 2925/3364/2925 2934/3363/2934 2926/3351/2926
f 2933/3360/2933 2925/3364/2925 2924/3339/2924 2932/2864/2932
f 2929/3365/2929 2937/3350/2937 2947/3366/2947 2938/3367/2938
f 2916/3345/2916 2927/3356/2927 2936/3348/2936 2928/3347/2928
f 2910/3330/2910 2917/3357/2917 2929/3365/2929 2918/3361/2918
f 2917/3357/2917 2928/3347/2928 2937/3350/2937 2929/3365/2929
f 2918/3361/2918 2929/3365/2929 2938/3367/2938 2930/3368/2930
f 2923/2865/2923 2932/2864/2932 2924/3339/2924
f 2919/3369/2919 2920/3359/2920 2918/3361/2918
f 2931/2866/2931 2922/3340/2922 2912/3354/2912 2921/3353/2921
f 2920/3359/2920 2921/3353/2921 2911/3352/2911
f 2922/3340/2922 2923/2865/2923 2924/3339/2924
f 2932/2864/2932 2942/2867/2942 2933/3360/2933
f 2925/3364/2925 2914/3320/2914 2906/3323/2906 2924/3339/2924
f 2927/3356/2927 2935/3358/2935 2945/3028/2945 2936/3348/2936
f 2921/3353/2921 2920/3359/2920 2919/3369/2919
f 2923/2865/2923 2922/3340/2922 2931/2866/2931
f 2922/3340/2922 2913/3355/2913 2912/3354/2912
f 2934/3363/2934 2943/3362/2943 2951/3370/2951 2944/3371/2944
f 2935/3358/2935 2944/3371/2944 324/3025/324 2945/3028/2945
f 2926/3351/2926 2934/3363/2934 2944/3371/2944 2935/3358/2935
f 2940/3372/2940 2931/2866/2931 2921/3353/2921 2919/3369/2919
f 353/502/353 2950/501/2950 2955/2603/2955
f 2947/3366/2947 2953/3373/2953 2954/2604/2954 342/3374/342
f 2919/3369/2919 2918/3361/2918 2930/3368/2930
f 2941/477/2941 2942/2867/2942 2932/2864/2932
f 2939/3375/2939 2930/3368/2930 2938/3367/2938
f 2941/477/2941 2932/2864/2932 2931/2866/2931 2940/3372/2940
f 2930/3368/2930 2940/3372/2940 2919/3369/2919
f 2940/3372/2940 2939/3375/2939 2948/478/2948 2941/477/2941
f 353/502/353 2943/3362/2943 2933/3360/2933
f 2937/3350/2937 2946/3349/2946 2953/3373/2953 2947/3366/2947
f 2204/2786/2204 2213/2988/2213 2214/605/2214 2203/526/2203
f 36/2497/36 276/3118/276 275/3117/275
f 2940/3372/2940 2930/3368/2930 2939/3375/2939
f 2947/3366/2947 342/3374/342 2938/3367/2938
f 2939/3375/2939 2938/3367/2938 342/3374/342 2948/478/2948
f 353/502/353 2955/2603/2955 2951/3370/2951 2943/3362/2943
f 2951/3370/2951 2956/2605/2956 324/3025/324 2944/3371/2944
f 1370/2244/1370 1344/2229/1344 384/2264/384 1354/2273/1354
f 2970/843/2970 2969/499/2969 2968/3277/2968
f 1595/2588/1595 1594/607/1594 1593/2595/1593 310/382/310
f 371/454/371 1906/453/1906 1907/491/1907
f 58/439/58 357/538/357 360/546/360
f 2964/3280/2964 2957/303/2957 2963/3245/2963 2978/3281/2978
f 2956/2605/2956 2951/3370/2951 2955/2603/2955
f 342/3374/342 2954/2604/2954 2950/501/2950 2948/478/2948
f 2972/3376/2972 2974/2643/2974 307/2645/307
f 1530/2159/1530 327/205/327 49/204/49
f 396/2360/396 1239/448/1239 1240/2136/1240
f 2953/3373/2953 2952/3026/2952 2956/2605/2956 2954/2604/2954
f 1593/2595/1593 1592/299/1592 1591/381/1591
f 2936/3348/2936 2945/3028/2945 45/3027/45 2946/3349/2946
f 2952/3026/2952 2953/3373/2953 2946/3349/2946 45/3027/45
f 331/842/331 2962/1927/2962 2746/3110/2746 2961/416/2961
f 2743/676/2743 2742/677/2742 2959/3032/2959 2966/492/2966
f 58/439/58 359/2154/359 358/440/358
f 2955/2603/2955 2950/501/2950 2954/2604/2954
f 2965/3031/2965 2959/3032/2959 2958/3123/2958 2964/3280/2964
f 1316/2226/1316 1314/2248/1314 1315/462/1315 2521/461/2521
f 1382/251/1382 1381/2302/1381 1396/2304/1396 1395/2294/1395
f 2538/2090/2538 2536/722/2536 2537/521/2537
f 20/2448/20 229/2450/229 228/3287/228
f 2858/211/2858 2857/191/2857 2859/2366/2859
f 1491/129/1491 199/220/199 197/81/197
f 332/1925/332 2971/841/2971 2982/2758/2982
f 2968/3277/2968 2967/494/2967 2985/3377/2985
f 307/2645/307 2982/2758/2982 2971/841/2971 2972/3376/2972
f 2983/1926/2983 2980/3278/2980 2747/3108/2747 2962/1927/2962
f 2204/2786/2204 2202/1921/2202 2210/2787/2210 333/2995/333
f 2971/841/2971 332/1925/332 331/842/331
f 2725/775/2725 2723/1090/2723 2986/356/2986
f 2985/3377/2985 2967/494/2967 2984/493/2984
f 58/439/58 325/441/325 357/538/357
f 1536/549/1536 392/637/392 394/3378/394
f 2972/3376/2972 2971/841/2971 2970/843/2970 2968/3277/2968
f 1367/2243/1367 1355/2272/1355 40/2271/40 1342/2230/1342
f 2968/3277/2968 2985/3377/2985 2975/431/2975
f 2835/692/2835 84/774/84 457/358/457
f 2976/432/2976 2975/431/2975 2985/3377/2985
f 2976/432/2976 2977/3279/2977 2981/2644/2981 2974/2643/2974
f 2979/3282/2979 2980/3278/2980 2983/1926/2983 306/2757/306
f 2965/3031/2965 2977/3279/2977 2976/432/2976 2984/493/2984
f 2973/433/2973 2974/2643/2974 2972/3376/2972
f 2982/2758/2982 2983/1926/2983 332/1925/332
f 3019/279/3019 3018/2375/3018 321/2374/321 320/404/320
f 2975/431/2975 2973/433/2973 2972/3376/2972
f 1650/2612/1650 209/2381/209 1611/2393/1611
f 56/514/56 348/215/348 349/3029/349
f 2969/499/2969 2970/843/2970 2960/415/2960
f 2989/3175/2989 2711/1004/2711 2710/1006/2710
f 2985/3377/2985 2984/493/2984 2976/432/2976
f 2979/3282/2979 2981/2644/2981 2977/3279/2977 2978/3281/2978
f 2952/3026/2952 324/3025/324 2956/2605/2956
f 360/546/360 357/538/357 1534/2766/1534
f 3010/2451/3010 2455/246/2455 2454/245/2454 3032/3379/3032
f 3024/3312/3024 3023/459/3023 3025/3125/3025
f 1358/137/1358 1359/136/1359 1301/2213/1301
f 2828/783/2828 2814/785/2814 2816/3262/2816
f 465/830/465 458/357/458 2986/356/2986
f 560/1089/560 2723/1090/2723 2725/775/2725
f 468/866/468 467/832/467 2987/2967/2987
f 2987/2967/2987 467/832/467 2724/833/2724
f 2724/833/2724 2986/356/2986 2723/1090/2723
f 559/3187/559 2565/1323/2565 2722/1091/2722
f 2654/3222/2654 2653/3221/2653 2652/3234/2652
f 2711/1004/2711 2713/3186/2713 2712/3176/2712
f 2719/3181/2719 2562/1318/2562 2718/3183/2718
f 2991/3271/2991 2989/3175/2989 2988/3174/2988
f 2724/833/2724 2723/1090/2723 2722/1091/2722
f 88/829/88 468/866/468 466/2370/466
f 571/2012/571 2058/2951/2058 572/2013/572
f 350/515/350 349/3141/349 2701/86/2701
f 2864/3247/2864 2850/2103/2850 2863/3269/2863
f 352/520/352 2523/681/2523 348/215/348
f 2713/3186/2713 2990/1011/2990 2714/925/2714
f 2698/214/2698 349/3029/349 348/215/348
f 488/2082/488 509/961/509 2649/960/2649
f 2336/1600/2336 2337/2045/2337 1196/1371/1196 1195/1374/1195
f 482/726/482 481/892/481 2386/1992/2386
f 2447/570/2447 2446/2344/2446 276/2496/276
f 2381/3069/2381 2380/1978/2380 2382/890/2382
f 2552/922/2552 2549/3071/2549 2553/3177/2553 2554/923/2554
f 2547/3062/2547 2548/2802/2548 2550/3070/2550 2383/1977/2383
f 2547/3062/2547 2993/3063/2993 2546/2800/2546 558/2799/558
f 2994/3064/2994 2545/3170/2545 2546/2800/2546 2993/3063/2993
f 2720/3172/2720 2719/3181/2719 2988/3173/2988
f 77/3380/77 426/3039/426 427/3042/427
f 2390/836/2390 2389/910/2389 2388/725/2388
f 2995/3065/2995 2376/837/2376 2375/1298/2375 2996/3081/2996
f 2384/891/2384 2383/1977/2383 2550/3070/2550
f 56/514/56 352/520/352 348/215/348
f 2801/2044/2801 71/83/71 2802/2041/2802
f 356/495/356 2967/494/2967 2969/499/2969
f 2522/680/2522 2476/3147/2476 2475/2202/2475 2700/2205/2700
f 2490/3151/2490 244/3152/244 2489/227/2489
f 2784/76/2784 2782/3257/2782 2781/77/2781
f 2464/37/2464 1294/2495/1294 1293/2494/1293
f 1291/2198/1291 1288/43/1288 2462/2671/2462
f 1289/44/1289 1290/15/1290 167/14/167
f 2756/3251/2756 2681/2670/2681 2680/3133/2680 2755/3128/2755
f 2765/3256/2765 2764/3265/2764 2781/77/2781 2782/3257/2782
f 1285/2191/1285 165/2190/165 1521/24/1521
f 224/166/224 18/165/18 223/3124/223
f 1600/2860/1600 329/308/329 293/307/293 1613/2586/1613
f 335/458/335 336/3246/336 3014/576/3014
f 1903/486/1903 1907/491/1907 1902/354/1902
f 334/457/334 3016/3381/3016 3015/426/3015
f 1793/468/1793 302/2723/302 1792/484/1792 1932/465/1932
f 3002/2507/3002 3014/576/3014 3001/2173/3001
f 3016/3381/3016 3017/281/3017 3015/426/3015
f 3032/3379/3032 2454/245/2454 2453/295/2453 3033/298/3033
f 2684/3259/2684 2758/154/2758 2685/39/2685
f 3032/3379/3032 3033/298/3033 3007/291/3007 3008/3113/3008
f 3027/3126/3027 322/405/322 321/2374/321
f 2762/2456/2762 2780/2455/2780 2763/3140/2763
f 3007/291/3007 3020/290/3020 3021/403/3021 3022/460/3022
f 2968/3277/2968 2975/431/2975 2972/3376/2972
f 3019/279/3019 3020/290/3020 3006/280/3006
f 287/414/287 2847/294/2847 2848/3120/2848
f 347/3243/347 2742/677/2742 2667/481/2667
f 1165/912/1165 1164/903/1164 1163/1144/1163
f 3016/3381/3016 334/457/334 3030/456/3030
f 321/2374/321 3029/2137/3029 3028/2139/3028 3027/3126/3027
f 273/2166/273 36/2497/36 274/241/274
f 334/457/334 3015/426/3015 336/3246/336
f 3010/2451/3010 3032/3379/3032 3008/3113/3008 3009/2452/3009
f 3020/290/3020 3019/279/3019 320/404/320
f 3003/542/3003 3014/576/3014 336/3246/336 3004/574/3004
f 1907/491/1907 1909/377/1909 1910/355/1910 1902/354/1902
f 3018/2375/3018 3016/3381/3016 3030/456/3030 3029/2137/3029
f 3025/3125/3025 3023/459/3023 322/405/322 3027/3126/3027
f 386/2113/386 1254/536/1254 385/310/385
f 335/458/335 3013/577/3013 3030/456/3030
f 1339/2242/1339 1345/2228/1345 1343/2231/1343 1340/323/1340
f 3013/577/3013 3002/551/3002 3012/553/3012
f 59/2521/59 363/2343/363 364/883/364
f 3018/2375/3018 3017/281/3017 3016/3381/3016
f 2679/2498/2679 2460/2181/2460 224/166/224 2678/2175/2678
f 3030/456/3030 3013/577/3013 3029/2137/3029
f 223/3124/223 18/165/18 221/2151/221
f 272/3311/272 3025/3125/3025 3026/3074/3026
f 59/2521/59 362/2523/362 363/2343/363
f 2452/575/2452 3004/574/3004 3005/296/3005 2453/295/2453
f 1280/238/1280 220/2177/220 233/320/233
f 3031/2453/3031 2998/3382/2998 2457/2171/2457 2456/2170/2456
f 347/3243/347 54/3240/54 343/3121/343
f 1742/2632/1742 1636/1937/1636 1635/1940/1635 1741/316/1741
f 327/205/327 1532/235/1532 326/206/326
f 1271/2140/1271 3043/312/3043 3040/2112/3040
f 2434/2961/2434 2433/840/2433 489/851/489 2423/2085/2423
f 405/673/405 2436/668/2436 3034/2939/3034
f 2429/881/2429 2425/939/2425 2431/850/2431
f 2434/2961/2434 2423/2085/2423 2422/807/2422
f 407/2252/407 2478/771/2478 2477/679/2477
f 86/2907/86 456/639/456 452/638/452
f 95/826/95 490/828/490 491/894/491
f 1235/2089/1235 463/2096/463 1234/2276/1234
f 434/2858/434 1234/2276/1234 435/2093/435 1233/2094/1233
f 1145/1259/1145 1143/1128/1143 533/2002/533
f 133/2825/133 667/2050/667 668/1329/668
f 2664/1093/2664 2738/3078/2738 2739/3225/2739 2665/3107/2665
f 1928/697/1928 448/782/448 1927/781/1927
f 1505/2468/1505 1503/2215/1503 1514/3383/1514
f 166/31/166 159/13/159 158/3384/158
f 1609/2389/1609 206/2382/206 14/100/14 205/147/205
f 8/2705/8 188/94/188 189/90/189
f 246/236/246 1803/2762/1803 1804/237/1804
f 27/2511/27 253/2515/253 250/2187/250
f 381/537/381 1254/536/1254 1253/2122/1253
f 235/3158/235 2504/3155/2504 2503/2460/2503 2511/2164/2511
f 1243/2134/1243 1244/2135/1244 1240/2136/1240
f 1249/759/1249 1243/2123/1243 1251/811/1251
f 1406/2324/1406 1408/2333/1408 1409/2332/1409
f 1258/2120/1258 1257/533/1257 1259/3034/1259
f 1894/2578/1894 1893/2583/1893 1922/2659/1922 1924/2579/1924
f 395/642/395 393/636/393 1268/644/1268
f 2445/3106/2445 361/2522/361 2444/554/2444
f 469/846/469 470/693/470 1267/695/1267
f 1264/2118/1264 1261/2143/1261 1262/613/1262
f 358/440/358 1273/451/1273 49/204/49
f 1529/2158/1529 1274/539/1274 1528/2516/1528
f 1257/533/1257 1255/535/1255 386/2113/386
f 456/639/456 455/948/455 469/846/469
f 1298/611/1298 2493/2209/2493 2494/3143/2494 1299/609/1299
f 2188/2767/2188 2190/2777/2190 1816/2780/1816 1814/2768/1814
f 1246/2127/1246 1244/2135/1244 1248/760/1248
f 1248/760/1248 1250/349/1250 80/762/80 1246/2127/1246
f 1173/2033/1173 1176/1789/1176 3060/1790/3060
f 937/1160/937 586/983/586 587/1161/587
f 651/1783/651 938/1158/938 587/1161/587
f 104/1037/104 537/1165/537 538/1945/538
f 2992/921/2992 2555/924/2555 2556/3058/2556 2386/1992/2386
f 88/829/88 466/2370/466 464/755/464
f 586/983/586 937/1160/937 514/1772/514
f 549/1698/549 490/828/490 493/827/493
f 409/3146/409 2525/724/2525 82/208/82
f 96/3024/96 494/661/494 495/660/495
f 849/1071/849 847/1685/847 3051/1684/3051 3050/1704/3050
f 471/599/471 3049/805/3049 513/600/513
f 1179/2037/1179 1178/854/1178 1182/2036/1182
f 419/706/419 2301/3001/2301 2300/707/2300
f 2451/540/2451 1275/435/1275 1274/539/1274 51/450/51
f 1258/2120/1258 1256/534/1256 1257/533/1257
f 1476/2423/1476 1477/2422/1477 1475/2395/1475
f 1271/2140/1271 3040/2112/3040 1272/2142/1272
f 3034/674/3034 3035/3111/3035 3038/675/3038
f 112/2019/112 579/2011/579 580/1142/580
f 2413/1686/2413 508/3166/508 507/2083/507
f 2427/932/2427 1228/1062/1228 1227/1066/1227
f 908/1777/908 907/1359/907 924/1415/924 922/1761/922
f 3055/1429/3055 838/3098/838 837/896/837
f 2412/1781/2412 508/3166/508 2413/1686/2413
f 846/1687/846 847/1685/847 849/1071/849 848/1070/848
f 746/1397/746 834/1396/834 745/1506/745
f 841/1079/841 684/1678/684 839/1080/839
f 3057/1670/3057 3056/1430/3056 836/1437/836
f 507/2083/507 94/1094/94 2414/2076/2414
f 3057/1670/3057 836/1437/836 3058/1920/3058
f 1543/1152/1543 1545/2536/1545 1546/1149/1546
f 1181/2040/1181 1184/1585/1184 582/1584/582 581/1267/581
f 688/1148/688 805/1378/805 139/1315/139
f 949/1333/949 730/1332/730 950/1650/950
f 1173/2033/1173 3060/1790/3060 517/972/517 503/936/503
f 2730/3021/2730 486/3020/486 487/1102/487 2657/3230/2657
f 503/936/503 1172/938/1172 1173/2033/1173
f 1011/1792/1011 690/1873/690 691/1886/691 1007/1883/1007
f 679/1813/679 680/1958/680 2156/1957/2156 2154/1305/2154
f 712/1459/712 818/1469/818 819/1402/819
f 2553/3177/2553 2714/925/2714 2554/923/2554
f 7/4/7 201/2292/201 1494/1/1494
f 2735/3239/2735 2822/3273/2822 2736/3018/2736
f 1151/1171/1151 633/1170/633 640/2004/640 609/1186/609
f 659/1225/659 131/1882/131 658/1222/658
f 641/1830/641 640/2004/640 636/2003/636
f 111/1124/111 578/1137/578 574/1139/574
f 669/1612/669 671/2846/671 670/1601/670
f 2508/157/2508 2498/996/2498 2507/158/2507
f 605/1168/605 606/1167/606 591/1172/591 1101/1174/1101
f 1100/1173/1100 603/1944/603 1099/1718/1099
f 524/1000/524 525/1019/525 1833/997/1833
f 2255/752/2255 2254/572/2254 2261/571/2261
f 1115/1214/1115 538/1945/538 1116/1164/1116
f 570/943/570 3061/942/3061 515/869/515 2312/3023/2312
f 2313/944/2313 570/943/570 2312/3023/2312
f 431/1208/431 430/696/430 1926/698/1926 1892/2015/1892
f 2526/1231/2526 2372/1694/2372 2371/814/2371
f 2305/739/2305 1153/1581/1153 1152/1169/1152
f 3059/1268/3059 580/1142/580 1159/973/1159
f 533/2002/533 1142/2001/1142 532/3010/532 103/2008/103
f 2089/2956/2089 2091/2099/2091 2090/2875/2090
f 1401/428/1401 1398/427/1398 1400/447/1400
f 3022/460/3022 3024/3312/3024 3008/3113/3008
f 334/457/334 336/3246/336 335/458/335
f 1854/1296/1854 1873/2827/1873 1874/2560/1874
f 1900/485/1900 340/488/340 339/363/339 1899/362/1899
f 320/404/320 321/2374/321 322/405/322
f 1105/1960/1105 1104/1221/1104 1098/1436/1098
f 2507/158/2507 2498/996/2498 2497/160/2497
f 118/1968/118 614/1220/614 613/1219/613
f 306/2757/306 307/2645/307 2981/2644/2981 2979/3282/2979
f 1099/1718/1099 3064/1269/3064 117/1924/117 1101/1174/1101
f 2506/112/2506 2507/158/2507 2497/160/2497
f 1104/1221/1104 614/1220/614 1103/1183/1103
f 180/2470/180 179/2391/179 1512/29/1512 3/28/3
f 534/1038/534 104/1037/104 538/1945/538
f 1343/2231/1343 1341/324/1341 1340/323/1340
f 126/1162/126 651/1783/651 587/1161/587
f 128/1349/128 648/1207/648 653/863/653
f 127/1136/127 577/1135/577 652/1847/652
f 125/1199/125 643/1217/643 644/1218/644
f 386/2113/386 385/310/385 3042/309/3042 1259/3034/1259
f 126/1162/126 585/1150/585 649/976/649
f 235/3158/235 236/3157/236 2495/3163/2495 2504/3155/2504
f 588/1163/588 114/1943/114 592/1212/592
f 236/3157/236 2505/111/2505 218/110/218 2495/3163/2495
f 615/1310/615 2644/1205/2644 119/1224/119
f 3064/1269/3064 642/1263/642 3065/1262/3065 117/1924/117
f 941/980/941 940/1288/940 1550/981/1550
f 185/2443/185 184/36/184 2686/153/2686 2687/1809/2687
f 218/110/218 217/139/217 2494/3143/2494 2495/3163/2495
f 1269/643/1269 1260/2129/1260 1259/3034/1259 3042/309/3042
f 1122/1951/1122 1134/1989/1134 1135/1999/1135
f 151/1479/151 739/1808/739 740/1021/740
f 1077/1908/1077 1053/1559/1053 1052/1558/1052
f 1034/1893/1034 981/1854/981 982/1857/982
f 124/1941/124 641/1830/641 638/1839/638
f 127/1136/127 652/1847/652 136/1845/136
f 114/1943/114 591/1172/591 592/1212/592
f 114/1943/114 590/1933/590 591/1172/591
f 1834/1049/1834 1835/998/1835 1833/997/1833
f 860/1690/860 907/1359/907 908/1777/908
f 937/1160/937 927/1159/927 929/1751/929
f 927/1159/927 938/1158/938 925/1416/925
f 927/1159/927 928/1739/928 930/1714/930 929/1751/929
f 937/1160/937 929/1751/929 514/1772/514
f 908/1777/908 682/1356/682 860/1690/860
f 940/1288/940 703/1784/703 939/1286/939
f 1554/1798/1554 944/1674/944 943/1794/943
f 911/898/911 910/1775/910 912/1764/912
f 921/1621/921 920/1681/920 922/1761/922
f 150/1475/150 732/1441/732 733/1667/733
f 723/1464/723 148/1462/148 724/1461/724
f 2596/3100/2596 2595/3189/2595 2611/3211/2611 2612/3184/2612
f 1076/1823/1076 956/1548/956 955/1819/955
f 883/1697/883 842/1696/842 844/1676/844 882/1721/882
f 754/1518/754 756/2061/756 814/1367/814
f 720/1444/720 831/1460/831 146/1457/146 721/1404/721
f 150/1475/150 734/1442/734 732/1441/732
f 726/1498/726 818/1469/818 712/1459/712 713/1458/713
f 1067/1597/1067 153/1872/153 1066/1654/1066 1065/1509/1065
f 112/2019/112 581/1267/581 582/1584/582
f 1079/1910/1079 1052/1558/1052 1050/1836/1050
f 123/2572/123 636/2003/636 633/1170/633
f 123/2572/123 635/1577/635 637/1251/637
f 764/1527/764 718/1543/718 717/1455/717
f 147/1446/147 716/1636/716 717/1455/717
f 155/1647/155 758/1486/758 757/1470/757
f 641/1830/641 636/2003/636 966/1831/966
f 832/1504/832 1209/1668/1209 1210/2064/1210
f 152/1675/152 743/1496/743 744/1499/744
f 147/1446/147 715/1448/715 716/1636/716
f 133/2825/133 664/1319/664 665/1321/665
f 1842/969/1842 1847/2804/1847 1862/2806/1862 1848/2807/1848
f 118/1968/118 610/901/610 611/1213/611
f 118/1968/118 613/1219/613 612/899/612
f 183/2006/183 182/2442/182 1484/2007/1484 1485/2005/1485
f 636/2003/636 637/1901/637 966/1831/966
f 107/3082/107 552/812/552 553/3079/553
f 106/1068/106 550/1699/550 551/1076/551
f 620/2539/620 2101/1155/2101 1549/1229/1549
f 2389/910/2389 2390/836/2390 2392/1842/2392
f 90/2146/90 470/693/470 469/846/469
f 2831/743/2831 2808/2105/2808 2809/2965/2809 2811/744/2811
f 3017/281/3017 3006/280/3006 3015/426/3015
f 47/2590/47 311/2622/311 313/2591/313
f 2715/926/2715 2716/3056/2716 2396/1086/2396 2557/3180/2557
f 31/260/31 263/262/263 264/264/264
f 302/2723/302 301/233/301 1726/232/1726
f 1456/2378/1456 1454/2380/1454 1607/257/1607
f 1403/2320/1403 2320/2342/2320 1404/2337/1404
f 1671/2414/1671 1669/2437/1669 1666/2408/1666 1693/2407/1693
f 194/2413/194 193/101/193 1653/2727/1653
f 1467/2410/1467 1466/148/1466 207/99/207
f 4/30/4 168/32/168 169/2193/169
f 1075/1903/1075 1073/1905/1073 1055/1828/1055
f 1077/1821/1077 1076/1823/1076 1075/1824/1075
f 1079/1910/1079 1077/1908/1077 1052/1558/1052
f 960/1556/960 1080/1555/1080 1079/1825/1079
f 960/1556/960 959/1909/959 958/1557/958
f 523/2795/523 520/1012/520 102/2803/102
f 526/1008/526 102/2803/102 521/2796/521
f 1545/2798/1545 1542/2797/1542 1544/2529/1544
f 1514/3383/1514 1503/2215/1503 181/2478/181 1513/27/1513
f 1515/9/1515 181/2478/181 1503/2215/1503 1502/10/1502
f 1664/2424/1664 2226/2667/2226 186/2489/186 1701/2472/1701
f 1453/2353/1453 1455/2379/1455 225/2446/225 19/2297/19
f 1453/2353/1453 265/263/265 29/258/29 1454/2380/1454
f 3026/3074/3026 3031/2453/3031 3009/2452/3009 272/3311/272
f 3008/3113/3008 3024/3312/3024 272/3311/272 3009/2452/3009
f 43/369/43 1590/368/1590 291/301/291 1596/300/1596
f 1596/300/1596 37/2596/37 1597/2598/1597
f 1590/368/1590 323/367/323 1595/2588/1595 310/382/310
f 52/2608/52 337/411/337 1917/2873/1917
f 2194/2863/2194 2196/2784/2196 341/472/341 2193/471/2193
f 1458/2347/1458 1457/2445/1457 1459/108/1459
f 46/503/46 290/3037/290 2318/273/2318
f 333/2995/333 2205/2987/2205 2204/2786/2204
f 1253/2122/1253 1256/534/1256 400/809/400 1252/808/1252
f 1259/3034/1259 1260/2129/1260 418/2121/418 1258/2120/1258
f 275/861/275 362/2523/362 2445/3106/2445
f 2437/670/2437 2438/907/2438 434/2858/434 1233/2094/1233
f 415/2924/415 2024/712/2024 413/2839/413
f 2845/3013/2845 2844/3022/2844 2837/1032/2837 442/1031/442
f 2392/1842/2392 2391/835/2391 2379/859/2379 2381/3069/2381
f 1220/885/1220 1226/884/1226 1218/1112/1218 1219/1113/1219
f 2287/1964/2287 475/2966/475 2288/2876/2288 2277/1980/2277
f 1217/1111/1217 507/2083/507 2414/2076/2414 1218/1112/1218
f 2389/910/2389 2392/1842/2392 484/908/484
f 2381/3069/2381 485/889/485 484/908/484 2392/1842/2392
f 1125/1981/1125 1126/1982/1126 1128/1983/1128
f 1126/1982/1126 1129/1998/1129 1128/1983/1128
f 1132/872/1132 1133/1979/1133 511/1895/511 1131/870/1131
f 1128/1983/1128 1129/1998/1129 511/1895/511 1133/1979/1133
f 3060/1790/3060 1159/973/1159 517/972/517
f 1197/1776/1197 700/1352/700 798/1372/798 1196/1371/1196
f 567/1108/567 2007/2887/2007 543/1975/543
f 2007/2887/2007 2006/390/2006 542/1056/542 543/1975/543
f 1830/1969/1830 544/1059/544 1834/1049/1834 1831/1048/1831
f 1444/506/1444 2314/505/2314 2317/2349/2317 2315/603/2315
f 1437/2365/1437 2258/1246/2258 2257/2020/2257
f 2630/2078/2630 2639/2963/2639 573/1001/573 2631/2079/2631
f 897/1734/897 905/1725/905 599/1724/599 899/1120/899
f 899/1120/899 599/1724/599 901/1118/901 887/1117/887
f 2305/739/2305 1152/1169/1152 1151/1171/1151 2308/740/2308
f 286/3122/286 287/414/287 2848/3120/2848 35/304/35
f 210/117/210 212/116/212 211/124/211
f 563/1054/563 2725/775/2725 2726/791/2726
f 632/985/632 647/988/647 1574/545/1574 1880/544/1880
f 2346/1123/2346 2350/1122/2350 657/1918/657 2361/1917/2361
f 788/1568/788 789/1313/789 686/1583/686 786/1550/786
f 1030/1384/1030 987/1871/987 1029/1385/1029
f 139/1315/139 779/1582/779 686/1583/686 789/1313/789
f 1017/1869/1017 697/1887/697 1016/1862/1016 1015/1639/1015
f 145/2072/145 710/1919/710 835/1440/835
f 815/1366/815 735/1365/735 819/1402/819 818/1469/818
f 736/1480/736 738/1495/738 737/1478/737
f 1499/20/1499 1498/2474/1498 1512/29/1512
f 1/1487/1 157/127/157 158/5/158
f 1/3385/1 158/3384/158 159/13/159
f 1/3385/1 159/13/159 160/12/160
f 1/1487/1 160/2200/160 156/2/156
f 2/2493/2 161/8/161 162/2475/162
f 2/2493/2 162/2475/162 163/2208/163
f 2/2493/2 164/64/164 161/8/161
f 1669/2416/1669 1670/2415/1670 1668/2417/1668
f 5/2195/5 171/2196/171 172/2399/172
f 5/2195/5 173/2429/173 174/2662/174
f 5/2195/5 174/2662/174 170/50/170
f 6/3030/6 175/2481/175 176/59/176
f 6/3030/6 176/59/176 177/61/177
f 6/2483/6 177/2479/177 178/2469/178
f 1695/2433/1695 1673/25/1673 1520/19/1520 1519/22/1519
f 9/2412/9 193/101/193 194/2413/194
f 9/2412/9 195/2411/195 191/72/191
f 26/2682/26 245/2761/245 246/236/246
f 2236/2701/2236 2234/2687/2234 2237/2282/2237
f 27/2511/27 250/2187/250 251/2186/251
f 27/2511/27 252/434/252 253/2515/253
f 1530/2159/1530 1529/2158/1529 1531/2510/1531
f 1448/3033/1448 1449/2357/1449 1406/2324/1406 1409/2340/1409
f 38/253/38 285/255/285 284/343/284
f 48/3302/48 315/3305/315 316/413/316
f 48/3386/48 318/3303/318 319/3300/319
f 3022/460/3022 3023/459/3023 3024/3312/3024
f 59/2521/59 365/3038/365 361/2522/361
f 1418/2358/1418 1421/566/1421 61/2363/61
f 1376/591/1376 370/2310/370 367/2312/367 1375/2300/1375
f 64/560/64 378/2306/378 376/589/376
f 1446/2354/1446 1445/2376/1445 2315/603/2315 1447/2351/1447
f 1821/2793/1821 1822/645/1822 1820/650/1820
f 67/625/67 388/627/388 390/628/390
f 67/625/67 391/3242/391 389/634/389
f 68/2147/68 392/637/392 393/636/393
f 68/2147/68 394/3378/394 392/637/392
f 1530/2159/1530 49/204/49 1274/539/1274
f 3019/279/3019 3017/281/3017 3018/2375/3018
f 1551/1281/1551 2104/1280/2104 141/2973/141 2107/1786/2107
f 73/664/73 404/669/404 405/673/405
f 73/664/73 405/673/405 406/672/406
f 74/3145/74 407/2252/407 408/678/408
f 425/723/425 2526/1231/2526 82/208/82 2525/724/2525
f 74/3145/74 411/685/411 410/2251/410
f 2003/2868/2003 417/2911/417 414/2841/414
f 2379/859/2379 2378/858/2378 2380/1978/2380
f 77/3380/77 425/723/425 426/3039/426
f 77/3380/77 427/3042/427 428/729/428
f 558/2799/558 2548/2802/2548 2547/3062/2547
f 77/3380/77 428/729/428 429/1695/429
f 2036/2940/2036 2011/2892/2011 2035/2927/2035
f 79/2100/79 440/3015/440 436/2101/436
f 2070/2959/2070 2052/1972/2052 2071/2936/2071
f 81/2132/81 444/2133/444 446/2250/446
f 81/2132/81 446/2250/446 447/2249/447
f 1330/763/1330 444/2133/444 443/764/443
f 425/723/425 77/3380/77 429/1695/429
f 92/3387/92 480/839/480 476/879/476
f 93/3072/93 482/726/482 483/909/483
f 93/3072/93 483/909/483 484/908/484
f 2417/815/2417 391/3242/391 390/628/390
f 95/826/95 492/825/492 493/827/493
f 665/1321/665 2563/3182/2563 2564/1322/2564
f 96/3024/96 496/868/496 497/974/497
f 96/3024/96 498/3009/498 496/868/496
f 2303/3007/2303 2265/920/2265 2264/753/2264 2304/741/2304
f 99/2087/99 508/3166/508 510/3050/510
f 108/1087/108 563/1054/563 561/3199/561
f 108/3270/108 562/1097/562 559/3187/559
f 2441/666/2441 2439/882/2439 2438/907/2438
f 109/1974/109 566/1105/566 567/1108/567
f 547/1069/547 569/1078/569 110/1061/110 568/1060/568
f 3059/1268/3059 1180/1732/1180 1181/2040/1181 581/1267/581
f 113/982/113 584/1151/584 585/1150/585
f 113/982/113 512/984/512 584/1151/584
f 114/1943/114 588/1163/588 589/1043/589
f 1106/1949/1106 1096/1959/1096 646/1200/646
f 115/2813/115 595/2832/595 596/945/596
f 1842/969/1842 1843/968/1843 1844/1014/1844 1847/2804/1847
f 120/1226/120 616/1179/616 617/1178/617
f 115/2813/115 596/945/596 598/1181/598
f 615/1310/615 119/1224/119 2604/1223/2604
f 650/1287/650 649/976/649 1549/975/1549
f 2370/813/2370 554/3053/554 2369/1081/2369
f 121/2969/121 625/3046/625 624/3041/624
f 121/3060/121 623/3052/623 625/1303/625
f 122/2580/122 627/1189/627 628/1240/628
f 122/2580/122 629/2855/629 630/1236/630
f 122/2580/122 628/1240/628 629/2855/629
f 2356/2035/2356 671/2846/671 669/1612/669
f 123/2572/123 637/1251/637 636/2003/636
f 124/1941/124 638/1839/638 639/1260/639
f 134/864/134 653/863/653 1575/987/1575
f 1970/2845/1970 1948/2570/1948 1969/1955/1969
f 133/2825/133 668/1329/668 666/2052/666
f 2585/3192/2585 2405/2070/2405 2404/3045/2404 2570/2060/2570
f 840/1689/840 839/1360/839 838/1361/838
f 685/1688/685 682/1356/682 908/1777/908
f 1191/1800/1191 793/1147/793 792/1588/792 1190/1591/1190
f 830/1501/830 726/1498/726 725/1451/725
f 152/1675/152 744/1499/744 746/1397/746
f 152/1675/152 746/1397/746 745/1506/745
f 155/1647/155 755/1513/755 758/1486/758
