# Blender 4.2.1 LTS
# www.blender.org
mtllib Asteroid_2b.mtl
o Asteroid_2b
v 0.250176 0.028474 0.949084
v 0.152251 -0.148990 0.935062
v 0.153231 -0.012752 0.919923
v 0.258293 -0.139040 0.937399
v -0.371619 0.116097 0.908602
v -0.043967 0.036332 0.885322
v 0.279021 0.211630 0.856493
v 0.622250 0.166069 0.804060
v -0.656315 -0.017901 0.818580
v -0.508866 0.300919 0.771454
v 0.508518 0.308409 0.768107
v -0.006270 0.364237 0.746688
v 0.098018 0.304359 0.764116
v -0.710283 0.164156 0.756105
v 0.447375 -0.149090 0.771021
v -0.230413 0.394748 0.746262
v -0.086949 0.388222 0.735093
v 0.395028 -0.409878 0.724662
v -0.348879 0.420992 0.682944
v 0.780631 -0.035178 0.680512
v -0.691432 -0.300113 0.686918
v 0.111830 -0.491648 0.701407
v 0.784600 0.232630 0.652272
v -0.474460 -0.395454 0.632307
v 0.487872 0.439876 0.612397
v -0.624692 -0.512637 0.600022
v -0.201944 -0.590988 0.613976
v -0.621529 0.358321 0.559406
v -0.502652 0.328380 0.565825
v 0.198451 0.576710 0.536845
v -0.527377 0.399769 0.532630
v 0.899042 -0.234809 0.515772
v -0.069744 -0.559873 0.511055
v 0.703908 -0.462372 0.491654
v 0.351917 -0.611559 0.504431
v -0.730324 0.374725 0.488644
v -0.884885 0.255715 0.475708
v -0.625771 -0.529873 0.478459
v 0.231675 0.600979 0.458445
v -0.612996 0.437397 0.438445
v -0.885068 0.319752 0.425799
v -0.682187 0.386600 0.417745
v -0.932202 -0.328906 0.403486
v 0.831306 0.121600 0.427575
v -0.638615 0.476951 0.387241
v -0.954752 0.182263 0.380772
v 0.935882 -0.366848 0.369883
v -0.386253 -0.664136 0.376506
v -0.869708 0.415041 0.335709
v -0.173547 -0.756884 0.335509
v -1.053795 0.030014 0.332375
v -0.919026 0.244352 0.293753
v 0.756853 -0.527764 0.267717
v -0.620280 0.605384 0.260715
v 0.869294 0.475609 0.270147
v -0.967307 -0.361393 0.239782
v -0.427446 -0.683770 0.248963
v 0.354296 -0.690882 0.249982
v 0.020641 0.731339 0.231435
v -0.316888 0.596174 0.256769
v 0.243815 -0.732022 0.221576
v -1.017713 0.228854 0.220573
v 0.220869 0.735308 0.188469
v -0.305407 0.742314 0.158208
v -0.804234 0.536098 0.130068
v 0.600765 -0.641471 0.093032
v -0.450932 -0.699597 0.096418
v -0.000165 -0.798578 0.108932
v 0.102201 0.718689 0.073570
v 1.145747 0.061839 0.057797
v -0.790745 -0.589485 0.068376
v 0.447334 -0.699580 0.034112
v 0.760417 0.591863 0.014076
v -0.874183 -0.333153 -0.005756
v -0.879195 0.452288 -0.028240
v 0.980487 0.395439 -0.015911
v 1.091532 -0.270482 -0.023266
v -0.484803 0.737929 -0.059929
v -0.096912 -0.776720 -0.048862
v 0.425132 0.714723 -0.058683
v 0.825735 0.521841 -0.067069
v -1.082376 0.238017 -0.069668
v 1.108667 -0.209806 -0.066493
v 0.966967 -0.305293 -0.044677
v -0.513038 -0.651437 -0.064267
v 0.120795 -0.773658 -0.059320
v 1.155152 0.036245 -0.103570
v 0.729224 -0.629082 -0.104057
v -0.378042 -0.696557 -0.102326
v -0.555310 0.535041 -0.122408
v 0.389826 -0.676733 -0.146801
v 0.884192 0.300170 -0.179896
v 0.800409 -0.562726 -0.188333
v 0.180868 -0.733118 -0.160422
v -0.313835 0.749160 -0.208257
v 0.643174 -0.613083 -0.191557
v 0.543956 0.672441 -0.225279
v 0.784008 -0.529348 -0.263503
v -0.484174 -0.616938 -0.258520
v -0.634874 -0.461678 -0.272047
v -0.686128 -0.483066 -0.272998
v -0.428989 0.687082 -0.313077
v -0.832475 0.411726 -0.286322
v 0.956679 -0.305324 -0.326961
v 0.243906 -0.639418 -0.319893
v 0.822809 0.468365 -0.355425
v 1.015361 -0.098756 -0.344815
v -0.845792 -0.266517 -0.338552
v 0.393271 -0.621922 -0.362149
v -0.603415 0.546815 -0.407495
v 0.303869 0.662334 -0.400334
v -0.481373 -0.566937 -0.407454
v -0.804246 0.376507 -0.401701
v -0.787897 -0.382481 -0.422178
v -0.697245 0.450016 -0.437179
v -0.706657 0.379327 -0.465218
v -0.863911 0.294656 -0.449195
v 0.410977 -0.131144 -0.462905
v -0.667304 -0.453368 -0.449663
v 0.722721 0.466905 -0.479649
v -1.044215 0.066205 -0.443865
v -0.068112 0.585433 -0.517940
v -0.278770 0.576118 -0.485524
v -0.906404 0.187181 -0.503533
v -0.480273 -0.528900 -0.476376
v -0.659758 0.439589 -0.496975
v -0.929078 -0.057383 -0.509172
v -0.898580 -0.224918 -0.499786
v -0.191642 0.267431 -0.571080
v 0.467371 -0.077206 -0.521761
v 0.150406 0.576107 -0.575619
v 0.907219 0.092733 -0.553746
v -0.895926 0.016418 -0.538659
v -0.291080 0.205432 -0.573343
v -0.673529 0.347883 -0.575422
v -0.206137 0.186643 -0.604906
v 0.084871 -0.554857 -0.594348
v 0.272415 0.497697 -0.605957
v 0.674403 0.293600 -0.629468
v -0.419583 -0.404502 -0.632829
v -0.379851 -0.472666 -0.674192
v -0.755183 -0.027552 -0.690147
v -0.661719 0.095892 -0.729766
v 0.302846 -0.292005 -0.782708
v 0.280106 -0.108571 -0.802494
v 0.416425 0.172690 -0.828777
v 0.368928 -0.065571 -0.839138
v -0.311347 -0.251910 -0.818628
v 0.458717 -0.021447 -0.853697
v -0.192026 -0.130250 -0.888437
v 0.217288 -0.187828 -0.879681
v -0.354569 -0.061952 -0.890095
v 0.077412 -0.171013 -0.919426
v 0.161183 -0.043855 -0.944997
v 0.271593 0.086406 0.926417
v 0.225250 0.075973 0.938106
v 0.229210 0.014861 0.955905
v 0.251246 -0.058421 0.957081
v 0.269781 0.015292 0.946679
v 0.185993 -0.111319 0.953946
v 0.145455 -0.136455 0.937540
v 0.108532 -0.162454 0.914984
v 0.180853 -0.152593 0.938876
v 0.139684 -0.179209 0.919739
v 0.223910 -0.125701 0.949332
v 0.280307 -0.129500 0.936972
v 0.244569 -0.172466 0.926368
v 0.296944 -0.183994 0.909493
v -0.406916 0.153373 0.902242
v -0.436932 0.104633 0.907159
v -0.369140 0.091009 0.910581
v -0.314309 0.113803 0.901271
v -0.341091 0.146770 0.894581
v -0.062815 0.020598 0.887046
v -0.020627 0.009830 0.891535
v -0.012093 0.046999 0.887418
v -0.048268 0.058713 0.879702
v 0.106030 -0.094431 0.904762
v -0.217886 0.159838 0.845335
v -0.289116 0.161288 0.858973
v 0.367125 -0.001539 0.845840
v -0.456379 -0.046788 0.802470
v 0.606508 0.145965 0.810512
v 0.654368 0.124452 0.788428
v 0.669171 0.182406 0.780840
v 0.605695 0.212703 0.799687
v -0.625256 0.017937 0.838378
v -0.668633 0.046487 0.808691
v -0.675814 -0.021023 0.803857
v -0.665272 -0.087569 0.802632
v -0.639199 -0.040514 0.826705
v -0.249467 0.331186 0.784616
v -0.176743 0.342552 0.767350
v -0.115403 0.364907 0.755536
v -0.014509 0.409437 0.699976
v 0.152106 0.252908 0.815428
v 0.164152 0.290327 0.785933
v 0.089791 0.351142 0.726849
v 0.041943 0.275644 0.792868
v -0.665964 0.194682 0.784630
v -0.737550 0.215165 0.695814
v -0.655993 0.115095 0.811545
v -0.698583 0.099347 0.778090
v -0.754004 0.190245 0.698486
v 0.593330 -0.121952 0.771240
v 0.568780 -0.156110 0.775516
v 0.559794 -0.126924 0.758465
v -0.265887 0.362947 0.772135
v -0.164408 0.385479 0.740616
v -0.298997 0.381852 0.754676
v -0.258627 0.418963 0.726266
v 0.199932 0.311523 0.710879
v -0.095494 0.406579 0.720703
v 0.294762 -0.420545 0.735463
v 0.370621 -0.470587 0.665614
v 0.351390 -0.346177 0.783844
v 0.479563 -0.431013 0.683719
v 0.469392 -0.367882 0.750865
v -0.367582 0.379029 0.698933
v 0.754083 -0.022963 0.707301
v 0.767218 -0.087152 0.686309
v 0.772646 0.052380 0.685391
v 0.800691 -0.010101 0.658729
v 0.807153 -0.086977 0.640316
v 0.030947 -0.483814 0.691178
v 0.041554 -0.497581 0.680399
v 0.135356 -0.457469 0.739408
v 0.171984 -0.510951 0.677697
v 0.377032 0.358091 0.628959
v 0.741769 0.233151 0.701869
v 0.798330 0.321296 0.577360
v 0.815393 0.299219 0.573461
v 0.467621 0.440386 0.620015
v 0.530922 0.402033 0.649610
v 0.544922 0.423987 0.605677
v 0.482064 0.451689 0.592613
v 0.430131 0.467014 0.582615
v -0.675330 -0.490160 0.585920
v -0.625047 -0.523691 0.585695
v -0.650166 -0.477921 0.618776
v -0.560647 -0.543588 0.578507
v -0.598787 -0.510941 0.612937
v -0.203411 -0.575813 0.628509
v -0.251383 -0.587837 0.596092
v -0.174019 -0.600353 0.611102
v -0.124428 -0.566959 0.646243
v -0.228181 -0.615905 0.572873
v -0.264956 0.432061 0.561156
v -0.298832 0.443578 0.577279
v -0.588850 0.321900 0.596678
v -0.638358 0.329788 0.600488
v -0.679161 0.361539 0.532530
v -0.569279 0.352348 0.550122
v -0.622415 0.385778 0.513662
v -0.698176 -0.142497 0.559020
v -0.573321 0.414948 0.484171
v -0.567494 0.387448 0.527913
v -0.512701 0.371329 0.546308
v -0.477884 0.402812 0.564617
v -0.506806 0.422353 0.522968
v 0.833863 -0.217877 0.573535
v 0.873675 -0.295420 0.523741
v 0.957945 -0.264115 0.440982
v 0.316640 -0.600970 0.547654
v 0.354827 -0.567798 0.567933
v 0.352757 -0.628570 0.427502
v 0.324954 -0.635629 0.437087
v 0.386020 -0.586648 0.520345
v -0.781229 0.376024 0.471541
v -0.729468 0.360354 0.517202
v -0.761917 0.376923 0.458768
v -0.868556 0.283876 0.484624
v -0.895767 0.268660 0.450891
v -0.853240 0.251794 0.520661
v -0.887187 0.233896 0.482215
v -0.923608 0.218787 0.433973
v 0.776346 -0.420162 0.417249
v 0.843129 -0.389086 0.449513
v -0.636345 0.440401 0.422302
v -0.623079 0.412578 0.469387
v -0.579343 0.453877 0.433144
v -0.744747 0.375297 0.410538
v -0.871291 0.374926 0.388175
v -0.865880 0.316588 0.461734
v -0.882097 0.362524 0.380792
v -0.906083 0.281147 0.421153
v -0.790899 0.050081 0.469603
v -0.820589 -0.078906 0.464365
v -0.850906 -0.007499 0.430292
v -0.926056 -0.297691 0.430115
v -0.968911 -0.277010 0.381242
v -0.887399 -0.341694 0.455409
v -0.951553 -0.341257 0.350359
v -0.913734 -0.371324 0.399379
v 0.470841 -0.455302 0.400140
v 0.482525 -0.429321 0.378143
v -0.674688 0.486547 0.367361
v -0.676007 0.511542 0.340288
v -0.761103 0.413979 0.366285
v -0.954097 0.197318 0.380516
v -0.944851 0.172962 0.403442
v -0.975173 0.177186 0.338366
v -0.966898 0.147793 0.358720
v 0.951996 -0.329199 0.399799
v 0.896124 -0.365228 0.428583
v 0.988738 -0.332938 0.322784
v 0.892048 -0.402994 0.368728
v 0.940618 -0.398769 0.306136
v 0.057614 -0.545770 0.416260
v 0.076710 -0.580158 0.368117
v 0.114945 -0.557535 0.398548
v -0.692236 0.436147 0.365033
v -0.413239 -0.671219 0.310197
v -0.444549 -0.635682 0.438697
v -0.426437 -0.632954 0.463023
v -0.849811 0.446694 0.318505
v -0.855322 0.387726 0.396016
v -0.886835 0.417201 0.296724
v 0.444537 -0.490417 0.343100
v -0.038777 -0.657953 0.355549
v -0.021476 -0.694605 0.333919
v -0.064826 -0.687829 0.368315
v -1.049600 0.112767 0.279882
v -1.016429 0.070770 0.353659
v -0.880128 0.309590 0.332137
v -0.785024 -0.488536 0.328718
v 0.886462 0.163384 0.299746
v 0.748936 -0.509621 0.327752
v 0.796812 -0.462293 0.345153
v 0.808176 -0.514313 0.244642
v 0.722309 -0.574103 0.174305
v 0.702925 -0.567740 0.221017
v 0.842132 0.492444 0.286707
v 0.827148 0.450166 0.359420
v 0.879673 0.454076 0.291267
v 0.916354 0.460197 0.215877
v 0.873081 0.501139 0.207961
v 0.918431 0.057587 0.294543
v -0.985424 -0.303751 0.299685
v -0.998970 -0.302585 0.228071
v -0.447045 -0.680568 0.249754
v -0.383649 -0.695607 0.277794
v -0.424731 -0.692369 0.216659
v -0.477025 -0.684469 0.174543
v 0.380683 -0.673555 0.265045
v 0.348326 -0.669666 0.313381
v 0.314184 -0.701571 0.263727
v 0.334174 -0.715626 0.200449
v 0.387287 -0.689953 0.212373
v 0.101198 0.722206 0.249137
v 0.090577 0.752633 0.203648
v -0.059841 0.723796 0.216640
v 0.025516 0.702602 0.269333
v -0.044474 0.745438 0.184140
v -1.006941 0.228790 0.242536
v -1.018515 0.270022 0.196448
v -1.029627 0.246088 0.172215
v -1.026333 0.200564 0.220526
v 0.194373 0.723509 0.230765
v 0.241879 0.724444 0.185059
v 0.160403 0.743453 0.213798
v 0.218519 0.746288 0.165521
v 0.274472 0.727330 0.126123
v -0.200977 -0.713557 0.197701
v -0.339370 0.719271 0.195592
v -0.375173 0.728345 0.179653
v 0.277220 0.617690 0.183389
v -0.295249 -0.677733 0.171333
v -0.271705 -0.657026 0.132608
v 0.590330 -0.635355 0.133965
v 0.544819 -0.675265 0.096069
v 0.640108 -0.617322 0.118261
v 0.588256 -0.657070 0.056477
v 0.642896 -0.632407 0.054464
v -0.495924 -0.686181 0.053031
v -0.446334 -0.697554 0.032496
v -0.462642 -0.694143 0.130676
v -0.429384 -0.705718 0.106892
v -0.079167 -0.796084 0.189552
v 1.164672 -0.030029 0.066495
v -0.731717 -0.596949 0.006364
v -0.734407 -0.611608 0.068834
v 0.462529 0.590617 0.057237
v 0.471048 -0.702131 0.072549
v 0.399424 -0.709777 0.050299
v 0.392986 -0.701360 -0.002404
v 0.458935 -0.695136 0.009542
v 0.523861 -0.687233 0.041338
v 0.739005 0.606815 0.035705
v 0.798688 0.572295 0.063774
v 0.804778 0.553226 0.000450
v 0.694148 0.629164 -0.010404
v 0.750341 0.590941 -0.019004
v 1.068758 -0.290436 0.010892
v -0.852628 -0.318583 -0.019557
v -0.855351 -0.346058 -0.024505
v -0.876332 -0.302910 0.000401
v -0.901660 -0.331013 0.020290
v -0.884726 -0.368901 -0.009959
v -0.251860 -0.692440 -0.014114
v -0.861677 0.465712 -0.039109
v -0.884614 0.442818 -0.091370
v -0.849574 0.482002 0.017561
v -0.894787 0.445642 0.012329
v -0.906274 0.432909 -0.043874
v 0.939670 0.443568 0.001953
v 0.996625 0.383501 0.023997
v 1.024828 0.329919 -0.014733
v 0.986726 0.378157 -0.041921
v 0.934592 0.429694 -0.056815
v -1.023480 0.288116 -0.035772
v -0.979864 0.302315 -0.054945
v 1.065203 -0.305825 -0.005496
v 1.085514 -0.262331 -0.074765
v 0.265497 -0.732231 -0.030754
v 0.180642 -0.756820 -0.063852
v -0.516157 0.732113 0.004498
v -0.467850 0.751996 -0.005424
v -0.452490 0.747242 -0.089677
v -0.478884 0.723161 -0.136712
v -0.503168 0.726016 -0.068727
v 0.826673 -0.430938 -0.044326
v 0.370034 0.715322 -0.032624
v 0.422497 0.709988 -0.037421
v 0.403160 0.720450 -0.078366
v 0.481350 0.704072 -0.053443
v 0.461356 0.715912 -0.095709
v -1.066032 0.261421 -0.048738
v -1.087209 0.228719 0.021333
v -1.102549 0.208042 -0.002944
v -1.075462 0.213308 -0.158123
v -0.529777 -0.659782 -0.014591
v -0.581902 -0.624906 -0.060756
v -0.527279 -0.627937 -0.113387
v -0.448812 -0.674520 -0.090633
v -0.458309 -0.682116 -0.030796
v 1.143854 -0.060351 -0.058310
v 1.158840 -0.018018 -0.077210
v -0.825764 -0.351226 -0.063817
v 0.523362 -0.636691 -0.051027
v 0.177122 -0.748617 -0.121539
v 0.042917 -0.774514 -0.077858
v 0.139484 -0.773727 0.019186
v 1.163830 0.029825 -0.056103
v 1.154806 0.006469 -0.111197
v 1.150488 0.082400 -0.057971
v 1.137010 0.008284 -0.169526
v 1.146671 0.053676 -0.120148
v -0.354897 -0.707901 -0.078114
v -0.295422 -0.716876 -0.084921
v -0.366256 -0.695149 -0.114757
v 0.644461 0.547265 -0.135706
v 0.700165 0.556911 -0.099278
v 0.642286 0.596478 -0.102097
v -0.710509 0.441141 -0.107159
v 0.414620 -0.675115 -0.098218
v 0.368688 -0.692802 -0.112717
v 0.354116 -0.683998 -0.176083
v 0.392107 -0.678769 -0.197016
v 0.410800 -0.660844 -0.144633
v 0.868983 0.314066 -0.197894
v 0.897720 0.323649 -0.168847
v 0.909410 0.295616 -0.153285
v 0.888553 0.284586 -0.182115
v 0.863406 0.277386 -0.212586
v 0.880956 -0.319985 -0.178822
v 0.803710 -0.523846 -0.245251
v 0.472117 -0.605410 -0.177404
v 0.217710 -0.700414 -0.206257
v 0.237333 -0.723572 -0.150647
v 0.107774 -0.761026 -0.127464
v 0.151747 -0.729796 -0.183901
v -0.340290 0.755829 -0.187514
v -0.291842 0.755829 -0.174364
v -0.309032 0.738129 -0.229850
v -0.354716 0.735762 -0.230658
v -0.263275 0.739830 -0.221253
v 0.571196 0.620647 -0.181240
v 0.559861 0.673943 -0.193019
v 0.554033 0.659913 -0.221434
v 0.530983 0.693111 -0.215410
v 0.536890 0.650913 -0.258592
v -0.118364 -0.547695 -0.216323
v 0.546933 -0.602451 -0.240430
v 0.756029 0.496630 -0.205728
v 0.765428 -0.568193 -0.240896
v 0.735930 -0.568596 -0.289560
v 0.837475 -0.453782 -0.287299
v 0.782205 -0.513238 -0.284006
v -0.485424 -0.587107 -0.334689
v -0.452028 -0.647380 -0.207625
v -0.462425 -0.602401 -0.327675
v -0.330478 0.672876 -0.279036
v 0.462608 0.688177 -0.241013
v 0.478146 0.645616 -0.274643
v -0.574402 -0.487273 -0.270309
v -0.698062 -0.502976 -0.252643
v -0.720663 -0.472710 -0.304480
v -0.658295 -0.511130 -0.245175
v -0.667940 -0.526219 -0.235569
v -0.665510 -0.476931 -0.271457
v -0.689848 -0.463279 -0.312701
v -0.712739 -0.462088 -0.335885
v -0.317271 -0.534395 -0.282388
v -0.423034 0.716078 -0.238357
v -0.397008 0.718654 -0.256755
v -0.402629 0.671935 -0.354321
v -0.472625 0.655899 -0.328195
v -0.423809 0.650999 -0.368030
v -0.861328 0.423765 -0.213758
v -0.822426 0.427264 -0.266201
v -0.794705 0.421915 -0.323379
v -0.827986 0.395347 -0.330177
v -0.865394 0.396200 -0.272933
v 0.978630 -0.295706 -0.306311
v 0.973605 -0.230384 -0.371027
v 0.895349 -0.378537 -0.318158
v -0.848026 -0.304611 -0.299280
v -0.844793 -0.276319 -0.330020
v -0.603371 -0.440889 -0.330520
v -0.541875 -0.500968 -0.343595
v 0.294545 -0.624712 -0.339397
v 0.288034 -0.653060 -0.286296
v 0.213777 -0.665536 -0.265442
v 0.196875 -0.647389 -0.326827
v 0.221257 -0.619178 -0.373092
v 0.840142 0.470942 -0.297638
v 0.836825 0.452376 -0.347184
v 0.811640 0.482618 -0.341644
v 0.788847 0.472286 -0.396525
v 0.818308 0.439658 -0.405654
v 0.878775 0.137762 -0.366207
v 0.872776 0.120530 -0.330611
v 1.018903 -0.060884 -0.345535
v 1.056793 -0.100605 -0.291995
v 0.995330 -0.123886 -0.373486
v 0.979562 -0.062863 -0.403512
v 1.030276 -0.162414 -0.313250
v 0.645233 -0.120344 -0.354020
v -0.841423 -0.256065 -0.330466
v -0.859529 -0.235054 -0.369437
v -0.856667 -0.265979 -0.354571
v 0.369059 -0.640294 -0.324597
v 0.298895 -0.600896 -0.396205
v -0.294148 0.641483 -0.364434
v -0.979324 -0.058633 -0.376088
v -0.955466 -0.096963 -0.376306
v 0.560332 -0.139834 -0.395013
v -0.618810 0.550757 -0.386341
v -0.567872 0.598715 -0.370620
v -0.561194 0.570850 -0.411054
v -0.605847 0.509264 -0.454214
v -0.660081 0.483179 -0.434501
v 0.263487 0.670870 -0.365527
v 0.326923 0.663552 -0.368492
v 0.363710 0.656752 -0.412642
v 0.306809 0.653551 -0.428425
v 0.243604 0.659819 -0.419733
v -0.497280 -0.561570 -0.390340
v -0.500777 -0.540639 -0.441454
v -0.465412 -0.580311 -0.397144
v -0.458728 -0.553896 -0.461240
v -0.832653 0.362777 -0.390260
v -0.799743 0.395921 -0.375419
v -0.773167 0.401325 -0.401604
v -0.798173 0.370034 -0.413718
v -0.831415 0.342272 -0.423533
v -0.813175 -0.404120 -0.383467
v -0.822877 -0.370316 -0.418897
v -0.795912 -0.355344 -0.459561
v -0.758604 -0.413091 -0.410530
v -0.750028 -0.394732 -0.451359
v -0.052941 -0.479157 -0.405365
v -0.487237 0.569361 -0.405865
v -0.735981 0.433449 -0.403781
v -0.697664 0.469158 -0.402918
v -0.707858 0.433476 -0.443443
v -0.680181 0.424469 -0.493560
v -0.780621 0.335426 -0.434725
v -0.278833 0.628579 -0.448817
v -0.247183 0.604120 -0.470399
v -0.176466 0.613394 -0.432612
v -0.861750 0.327021 -0.410195
v -0.849929 0.308061 -0.451008
v -0.885783 0.291794 -0.419303
v -0.881647 0.262029 -0.462080
v -0.845537 0.274117 -0.488172
v -0.708483 -0.438249 -0.426270
v -0.698873 -0.429972 -0.458856
v -0.664682 -0.461155 -0.433320
v -0.621782 -0.472655 -0.456427
v -0.654910 -0.449294 -0.466512
v 0.720362 0.493638 -0.448772
v 0.759631 0.453374 -0.450424
v 0.747187 0.412249 -0.512172
v 0.679001 0.507994 -0.482822
v 0.703441 0.457711 -0.512633
v -1.032369 0.104478 -0.430933
v -1.035113 0.052254 -0.454788
v -1.045557 0.016529 -0.454172
v -1.053816 0.055299 -0.437311
v -1.039999 0.111808 -0.395377
v -0.996602 0.079823 -0.467562
v -0.085790 0.606590 -0.485074
v -0.033784 0.612502 -0.506838
v -0.014934 0.572243 -0.552074
v -0.127187 0.567945 -0.513705
v -0.077622 0.554753 -0.545227
v -0.346829 0.548014 -0.500552
v -0.315753 0.589395 -0.467973
v -0.188947 0.577029 -0.492938
v -0.273385 0.552519 -0.502554
v -0.929036 0.199135 -0.465619
v -0.875997 0.218509 -0.500367
v -0.952038 0.163485 -0.473401
v -0.906227 0.162808 -0.523583
v -0.975655 -0.006482 -0.466495
v -0.956909 -0.041291 -0.483949
v -0.532169 -0.512720 -0.469940
v -0.482966 -0.515538 -0.492665
v -0.434394 -0.534150 -0.514080
v -0.643661 0.432942 -0.520234
v -0.929596 -0.007763 -0.493423
v -0.944284 -0.090706 -0.502201
v -0.904128 -0.034485 -0.531166
v -0.910378 -0.100308 -0.531980
v 0.477903 0.520078 -0.516744
v 0.448391 -0.095225 -0.463248
v 0.428107 -0.105532 -0.501086
v 0.505654 -0.055121 -0.494237
v 0.504785 -0.040382 -0.546510
v 0.453648 -0.081241 -0.567471
v -0.601846 -0.366837 -0.501980
v 0.926967 0.093902 -0.523841
v 0.955360 0.047280 -0.487747
v 0.884986 0.135684 -0.569708
v 0.906713 0.074404 -0.558156
v 0.855546 0.117434 -0.604736
v 0.457051 0.359243 -0.544545
v 0.434138 0.343469 -0.558556
v 0.463480 0.333009 -0.566836
v -0.258596 0.205743 -0.559660
v -0.268064 0.167426 -0.587414
v -0.311418 0.185652 -0.596979
v -0.321905 0.237296 -0.559031
v -0.650970 0.296700 -0.629203
v -0.700728 0.324533 -0.577545
v -0.683128 0.274693 -0.621595
v -0.692836 -0.283394 -0.570765
v -0.689473 -0.258695 -0.599886
v 0.073606 -0.570874 -0.572503
v 0.019379 -0.550692 -0.615265
v 0.136672 -0.543780 -0.603869
v 0.141758 -0.572606 -0.538740
v 0.062758 -0.524753 -0.635932
v 0.189446 0.556819 -0.586356
v 0.293345 0.501600 -0.575386
v 0.297331 0.482128 -0.640989
v 0.426424 0.322212 -0.603132
v -0.133988 0.173052 -0.659721
v 0.724978 0.250138 -0.618220
v 0.729267 0.347431 -0.569873
v 0.676059 0.353609 -0.593785
v 0.616584 0.293063 -0.668865
v 0.632616 0.256486 -0.683809
v -0.504388 0.249174 -0.650649
v 0.399115 0.356286 -0.630437
v 0.378756 0.386328 -0.651321
v 0.410648 0.355925 -0.660766
v -0.399280 -0.460864 -0.666821
v -0.365605 -0.439271 -0.704919
v -0.403431 -0.494712 -0.623338
v -0.328298 -0.468755 -0.697471
v -0.359738 -0.496721 -0.658388
v -0.725780 0.065795 -0.702080
v -0.619159 0.032844 -0.776494
v -0.474343 -0.208777 -0.730838
v 0.345371 -0.234098 -0.766183
v 0.265258 -0.372213 -0.756104
v 0.300659 -0.345094 -0.730899
v 0.259417 -0.086407 -0.809904
v 0.267351 -0.129528 -0.811662
v 0.382027 0.223254 -0.824987
v 0.437226 0.216325 -0.810534
v 0.477588 0.146953 -0.822900
v 0.427565 0.114024 -0.850155
v 0.375473 0.159410 -0.851066
v 0.303422 -0.029221 -0.840499
v 0.336949 -0.068536 -0.821236
v 0.290866 -0.063271 -0.812242
v 0.342543 -0.104390 -0.812974
v 0.367695 -0.117463 -0.822615
v 0.412424 -0.051533 -0.854430
v 0.289666 -0.158696 -0.821902
v 0.235889 -0.147837 -0.845717
v -0.348661 -0.210935 -0.848191
v -0.258286 -0.225339 -0.843113
v -0.254444 -0.302586 -0.782646
v -0.066934 -0.254489 -0.851384
v 0.477371 -0.029228 -0.844907
v 0.473635 -0.000203 -0.855015
v 0.545144 0.006239 -0.830651
v 0.408171 -0.023132 -0.865350
v 0.250867 -0.033509 -0.849506
v -0.217246 -0.112416 -0.873147
v -0.169298 -0.104495 -0.900622
v -0.197838 -0.075292 -0.881338
v -0.193391 -0.156497 -0.885381
v -0.247759 -0.145191 -0.878425
v -0.129522 -0.128881 -0.902878
v 0.182499 -0.149364 -0.896876
v 0.224598 -0.174028 -0.871521
v 0.274063 -0.205297 -0.852958
v 0.175171 -0.194625 -0.891713
v 0.241229 -0.224394 -0.870978
v -0.428749 -0.037877 -0.875634
v -0.443360 -0.075360 -0.872231
v 0.078954 -0.123326 -0.936744
v 0.118672 -0.164684 -0.912158
v 0.113906 -0.217512 -0.905866
v 0.046304 -0.200326 -0.911838
v 0.014085 -0.144037 -0.921493
v 0.179354 -0.046292 -0.930886
v 0.130555 -0.083944 -0.941024
v 0.217150 -0.002060 -0.927681
v 0.163101 -0.019257 -0.952557
v 0.096277 -0.051535 -0.958257
v 0.030383 -0.069045 -0.934067
v 0.027268 -0.030577 -0.957225
v 0.024963 -0.008270 -0.968931
v 0.262842 0.062796 -0.917350
v 0.152470 0.054653 -0.954787
v 0.344994 0.109540 -0.871781
v 0.240680 0.150614 -0.906639
v 0.320885 0.185044 -0.862078
v 0.329686 0.240250 -0.836029
v 0.274840 0.248374 -0.844829
v 0.377604 0.279831 -0.807694
v 0.278876 0.295066 -0.814114
v 0.326405 0.334329 -0.797151
v 0.302302 0.392597 -0.745501
v 0.255887 0.421642 -0.703877
v 0.275286 0.438567 -0.693532
v 0.243997 0.445513 -0.679399
v 0.228034 0.475170 -0.662983
v 0.247823 0.489868 -0.646629
v 0.209933 0.503458 -0.646789
v 0.194469 0.529161 -0.623475
v 0.187445 0.490328 -0.665826
v 0.113515 0.545947 -0.619180
v 0.140915 0.503464 -0.657071
v 0.044122 0.579282 -0.563649
v 0.091764 0.611876 -0.522849
v 0.029184 0.637363 -0.471969
v 0.188969 0.628148 -0.503400
v 0.260763 0.640509 -0.458414
v 0.280297 0.606960 -0.487086
v 0.254226 0.552146 -0.540844
v 0.287206 0.544654 -0.534600
v 0.287061 0.520937 -0.553321
v 0.310216 0.524652 -0.545575
v 0.314196 0.490156 -0.577849
v 0.327946 0.453106 -0.617591
v 0.358335 0.408805 -0.645044
v 0.377690 0.383699 -0.625061
v 0.400134 0.349509 -0.610847
v 0.418498 0.330423 -0.621180
v 0.366833 0.402088 -0.673397
v 0.345980 0.424436 -0.663638
v 0.358650 0.411988 -0.690471
v 0.337319 0.435104 -0.679186
v 0.351287 0.420773 -0.706452
v 0.327987 0.441803 -0.693464
v 0.305919 0.463939 -0.676147
v 0.328340 0.418142 -0.731938
v 0.369718 0.374828 -0.774179
v 0.408885 0.312407 -0.795946
v 0.543361 0.225349 -0.763872
v 0.535409 0.161077 -0.795779
v 0.540912 0.102125 -0.817584
v 0.431318 0.052645 -0.864283
v 0.261428 0.032061 -0.914277
v 0.260519 0.006347 -0.908448
v 0.200527 -0.050915 -0.900896
v 0.188560 -0.107594 -0.892983
v 0.148425 -0.120075 -0.920580
v 0.210857 -0.095185 -0.845957
v 0.269773 -0.044075 -0.826812
v 0.324595 -0.014849 -0.871078
v 0.345977 0.029352 -0.890402
v 0.426123 0.011202 -0.867770
v 0.547704 0.034322 -0.832247
v 0.656456 0.037083 -0.748555
v 0.551484 -0.011450 -0.817375
v 0.438783 -0.065179 -0.838535
v 0.383950 -0.130726 -0.818058
v 0.349212 -0.163433 -0.820432
v 0.308342 -0.183010 -0.831996
v 0.264911 -0.176394 -0.845431
v 0.305798 -0.128408 -0.806195
v 0.362217 -0.176134 -0.805514
v 0.292716 -0.243240 -0.831201
v 0.229015 -0.265274 -0.865780
v 0.245046 -0.337854 -0.800906
v 0.207963 -0.456244 -0.721458
v 0.210311 -0.522066 -0.618376
v 0.271813 -0.546152 -0.511484
v 0.217960 -0.571841 -0.495096
v 0.286502 -0.572815 -0.454262
v 0.163027 -0.594527 -0.475372
v 0.130575 -0.602528 -0.460329
v 0.168205 -0.633504 -0.372910
v 0.131663 -0.632332 -0.369760
v 0.162531 -0.672113 -0.284588
v 0.086852 -0.708608 -0.223134
v 0.036920 -0.651563 -0.230858
v -0.114734 -0.599712 -0.155587
v -0.262065 -0.573984 -0.179156
v -0.266294 -0.515175 -0.245332
v -0.230400 -0.494458 -0.285346
v -0.201414 -0.509723 -0.252470
v -0.197759 -0.494091 -0.291228
v -0.033162 -0.556019 -0.605796
v -0.036347 -0.566515 -0.581143
v -0.112745 -0.550622 -0.563420
v -0.183346 -0.549780 -0.562288
v -0.176349 -0.542732 -0.543119
v -0.246156 -0.561935 -0.525587
v -0.169110 -0.527030 -0.520792
v -0.305775 -0.553935 -0.457114
v -0.260927 -0.502114 -0.385032
v -0.263023 -0.499555 -0.284859
v -0.227294 -0.486697 -0.331769
v -0.156106 -0.484923 -0.334267
v -0.165800 -0.499822 -0.299204
v -0.131886 -0.507336 -0.303018
v -0.137888 -0.525194 -0.269460
v -0.100593 -0.531461 -0.266364
v 0.042088 -0.582085 -0.518304
v -0.102150 -0.535930 -0.523208
v -0.179392 -0.481511 -0.373164
v -0.126058 -0.474023 -0.398609
v -0.107534 -0.475495 -0.359077
v -0.086454 -0.496882 -0.326895
v -0.050010 -0.499828 -0.320194
v -0.058864 -0.517806 -0.293170
v -0.029041 -0.518710 -0.289023
v -0.035371 -0.533324 -0.261346
v 0.032326 -0.531162 -0.323253
v 0.021218 -0.557906 -0.475602
v -0.037372 -0.527574 -0.484041
v -0.095794 -0.517034 -0.493260
v -0.087093 -0.494963 -0.454172
v -0.143567 -0.492445 -0.442809
v -0.060133 -0.472741 -0.379293
v -0.073505 -0.479181 -0.350967
v -0.031168 -0.482342 -0.378555
v -0.011910 -0.497186 -0.344732
v -0.005465 -0.506759 -0.415028
v -0.191958 -0.543687 -0.582226
v -0.119473 -0.524619 -0.595947
v -0.038861 -0.527103 -0.637763
v -0.064923 -0.471493 -0.687013
v 0.030351 -0.450280 -0.703275
v 0.090001 -0.480174 -0.684550
v 0.061702 -0.408090 -0.753388
v 0.140799 -0.387886 -0.787609
v 0.177245 -0.292796 -0.868858
v 0.064343 -0.252225 -0.885217
v 0.035915 -0.347664 -0.806212
v -0.056614 -0.363646 -0.766204
v -0.031630 -0.427955 -0.722693
v -0.149697 -0.385759 -0.755606
v -0.125699 -0.441950 -0.706211
v -0.185118 -0.417584 -0.723043
v -0.156211 -0.466341 -0.674178
v -0.256179 -0.479708 -0.684021
v -0.218757 -0.515574 -0.636239
v -0.315224 -0.530465 -0.620824
v -0.201217 -0.533441 -0.603567
v -0.364472 -0.566353 -0.530132
v -0.270583 -0.568689 -0.571633
v -0.412785 -0.586577 -0.429525
v -0.331567 -0.587081 -0.495301
v -0.415060 -0.611151 -0.321310
v -0.299528 -0.645097 -0.163485
v -0.434999 -0.578755 -0.441851
v -0.386680 -0.547689 -0.548920
v -0.411752 -0.520460 -0.566495
v -0.432400 -0.494645 -0.579416
v -0.445652 -0.474635 -0.589175
v -0.379698 -0.388432 -0.708299
v -0.359376 -0.396374 -0.717171
v -0.336226 -0.352823 -0.734287
v -0.285611 -0.347313 -0.740266
v -0.279344 -0.434360 -0.719944
v -0.205147 -0.349991 -0.764110
v -0.163228 -0.316092 -0.805989
v -0.029282 -0.200838 -0.894753
v -0.145170 -0.178398 -0.881610
v -0.115625 -0.085311 -0.922366
v -0.113180 -0.056535 -0.936359
v 0.206371 0.199158 -0.900425
v 0.220350 0.248863 -0.859926
v 0.221541 0.335345 -0.788635
v 0.213483 0.398456 -0.730116
v 0.209682 0.427342 -0.704069
v 0.154346 0.463715 -0.680480
v 0.124873 0.487305 -0.662511
v 0.130718 0.445265 -0.685871
v 0.104357 0.467301 -0.670053
v 0.087475 0.509834 -0.638987
v 0.011525 0.537457 -0.593703
v -0.012591 0.486937 -0.615218
v -0.091247 0.500647 -0.571791
v -0.137161 0.522552 -0.544182
v -0.374143 0.451166 -0.539370
v -0.394795 0.502053 -0.532502
v -0.415482 0.532585 -0.510283
v -0.478764 0.437403 -0.555819
v -0.509507 0.475846 -0.537887
v -0.559430 0.452761 -0.539881
v -0.533589 0.509512 -0.513278
v -0.565715 0.393784 -0.578833
v -0.610030 0.418661 -0.553571
v -0.615448 0.303260 -0.638662
v -0.632319 0.203160 -0.703390
v -0.553012 0.143493 -0.746471
v -0.349714 0.086522 -0.779531
v -0.250580 0.066947 -0.768211
v -0.199312 0.072721 -0.755318
v -0.218338 0.094170 -0.697127
v -0.174799 0.104800 -0.692601
v -0.115632 0.120497 -0.736603
v -0.137011 0.118843 -0.695893
v -0.081585 0.151456 -0.723372
v -0.044361 0.225869 -0.677302
v -0.059870 0.330239 -0.604590
v -0.130156 0.404403 -0.552369
v -0.244489 0.443926 -0.520753
v -0.523767 0.363672 -0.586261
v -0.555160 0.336983 -0.610181
v -0.575509 0.300972 -0.642933
v -0.542393 0.215443 -0.697529
v -0.501437 0.227110 -0.678867
v -0.455146 0.180225 -0.702991
v -0.462013 0.210145 -0.675120
v -0.425218 0.188318 -0.661150
v -0.374900 0.138431 -0.688897
v -0.336951 0.160165 -0.628063
v -0.277295 0.120350 -0.656582
v -0.250754 0.135301 -0.613090
v -0.192239 0.113599 -0.650984
v -0.179562 0.136797 -0.633499
v -0.129890 0.142118 -0.670844
v -0.270256 0.254111 -0.540898
v -0.226372 0.281387 -0.537735
v -0.174681 0.324063 -0.550304
v -0.122778 0.279000 -0.616482
v -0.277070 0.314687 -0.526799
v -0.394409 0.316016 -0.542942
v -0.423490 0.255857 -0.573442
v -0.483897 0.319256 -0.576820
v -0.536059 0.290835 -0.639535
v -0.439318 0.221321 -0.623698
v -0.395397 0.206952 -0.606949
v -0.347694 0.195268 -0.598459
v -0.227834 0.157237 -0.597061
v -0.138999 0.470339 -0.549304
v -0.054267 0.466145 -0.594503
v -0.058407 0.390953 -0.592847
v -0.023350 0.415617 -0.609674
v -0.008562 0.354247 -0.634536
v -0.022466 0.297694 -0.646256
v 0.004403 0.306339 -0.662019
v 0.007413 0.260385 -0.703762
v -0.014684 0.174797 -0.791664
v -0.084647 0.123784 -0.782328
v -0.122256 0.091277 -0.800085
v -0.083224 0.110398 -0.847749
v -0.125273 0.085102 -0.863289
v -0.217688 0.060854 -0.819715
v -0.271072 0.059882 -0.821069
v -0.225418 0.049257 -0.859996
v -0.281633 0.041307 -0.850747
v -0.399092 0.033912 -0.838577
v -0.523941 0.055643 -0.822483
v -0.555565 0.020695 -0.823456
v -0.415354 -0.001855 -0.861025
v -0.287919 0.019680 -0.870397
v -0.227396 0.029505 -0.882041
v -0.028812 0.123557 -0.878725
v -0.002416 0.162532 -0.855679
v 0.034898 0.241495 -0.779381
v 0.036207 0.283539 -0.725226
v 0.026862 0.378953 -0.651603
v 0.053611 0.457629 -0.656829
v 0.104493 0.421530 -0.693257
v 0.063695 0.355136 -0.704586
v 0.105215 0.379220 -0.717862
v 0.106302 0.342236 -0.749612
v 0.071942 0.275452 -0.794872
v 0.115979 0.305373 -0.791482
v 0.068112 0.232258 -0.845596
v 0.119154 0.260472 -0.840972
v 0.106487 0.203280 -0.883078
v 0.030075 0.127421 -0.895501
v 0.088001 0.142289 -0.908058
v -0.002817 0.088591 -0.917532
v -0.112676 0.036181 -0.921741
v -0.226968 0.010005 -0.895723
v -0.289569 -0.002589 -0.882963
v -0.224395 -0.008606 -0.902797
v -0.355090 -0.025114 -0.879947
v -0.219354 -0.025887 -0.901681
v -0.113625 -0.012289 -0.941632
v 0.115422 0.116492 -0.938439
v 0.163583 0.233400 -0.876693
v 0.170914 0.281976 -0.828130
v 0.144040 0.296006 -0.810357
v 0.166915 0.322481 -0.786540
v 0.136014 0.334084 -0.768691
v 0.159403 0.357875 -0.753461
v 0.130938 0.368083 -0.735466
v 0.158425 0.390744 -0.724493
v 0.131119 0.404295 -0.708769
v 0.157968 0.425468 -0.700866
v -0.295851 -0.082369 -0.882164
v -0.395348 -0.110622 -0.878634
v -0.518664 -0.073576 -0.847874
v -0.504568 -0.032173 -0.853331
v -0.639540 -0.037614 -0.776415
v -0.722823 -0.102825 -0.713541
v -0.745334 -0.144342 -0.696026
v -0.778447 -0.153279 -0.662276
v -0.817278 -0.156633 -0.623022
v -0.819640 -0.096657 -0.628502
v -0.868165 -0.099352 -0.577227
v -0.866613 -0.031301 -0.578460
v -0.837854 0.035336 -0.619317
v -0.821054 0.092931 -0.631345
v -0.765801 0.103929 -0.667630
v -0.801988 0.147515 -0.623616
v -0.737227 0.166411 -0.631490
v -0.741812 0.245528 -0.588068
v -0.693072 0.415537 -0.484622
v -0.745197 0.412145 -0.418352
v -0.741985 0.390914 -0.424009
v -0.830551 0.320049 -0.453395
v -0.817506 0.272730 -0.516187
v -0.825475 0.239510 -0.534359
v -0.781723 0.211172 -0.585324
v -0.845871 0.185595 -0.565341
v -0.908197 0.121809 -0.541813
v -0.976191 0.131186 -0.474110
v -0.979884 0.152060 -0.445397
v -0.984151 0.175253 -0.390485
v -0.949558 0.215779 -0.394741
v -0.921284 0.237175 -0.437758
v -0.936288 0.238640 -0.342520
v -0.909926 0.281830 -0.337731
v -0.914403 0.356678 -0.255111
v -0.853419 0.367239 -0.348639
v -0.896283 0.421675 -0.148438
v -0.858125 0.462838 -0.097171
v -0.838896 0.442027 -0.203713
v -0.785514 0.443281 -0.290617
v -0.816216 0.455845 -0.192141
v -0.722219 0.487063 -0.307216
v -0.755703 0.467484 -0.243583
v -0.711314 0.493287 -0.280738
v -0.694511 0.509969 -0.303631
v -0.680788 0.506924 -0.280880
v -0.687733 0.482599 -0.257951
v -0.641875 0.549620 -0.286136
v -0.655615 0.495602 -0.258547
v -0.652135 0.471224 -0.229119
v -0.608294 0.481811 -0.188385
v -0.586722 0.563281 -0.240471
v -0.697442 0.499511 -0.332154
v -0.727081 0.471109 -0.334336
v -0.730749 0.454695 -0.366930
v -0.697387 0.486805 -0.362599
v -0.645597 0.561409 -0.329341
v -0.567348 0.629611 -0.308266
v -0.548653 0.633149 -0.326894
v -0.521442 0.633153 -0.350522
v -0.471470 0.624015 -0.360726
v -0.436191 0.599847 -0.384261
v -0.413175 0.578767 -0.436912
v -0.372172 0.606621 -0.438846
v -0.438349 0.554319 -0.488605
v -0.499316 0.542103 -0.487510
v -0.550198 0.531874 -0.473313
v -0.335593 0.649435 -0.408789
v -0.190921 0.652320 -0.384053
v -0.109680 0.643535 -0.420601
v -0.028417 0.640135 -0.465211
v 0.042765 0.663002 -0.414591
v 0.056358 0.688284 -0.355187
v 0.108861 0.665206 -0.411912
v 0.188325 0.677457 -0.355145
v 0.253706 0.681965 -0.311009
v 0.301069 0.695568 -0.265881
v 0.409603 0.648794 -0.331913
v 0.380173 0.702273 -0.252289
v 0.509352 0.672133 -0.246744
v 0.502460 0.710504 -0.183233
v 0.563821 0.676594 -0.151410
v 0.573059 0.654781 -0.166908
v 0.613680 0.629499 -0.109028
v 0.610401 0.584542 -0.133464
v 0.625860 0.536889 -0.177324
v 0.557729 0.628251 -0.242831
v 0.606951 0.543597 -0.273928
v 0.575560 0.597099 -0.297251
v 0.550882 0.625071 -0.307267
v 0.608779 0.590831 -0.340944
v 0.572095 0.627194 -0.354741
v 0.535119 0.626743 -0.337831
v 0.506774 0.628940 -0.374674
v 0.583921 0.628900 -0.399048
v 0.505621 0.636716 -0.427354
v 0.463238 0.636572 -0.414912
v 0.409879 0.647761 -0.441205
v 0.500254 0.633961 -0.463998
v 0.399712 0.632900 -0.473468
v 0.354601 0.641605 -0.452178
v 0.353017 0.617932 -0.482919
v 0.396842 0.616983 -0.498023
v 0.322092 0.591597 -0.495079
v 0.299967 0.566030 -0.513171
v 0.332960 0.570684 -0.520650
v 0.358345 0.536853 -0.532589
v 0.351353 0.439633 -0.560914
v 0.369418 0.397017 -0.589379
v 0.423117 0.327676 -0.579359
v 0.441843 0.317393 -0.593626
v 0.455070 0.316339 -0.637978
v 0.402544 0.382077 -0.715319
v 0.342248 0.425150 -0.721704
v 0.390180 0.391851 -0.752164
v 0.486311 0.290129 -0.773341
v 0.644472 0.141693 -0.736600
v 0.652743 0.080221 -0.752713
v 0.648379 0.007270 -0.726467
v 0.451772 -0.073202 -0.816318
v 0.393847 -0.137557 -0.797539
v 0.372480 -0.182946 -0.780971
v 0.402187 -0.140526 -0.773427
v 0.365705 -0.229830 -0.724301
v 0.266327 -0.460429 -0.666760
v 0.282499 -0.519995 -0.573086
v 0.320135 -0.555166 -0.468108
v 0.537978 -0.620698 -0.365757
v 0.664761 -0.618624 -0.303690
v 0.716064 -0.621463 -0.213089
v 0.704699 -0.637319 -0.112286
v 0.676535 -0.633982 -0.201154
v 0.654938 -0.622982 -0.126532
v 0.624499 -0.594562 -0.138803
v 0.586794 -0.579491 -0.129741
v 0.603772 -0.599108 -0.218431
v 0.617020 -0.621744 -0.243675
v 0.541817 -0.645778 -0.326427
v 0.426591 -0.651451 -0.317854
v 0.399984 -0.661910 -0.286721
v 0.344793 -0.675638 -0.234664
v 0.297621 -0.699485 -0.166907
v 0.270173 -0.728929 -0.112162
v 0.214359 -0.729711 0.046239
v 0.134334 -0.786686 0.097152
v 0.005313 -0.787834 0.173806
v -0.044768 -0.782017 0.246435
v -0.059646 -0.792306 0.212272
v -0.184405 -0.775721 0.275475
v -0.098570 -0.792145 0.177335
v -0.195580 -0.760529 0.233439
v -0.081121 -0.784986 0.068122
v -0.053042 -0.792077 0.060753
v -0.049613 -0.797348 0.113456
v -0.040819 -0.787189 0.015520
v 0.043317 -0.781154 -0.000866
v -0.078010 -0.787892 0.025527
v -0.111305 -0.775509 -0.000673
v -0.136061 -0.769287 -0.032225
v -0.128458 -0.757199 0.012133
v -0.119509 -0.730585 0.084221
v -0.178325 -0.686291 0.138082
v -0.220322 -0.672643 0.154600
v -0.228645 -0.657028 0.118101
v -0.201013 -0.675870 0.066302
v -0.245858 -0.661838 0.080491
v -0.212369 -0.676429 0.030672
v -0.304888 -0.665815 0.055977
v -0.294421 -0.696192 -0.012266
v -0.224963 -0.710800 -0.025932
v -0.229944 -0.725625 -0.041385
v -0.186678 -0.745026 -0.039402
v -0.189968 -0.729877 -0.025270
v -0.334908 -0.716682 -0.053252
v -0.231974 -0.731748 -0.054774
v -0.232046 -0.733047 -0.068497
v -0.407404 -0.704362 0.001989
v -0.375634 -0.707012 0.020863
v -0.409884 -0.707847 0.179398
v -0.359369 -0.717376 0.220425
v -0.374448 -0.708804 0.242194
v -0.284115 -0.738221 0.312241
v -0.284496 -0.689315 0.426321
v -0.223788 -0.653580 0.528168
v -0.142001 -0.610484 0.601665
v -0.054129 -0.540330 0.650215
v 0.155468 -0.526100 0.661382
v 0.261565 -0.546895 0.623627
v 0.222219 -0.478701 0.700125
v 0.162584 -0.381919 0.821399
v 0.265298 -0.320615 0.842541
v 0.146224 -0.284410 0.879573
v 0.223106 -0.225247 0.906231
v 0.159498 -0.212432 0.911283
v 0.321247 -0.224251 0.879669
v 0.338297 -0.206076 0.884237
v 0.355380 -0.189364 0.886061
v 0.310462 -0.116472 0.930496
v 0.282884 -0.058761 0.947697
v 0.342049 -0.151883 0.905248
v 0.312385 -0.058438 0.932503
v 0.334376 -0.057037 0.911346
v 0.349317 0.026684 0.899108
v 0.302202 0.060048 0.923197
v 0.330566 0.164173 0.877977
v 0.399561 0.249873 0.821150
v 0.270333 0.261449 0.818276
v 0.176332 0.310568 0.767061
v 0.052692 0.437454 0.668515
v 0.108699 0.534559 0.608711
v 0.202883 0.557850 0.553664
v 0.268366 0.552201 0.516477
v 0.339382 0.514577 0.519467
v 0.339528 0.508152 0.499757
v 0.381412 0.488688 0.517458
v 0.423699 0.465002 0.513082
v 0.414134 0.449325 0.480713
v 0.460320 0.444262 0.499949
v 0.491407 0.424480 0.475965
v 0.470123 0.410490 0.417193
v 0.516332 0.411796 0.437203
v 0.536789 0.408353 0.387938
v 0.512861 0.419159 0.304642
v 0.555623 0.413210 0.330489
v 0.586102 0.470206 0.205141
v 0.604132 0.616939 0.074346
v 0.550460 0.667632 0.032278
v 0.475069 0.698582 -0.022536
v 0.568860 0.675716 -0.011956
v 0.513573 0.700813 -0.098987
v 0.465481 0.718329 -0.139756
v 0.411617 0.722573 -0.172755
v 0.284207 0.715162 -0.040152
v 0.314013 0.716727 -0.015245
v 0.259857 0.718344 0.008887
v 0.282184 0.724271 0.031142
v 0.298600 0.721503 0.051516
v 0.381736 0.709815 -0.007694
v 0.346105 0.708903 0.028578
v 0.390925 0.702624 0.018497
v 0.472739 0.691548 0.007929
v 0.542170 0.652813 0.045884
v 0.538971 0.561747 0.077422
v 0.418548 0.463223 0.252990
v 0.330932 0.489999 0.437445
v 0.233504 0.605274 0.353937
v 0.297607 0.523492 0.307129
v 0.331167 0.519448 0.196828
v 0.324823 0.624837 0.115500
v 0.389631 0.543202 0.106932
v 0.389687 0.597121 0.076966
v 0.356600 0.630283 0.084848
v 0.393315 0.640058 0.062153
v 0.359802 0.664343 0.073766
v 0.299389 0.660795 0.141628
v 0.172798 0.629674 0.367256
v 0.173251 0.624103 0.445198
v 0.067233 0.554892 0.593679
v -0.000638 0.467771 0.650629
v 0.021413 0.449992 0.659947
v -0.107244 0.452319 0.676272
v 0.023531 0.551130 0.557628
v 0.077598 0.622456 0.428637
v 0.125014 0.627466 0.366122
v 0.169962 0.673786 0.303023
v 0.206488 0.667261 0.295757
v 0.227772 0.706737 0.220383
v 0.286810 0.712231 0.134492
v 0.245400 0.684944 0.216943
v 0.359616 0.686010 0.062321
v 0.354534 0.699490 0.046814
v 0.262969 0.738275 0.104046
v 0.156939 0.759038 0.174527
v 0.089588 0.764093 0.165470
v -0.033936 0.754133 0.143240
v -0.164477 0.741014 0.149813
v -0.009712 0.673358 0.278889
v 0.062235 0.658810 0.316900
v 0.038648 0.613085 0.372176
v -0.118920 0.456955 0.620442
v -0.194466 0.458651 0.664532
v -0.198250 0.449900 0.692040
v -0.205591 0.430189 0.717360
v -0.242149 0.443695 0.704035
v -0.309749 0.458013 0.652513
v -0.234089 0.456881 0.678087
v -0.264477 0.459916 0.658028
v -0.252806 0.453980 0.632936
v -0.139306 0.433630 0.530944
v -0.033392 0.515170 0.364025
v -0.171393 0.691550 0.201630
v -0.163962 0.589412 0.234149
v -0.080122 0.570949 0.269652
v -0.125353 0.490782 0.302261
v -0.187673 0.445004 0.379143
v -0.246788 0.413780 0.474841
v -0.319783 0.453789 0.596008
v -0.363474 0.461386 0.572509
v -0.339173 0.461535 0.613720
v -0.341257 0.448226 0.557377
v -0.393371 0.464317 0.491199
v -0.355818 0.444284 0.516124
v -0.358718 0.444219 0.472193
v -0.386307 0.479848 0.409133
v -0.352976 0.447297 0.427446
v -0.330702 0.454586 0.381126
v -0.340636 0.499936 0.328986
v -0.294594 0.466192 0.335650
v -0.257532 0.484376 0.295319
v -0.263540 0.534069 0.256013
v -0.221850 0.507399 0.261363
v -0.231035 0.571585 0.235875
v -0.270308 0.605189 0.236089
v -0.249744 0.643686 0.219440
v -0.294674 0.661299 0.222474
v -0.267655 0.687172 0.204703
v -0.283860 0.717676 0.186108
v -0.316138 0.695490 0.210550
v -0.251190 0.765248 0.073490
v -0.116706 0.752454 0.066357
v 0.091331 0.766415 0.133311
v 0.185099 0.737544 0.083283
v 0.164867 0.706982 0.056621
v 0.199345 0.756152 0.107268
v 0.251017 0.741306 0.082187
v 0.150193 0.764196 0.143329
v 0.232230 0.694792 -0.014296
v 0.245338 0.696039 -0.070108
v 0.180476 0.692138 0.010201
v 0.115026 0.700296 0.003442
v -0.317494 0.792554 0.048930
v -0.370029 0.771961 0.077718
v -0.370172 0.749721 0.135424
v -0.422424 0.715598 0.140844
v -0.438126 0.671405 0.234737
v -0.378131 0.656264 0.261049
v -0.431467 0.555563 0.371330
v -0.450588 0.472678 0.513855
v -0.385057 0.460595 0.585846
v -0.404854 0.443195 0.593117
v -0.425880 0.419300 0.595928
v -0.445392 0.384390 0.602524
v -0.451438 0.343958 0.620377
v -0.395506 0.353543 0.684504
v -0.431960 0.332970 0.663527
v -0.392552 0.337468 0.724782
v -0.369456 0.341514 0.764897
v -0.427977 0.306653 0.745793
v -0.394229 0.291843 0.820990
v -0.451980 0.254565 0.866355
v -0.531744 0.280633 0.827936
v -0.535541 0.197447 0.872068
v -0.624178 0.232265 0.803496
v -0.625354 0.174103 0.828663
v -0.573427 0.147965 0.864545
v -0.543075 0.073779 0.875287
v -0.602205 -0.016012 0.850227
v -0.643024 -0.099979 0.811966
v -0.624290 -0.111669 0.816760
v -0.606212 -0.123136 0.821790
v -0.567546 -0.051619 0.858173
v -0.550739 -0.066189 0.858559
v -0.569965 -0.135682 0.813773
v -0.554544 -0.133748 0.799714
v -0.518704 -0.077319 0.835496
v -0.476169 -0.027256 0.878721
v -0.498647 0.000378 0.891327
v -0.510550 0.018903 0.890242
v -0.424884 0.072308 0.911093
v -0.320171 0.085343 0.911867
v -0.213724 0.093200 0.890123
v -0.169403 0.253044 0.789485
v -0.274689 0.251386 0.808502
v -0.333148 0.203475 0.864417
v -0.360036 0.249089 0.858434
v -0.442597 0.215462 0.884603
v -0.476977 0.173760 0.891383
v -0.323874 0.314796 0.801257
v -0.098440 0.319563 0.780977
v -0.054725 0.258430 0.815129
v 0.050361 0.201770 0.850235
v 0.219897 0.137817 0.906666
v 0.183714 0.094409 0.928285
v 0.164795 0.076410 0.934636
v 0.184466 0.001398 0.955554
v 0.170459 -0.098711 0.951273
v 0.105948 -0.140892 0.921565
v 0.016848 -0.050221 0.885182
v 0.046736 0.028205 0.879995
v 0.018192 0.035644 0.888110
v 0.042418 0.066206 0.891761
v 0.044129 0.100607 0.886239
v -0.018168 0.085571 0.879036
v -0.103940 0.074424 0.878004
v -0.023470 0.134927 0.870042
v 0.119942 0.133875 0.892317
v 0.154856 -0.083803 0.941603
v 0.097524 0.076268 0.908611
v 0.078294 -0.044004 0.873541
v -0.106737 0.047399 0.884060
v -0.121158 0.023733 0.886006
v -0.042262 -0.013345 0.892502
v -0.008411 -0.089103 0.892853
v 0.045577 -0.152661 0.892677
v 0.099088 -0.200782 0.895234
v 0.011372 -0.467220 0.706236
v -0.077591 -0.513616 0.665480
v -0.065679 -0.528035 0.658581
v -0.288245 -0.543075 0.604867
v -0.288000 -0.566068 0.589547
v -0.296357 -0.600638 0.557715
v -0.270782 -0.640898 0.528272
v -0.316836 -0.653503 0.478050
v -0.370945 -0.651082 0.449714
v -0.405474 -0.610317 0.503803
v -0.515654 -0.573801 0.541984
v -0.444707 -0.665733 0.308747
v -0.490552 -0.679896 0.192101
v -0.567779 -0.669395 0.121060
v -0.549972 -0.674974 0.065228
v -0.639978 -0.626258 -0.013798
v -0.629625 -0.575477 -0.091645
v -0.542117 -0.600663 -0.185991
v -0.507236 -0.591303 -0.283011
v -0.524451 -0.540855 -0.365284
v -0.537349 -0.528229 -0.388221
v -0.525893 -0.537809 -0.404350
v -0.558655 -0.511255 -0.403267
v -0.552780 -0.519312 -0.419277
v -0.545109 -0.521196 -0.435755
v -0.586493 -0.498496 -0.424204
v -0.625063 -0.480085 -0.431831
v -0.576456 -0.485490 -0.472535
v -0.491299 -0.493898 -0.515696
v -0.412121 -0.434946 -0.653200
v -0.375732 -0.320571 -0.744377
v -0.378046 -0.291883 -0.776446
v -0.354054 -0.317334 -0.756218
v -0.354108 -0.280440 -0.794878
v -0.413727 -0.233184 -0.832454
v -0.397740 -0.209743 -0.845794
v -0.382080 -0.180117 -0.859935
v -0.337130 -0.172946 -0.868012
v -0.251162 -0.183545 -0.869678
v -0.415832 -0.149040 -0.865812
v -0.473789 -0.141727 -0.850673
v -0.526184 -0.106300 -0.840006
v -0.531947 -0.130863 -0.831901
v -0.628751 -0.110698 -0.779228
v -0.665073 -0.133542 -0.752319
v -0.708117 -0.137861 -0.726483
v -0.730356 -0.169020 -0.704382
v -0.770753 -0.217349 -0.653399
v -0.786657 -0.195432 -0.643769
v -0.812774 -0.245122 -0.595732
v -0.892014 -0.163849 -0.538504
v -0.956371 -0.124678 -0.487651
v -0.976382 -0.078787 -0.481423
v -0.947590 0.066275 -0.486707
v -1.016346 0.112820 -0.443988
v -1.008739 0.140724 -0.388103
v -1.005576 0.215880 -0.287198
v -0.973836 0.208694 -0.339271
v -0.956746 0.265160 -0.227510
v -0.939654 0.397673 -0.060038
v -0.935446 0.420299 0.034899
v -0.877986 0.463154 0.069354
v -0.899941 0.430816 0.146150
v -0.806862 0.499582 0.261093
v -0.700338 0.542532 0.289200
v -0.758277 0.492883 0.323526
v -0.654075 0.428491 0.403941
v -0.723862 0.386859 0.387655
v -0.767495 0.387384 0.399739
v -0.772283 0.382794 0.428083
v -0.790493 0.401792 0.410729
v -0.800482 0.449289 0.362830
v -0.723884 0.372951 0.461429
v -0.655679 0.400560 0.478569
v -0.831981 0.449719 0.338428
v -0.823236 0.355942 0.474143
v -0.763506 0.344646 0.529061
v -0.679606 0.339702 0.566331
v -0.680617 0.307534 0.611132
v -0.599665 0.303339 0.667360
v -0.506159 0.300696 0.700567
v -0.464322 0.310357 0.682454
v -0.472176 0.316691 0.639795
v -0.509738 0.296771 0.617807
v -0.697207 0.218438 0.735979
v -0.715681 0.246996 0.682661
v -0.796548 0.240891 0.601710
v -0.840922 0.284203 0.524304
v -0.817904 0.306844 0.531631
v -0.753942 0.284207 0.593550
v -0.720061 0.311958 0.581901
v -0.680659 0.280685 0.660331
v -0.675288 0.258904 0.710489
v -0.639464 0.286060 0.685847
v -0.587664 0.295563 0.753915
v -0.810928 0.196832 0.597529
v -0.855965 0.217877 0.523376
v -0.854282 0.188859 0.524110
v -0.891174 0.150084 0.468942
v -0.900528 0.093790 0.427663
v -0.931745 0.032679 0.412480
v -0.877585 0.083989 0.425211
v -0.907683 0.026293 0.411747
v -0.858007 0.073707 0.422757
v -0.850502 0.099507 0.437560
v -0.884547 0.021161 0.411483
v -0.864572 0.045370 0.415316
v -0.833633 0.082717 0.432370
v -0.851643 0.036733 0.420487
v -0.760834 0.100553 0.487389
v -0.812786 0.120375 0.467239
v -0.844384 0.120653 0.454685
v -0.831772 0.138515 0.477071
v -0.866559 0.135501 0.462318
v -0.818249 0.151621 0.505653
v -0.840281 0.166776 0.517732
v -0.805376 0.158143 0.540211
v -0.791125 0.161195 0.577829
v -0.805716 0.177553 0.590026
v -0.774732 0.155491 0.619347
v -0.763319 0.135415 0.662086
v -0.768424 0.150919 0.678963
v -0.749616 0.108213 0.701616
v -0.764247 0.169830 0.691992
v -0.718360 0.085938 0.756279
v -0.695760 0.038023 0.785873
v -0.687778 -0.082863 0.783965
v -0.693148 -0.189495 0.738450
v -0.656365 -0.205175 0.762806
v -0.621788 -0.214375 0.778346
v -0.604505 -0.215778 0.778783
v -0.588433 -0.213637 0.771036
v -0.574201 -0.209370 0.759230
v -0.560186 -0.166252 0.770261
v -0.539241 -0.127748 0.780992
v -0.512725 -0.094783 0.789170
v -0.504486 -0.075750 0.818908
v -0.459174 -0.036416 0.846368
v -0.419646 0.051706 0.912562
v -0.321391 0.065098 0.915810
v -0.321108 0.046505 0.915765
v -0.216471 0.055171 0.902776
v -0.220118 0.037336 0.897616
v -0.133660 0.003673 0.878945
v -0.024188 -0.119175 0.858922
v 0.062967 -0.307247 0.815237
v -0.205482 -0.531911 0.649050
v -0.372747 -0.549732 0.579848
v -0.478899 -0.548555 0.581200
v -0.498399 -0.562382 0.559547
v -0.547901 -0.491488 0.647234
v -0.364545 -0.513158 0.610712
v -0.318579 0.017694 0.893953
v -0.049719 -0.161933 0.772494
v -0.041488 -0.399381 0.718109
v -0.153010 -0.023472 0.842031
v -0.329702 -0.021506 0.775627
v -0.209645 -0.170736 0.635599
v -0.217292 -0.377889 0.593871
v -0.363012 -0.478335 0.611138
v -0.509907 -0.466058 0.666673
v -0.580682 -0.420954 0.691294
v -0.602856 -0.384415 0.691394
v -0.599598 -0.429962 0.680706
v -0.605682 -0.346054 0.715098
v -0.621674 -0.389978 0.681479
v -0.623627 -0.309427 0.736039
v -0.642649 -0.308648 0.725155
v -0.643578 -0.395720 0.669236
v -0.620521 -0.436810 0.667105
v -0.646498 -0.443560 0.649088
v -0.674263 -0.401980 0.648283
v -0.717294 -0.458115 0.573507
v -0.728445 -0.402608 0.597791
v -0.810053 -0.344160 0.544407
v -0.885470 -0.296250 0.481102
v -0.961876 -0.246141 0.424252
v -0.957651 -0.223861 0.449412
v -1.005828 -0.109181 0.419505
v -1.013711 0.012951 0.402637
v -0.988742 0.005940 0.414909
v -0.982990 0.052380 0.405409
v -0.958673 0.040585 0.412923
v -0.958028 -0.001562 0.415132
v -0.929996 -0.005492 0.412294
v -0.903222 -0.007846 0.410752
v -0.880267 -0.009489 0.412043
v -0.815363 -0.027854 0.473684
v -0.794181 0.022687 0.480977
v -0.768517 -0.003897 0.501354
v -0.733151 0.012989 0.511718
v -0.696545 0.043665 0.551952
v -0.783343 0.142458 0.523787
v -0.758368 0.140340 0.599830
v -0.741652 0.097681 0.679593
v -0.725810 0.024054 0.737444
v -0.731821 0.073549 0.733986
v -0.716522 0.030429 0.761831
v -0.706261 -0.080239 0.762538
v -0.823178 -0.278939 0.562144
v -0.932665 -0.182186 0.468013
v -0.953839 -0.088733 0.426754
v -0.896437 -0.073711 0.418585
v -0.784041 -0.036582 0.495109
v -0.741054 -0.016332 0.515495
v -0.720490 -0.037427 0.524319
v -0.692811 -0.024805 0.543652
v -0.708338 0.075270 0.620924
v -0.715553 -0.071630 0.714291
v -0.733596 -0.237456 0.669400
v -0.888006 -0.152168 0.452672
v -0.843951 -0.117926 0.447478
v -0.740130 -0.068709 0.513713
v -0.705033 -0.058092 0.534307
v -0.693260 -0.078046 0.544585
v -0.678961 -0.069274 0.578798
v -0.743876 -0.200982 0.644873
v -0.787580 -0.206600 0.534955
v -0.748333 -0.147754 0.510412
v -0.709943 -0.104365 0.529334
v -0.691016 -0.063918 0.656762
v -0.941057 0.117210 0.418017
v -1.002126 0.062111 0.385512
v -1.035113 0.018822 0.381083
v -1.037935 -0.140204 0.383064
v -1.052618 -0.183614 0.306159
v -0.992249 -0.284717 0.181544
v -0.984905 -0.337834 0.177531
v -0.947302 -0.445933 0.132624
v -0.928136 -0.432499 0.255570
v -0.902977 -0.449933 0.355321
v -0.869515 -0.399702 0.442423
v -0.923160 -0.407336 0.354217
v -0.789878 -0.438752 0.511961
v -0.711942 -0.484693 0.557894
v -0.627465 -0.536763 0.566301
v -0.478419 -0.634016 0.421286
v -0.503502 -0.676216 0.205775
v -0.640215 -0.644460 0.078969
v -0.731404 -0.618764 0.094523
v -0.780804 -0.599745 0.109793
v -0.850792 -0.550348 0.187817
v -0.774093 -0.606633 0.126501
v -0.829989 -0.569201 0.205685
v -0.853568 -0.507864 0.360169
v -0.826037 -0.503462 0.350875
v -0.885144 -0.513131 0.172045
v -0.818458 -0.545234 -0.029422
v -0.791822 -0.541428 -0.075667
v -0.765631 -0.565812 -0.029581
v -0.720685 -0.546213 -0.078955
v -0.721293 -0.528876 -0.168055
v -0.634372 -0.559956 -0.200773
v -0.675100 -0.535804 -0.221861
v -0.631763 -0.547215 -0.226302
v -0.566478 -0.568962 -0.247384
v -0.546001 -0.511549 -0.372475
v -0.566187 -0.480517 -0.365647
v -0.618668 -0.476672 -0.402468
v -0.667954 -0.458722 -0.368217
v -0.665806 -0.452008 -0.328556
v -0.637030 -0.442825 -0.334822
v -0.624393 -0.442605 -0.300690
v -0.573560 -0.454017 -0.314905
v -0.622074 -0.514688 -0.240816
v -0.700377 -0.459742 -0.361939
v -0.732754 -0.453180 -0.350795
v -0.692686 -0.455983 -0.399932
v -0.769165 -0.432890 -0.373716
v -0.803263 -0.454357 -0.301451
v -0.758441 -0.470700 -0.289530
v -0.777073 -0.491053 -0.231960
v -0.719348 -0.519872 -0.216907
v -0.790116 -0.516907 -0.163722
v -0.811207 -0.478135 -0.234587
v -0.830829 -0.438927 -0.300379
v -0.849654 -0.423746 -0.296144
v -0.848382 -0.388998 -0.378395
v -0.836325 -0.336773 -0.449856
v -0.802913 -0.313521 -0.542215
v -0.857121 -0.259222 -0.521371
v -0.876017 -0.308082 -0.434414
v -0.869544 -0.377731 -0.371548
v -0.874399 -0.392302 -0.329522
v -0.883667 -0.365902 -0.364898
v -0.865178 -0.412816 -0.292402
v -0.861891 -0.437111 -0.261228
v -0.842671 -0.447183 -0.262622
v -0.848700 -0.476942 -0.197753
v -0.835242 -0.469578 -0.233163
v -0.826286 -0.488071 -0.199595
v -0.832013 -0.509302 -0.120550
v -0.817047 -0.504989 -0.162807
v -0.805730 -0.520368 -0.120951
v -0.872188 -0.509917 -0.037912
v -0.875298 -0.448667 -0.191486
v -0.875087 -0.425979 -0.258387
v -0.882809 -0.413283 -0.254805
v -0.887096 -0.382020 -0.324288
v -0.886458 -0.333243 -0.395457
v -0.886594 -0.299175 -0.419548
v -0.892125 -0.263017 -0.439044
v -0.905493 -0.228081 -0.472387
v -0.962057 -0.141676 -0.471532
v -0.987359 -0.098710 -0.472497
v -1.015935 -0.066785 -0.464453
v -1.023365 -0.021236 -0.464398
v -1.037204 -0.027118 -0.460032
v -1.025128 -0.076796 -0.455379
v -1.030017 -0.084895 -0.444171
v -1.055355 0.008530 -0.440800
v -1.059843 0.090718 -0.393765
v -1.051442 0.169981 -0.296209
v -1.054285 0.230390 -0.166777
v -1.022925 0.242682 -0.170723
v -0.991856 0.237033 -0.228198
v -1.021142 0.274704 -0.118860
v -0.982034 0.356250 0.006692
v -0.985995 0.377360 0.093582
v -0.958088 0.393367 0.170630
v -0.875702 0.444230 0.263601
v -0.922057 0.406663 0.231174
v -0.894746 0.397966 0.306838
v -0.886392 0.349815 0.367512
v -0.927855 0.374810 0.259003
v -0.990303 0.318653 0.218731
v -0.978811 0.263958 0.242139
v -1.004759 0.266332 0.227214
v -0.983448 0.204914 0.292884
v -0.938350 0.224629 0.361125
v -0.994948 0.194432 0.287895
v -1.011165 0.158885 0.283989
v -0.951677 0.133152 0.394800
v -0.920293 0.194979 0.453105
v -1.094645 0.175331 0.148949
v -1.087734 0.131584 0.213414
v -1.058682 0.202762 0.159560
v -1.061682 0.246809 0.057487
v -1.034324 0.279631 0.101377
v -1.029313 0.308249 0.061304
v -1.022670 0.315543 0.100747
v -1.012381 0.338945 0.061369
v -1.000022 0.344127 0.169435
v -1.026345 0.288685 0.146998
v -1.033527 0.303018 0.027639
v -1.050030 0.277822 0.015871
v -1.051802 0.276661 -0.023078
v -1.044824 0.279312 -0.064446
v -1.117700 0.150275 0.139974
v -1.101899 0.101507 0.201841
v -1.081752 -0.007654 0.301021
v -1.093748 -0.059459 0.230533
v -1.046877 -0.191270 0.211472
v -1.014482 -0.237198 0.180813
v -1.033355 -0.187545 0.178512
v -0.984869 -0.322187 0.141551
v -0.964573 -0.400948 0.084716
v -0.896778 -0.370132 -0.318179
v -0.891994 -0.322900 -0.384682
v -0.894654 -0.312083 -0.373813
v -0.899422 -0.258518 -0.420848
v -0.913844 -0.229308 -0.451331
v -0.965412 -0.150415 -0.456932
v -1.059237 -0.002979 -0.427822
v -1.074283 0.135743 -0.285378
v -1.087046 0.192806 -0.156950
v -1.112064 0.185337 -0.014645
v -1.127626 0.145645 0.048362
v -1.127383 0.123509 0.128149
v -1.106173 0.072716 0.180972
v -1.062694 -0.080590 0.169698
v -1.043586 -0.134354 0.167971
v -1.008512 -0.231115 0.153171
v -0.984104 -0.312333 0.113884
v -0.900524 -0.478018 -0.047282
v -0.882903 -0.419516 -0.183164
v -0.899907 -0.253744 -0.404522
v -0.918346 -0.228478 -0.432773
v -0.914526 -0.223205 -0.416257
v -0.967001 -0.156740 -0.428385
v -1.024372 -0.093779 -0.418837
v -1.073555 0.058353 -0.372509
v -1.079019 0.119612 -0.278713
v -1.084012 0.134252 -0.219069
v -1.089317 0.154401 -0.156468
v -1.090099 0.173482 -0.156708
v -1.100222 0.163059 -0.089004
v -1.115427 0.161419 -0.023981
v -1.123267 0.124559 0.037944
v -1.100616 0.091155 0.017693
v -1.063481 0.007788 0.096893
v -1.044127 -0.084753 0.148391
v -1.040921 -0.037256 0.120267
v -1.023716 -0.133051 0.147968
v -0.993689 -0.226566 0.133976
v -0.950330 -0.366966 0.048654
v -0.897265 -0.437654 -0.048523
v -0.866074 -0.396739 -0.176163
v -0.886636 -0.344550 -0.308447
v -0.877414 -0.293771 -0.354163
v -0.889209 -0.247965 -0.391719
v -0.902710 -0.215745 -0.404639
v -0.958118 -0.147274 -0.405612
v -1.048904 -0.024627 -0.401971
v -1.066704 0.044357 -0.360833
v -1.060490 0.073121 -0.318772
v -1.073237 0.105101 -0.272262
v -1.072282 0.121269 -0.215800
v -1.095290 0.143895 -0.093637
v -1.037899 0.006664 0.085582
v -1.011583 -0.038134 0.106248
v -0.994661 -0.131122 0.129852
v -0.909240 -0.395414 -0.002852
v -0.874628 -0.397535 -0.049735
v -0.862385 -0.323240 -0.302595
v -0.862869 -0.286722 -0.345897
v -0.874508 -0.241990 -0.381126
v -0.891422 -0.207095 -0.395607
v -0.885072 -0.196318 -0.384858
v -0.999448 -0.089330 -0.402300
v -1.034038 -0.030636 -0.393190
v -1.037151 -0.001526 -0.373725
v -1.052749 0.034143 -0.351937
v -1.045868 0.064398 -0.313120
v -1.052101 0.075797 0.006212
v -1.032381 0.041874 0.044097
v -1.020031 0.068909 -0.000715
v -0.994318 0.033557 0.029936
v -0.972305 -0.044626 0.080025
v -0.933958 -0.218963 0.092788
v -0.886699 -0.270853 0.023206
v -0.859444 -0.288186 -0.030507
v -0.837010 -0.285990 -0.065320
v -0.816047 -0.299800 -0.063824
v -0.826031 -0.315169 -0.045493
v -0.835985 -0.372087 -0.169290
v -0.835728 -0.342963 -0.238994
v -0.827808 -0.319238 -0.231459
v -0.842307 -0.285767 -0.296355
v -0.836624 -0.266064 -0.285848
v -0.856366 -0.221738 -0.356264
v -0.888120 -0.187340 -0.368192
v -0.947193 -0.134523 -0.386700
v -0.987368 -0.085491 -0.393786
v -0.995524 -0.060821 -0.387663
v -1.017094 -0.033909 -0.385092
v -1.018797 -0.006508 -0.366801
v -1.035550 0.107080 -0.213463
v -1.017323 0.103728 -0.100242
v -1.003257 0.084393 -0.050212
v -0.946497 0.013073 0.004663
v -0.871288 -0.216549 0.015254
v -0.849776 -0.258524 -0.054677
v -0.819362 -0.283480 -0.116094
v -0.815826 -0.292204 -0.090370
v -0.802598 -0.308454 -0.096756
v -0.803290 -0.326701 -0.101353
v -0.823534 -0.354134 -0.170192
v -0.822804 -0.274015 -0.214738
v -0.865489 -0.209169 -0.341549
v -0.895866 -0.179790 -0.349400
v -0.875989 -0.197680 -0.324158
v -0.919596 -0.146121 -0.353849
v -0.941725 -0.125139 -0.375626
v -0.975668 -0.080711 -0.384044
v -0.983475 0.083690 -0.204859
v -0.988038 0.089104 -0.102047
v -0.965708 0.074237 -0.151383
v -0.960757 0.059559 -0.060369
v -0.912886 0.023915 -0.076635
v -0.901399 -0.065902 0.021038
v -0.850620 -0.219687 -0.079692
v -0.834596 -0.258230 -0.102212
v -0.821463 -0.267859 -0.139236
v -0.827026 -0.245118 -0.161005
v -0.815985 -0.290005 -0.154462
v -0.815678 -0.311006 -0.163045
v -0.824995 -0.248472 -0.200457
v -0.840444 -0.228130 -0.268559
v -0.917651 -0.124089 -0.334512
v -0.962856 -0.026961 -0.336769
v -0.938429 0.042931 -0.189736
v -0.919518 0.025940 -0.145597
v -0.851156 -0.202619 -0.137720
v -0.836874 -0.214194 -0.180064
v -0.849192 -0.181458 -0.207122
v -0.845439 -0.199987 -0.252941
v -0.861771 -0.143022 -0.230419
v -0.879461 -0.125051 -0.279152
v -0.926685 -0.005034 -0.263653
v -0.911734 0.001185 -0.215968
v -0.892758 -0.043888 -0.235058
v -0.888001 -0.038344 -0.191166
v -0.891518 -0.018548 -0.138555
v -0.885448 -0.081823 -0.152049
v -0.880068 -0.093379 -0.239582
v -0.875532 -0.121335 -0.182612
v -0.881577 -0.146314 -0.116575
v -0.891349 -0.065180 -0.103707
v -0.748505 -0.372698 -0.487433
v -0.724979 -0.370853 -0.505209
v -0.681731 -0.423351 -0.481130
v -0.698105 -0.392977 -0.499355
v -0.645039 -0.436881 -0.484930
v -0.500858 -0.453240 -0.541051
v -0.417795 -0.286559 -0.661695
v -0.388851 -0.315719 -0.726732
v -0.420930 -0.270257 -0.766213
v -0.408219 -0.272790 -0.789609
v -0.441199 -0.252689 -0.791702
v -0.429334 -0.248008 -0.815340
v -0.501437 -0.199711 -0.815128
v -0.494866 -0.184466 -0.831403
v -0.536972 -0.153203 -0.823479
v -0.484640 -0.164892 -0.841123
v -0.580312 -0.149421 -0.796787
v -0.621530 -0.135801 -0.775127
v -0.653573 -0.152265 -0.748565
v -0.716452 -0.187639 -0.708993
v -0.773883 -0.279714 -0.610019
v -0.750408 -0.326833 -0.555800
v -0.706065 -0.366185 -0.520434
v -0.682145 -0.383894 -0.513615
v -0.625282 -0.410055 -0.507173
v -0.489315 -0.387783 -0.536245
v -0.503679 -0.262719 -0.563138
v -0.479527 -0.215255 -0.652609
v -0.469958 -0.222877 -0.760624
v -0.428798 -0.255111 -0.737394
v -0.471605 -0.229598 -0.786757
v -0.502412 -0.207048 -0.795255
v -0.642524 -0.166061 -0.741238
v -0.735530 -0.291659 -0.611752
v -0.729650 -0.324504 -0.560240
v -0.710241 -0.340905 -0.540516
v -0.712812 -0.318977 -0.561968
v -0.695127 -0.331279 -0.541813
v -0.549469 -0.331291 -0.513223
v -0.583819 -0.310099 -0.513859
v -0.566146 -0.274760 -0.534906
v -0.548850 -0.238543 -0.564855
v -0.537011 -0.216286 -0.608935
v -0.539944 -0.176224 -0.727878
v -0.498073 -0.207168 -0.774824
v -0.569832 -0.177795 -0.769974
v -0.685068 -0.209000 -0.697614
v -0.704603 -0.248351 -0.641310
v -0.719991 -0.285720 -0.603967
v -0.713137 -0.298269 -0.579436
v -0.650112 -0.288089 -0.534168
v -0.606606 -0.262433 -0.544594
v -0.636090 -0.234521 -0.589357
v -0.583933 -0.211080 -0.616851
v -0.572066 -0.187997 -0.653901
v -0.617490 -0.189707 -0.657795
v -0.602854 -0.174734 -0.692020
v -0.620509 -0.177772 -0.717007
v -0.689048 -0.244495 -0.625409
v -0.703526 -0.278155 -0.590761
v -0.664726 -0.226008 -0.628888
v -0.656342 -0.205541 -0.660241
v -0.778582 -0.477094 0.496721
v -0.632019 -0.552517 0.532563
v -0.646830 -0.644121 0.117632
v -0.723017 -0.622758 0.128627
v -0.727381 -0.622151 0.113125
v -0.767171 -0.612078 0.141704
v -0.783537 -0.482080 0.400472
v -0.747890 -0.497426 0.463372
v -0.501018 -0.612809 0.412990
v -0.649690 -0.628784 0.144991
v -0.717418 -0.618384 0.142296
v -0.758246 -0.610540 0.156091
v -0.748578 -0.600062 0.165739
v -0.805716 -0.558667 0.219346
v -0.774338 -0.574600 0.193050
v -0.793493 -0.546764 0.223687
v -0.818466 -0.516971 0.287673
v -0.766489 -0.528922 0.237920
v -0.712855 -0.523478 0.281047
v -0.751500 -0.491605 0.331459
v -0.709708 -0.503985 0.328230
v -0.752035 -0.479210 0.374552
v -0.707544 -0.488127 0.423444
v -0.559088 -0.600127 0.239399
v -0.615120 -0.555809 0.275576
v -0.666754 -0.539546 0.278078
v -0.666575 -0.522761 0.325583
v -0.664332 -0.507716 0.373055
v -0.616971 -0.524800 0.416049
v -0.532614 -0.573046 0.394225
v -0.620463 -0.528673 0.368892
v -0.718125 -0.542923 0.233205
v -0.664945 -0.557766 0.232962
v -0.661554 -0.575482 0.193919
v -0.760664 -0.561408 0.201247
v -0.709702 -0.606749 0.152448
v -0.603934 -0.307058 0.741446
v -0.586779 -0.299143 0.735398
v -0.584214 -0.253752 0.745072
v -0.569550 -0.246094 0.731477
v -0.551532 -0.235276 0.710310
v -0.542952 -0.157310 0.748743
v -0.512754 -0.145853 0.719584
v -0.482828 -0.082731 0.761750
v -0.483813 -0.067852 0.796882
v -0.427295 -0.068947 0.732383
v -0.361133 -0.131352 0.654878
v -0.487257 -0.432797 0.658038
v -0.545034 -0.397385 0.691368
v -0.587389 -0.340499 0.719218
v -0.571859 -0.330624 0.712801
v -0.557801 -0.321155 0.700905
v -0.375238 -0.276449 0.587851
v -0.511638 -0.296751 0.654751
v -0.683782 0.622501 0.177888
v -0.559004 0.666917 0.147170
v -0.486176 0.730982 0.071121
v -0.418076 0.765140 0.011870
v -0.358876 0.796951 -0.062613
v -0.307040 0.809248 -0.067864
v -0.315541 0.805978 -0.008798
v -0.263684 0.806171 -0.022458
v -0.026066 0.736079 -0.017119
v 0.049668 0.704890 -0.048303
v 0.056875 0.709965 -0.101114
v -0.004834 0.737315 -0.109737
v 0.119475 0.697363 -0.045860
v 0.183415 0.691696 -0.114597
v 0.303998 0.709792 -0.152195
v 0.182023 0.685763 -0.237186
v 0.059880 0.721578 -0.221478
v 0.001717 0.740699 -0.163376
v 0.002116 0.737285 -0.229672
v -0.063758 0.748596 -0.177596
v -0.135295 0.762560 -0.130685
v -0.246514 0.781391 -0.124317
v -0.347239 0.779231 -0.130162
v -0.391088 0.759230 -0.144348
v -0.458855 0.711837 -0.210565
v -0.488483 0.686823 -0.253313
v -0.457806 0.690627 -0.278155
v -0.505814 0.709422 -0.132606
v -0.537609 0.718893 -0.021306
v -0.615974 0.678908 0.069130
v -0.772665 0.554868 0.040685
v -0.827389 0.497117 -0.008815
v -0.684445 0.444216 -0.189475
v -0.638064 0.452858 -0.147870
v -0.547832 0.608261 -0.126013
v -0.588618 0.609254 -0.272774
v -0.555197 0.698651 -0.036148
v -0.622714 0.649793 0.021319
v -0.798640 0.500705 -0.027437
v -0.793945 0.465648 -0.102665
v -0.673927 0.445754 -0.104369
v -0.635332 0.458720 -0.105597
v -0.597246 0.477500 -0.107443
v -0.598484 0.489979 -0.069822
v -0.571093 0.521474 -0.077524
v -0.560962 0.568954 -0.062073
v -0.544924 0.669922 -0.132063
v -0.719840 0.528716 0.003470
v -0.727248 0.472587 -0.045791
v -0.679937 0.457366 -0.066017
v -0.642937 0.488267 -0.033320
v -0.606139 0.510431 -0.038211
v -0.605722 0.594320 -0.005690
v -0.213787 0.741428 -0.221593
v -0.114535 0.737354 -0.242471
v -0.003613 0.684036 -0.355010
v 0.062754 0.712487 -0.290346
v 0.123768 0.697380 -0.289675
v -0.098409 0.699644 -0.332963
v -0.181550 0.703269 -0.296969
v -0.233155 0.716510 -0.254737
v -0.253051 0.662323 -0.288515
v -0.528343 0.620351 0.281501
v -0.522781 0.487067 0.435349
v -0.496039 0.565408 0.371771
v -0.599871 0.516501 0.354743
v -0.208676 0.475621 0.315814
v -0.275640 0.434150 0.399425
v -0.316366 0.426477 0.497401
v 0.394914 0.689087 0.038139
v 0.467847 0.657506 0.039739
v 0.395480 0.668696 0.051517
v 0.595490 0.666988 -0.061080
v 0.685199 0.597262 -0.079980
v 0.732643 0.583777 -0.064381
v 0.669385 0.509786 -0.181946
v 0.657292 0.507339 -0.233397
v 0.401483 0.483569 -0.518047
v 0.400221 0.423744 -0.525735
v 0.407000 0.372437 -0.553748
v 0.445175 0.326786 -0.572986
v 0.476710 0.323962 -0.584259
v 0.483652 0.330506 -0.698259
v 0.549523 0.286874 -0.724404
v 0.495936 0.323195 -0.739749
v 0.592932 0.318343 -0.655706
v 0.632464 0.433150 -0.557043
v 0.564406 0.480461 -0.532974
v 0.547820 0.407100 -0.538552
v 0.523479 0.458211 -0.520535
v 0.476901 0.468468 -0.512390
v 0.475788 0.496335 -0.513731
v 0.472545 0.436596 -0.513166
v 0.439956 0.505426 -0.513910
v 0.433940 0.446279 -0.514501
v 0.466831 0.405655 -0.518415
v 0.489879 0.366671 -0.541361
v 0.477287 0.347761 -0.556236
v 0.513011 0.353593 -0.562847
v 0.537621 0.333788 -0.621221
v 0.502183 0.392455 -0.527971
v 0.420800 0.538871 -0.520537
v 0.634153 0.533734 -0.504324
v 0.615282 0.518543 -0.530006
v 0.565289 0.584459 -0.517722
v 0.478525 0.576637 -0.528168
v 0.488196 0.613481 -0.511709
v 0.645975 0.549805 -0.472776
v 0.715399 0.524951 -0.412606
v 0.777331 0.498526 -0.368001
v 0.821150 0.489042 -0.292888
v 0.873421 0.462736 -0.193409
v 0.914997 0.431645 -0.108638
v 0.926759 0.404834 -0.131975
v 1.003921 0.248390 -0.101237
v 0.977047 0.125122 -0.171903
v 0.870309 0.191590 -0.255416
v 0.885809 0.214831 -0.233058
v 0.851687 0.220355 -0.258833
v 0.846940 0.196715 -0.281734
v 0.834679 0.226022 -0.281809
v 0.845915 0.291005 -0.235159
v 0.871846 0.343623 -0.213461
v 0.919053 0.353243 -0.160216
v 0.943131 0.292027 -0.124541
v 0.930082 0.270500 -0.138704
v 0.964970 0.232567 -0.118746
v 0.928138 0.244633 -0.161033
v 0.893464 0.405900 -0.210732
v 0.857081 0.445587 -0.295517
v 0.843383 0.416886 -0.385545
v 0.843705 0.344271 -0.458824
v 0.786438 0.353306 -0.522760
v 0.739778 0.184482 -0.649441
v 0.755221 0.107956 -0.681852
v 0.859351 0.060993 -0.618995
v 0.836639 0.023378 -0.616822
v 0.805831 0.001304 -0.600794
v 0.464632 -0.075529 -0.753157
v 0.320005 -0.387614 -0.621956
v 0.361209 -0.524332 -0.481711
v 0.678920 -0.584095 -0.339869
v 0.673706 -0.603363 -0.319376
v 0.768291 -0.605607 -0.147074
v 0.761786 -0.612810 -0.031170
v 0.699795 -0.615492 0.038937
v 0.674559 -0.637266 -0.002125
v 0.639977 -0.644759 -0.049886
v 0.619295 -0.626686 -0.067528
v 0.579802 -0.619165 -0.059831
v 0.588747 -0.595760 -0.090766
v 0.544313 -0.591658 -0.094729
v 0.502615 -0.586822 -0.137913
v 0.539151 -0.578542 -0.173681
v 0.480942 -0.634253 -0.244670
v 0.544639 -0.642517 -0.285255
v 0.447596 -0.663106 -0.290932
v 0.425953 -0.669331 -0.258647
v 0.448901 -0.654042 -0.235106
v 0.466819 -0.659108 -0.266377
v 0.444738 -0.638443 -0.199185
v 0.425232 -0.651770 -0.174428
v 0.438572 -0.632240 -0.141274
v 0.451204 -0.668523 -0.070265
v 0.427872 -0.686293 -0.042580
v 0.333702 -0.724438 -0.065852
v 0.339439 -0.730141 0.026851
v 0.304059 -0.737219 0.124131
v 0.354292 -0.728105 0.146132
v 0.379034 -0.722644 0.096161
v 0.435015 -0.706445 0.114892
v 0.452972 -0.682494 0.170330
v 0.413746 -0.656619 0.245436
v 0.384913 -0.654390 0.319259
v 0.302271 -0.682898 0.327396
v 0.270832 -0.685521 0.345486
v 0.098840 -0.752746 0.225764
v 0.013860 -0.766282 0.232517
v -0.033578 -0.770484 0.277634
v -0.182379 -0.709599 0.434087
v 0.049757 -0.521537 0.652074
v 0.218493 -0.565236 0.593397
v 0.286689 -0.609345 0.538045
v 0.498563 -0.480791 0.627738
v 0.589738 -0.390060 0.649391
v 0.377440 -0.294990 0.821410
v 0.402737 -0.248017 0.845785
v 0.369704 -0.171943 0.879202
v 0.357432 -0.136011 0.889942
v 0.361719 0.013723 0.875028
v 0.378824 0.109546 0.881729
v 0.440796 0.177056 0.848323
v 0.551251 0.183577 0.822164
v 0.537560 0.239993 0.807881
v 0.639362 0.261355 0.769304
v 0.594908 0.323327 0.726766
v 0.611003 0.398949 0.614868
v 0.655469 0.439531 0.525177
v 0.704032 0.483003 0.415338
v 0.746917 0.570572 0.211594
v 0.732817 0.606919 0.111425
v 0.762597 0.595619 0.091068
v 0.674467 0.639579 0.017772
v 0.638265 0.645078 0.058923
v 0.691043 0.535397 0.209159
v 0.665195 0.459025 0.381272
v 0.562794 0.439445 0.540994
v 0.579108 0.428581 0.572172
v 0.480925 0.458483 0.562348
v 0.434075 0.472580 0.563353
v 0.338243 0.513573 0.534508
v 0.331738 0.495702 0.549383
v 0.419188 0.462376 0.592863
v 0.487292 0.406943 0.662361
v 0.449418 0.336887 0.748175
v 0.353795 0.303256 0.773161
v 0.160709 0.344904 0.654883
v 0.151566 0.408712 0.615044
v 0.155765 0.487231 0.608268
v 0.209324 0.517981 0.570786
v 0.208018 0.533451 0.568148
v 0.265273 0.534028 0.543054
v 0.404513 0.454228 0.596029
v 0.427002 0.402808 0.661911
v 0.258887 0.339150 0.584989
v 0.192818 0.399209 0.577894
v 0.200469 0.458978 0.565080
v 0.207508 0.497118 0.568978
v 0.263815 0.505069 0.549595
v 0.253720 0.449690 0.538241
v 0.205714 0.545911 0.561879
v 0.136737 0.512389 0.615912
v 0.109075 0.429636 0.667046
v 0.140277 0.357698 0.691147
v 0.432137 0.475034 0.540277
v 0.473080 0.460112 0.530498
v 0.536236 0.431277 0.485645
v 0.580673 0.420772 0.402647
v 0.807199 0.555919 0.188204
v 0.842068 0.537638 0.168382
v 0.901056 0.491179 0.129983
v 0.863369 0.513377 0.029544
v 0.881881 0.470015 -0.082740
v 0.827972 0.501969 -0.189406
v 0.783519 0.532109 -0.108310
v 0.698054 0.499547 -0.291284
v 0.646562 0.589188 -0.408059
v 0.759412 0.516721 -0.344906
v 0.975135 0.417850 0.080472
v 0.950905 0.444069 0.146548
v 1.018185 0.363532 0.085844
v 1.079088 0.255238 0.033168
v 1.065735 0.267402 -0.005748
v 1.056575 0.271610 -0.040489
v 1.104668 0.174736 -0.088641
v 1.100388 0.110339 -0.172770
v 0.985159 0.058291 -0.287976
v 0.864261 0.148511 -0.289252
v 0.853500 0.157697 -0.321908
v 0.844777 0.188256 -0.333202
v 0.837135 0.206092 -0.308965
v 0.856040 0.174769 -0.359249
v 0.830789 0.236914 -0.306108
v 0.852320 0.208769 -0.370137
v 0.834949 0.256561 -0.337816
v 0.849386 0.329529 -0.324286
v 0.857899 0.389921 -0.366012
v 0.851174 0.259409 -0.527899
v 0.887897 0.175292 -0.547849
v 0.834153 0.176172 -0.593858
v 0.909328 0.180714 -0.514388
v 0.945148 0.106896 -0.489269
v 0.965335 0.062988 -0.464223
v 1.000272 0.002355 -0.381106
v 0.990115 -0.023970 -0.386478
v 0.947286 0.027633 -0.501914
v 0.860051 0.086342 -0.611410
v 0.926713 -0.009894 -0.527736
v 0.627358 0.005978 -0.687009
v 0.407851 -0.193550 -0.636277
v 0.536471 -0.574268 -0.396552
v 0.776190 -0.487154 -0.313939
v 0.948692 -0.238173 -0.384573
v 0.958755 -0.108884 -0.450987
v 0.970700 -0.091017 -0.431996
v 0.911718 -0.125739 -0.463202
v 0.466148 -0.062674 -0.634804
v 0.422488 -0.332480 -0.448950
v 0.529307 -0.496699 -0.393321
v 0.894593 -0.229965 -0.391135
v 0.860127 -0.112898 -0.443820
v 0.714281 0.019993 -0.509766
v 0.587235 0.015666 -0.602764
v 0.557343 -0.021715 -0.478984
v 0.512125 -0.061617 -0.455480
v 0.462234 -0.105288 -0.434075
v 0.435859 -0.118451 -0.430638
v 0.413952 -0.134070 -0.435873
v 0.404917 -0.160574 -0.421525
v 0.413766 -0.222356 -0.402889
v 0.826205 -0.190294 -0.371350
v 0.780519 -0.081992 -0.402858
v 0.568173 -0.049647 -0.427367
v 0.524187 -0.078476 -0.432171
v 0.478199 -0.124744 -0.415915
v 0.451778 -0.134723 -0.409074
v 0.475253 -0.157196 -0.390569
v 0.457507 -0.196166 -0.373378
v 0.509246 -0.251326 -0.351338
v 0.701619 -0.351342 -0.337563
v 0.628576 0.002966 -0.431584
v 0.632559 -0.034975 -0.399046
v 0.606494 -0.028456 -0.412502
v 0.598243 -0.050107 -0.406694
v 0.553046 -0.071797 -0.422370
v 0.507258 -0.110333 -0.419844
v 0.509922 -0.180716 -0.371366
v 0.719726 -0.131169 -0.343775
v 0.683210 -0.068419 -0.370146
v 0.614091 -0.088917 -0.384858
v 0.571763 -0.106270 -0.403756
v 0.609385 -0.164710 -0.346946
v 0.380258 -0.188944 -0.472666
v 0.401923 -0.137023 -0.522546
v 0.997848 -0.200945 -0.353255
v 0.971198 -0.319800 -0.284802
v 0.945493 -0.342118 -0.298804
v 0.845375 -0.454644 -0.272790
v 0.939153 -0.356638 -0.280388
v 0.928349 -0.362672 -0.261532
v 0.962642 -0.333018 -0.263960
v 0.949143 -0.338584 -0.244747
v 0.993672 -0.303725 -0.212834
v 0.929245 -0.335274 -0.227674
v 0.912548 -0.361264 -0.243800
v 0.854002 -0.375649 -0.208976
v 0.839840 -0.415136 -0.207474
v 0.870282 -0.387324 -0.232949
v 0.850630 -0.431392 -0.228277
v 0.854742 -0.442991 -0.243844
v 0.820134 -0.543180 -0.183064
v 0.814921 -0.586379 -0.078716
v 0.761774 -0.577981 0.097703
v 0.623214 -0.618974 0.173288
v 0.541080 -0.659053 0.156832
v 0.533928 -0.643539 0.195576
v 0.474059 -0.623520 0.232485
v 0.435845 -0.628650 0.266365
v 0.404841 -0.605617 0.403938
v 0.407273 -0.586751 0.492771
v 0.435180 -0.538764 0.562486
v 0.599394 -0.477773 0.574926
v 0.656966 -0.288060 0.682267
v 0.561408 -0.293527 0.757063
v 0.419771 -0.210536 0.848124
v 0.395627 -0.185633 0.855679
v 0.421911 -0.193940 0.833824
v 0.397892 -0.168283 0.835545
v 0.363876 -0.121062 0.864100
v 0.387216 -0.075131 0.797687
v 0.396576 0.071407 0.849685
v 0.543169 0.153329 0.827543
v 0.632483 0.107641 0.800546
v 0.690041 0.037410 0.755754
v 0.724232 0.043553 0.726863
v 0.714517 0.158483 0.748077
v 0.747405 0.116919 0.712324
v 0.713756 0.295993 0.690398
v 0.730433 0.388805 0.566559
v 0.780789 0.438013 0.435252
v 0.754043 0.460915 0.432946
v 0.805571 0.412059 0.437407
v 0.894965 0.429119 0.311238
v 0.961970 0.420693 0.194590
v 1.032245 0.346425 0.126163
v 1.128775 0.140791 -0.036375
v 1.133818 0.078737 -0.143286
v 1.035785 0.049337 -0.308906
v 0.927271 0.099817 -0.376086
v 0.902349 0.148392 -0.402330
v 0.876695 0.164750 -0.385218
v 0.898768 0.179915 -0.422619
v 0.869035 0.233936 -0.408180
v 0.882509 0.259645 -0.469006
v 0.918404 0.187023 -0.482025
v 0.952195 0.119306 -0.459674
v 0.969953 0.080092 -0.442909
v 1.003304 0.044650 -0.372773
v 1.056660 0.014366 -0.316436
v 1.059137 -0.043554 -0.309005
v 1.091252 -0.065001 -0.254090
v 1.115760 -0.029726 -0.215672
v 1.083807 -0.138741 -0.218843
v 1.070296 -0.212187 -0.185750
v 1.020102 -0.276245 -0.250259
v 1.046023 -0.271573 -0.163973
v 1.003036 -0.287625 -0.143264
v 0.817452 -0.416993 -0.148448
v 0.817310 -0.455804 -0.138652
v 0.824777 -0.439443 -0.174105
v 0.825171 -0.479004 -0.152163
v 0.834099 -0.501428 -0.164021
v 0.843264 -0.549173 -0.092659
v 0.905037 -0.524918 0.052240
v 0.872479 -0.533753 0.103988
v 0.899440 -0.458003 0.267505
v 0.681137 -0.564716 0.244532
v 0.524249 -0.583549 0.233953
v 0.480751 -0.589432 0.249348
v 0.464094 -0.546033 0.508883
v 0.766421 -0.287355 0.605111
v 0.736641 -0.231702 0.671643
v 0.705192 -0.202359 0.729204
v 0.624400 -0.233086 0.765018
v 0.548010 -0.253342 0.795129
v 0.538581 -0.216350 0.808800
v 0.477897 -0.209311 0.811552
v 0.447574 -0.197364 0.811905
v 0.400232 -0.148180 0.809323
v 0.488768 -0.009926 0.753238
v 0.528140 0.109699 0.815367
v 0.611475 0.092295 0.803641
v 0.647790 0.027473 0.782266
v 0.684175 -0.050986 0.774815
v 0.732628 -0.066382 0.730725
v 0.714638 -0.154533 0.744592
v 0.693188 -0.138859 0.764710
v 0.683907 -0.181332 0.760088
v 0.667888 -0.165789 0.777845
v 0.674147 -0.127046 0.779970
v 0.651782 -0.152179 0.790214
v 0.604399 -0.201570 0.798164
v 0.579846 -0.172055 0.791089
v 0.524848 -0.182636 0.778463
v 0.472435 -0.193741 0.791586
v 0.494861 -0.178905 0.772873
v 0.444768 -0.177686 0.789100
v 0.598259 0.016385 0.767413
v 0.639390 -0.046619 0.780261
v 0.654044 -0.117548 0.789324
v 0.632431 -0.140212 0.793124
v 0.633014 -0.110053 0.786609
v 0.612731 -0.130218 0.785136
v 0.544125 -0.156632 0.767403
v 0.534070 -0.119229 0.753485
v 0.579606 -0.104259 0.759475
v 0.573229 -0.052969 0.751301
v 0.611057 -0.104961 0.775549
v 0.744802 -0.178322 0.702919
v 0.785296 -0.219375 0.627992
v 0.822964 -0.149307 0.602214
v 0.850456 -0.107195 0.589892
v 0.823102 0.011745 0.635328
v 0.791341 0.140394 0.664281
v 0.826516 0.282624 0.559567
v 0.840463 0.373129 0.444172
v 0.975012 0.386129 0.239762
v 1.040416 0.332114 0.151608
v 1.091438 0.227963 0.095205
v 1.140717 0.112981 0.003519
v 1.131298 0.079444 0.102081
v 1.141853 -0.025448 0.136900
v 1.155689 -0.049615 0.112934
v 1.141753 -0.068951 0.154764
v 1.151298 -0.099062 0.131708
v 1.102337 -0.163447 0.227777
v 1.031762 -0.268831 0.300832
v 1.017444 -0.313969 0.241457
v 1.070769 -0.229730 0.155144
v 1.011655 -0.355228 0.168115
v 0.983387 -0.382407 0.236256
v 0.986676 -0.406988 0.165380
v 0.915648 -0.478316 0.183398
v 0.993391 -0.417429 0.121148
v 0.993096 -0.424158 0.066652
v 0.832436 -0.500786 -0.088041
v 0.871114 -0.458684 -0.000494
v 0.965512 -0.406811 0.030295
v 1.032635 -0.359127 0.052794
v 1.032124 -0.329384 0.106019
v 1.047649 -0.277118 0.090385
v 1.103564 -0.241780 0.008432
v 1.150263 -0.142630 0.102018
v 1.168846 -0.084044 0.034295
v 1.167347 -0.015671 0.016080
v 1.158807 -0.069914 -0.009463
v 1.149643 -0.141615 -0.000630
v 1.054224 -0.317567 -0.018542
v 0.866054 -0.351388 -0.070824
v 0.817305 -0.395927 -0.107519
v 1.039184 -0.230279 0.333975
v 0.870503 -0.349801 0.486405
v 0.783808 -0.390193 0.527540
v 1.003148 -0.231026 0.399122
v 1.041155 -0.199931 0.349062
v 1.005842 -0.198766 0.408256
v 0.932809 -0.150605 0.505251
v 0.879553 -0.063574 0.571691
v 0.826107 0.148041 0.614017
v 0.855607 0.338215 0.441006
v 1.044089 0.304781 0.190622
v 1.045860 0.319342 0.173127
v 1.088871 0.211710 0.141795
v 1.127979 -0.010246 0.157689
v 1.114077 -0.038028 0.189089
v 1.127923 -0.052035 0.172082
v 1.095872 -0.120883 0.252347
v 1.041114 -0.175704 0.355833
v 1.067484 -0.141578 0.305281
v 1.009513 -0.174349 0.410998
v 1.011041 -0.151162 0.411283
v 0.973875 0.350766 0.262073
v 1.034696 0.290628 0.201254
v 1.108959 0.092349 0.149248
v 1.111813 0.002210 0.175965
v 1.099122 -0.063860 0.226047
v 1.089259 -0.103758 0.261585
v 1.061027 -0.124511 0.309134
v 0.820594 0.144951 0.561297
v 1.020342 0.278422 0.205622
v 1.061751 0.196932 0.165751
v 1.092878 0.009210 0.184840
v 1.048146 -0.111683 0.308627
v 0.991521 -0.123279 0.398814
v 0.950083 0.320607 0.258573
v 1.001257 0.268836 0.203408
v 1.066928 0.094968 0.160897
v 1.069609 0.011802 0.184402
v 1.058845 -0.051887 0.229540
v 0.858198 -0.029388 0.513340
v 0.824052 0.274004 0.403707
v 0.903770 0.278054 0.251270
v 0.976226 0.256450 0.200799
v 1.016678 0.184076 0.166766
v 1.042353 0.013241 0.181237
v 1.003353 -0.042848 0.226006
v 0.943636 0.235696 0.204974
v 1.004722 0.091521 0.164310
v 1.011096 0.016623 0.182052
v 0.912310 -0.079340 0.360166
v 0.784775 0.131487 0.481317
v 0.871003 0.234543 0.261550
v 0.901013 0.200694 0.224482
v 0.918252 0.216936 0.213305
v 0.952691 0.161529 0.190513
v 0.977236 0.022572 0.188965
v 0.950229 0.030470 0.203847
v 0.947178 -0.021752 0.234524
v 0.886821 0.186498 0.235870
v 0.947138 0.092027 0.198183
v 0.930168 0.038649 0.219544
v 0.915120 0.009356 0.260255
v 0.831957 0.017694 0.437662
v 0.823438 0.205694 0.374924
v 0.862944 0.200938 0.281152
v 0.881416 0.174679 0.252716
v 0.913435 0.142903 0.220119
v 0.916062 0.092673 0.234081
v 0.918063 0.047757 0.239405
v 0.903201 0.133106 0.260849
v 0.915214 0.093866 0.257872
v 0.917312 0.092412 0.287633
v 0.896738 0.026378 0.356244
v 0.855912 0.168906 0.374308
v 0.902086 0.130391 0.331073
v 0.913456 0.084376 0.325916
v 0.901111 0.075525 0.361501
v 0.588315 -0.505628 0.520043
v 0.703226 -0.491067 0.404099
v 0.482165 -0.544898 0.258492
v 0.452162 -0.553876 0.284473
v 0.426594 -0.554068 0.378247
v 0.649762 -0.480903 0.379939
v 0.629683 -0.531402 0.268474
v 0.551427 -0.474895 0.272604
v 0.537350 -0.452805 0.287418
v 0.522637 -0.490287 0.263283
v 0.484896 -0.497118 0.271495
v 0.463080 -0.469416 0.316864
v 0.503423 -0.427301 0.329302
v 0.527362 -0.422232 0.345851
v 0.511609 -0.420814 0.367411
v 0.547935 -0.430813 0.325456
v 0.572115 -0.435179 0.349903
v 0.567843 -0.481645 0.470877
v 0.471650 -0.511690 0.459389
v 0.529462 -0.436646 0.406805
v 0.453345 -0.469401 0.374087
v 0.447227 -0.503562 0.401617
v 0.616673 -0.472046 0.310805
v 0.569022 -0.446887 0.305760
v 1.135545 -0.031673 -0.160010
v 1.110800 0.001632 -0.227408
v 0.966902 0.094143 -0.420565
v 0.923111 0.154333 -0.431610
v 0.913374 0.186409 -0.450829
v 0.934123 0.154819 -0.459983
v 0.837090 0.296668 -0.267323
v 0.909969 0.100518 -0.260381
v 1.045715 0.268200 -0.071143
v 0.269423 -0.639564 0.443034
v 0.181182 -0.718119 0.297075
v 0.014004 -0.755752 0.273802
v -0.025515 -0.753359 0.304725
v 0.013287 -0.737035 0.303348
v -0.103578 -0.742869 0.364752
v -0.122282 -0.684563 0.433830
v -0.026334 -0.555730 0.455890
v 0.042080 -0.514403 0.510322
v 0.123367 -0.508660 0.552044
v 0.193131 -0.547869 0.553102
v 0.085787 -0.721256 0.294772
v 0.005805 -0.706091 0.318013
v -0.021152 -0.728105 0.323479
v -0.072488 -0.620958 0.405978
v -0.034466 -0.626135 0.371962
v -0.016713 -0.592117 0.395969
v 0.024254 -0.600997 0.363502
v 0.006659 -0.562632 0.424388
v 0.034454 -0.534264 0.447908
v 0.094104 -0.535311 0.434150
v 0.110535 -0.516881 0.491748
v 0.134525 -0.534894 0.450699
v 0.170048 -0.541440 0.467979
v 0.190312 -0.568080 0.433986
v 0.224146 -0.602830 0.435685
v 0.166543 -0.594578 0.377665
v 0.143454 -0.665760 0.326409
v 0.052625 -0.645160 0.324248
v -0.007726 -0.666883 0.334416
v 0.049379 -0.511392 0.614802
v 0.520829 -0.685728 0.003088
v 0.566451 -0.666326 -0.013528
v 0.522250 -0.670032 -0.026589
v 0.557968 -0.645164 -0.038332
v 0.575237 -0.669564 0.016527
v 0.694507 0.619226 -0.044167
v -0.281055 -0.747834 0.261814
v -0.340383 -0.715507 0.202314
v -0.231017 -0.729481 -0.082110
v -0.102498 -0.769194 -0.071927
v -0.228291 -0.723161 -0.096702
v -0.325897 -0.682558 -0.151460
v -0.420452 -0.653282 -0.218430
v -0.440290 -0.668277 -0.150181
v -0.107447 -0.743164 -0.106133
v 0.014650 -0.764284 -0.133924
v 0.028432 -0.775367 -0.110964
v -0.194143 -0.707327 -0.006303
v 0.256173 -0.532161 -0.569905
v 0.241858 -0.513448 -0.624080
v 0.236324 -0.483655 -0.673172
v 0.246588 -0.436558 -0.718830
v 0.420944 0.646688 -0.393030
v 0.488400 0.623909 -0.319391
v -0.374912 0.671112 -0.341549
v -0.372444 0.709496 -0.269192
v -0.758113 0.300632 -0.549288
v -0.789108 0.305065 -0.486422
vn 0.2061 0.2196 0.9536
vn -0.2239 -0.3414 0.9128
vn -0.6412 -0.0459 0.7660
vn 0.1836 -0.3229 0.9285
vn 0.0662 0.1706 0.9831
vn -0.0623 0.1834 0.9811
vn 0.0239 0.5630 0.8261
vn 0.3633 0.0973 0.9266
vn -0.5560 -0.0481 0.8298
vn -0.0742 0.9838 0.1633
vn 0.1628 0.6414 0.7498
vn 0.1299 0.6098 0.7819
vn 0.0114 0.6304 0.7762
vn -0.7035 0.2192 0.6760
vn 0.3802 0.2601 0.8876
vn 0.0640 0.5814 0.8111
vn 0.0854 0.6428 0.7612
vn 0.1380 -0.6827 0.7175
vn -0.4833 0.6586 0.5768
vn 0.7315 -0.0555 0.6796
vn -0.6415 -0.3457 0.6848
vn -0.0629 -0.7735 0.6307
vn 0.7888 0.2296 0.5702
vn 0.5136 0.1803 0.8389
vn 0.2410 0.8412 0.4840
vn -0.3369 -0.7088 0.6198
vn -0.2036 -0.7140 0.6698
vn -0.0342 0.8092 0.5865
vn -0.3328 0.6282 0.7033
vn 0.2546 0.8019 0.5405
vn -0.3902 0.5244 0.7568
vn 0.6839 -0.1961 0.7027
vn 0.5910 -0.7889 0.1682
vn 0.5092 -0.7992 0.3194
vn 0.3256 -0.8872 0.3270
vn -0.1472 0.9569 0.2503
vn -0.7975 0.2729 0.5381
vn -0.4349 -0.8447 -0.3120
vn 0.4977 0.8459 0.1917
vn -0.2692 0.7476 0.6071
vn -0.8007 0.4364 0.4104
vn -0.5017 0.8096 0.3047
vn -0.7901 -0.3703 0.4884
vn 0.7348 0.2436 0.6331
vn -0.2156 0.7019 0.6789
vn -0.8981 0.0585 0.4358
vn 0.6449 -0.6528 0.3975
vn -0.3267 -0.9112 0.2507
vn -0.7081 0.5903 0.3876
vn -0.0911 -0.9271 0.3637
vn -0.8312 0.2683 0.4869
vn -0.5763 0.6916 0.4354
vn 0.4093 -0.8466 0.3402
vn -0.2924 0.8006 0.5231
vn 0.6254 0.6812 0.3805
vn -0.8882 -0.4331 0.1534
vn -0.2799 -0.9366 0.2109
vn 0.3631 -0.8773 0.3140
vn -0.1140 0.8375 0.5344
vn 0.4439 0.3839 0.8097
vn 0.1950 -0.9573 0.2136
vn -0.8913 0.2446 0.3818
vn 0.4028 0.8173 0.4120
vn 0.0457 0.8741 0.4835
vn -0.6506 0.7534 0.0956
vn 0.4469 -0.8650 0.2282
vn -0.2827 -0.9592 0.0029
vn 0.0530 -0.9986 -0.0030
vn 0.1873 0.8621 -0.4709
vn 0.9590 0.2235 0.1744
vn -0.5281 -0.8326 -0.1669
vn 0.1498 -0.9782 -0.1435
vn 0.5619 0.8148 -0.1428
vn -0.6297 0.1941 -0.7522
vn -0.5973 0.7980 -0.0807
vn 0.7581 0.6271 -0.1792
vn 0.8557 -0.5166 -0.0311
vn -0.4301 0.8895 -0.1545
vn -0.1554 -0.9713 -0.1801
vn 0.1321 0.9718 0.1955
vn 0.5772 0.7937 -0.1920
vn -0.8377 0.5233 -0.1563
vn 0.9217 -0.3183 -0.2215
vn 0.2386 -0.8493 -0.4709
vn -0.3775 -0.8856 -0.2706
vn 0.1488 -0.9821 -0.1155
vn 0.9639 0.1517 -0.2189
vn 0.3837 -0.9234 -0.0139
vn -0.2493 -0.9440 -0.2164
vn -0.9379 0.3424 0.0555
vn 0.4508 -0.8856 -0.1118
vn 0.7430 0.0953 -0.6625
vn 0.6677 -0.6755 -0.3128
vn 0.2149 -0.8980 -0.3840
vn 0.0226 0.9349 -0.3541
vn -0.5021 -0.8471 0.1740
vn 0.6271 0.5908 -0.5076
vn 0.6551 -0.5785 -0.4860
vn -0.4698 -0.8386 -0.2757
vn 0.0944 -0.7325 -0.6742
vn 0.2215 -0.7671 -0.6020
vn -0.2932 0.8501 -0.4374
vn -0.5244 0.7811 -0.3389
vn 0.6282 -0.5222 -0.5767
vn 0.1255 -0.9053 -0.4058
vn 0.6786 0.6534 -0.3355
vn 0.8148 -0.0814 -0.5740
vn -0.8808 0.2233 0.4175
vn -0.0349 -0.8620 -0.5057
vn -0.4884 0.6968 -0.5253
vn 0.0612 0.9775 -0.2019
vn -0.4996 -0.8059 -0.3177
vn -0.5096 0.6955 -0.5065
vn -0.4372 -0.7278 -0.5284
vn -0.6156 0.6529 -0.4413
vn -0.8475 0.3872 -0.3632
vn -0.6466 0.5698 -0.5072
vn 0.8049 -0.5776 -0.1362
vn -0.4387 -0.8042 -0.4011
vn 0.6151 0.6028 -0.5081
vn -0.6487 0.3782 -0.6604
vn -0.2845 0.6933 -0.6621
vn -0.1007 0.5920 -0.7997
vn -0.6069 0.5506 -0.5732
vn -0.4191 -0.7482 -0.5143
vn -0.5373 0.6563 -0.5298
vn -0.6618 0.1452 -0.7355
vn -0.7455 -0.4454 -0.4958
vn -0.5353 0.4208 -0.7324
vn 0.5820 -0.8046 -0.1180
vn 0.0794 0.7902 -0.6076
vn 0.7895 0.1527 -0.5945
vn -0.7893 -0.0502 -0.6120
vn 0.2983 0.5227 -0.7986
vn -0.4329 0.5883 -0.6830
vn -0.5488 0.2898 -0.7841
vn 0.1288 -0.8283 -0.5452
vn 0.3359 0.8572 -0.3903
vn 0.5012 0.4306 -0.7505
vn -0.8655 0.0283 -0.5001
vn -0.4446 -0.6034 -0.6621
vn -0.6275 0.0169 -0.7784
vn -0.4564 0.3600 -0.8137
vn 0.6960 -0.4768 -0.5369
vn 0.0964 0.0303 -0.9949
vn 0.2907 0.3238 -0.9003
vn -0.2502 -0.4340 -0.8655
vn -0.0470 -0.6196 -0.7835
vn 0.2610 -0.2946 -0.9193
vn -0.2992 -0.0177 -0.9540
vn 0.4136 0.0579 -0.9086
vn -0.0774 -0.0159 -0.9969
vn 0.0539 -0.2655 -0.9626
vn 0.3962 -0.3616 -0.8439
vn 0.2241 0.3546 0.9077
vn 0.0341 0.3534 0.9348
vn 0.0700 0.1463 0.9868
vn 0.0851 -0.0502 0.9951
vn 0.3353 0.1370 0.9321
vn -0.0848 -0.1637 0.9829
vn -0.3005 -0.2245 0.9270
vn -0.3393 -0.3365 0.8785
vn -0.0706 -0.3706 0.9261
vn -0.2709 -0.3635 0.8913
vn 0.1024 -0.2590 0.9604
vn 0.2329 -0.2800 0.9313
vn 0.1492 -0.4053 0.9019
vn 0.2505 -0.4275 0.8686
vn 0.0398 0.2642 0.9636
vn -0.1708 0.0796 0.9821
vn 0.0107 0.1062 0.9943
vn 0.1866 0.3932 0.9003
vn 0.2478 0.3932 0.8854
vn -0.0229 0.1341 0.9907
vn 0.0150 0.0509 0.9986
vn -0.0915 0.1348 0.9866
vn -0.0453 0.1618 0.9858
vn -0.3802 0.3074 0.8723
vn 0.0662 0.5164 0.8538
vn 0.2970 0.4875 0.8210
vn 0.8504 -0.1927 0.4895
vn 0.4002 -0.8648 0.3031
vn 0.3072 0.0042 0.9516
vn 0.5153 -0.0343 0.8563
vn 0.5236 0.1579 0.8372
vn 0.3052 0.2814 0.9098
vn -0.4912 0.0275 0.8706
vn -0.5993 0.0485 0.7990
vn -0.6704 -0.0560 0.7398
vn -0.5724 -0.2104 0.7925
vn -0.4893 -0.1314 0.8622
vn 0.1518 0.3329 0.9307
vn 0.0696 0.3954 0.9159
vn 0.0263 0.5590 0.8287
vn 0.1087 0.6756 0.7292
vn -0.0588 0.6136 0.7874
vn -0.0666 0.6565 0.7513
vn 0.2168 0.6586 0.7206
vn 0.0690 0.5866 0.8070
vn -0.6546 0.3110 0.6891
vn -0.6176 0.5375 0.5741
vn -0.5907 0.0907 0.8017
vn -0.7008 0.0905 0.7076
vn -0.7209 0.3288 0.6101
vn -0.4217 0.3195 0.8485
vn -0.3460 0.4687 0.8128
vn -0.2341 0.2744 0.9327
vn 0.0419 0.5376 0.8421
vn 0.0901 0.4908 0.8666
vn -0.2205 0.6799 0.6994
vn -0.1364 0.6967 0.7043
vn 0.2220 0.9549 0.1974
vn 0.1081 0.6520 0.7504
vn 0.1993 -0.6799 0.7057
vn 0.1832 -0.7175 0.6721
vn 0.1933 -0.6444 0.7399
vn 0.2887 -0.6721 0.6819
vn 0.2771 -0.5972 0.7527
vn -0.6391 0.5934 0.4893
vn 0.6962 0.0187 0.7176
vn 0.7653 -0.0952 0.6366
vn 0.6939 0.0112 0.7199
vn 0.7390 -0.0278 0.6731
vn 0.7377 -0.1535 0.6574
vn -0.0694 -0.6764 0.7333
vn -0.0402 -0.7091 0.7040
vn 0.0130 -0.7337 0.6793
vn 0.0609 -0.7181 0.6932
vn -0.4948 0.6991 0.5162
vn 0.6879 0.2740 0.6721
vn 0.6553 0.5450 0.5230
vn 0.8018 0.3437 0.4889
vn 0.1251 0.8305 0.5427
vn 0.2546 0.7883 0.5602
vn 0.2774 0.8477 0.4522
vn 0.2408 0.9053 0.3498
vn 0.1685 0.8900 0.4237
vn -0.5228 -0.6284 0.5761
vn -0.3203 -0.7611 0.5640
vn -0.4639 -0.5724 0.6761
vn -0.1213 -0.8099 0.5738
vn -0.2210 -0.7271 0.6499
vn -0.2226 -0.5460 0.8077
vn -0.3624 -0.6140 0.7012
vn -0.0917 -0.7246 0.6830
vn 0.0362 -0.5315 0.8463
vn -0.2485 -0.7434 0.6210
vn 0.0627 0.9645 -0.2566
vn 0.1992 0.9401 -0.2767
vn 0.1715 0.8725 0.4576
vn -0.1018 0.8656 0.4902
vn -0.1921 0.8345 0.5164
vn 0.0921 0.6502 0.7541
vn -0.1755 0.8377 0.5171
vn -0.8485 0.4638 0.2548
vn -0.2995 0.7667 0.5678
vn -0.1507 0.7035 0.6945
vn -0.3942 0.2999 0.8687
vn -0.5815 0.4279 0.6919
vn -0.4667 0.6547 0.5946
vn 0.6463 -0.2224 0.7300
vn 0.6349 -0.3404 0.6935
vn 0.7487 -0.3117 0.5851
vn 0.2061 -0.8315 0.5159
vn 0.2974 -0.7371 0.6069
vn 0.3953 -0.8806 0.2615
vn 0.2184 -0.9262 0.3074
vn 0.3935 -0.8234 0.4089
vn -0.1397 0.8809 0.4522
vn -0.1773 0.8374 0.5171
vn 0.1310 0.9796 0.1526
vn -0.7790 0.3483 0.5214
vn -0.8211 0.3330 0.4636
vn -0.7928 0.1945 0.5776
vn -0.7822 0.2116 0.5861
vn -0.8646 0.2776 0.4188
vn 0.4717 -0.8069 0.3556
vn 0.4165 -0.8370 0.3548
vn -0.5151 0.6391 0.5712
vn -0.1876 0.8236 0.5353
vn -0.3365 0.7061 0.6231
vn 0.1005 0.9615 0.2557
vn -0.7384 0.5256 0.4225
vn -0.7293 0.4771 0.4904
vn -0.8837 0.3728 0.2830
vn -0.8768 0.3672 0.3103
vn -0.5814 0.1940 0.7902
vn -0.5994 -0.0174 0.8003
vn -0.6192 0.1502 0.7707
vn -0.7420 -0.3743 0.5562
vn -0.8129 -0.4220 0.4013
vn -0.7349 -0.3400 0.5868
vn -0.8635 -0.3970 0.3111
vn -0.7828 -0.3847 0.4891
vn 0.6177 -0.6113 -0.4948
vn 0.5227 -0.8249 -0.2150
vn -0.3063 0.5502 0.7768
vn -0.2516 0.7166 0.6505
vn 0.2025 0.4827 0.8521
vn -0.8895 0.2780 0.3627
vn -0.9030 0.0891 0.4202
vn -0.8853 0.1258 0.4477
vn -0.8413 0.2502 0.4791
vn 0.7277 -0.5063 0.4627
vn 0.5764 -0.6900 0.4378
vn 0.7964 -0.5109 0.3236
vn 0.4792 -0.7643 0.4316
vn 0.6687 -0.6578 0.3467
vn 0.1627 -0.8347 0.5262
vn 0.0190 -0.6776 0.7352
vn -0.1753 -0.7936 0.5827
vn -0.3497 0.2813 0.8936
vn -0.3003 -0.9210 0.2482
vn -0.2198 -0.9333 0.2840
vn -0.2049 -0.8975 0.3904
vn -0.6204 0.7039 0.3459
vn -0.6262 0.6161 0.4778
vn -0.7321 0.5938 0.3339
vn 0.9280 -0.3346 0.1638
vn 0.5455 -0.3411 0.7655
vn 0.5003 -0.2367 0.8329
vn 0.6172 -0.3349 0.7119
vn -0.7046 0.4668 0.5345
vn -0.7402 0.4581 0.4921
vn -0.9880 0.1461 0.0497
vn 0.1686 -0.9489 0.2666
vn 0.8292 0.5420 0.1364
vn 0.4559 -0.8005 0.3889
vn 0.4317 -0.7564 0.4914
vn 0.4012 -0.8428 0.3589
vn 0.3837 -0.8901 0.2459
vn 0.3545 -0.8755 0.3285
vn 0.5414 0.7320 0.4136
vn 0.6049 0.6346 0.4810
vn 0.6002 0.6855 0.4122
vn 0.6746 0.6823 0.2818
vn 0.6172 0.7474 0.2459
vn 0.9898 -0.0742 0.1215
vn -0.8561 -0.4638 0.2279
vn -0.9144 -0.4048 -0.0099
vn -0.2293 -0.9531 0.1974
vn -0.4284 -0.8705 0.2423
vn -0.3608 -0.9093 0.2075
vn -0.2317 -0.9661 0.1142
vn 0.4632 -0.8360 0.2943
vn 0.3427 -0.8864 0.3112
vn 0.2819 -0.9082 0.3094
vn 0.2709 -0.9226 0.2747
vn 0.3893 -0.8481 0.3595
vn 0.0168 0.7897 0.6133
vn -0.0186 0.9083 0.4180
vn -0.2314 0.7518 0.6175
vn -0.1618 0.7033 0.6922
vn -0.1322 0.9290 0.3455
vn -0.8476 0.2623 0.4613
vn -0.9106 0.2514 0.3280
vn -0.9031 0.3120 0.2951
vn -0.8411 0.3387 0.4218
vn 0.3171 0.7807 0.5384
vn 0.5908 0.6709 0.4482
vn 0.1515 0.8598 0.4877
vn 0.3333 0.9162 0.2225
vn 0.5314 0.7983 0.2835
vn -0.4108 -0.6239 -0.6648
vn 0.0430 0.7582 0.6506
vn -0.2410 0.8446 0.4780
vn 0.8345 0.3375 0.4355
vn 0.2568 -0.8358 -0.4852
vn 0.1692 -0.9641 -0.2045
vn 0.4451 -0.8836 0.1452
vn 0.4034 -0.8978 0.1769
vn 0.3737 -0.9102 0.1788
vn 0.4142 -0.8924 0.1789
vn 0.3749 -0.8903 0.2585
vn -0.2590 -0.9597 -0.1094
vn -0.2579 -0.9600 -0.1089
vn -0.2945 -0.9520 0.0834
vn -0.1944 -0.9809 -0.0052
vn -0.0670 -0.9957 0.0644
vn 0.9784 0.1136 0.1728
vn -0.3602 -0.8632 -0.3538
vn -0.3447 -0.9156 -0.2071
vn 0.0691 0.4291 0.9006
vn 0.2184 -0.9759 -0.0037
vn 0.2621 -0.9559 -0.1326
vn 0.3047 -0.9435 -0.1301
vn 0.1362 -0.9771 -0.1634
vn 0.2869 -0.9579 -0.0007
vn 0.4904 0.8703 -0.0462
vn 0.5954 0.8011 -0.0620
vn 0.6091 0.7734 -0.1757
vn 0.4668 0.8740 -0.1351
vn 0.5521 0.7970 -0.2448
vn 0.8561 -0.4555 0.2440
vn -0.6848 -0.0566 -0.7265
vn -0.6658 0.3452 -0.6614
vn -0.7714 0.0493 -0.6344
vn -0.6631 0.2572 -0.7030
vn -0.6421 0.4012 -0.6533
vn -0.0243 -0.7532 0.6573
vn -0.6324 0.7709 -0.0760
vn -0.6135 0.7757 -0.1479
vn -0.6436 0.7599 -0.0918
vn -0.5808 0.8099 -0.0815
vn -0.6208 0.7762 -0.1099
vn 0.6833 0.7147 -0.1496
vn 0.7950 0.5944 -0.1209
vn 0.8289 0.5355 -0.1620
vn 0.7772 0.5692 -0.2682
vn 0.6894 0.6857 -0.2337
vn -0.4614 0.8516 -0.2489
vn -0.6608 0.6709 -0.3364
vn 0.8424 -0.5386 0.0173
vn 0.8301 -0.5053 -0.2358
vn 0.1356 -0.9905 0.0234
vn 0.2838 -0.9578 -0.0467
vn -0.4142 0.9089 0.0489
vn -0.3206 0.9471 0.0133
vn -0.4026 0.8993 -0.1708
vn -0.4304 0.8740 -0.2255
vn -0.4612 0.8668 -0.1896
vn 0.8314 -0.1131 -0.5441
vn 0.1077 0.9838 0.1432
vn 0.1404 0.9663 0.2158
vn 0.0296 0.9967 0.0758
vn 0.2129 0.9616 0.1732
vn 0.1893 0.9755 0.1125
vn -0.7521 0.6539 -0.0826
vn -0.8068 0.5780 0.1224
vn -0.8835 0.4684 0.0030
vn -0.7795 0.5759 -0.2466
vn -0.3128 -0.9143 -0.2573
vn -0.3852 -0.8247 -0.4141
vn -0.4526 -0.8505 -0.2680
vn -0.3753 -0.9105 -0.1738
vn -0.3297 -0.9257 -0.1854
vn 0.9010 -0.3267 -0.2855
vn 0.9624 -0.2095 -0.1732
vn -0.7992 0.4950 -0.3411
vn 0.3122 -0.6668 -0.6767
vn 0.2139 -0.9426 -0.2565
vn 0.0596 -0.9952 -0.0773
vn 0.3061 -0.9499 -0.0632
vn 0.9917 0.1144 -0.0587
vn 0.9706 -0.0472 -0.2362
vn 0.9381 0.3267 -0.1147
vn 0.9254 0.0798 -0.3704
vn 0.9328 0.2418 -0.2670
vn -0.2323 -0.9515 -0.2018
vn -0.1733 -0.9468 -0.2713
vn -0.1481 -0.9343 -0.3244
vn 0.4438 0.6865 -0.5760
vn 0.2617 0.7080 -0.6560
vn 0.4732 0.3765 -0.7964
vn 0.1135 0.9831 -0.1439
vn 0.4144 -0.8690 -0.2702
vn 0.3640 -0.8965 -0.2527
vn 0.2008 -0.9702 -0.1360
vn 0.2875 -0.9577 0.0099
vn 0.6374 -0.7587 -0.1343
vn 0.8172 -0.1543 -0.5553
vn 0.6961 -0.2291 -0.6804
vn 0.7001 0.0429 -0.7128
vn 0.7058 0.3415 -0.6207
vn 0.7519 0.2743 -0.5995
vn 0.5265 -0.8123 0.2508
vn 0.6807 -0.5975 -0.4239
vn 0.5297 -0.8250 0.1970
vn 0.1882 -0.8705 -0.4548
vn 0.2327 -0.8948 -0.3811
vn 0.1201 -0.9427 -0.3113
vn 0.1404 -0.8819 -0.4500
vn -0.0870 0.9326 -0.3502
vn 0.0247 0.9317 -0.3624
vn 0.0241 0.7940 -0.6075
vn -0.0754 0.8831 -0.4630
vn 0.0238 0.8972 -0.4410
vn 0.8951 0.3236 -0.3069
vn 0.8068 0.5412 -0.2369
vn 0.8587 0.3606 -0.3643
vn 0.4284 0.8099 -0.4007
vn 0.4824 0.7302 -0.4838
vn -0.1302 -0.8290 -0.5439
vn 0.0903 -0.8477 0.5227
vn 0.0064 0.9910 -0.1340
vn 0.6391 -0.6709 -0.3761
vn 0.6359 -0.6161 -0.4647
vn 0.6743 -0.6385 -0.3711
vn 0.6288 -0.5575 -0.5421
vn -0.4919 -0.8260 -0.2750
vn -0.3612 -0.8962 -0.2576
vn -0.3195 -0.9007 -0.2943
vn 0.2445 0.7846 -0.5698
vn 0.2050 0.8308 -0.5175
vn 0.2665 0.7811 -0.5647
vn -0.6107 -0.4673 -0.6392
vn -0.1532 -0.7890 -0.5950
vn -0.0912 -0.9214 -0.3778
vn 0.0794 -0.5635 -0.8223
vn -0.1323 -0.6663 -0.7338
vn 0.2628 -0.7128 -0.6503
vn 0.2891 -0.8931 -0.3447
vn -0.0682 -0.9665 -0.2474
vn 0.6387 -0.7272 -0.2516
vn -0.3050 0.9036 -0.3007
vn -0.1522 0.9078 -0.3908
vn -0.1442 0.8509 -0.5051
vn -0.2506 0.7787 -0.5751
vn -0.4059 0.6217 -0.6699
vn -0.5548 0.7791 -0.2920
vn -0.5378 0.7748 -0.3324
vn -0.5679 0.7557 -0.3263
vn -0.5502 0.7584 -0.3494
vn -0.5942 0.7296 -0.3387
vn 0.7510 -0.4734 -0.4603
vn 0.6862 -0.4241 -0.5910
vn 0.6283 -0.6117 -0.4807
vn -0.8434 0.3909 0.3685
vn -0.9157 0.2678 0.2995
vn -0.2386 -0.9573 0.1631
vn -0.8960 -0.4423 -0.0393
vn 0.0090 -0.9033 -0.4290
vn 0.0159 -0.9057 -0.4236
vn 0.1460 -0.8858 -0.4406
vn 0.2086 -0.9015 -0.3791
vn 0.1788 -0.9060 -0.3837
vn 0.7374 0.6406 -0.2143
vn 0.8107 0.5062 -0.2940
vn 0.5871 0.7650 -0.2646
vn 0.5847 0.6704 -0.4568
vn 0.6744 0.5654 -0.4748
vn 0.7202 0.5265 0.4518
vn 0.7248 0.6797 0.1125
vn 0.7648 -0.1364 -0.6297
vn 0.8131 -0.2064 -0.5442
vn 0.8728 -0.0631 -0.4839
vn 0.8983 -0.0081 -0.4394
vn 0.8464 -0.2218 -0.4841
vn 0.2205 -0.3682 -0.9032
vn -0.9783 -0.0818 0.1903
vn -0.7980 -0.0217 0.6023
vn -0.6766 0.3558 0.6447
vn -0.0971 -0.8882 -0.4491
vn 0.0332 -0.9145 -0.4032
vn 0.0598 0.9965 -0.0583
vn -0.5641 -0.4385 0.6997
vn -0.6596 -0.3181 0.6810
vn 0.3048 -0.5167 -0.8001
vn -0.5656 0.6965 -0.4416
vn -0.4667 0.7545 -0.4615
vn -0.2401 0.7648 -0.5979
vn -0.4868 0.6972 -0.5262
vn -0.5624 0.6857 -0.4621
vn 0.0705 0.9794 -0.1893
vn 0.1234 0.9764 -0.1775
vn 0.0929 0.9808 -0.1715
vn 0.0331 0.9314 -0.3625
vn 0.0428 0.9477 -0.3164
vn -0.5877 -0.7755 -0.2307
vn -0.4342 -0.8195 -0.3740
vn -0.4394 -0.8493 -0.2927
vn -0.4681 -0.7617 -0.4479
vn -0.5646 0.7156 -0.4113
vn -0.5697 0.7301 -0.3773
vn -0.5707 0.6561 -0.4938
vn -0.3488 0.5966 -0.7228
vn -0.5000 0.7050 -0.5030
vn -0.3990 -0.7560 -0.5189
vn -0.3814 -0.7262 -0.5720
vn -0.4747 -0.7661 -0.4333
vn -0.4875 -0.7114 -0.5062
vn -0.5434 -0.7183 -0.4345
vn -0.2548 -0.9106 0.3254
vn -0.1130 0.8262 -0.5519
vn -0.6203 0.6697 -0.4082
vn -0.6280 0.6923 -0.3553
vn -0.6569 0.5869 -0.4734
vn -0.6117 0.5968 -0.5192
vn -0.2781 0.6806 -0.6778
vn -0.0274 0.7595 -0.6499
vn 0.0328 0.6849 -0.7279
vn -0.0398 0.8163 -0.5762
vn -0.6875 0.6303 -0.3608
vn -0.5638 0.6283 -0.5361
vn -0.7535 0.5814 -0.3069
vn -0.6448 0.5209 -0.5594
vn -0.5945 0.5287 -0.6058
vn -0.4864 -0.8000 -0.3513
vn -0.4939 -0.7390 -0.4581
vn -0.4354 -0.8561 -0.2785
vn -0.4122 -0.8120 -0.4132
vn -0.3828 -0.7349 -0.5599
vn 0.6069 0.6264 -0.4892
vn 0.6012 0.5946 -0.5339
vn 0.5974 0.5286 -0.6031
vn 0.6085 0.6065 -0.5117
vn 0.5186 0.5380 -0.6645
vn -0.7490 0.5146 -0.4173
vn -0.4954 0.1797 -0.8499
vn -0.6078 0.0310 -0.7935
vn -0.8676 0.2073 -0.4520
vn -0.6632 0.6319 -0.4011
vn -0.4266 0.0924 -0.8997
vn -0.2644 0.7710 -0.5793
vn -0.2055 0.7730 -0.6002
vn -0.2440 0.6696 -0.7015
vn -0.1998 0.6504 -0.7328
vn -0.2915 0.5948 -0.7491
vn -0.0500 0.6199 -0.7831
vn -0.1497 0.6343 -0.7585
vn -0.0798 0.7523 -0.6539
vn -0.0600 0.4343 -0.8988
vn -0.6719 0.5559 -0.4895
vn -0.6014 0.5404 -0.5885
vn -0.6680 0.5229 -0.5294
vn -0.6312 0.4204 -0.6518
vn -0.2898 0.0586 -0.9553
vn -0.5165 0.1860 -0.8358
vn -0.3777 -0.7578 -0.5321
vn -0.4277 -0.7324 -0.5297
vn -0.5153 -0.7224 -0.4611
vn -0.4879 0.6266 -0.6077
vn -0.6637 0.0528 -0.7461
vn -0.6129 0.0105 -0.7901
vn -0.7657 0.0739 -0.6390
vn -0.6999 -0.0264 -0.7137
vn -0.1332 -0.1634 -0.9775
vn 0.5472 -0.7961 -0.2586
vn 0.6871 -0.7241 -0.0608
vn 0.5577 -0.8043 -0.2050
vn 0.5744 -0.8080 -0.1313
vn 0.7524 -0.6585 0.0150
vn 0.0397 -0.0241 -0.9989
vn 0.8323 0.1541 -0.5325
vn 0.8864 0.0281 -0.4620
vn 0.7222 0.2488 -0.6454
vn 0.7718 -0.0059 -0.6358
vn 0.6288 0.2827 -0.7244
vn 0.0857 0.5366 -0.8394
vn 0.2540 0.5820 -0.7725
vn -0.1287 0.7391 -0.6612
vn -0.0681 0.4638 -0.8833
vn 0.2237 0.6279 -0.7455
vn 0.2862 0.6100 -0.7389
vn 0.1907 0.4663 -0.8638
vn -0.4116 0.5348 -0.7380
vn -0.5039 0.5309 -0.6813
vn -0.5499 0.4353 -0.7128
vn 0.5453 -0.5857 -0.5996
vn 0.5518 -0.7011 -0.4516
vn 0.0827 -0.9136 -0.3981
vn 0.0395 -0.7906 -0.6111
vn 0.1286 -0.8432 -0.5220
vn 0.1960 -0.8963 -0.3977
vn 0.0563 -0.7296 -0.6815
vn 0.3270 0.7570 -0.5657
vn 0.3923 0.7839 -0.4812
vn 0.3133 0.8773 -0.3636
vn 0.5108 0.8597 0.0082
vn -0.4720 0.2861 -0.8339
vn 0.5158 0.4291 -0.7415
vn 0.4965 0.4286 -0.7549
vn 0.3818 0.5043 -0.7746
vn 0.4419 0.5710 -0.6919
vn 0.5185 0.4503 -0.7269
vn 0.5577 0.6399 -0.5288
vn 0.7532 0.6251 0.2048
vn 0.7376 0.6647 0.1189
vn 0.5957 0.7427 0.3057
vn -0.7041 -0.3667 -0.6081
vn -0.4475 -0.3123 -0.8380
vn -0.5593 -0.6849 -0.4670
vn -0.1092 -0.6284 -0.7701
vn -0.2597 -0.7826 -0.5658
vn -0.5435 0.1670 -0.8226
vn -0.5334 0.1775 -0.8271
vn -0.5664 -0.8185 0.0966
vn 0.8081 -0.4897 -0.3275
vn 0.6348 -0.5115 -0.5792
vn 0.7837 -0.4688 -0.4074
vn 0.4324 -0.1848 -0.8825
vn 0.3942 0.3523 -0.8488
vn 0.3017 0.3092 -0.9018
vn 0.2920 0.2748 -0.9161
vn 0.2905 0.3336 -0.8968
vn 0.2690 0.2840 -0.9203
vn 0.3097 0.2920 -0.9049
vn -0.1097 -0.7957 -0.5957
vn -0.3089 -0.4264 -0.8502
vn -0.0484 -0.3987 -0.9158
vn -0.2594 -0.0418 -0.9649
vn -0.0840 -0.1484 -0.9853
vn 0.0630 -0.4181 -0.9062
vn 0.1447 0.4751 -0.8679
vn 0.6204 0.3864 -0.6824
vn -0.0530 -0.5259 -0.8489
vn -0.0970 -0.5466 -0.8318
vn -0.1944 -0.6114 -0.7671
vn -0.1481 -0.5491 -0.8225
vn 0.3526 -0.4193 -0.8366
vn 0.2894 -0.1259 -0.9489
vn 0.4732 -0.2431 -0.8467
vn 0.1149 -0.3263 -0.9383
vn 0.4546 -0.6928 -0.5599
vn -0.1823 0.0684 -0.9809
vn -0.3687 -0.0501 -0.9282
vn -0.2841 -0.2357 -0.9294
vn -0.1350 -0.2422 -0.9608
vn -0.0720 -0.0733 -0.9947
vn -0.1819 -0.3233 -0.9287
vn 0.4265 -0.0969 -0.8993
vn 0.5816 0.2586 -0.7713
vn 0.4845 0.0486 -0.8735
vn 0.2672 -0.1628 -0.9498
vn 0.4078 -0.1215 -0.9049
vn -0.1877 0.1976 -0.9621
vn -0.2686 -0.1082 -0.9572
vn -0.0042 -0.2875 -0.9578
vn 0.2411 -0.2393 -0.9405
vn 0.1179 -0.3027 -0.9458
vn -0.1067 -0.3576 -0.9278
vn -0.1358 -0.2373 -0.9619
vn 0.5689 -0.4111 -0.7123
vn 0.2772 -0.3256 -0.9040
vn 0.4592 -0.2972 -0.8371
vn 0.2945 -0.1593 -0.9423
vn 0.0152 -0.1489 -0.9887
vn -0.1388 -0.3326 -0.9328
vn -0.0344 -0.4576 -0.8885
vn -0.0796 0.0322 -0.9963
vn 0.3433 0.0804 -0.9358
vn 0.1324 0.1586 -0.9784
vn 0.3089 0.2255 -0.9240
vn 0.3024 0.2847 -0.9097
vn 0.3107 0.3319 -0.8907
vn 0.2250 0.4088 -0.8844
vn 0.2441 0.4882 -0.8379
vn 0.1650 0.2887 -0.9431
vn 0.0699 0.4999 -0.8632
vn 0.0072 0.4588 -0.8885
vn -0.1465 0.6571 -0.7394
vn -0.0735 0.7198 -0.6903
vn -0.1811 0.6563 -0.7325
vn -0.0597 0.5421 -0.8382
vn 0.1767 0.6048 -0.7766
vn 0.2303 0.7851 -0.5750
vn 0.2162 0.6906 -0.6901
vn 0.0743 0.7174 -0.6927
vn 0.1181 0.6125 -0.7816
vn -0.0641 0.7182 -0.6929
vn -0.0751 0.5810 -0.8104
vn -0.1401 0.7612 -0.6332
vn -0.0501 0.8503 -0.5238
vn -0.0199 0.8826 -0.4698
vn 0.1266 0.8291 -0.5445
vn 0.1117 0.8301 -0.5462
vn 0.1465 0.6383 -0.7558
vn 0.3712 0.6700 -0.6428
vn 0.1538 0.5993 -0.7856
vn 0.3075 0.7128 -0.6304
vn 0.0891 0.6148 -0.7836
vn 0.5669 0.6281 -0.5330
vn 0.7915 0.5902 -0.1588
vn 0.7825 0.6225 0.0132
vn 0.8040 0.5935 0.0371
vn 0.7907 0.6109 -0.0394
vn 0.6125 0.7628 0.2072
vn 0.7021 0.7029 0.1139
vn 0.7791 0.6269 -0.0007
vn 0.6809 0.7266 0.0916
vn 0.7254 0.6864 -0.0518
vn 0.6299 0.7764 -0.0231
vn 0.6614 0.7415 -0.1128
vn 0.2386 0.8260 -0.5106
vn -0.0827 0.7063 -0.7031
vn 0.1144 0.5818 -0.8053
vn 0.2529 0.3577 -0.8990
vn 0.4746 0.3616 -0.8025
vn 0.4096 0.3538 -0.8409
vn 0.4077 0.2824 -0.8683
vn 0.2685 0.1502 -0.9515
vn 0.3446 -0.1589 -0.9252
vn 0.3816 -0.4882 -0.7849
vn 0.7155 -0.4843 -0.5035
vn 0.7447 -0.0849 -0.6620
vn 0.3867 -0.3087 -0.8690
vn 0.7806 -0.0540 -0.6227
vn 0.2844 -0.6179 -0.7330
vn 0.0202 -0.6518 -0.7581
vn 0.2515 -0.1046 -0.9622
vn 0.2500 -0.0679 -0.9659
vn 0.4513 0.0599 -0.8903
vn 0.6042 -0.3002 -0.7381
vn 0.5325 -0.5864 -0.6104
vn 0.3657 -0.5762 -0.7309
vn 0.4045 -0.4389 -0.8023
vn 0.4299 -0.2589 -0.8650
vn -0.0612 0.6368 -0.7686
vn 0.4350 0.4233 -0.7947
vn -0.2435 0.3235 -0.9144
vn 0.6515 -0.4724 -0.5936
vn 0.5928 -0.3775 -0.7114
vn 0.3752 -0.3746 -0.8479
vn 0.4293 -0.5690 -0.7014
vn 0.1636 -0.7265 -0.6674
vn 0.1396 -0.8708 -0.4714
vn 0.1725 -0.9219 -0.3470
vn 0.2400 -0.8874 -0.3937
vn 0.2125 -0.8438 -0.4927
vn 0.1706 -0.9187 -0.3563
vn 0.0248 -0.9475 -0.3189
vn 0.0966 -0.9220 -0.3748
vn -0.3280 -0.8858 -0.3283
vn 0.1473 -0.8924 -0.4266
vn -0.2137 -0.7727 -0.5977
vn -0.5499 -0.4884 -0.6776
vn -0.1986 -0.5111 -0.8363
vn 0.3094 -0.5517 -0.7746
vn 0.3198 -0.7897 -0.5235
vn 0.0513 -0.9568 -0.2862
vn -0.1109 -0.8526 -0.5106
vn -0.1137 -0.9437 -0.3107
vn -0.1701 -0.8363 -0.5213
vn -0.1812 -0.9504 -0.2530
vn -0.1469 -0.9820 -0.1187
vn 0.1337 -0.9905 -0.0333
vn 0.1503 -0.9026 0.4035
vn 0.3111 -0.9229 0.2266
vn 0.1260 -0.8690 0.4784
vn 0.5070 -0.8087 0.2983
vn 0.4311 -0.8809 0.1956
vn 0.3596 -0.9171 -0.1719
vn 0.1841 -0.9823 -0.0331
vn -0.0483 -0.9535 -0.2976
vn -0.2667 -0.8598 -0.4355
vn -0.1460 -0.8571 -0.4940
vn -0.2174 -0.8923 -0.3957
vn -0.0556 -0.9122 -0.4059
vn -0.2306 -0.9725 -0.0322
vn -0.1804 -0.8566 0.4833
vn 0.1450 -0.9868 0.0726
vn 0.1001 -0.9825 0.1569
vn 0.0245 -0.9596 -0.2802
vn -0.0139 -0.8416 -0.5400
vn -0.0921 -0.8780 -0.4698
vn 0.0129 -0.8669 -0.4983
vn -0.2194 -0.8459 -0.4862
vn -0.3151 -0.7467 -0.5858
vn -0.6574 -0.6950 -0.2913
vn -0.5363 -0.7891 0.2995
vn -0.3643 -0.7223 0.5878
vn -0.1285 -0.8501 0.5107
vn -0.1168 -0.8888 0.4431
vn 0.1303 -0.9251 0.3567
vn -0.1745 -0.9831 -0.0547
vn -0.0979 -0.9033 -0.4177
vn -0.4354 -0.8997 -0.0326
vn -0.4270 -0.8786 -0.2140
vn -0.5865 -0.7642 0.2682
vn 0.1534 -0.8838 -0.4419
vn -0.0999 -0.8119 -0.5752
vn -0.1254 -0.7261 -0.6760
vn -0.0599 -0.6622 -0.7470
vn -0.0594 -0.6995 -0.7122
vn -0.0526 -0.7434 -0.6667
vn -0.1298 -0.6937 -0.7085
vn 0.0069 -0.6671 -0.7449
vn 0.1430 -0.5108 -0.8477
vn -0.1197 -0.5371 -0.8350
vn -0.1636 -0.6410 -0.7499
vn -0.0784 -0.6168 -0.7832
vn -0.0578 -0.6245 -0.7789
vn -0.0768 -0.6134 -0.7860
vn -0.0735 -0.6804 -0.7291
vn -0.0103 -0.6196 -0.7849
vn 0.0041 -0.7377 -0.6751
vn 0.0698 -0.7023 -0.7084
vn 0.1074 -0.7985 -0.5924
vn -0.1332 -0.8231 -0.5520
vn 0.1331 -0.8410 -0.5244
vn -0.2802 -0.8745 -0.3960
vn 0.0693 -0.9313 -0.3575
vn -0.1902 -0.9502 -0.2468
vn 0.1267 -0.9906 -0.0517
vn 0.1848 -0.9390 -0.2902
vn 0.3803 -0.4618 -0.8013
vn -0.3489 -0.8717 -0.3442
vn -0.4007 -0.7861 -0.4706
vn -0.4854 -0.7437 -0.4597
vn -0.5903 -0.6537 -0.4736
vn -0.6559 -0.5170 -0.5500
vn -0.6195 -0.3041 -0.7237
vn -0.3686 -0.2973 -0.8808
vn -0.0015 -0.4498 -0.8931
vn -0.1493 -0.4439 -0.8835
vn -0.0452 -0.4489 -0.8925
vn -0.2233 -0.5335 -0.8158
vn -0.1309 -0.5691 -0.8118
vn -0.1885 -0.4277 -0.8840
vn -0.1258 -0.4194 -0.8990
vn -0.2379 -0.3264 -0.9148
vn -0.2377 -0.3092 -0.9208
vn 0.1363 0.4472 -0.8840
vn 0.1096 0.6361 -0.7638
vn -0.0872 0.6262 -0.7748
vn -0.0965 0.6821 -0.7249
vn 0.0357 0.6169 -0.7862
vn -0.0948 0.4797 -0.8723
vn -0.1854 0.4873 -0.8533
vn -0.1548 0.4618 -0.8734
vn -0.2262 0.4695 -0.8535
vn -0.2537 0.5366 -0.8048
vn -0.2804 0.5846 -0.7613
vn -0.4163 0.2824 -0.8642
vn -0.4084 0.2769 -0.8698
vn -0.2969 0.3515 -0.8879
vn 0.1459 0.1050 -0.9837
vn 0.0401 0.3915 -0.9193
vn -0.0744 0.6202 -0.7809
vn 0.1098 0.2734 -0.9556
vn -0.0940 0.4948 -0.8639
vn -0.1425 0.5034 -0.8522
vn -0.2539 0.6462 -0.7197
vn -0.0208 0.5185 -0.8548
vn -0.3044 0.5893 -0.7484
vn -0.1795 0.5640 -0.8060
vn -0.3330 0.4495 -0.8289
vn -0.1012 0.5617 -0.8212
vn 0.1480 0.8361 -0.5283
vn 0.0820 0.9599 -0.2682
vn -0.2108 0.9421 -0.2607
vn -0.0144 0.9215 -0.3882
vn -0.3120 0.9000 -0.3042
vn -0.5074 0.8096 -0.2952
vn -0.4780 0.8122 -0.3344
vn -0.6174 0.6802 -0.3951
vn -0.5474 0.5301 -0.6476
vn -0.4578 0.3501 -0.8172
vn -0.3766 0.0837 -0.9226
vn -0.0887 0.0940 -0.9916
vn 0.3015 0.3658 -0.8805
vn 0.2529 0.5376 -0.8044
vn 0.0712 0.5635 -0.8230
vn 0.0940 0.5653 -0.8195
vn 0.3011 0.6595 -0.6888
vn 0.3137 0.6968 -0.6450
vn 0.4738 0.7097 -0.5214
vn 0.4910 0.7233 -0.4856
vn 0.4040 0.8052 -0.4341
vn 0.3281 0.7343 -0.5943
vn 0.2235 0.8741 -0.4313
vn 0.0869 0.7802 -0.6194
vn -0.2161 0.8329 -0.5096
vn -0.4703 0.4748 -0.7439
vn -0.5581 0.5277 -0.6404
vn 0.0718 0.3233 -0.9436
vn -0.3216 0.2548 -0.9119
vn -0.3800 0.2696 -0.8848
vn -0.4155 0.4843 -0.7700
vn 0.0085 0.1314 -0.9913
vn 0.2220 0.1879 -0.9568
vn 0.4002 0.5012 -0.7672
vn 0.4756 0.3433 -0.8099
vn 0.3534 0.5703 -0.7415
vn 0.5056 0.6796 -0.5315
vn 0.3732 0.7001 -0.6088
vn 0.2374 0.6382 -0.7323
vn -0.3242 0.4889 -0.8098
vn -0.3718 0.0520 -0.9268
vn -0.4645 0.0301 -0.8851
vn -0.4931 0.1163 -0.8622
vn -0.5074 0.0908 -0.8569
vn -0.5585 0.2463 -0.7921
vn -0.5358 0.4196 -0.7327
vn -0.6305 0.4069 -0.6610
vn -0.6831 0.5268 -0.5059
vn -0.6368 0.6942 -0.3355
vn -0.5774 0.7753 -0.2558
vn -0.4417 0.8773 -0.1878
vn -0.4982 0.8289 -0.2542
vn -0.3602 0.8398 -0.4062
vn -0.1669 0.9709 -0.1717
vn 0.0089 0.9363 -0.3512
vn -0.2257 0.8444 -0.4858
vn -0.1495 0.7746 -0.6146
vn -0.0448 0.6432 -0.7644
vn -0.1984 0.4932 -0.8470
vn -0.4822 0.1391 -0.8649
vn -0.1008 0.4688 -0.8775
vn -0.2026 0.5898 -0.7817
vn -0.2573 0.6474 -0.7174
vn -0.3654 0.6424 -0.6736
vn -0.4933 0.6857 -0.5352
vn -0.6999 0.5787 -0.4187
vn -0.7093 0.5106 -0.4861
vn -0.5996 0.2559 -0.7583
vn -0.4252 0.3000 -0.8540
vn -0.3398 0.4205 -0.8413
vn -0.6196 0.4409 -0.6495
vn -0.3818 0.5300 -0.7571
vn -0.4255 0.6144 -0.6645
vn -0.5664 0.6394 -0.5200
vn -0.3065 0.6822 -0.6638
vn -0.4748 0.6251 -0.6195
vn -0.2474 0.6802 -0.6900
vn -0.2390 0.4986 -0.8332
vn -0.3127 0.5943 -0.7410
vn -0.2610 0.5346 -0.8038
vn -0.2879 0.6332 -0.7184
vn -0.2510 0.5277 -0.8115
vn -0.2777 0.4316 -0.8583
vn -0.2130 0.4828 -0.8494
vn -0.2643 0.1103 -0.9581
vn -0.1437 0.3083 -0.9404
vn -0.2124 -0.2446 -0.9461
vn -0.2473 0.1319 -0.9599
vn -0.1065 0.4143 -0.9039
vn -0.0935 0.5955 -0.7979
vn -0.0662 0.6894 -0.7214
vn -0.1483 0.7086 -0.6898
vn -0.1602 0.6865 -0.7093
vn -0.2114 0.6809 -0.7012
vn -0.1938 0.6538 -0.7314
vn -0.2353 0.6254 -0.7440
vn -0.1670 0.6080 -0.7762
vn -0.1877 0.5262 -0.8294
vn -0.1117 0.5044 -0.8562
vn 0.0116 -0.2320 -0.9727
vn -0.1429 -0.1746 -0.9742
vn -0.4090 -0.0614 -0.9105
vn -0.3537 0.1242 -0.9271
vn -0.5425 0.0468 -0.8387
vn -0.6236 0.0008 -0.7817
vn -0.6861 -0.0334 -0.7268
vn -0.6850 -0.1084 -0.7205
vn -0.7176 -0.1594 -0.6780
vn -0.7024 -0.0560 -0.7095
vn -0.7378 -0.0490 -0.6732
vn -0.7786 -0.0119 -0.6274
vn -0.7091 -0.0072 -0.7051
vn -0.6277 0.1617 -0.7615
vn -0.4784 0.3592 -0.8013
vn -0.4612 0.4568 -0.7606
vn -0.4400 0.4796 -0.7592
vn -0.5369 0.4063 -0.7393
vn -0.7640 0.4711 -0.4410
vn -0.6170 0.4566 -0.6409
vn -0.5539 0.2638 -0.7897
vn -0.3231 0.7338 -0.5976
vn -0.5282 0.5902 -0.6105
vn -0.5442 0.5226 -0.6563
vn -0.4256 0.5169 -0.7428
vn -0.5573 0.4912 -0.6694
vn -0.7056 0.1302 -0.6965
vn -0.6632 0.3038 -0.6840
vn -0.7109 0.5897 -0.3834
vn -0.7476 0.5830 -0.3181
vn -0.7302 0.6421 -0.2333
vn -0.7513 0.5408 -0.3783
vn -0.7290 0.6499 -0.2148
vn -0.8282 0.4887 -0.2745
vn -0.8052 0.5030 -0.3142
vn -0.6712 0.6483 -0.3594
vn -0.6377 0.7363 -0.2263
vn -0.4292 0.8781 -0.2115
vn -0.4860 0.8336 -0.2627
vn -0.5423 0.7971 -0.2657
vn -0.3154 0.9342 -0.1670
vn -0.6071 0.7797 -0.1535
vn -0.2450 0.9678 0.0583
vn -0.4035 0.8633 0.3032
vn -0.6407 0.7616 0.0978
vn -0.4435 0.6816 0.5821
vn -0.1904 0.7971 0.5731
vn -0.6634 0.5905 0.4596
vn -0.4725 0.6017 0.6440
vn -0.4094 0.7722 0.4858
vn -0.6768 0.6609 0.3243
vn -0.8207 0.3481 0.4531
vn -0.6900 0.6806 -0.2462
vn -0.6200 0.7230 -0.3046
vn -0.6174 0.7228 -0.3104
vn -0.6616 0.6850 -0.3052
vn -0.6815 0.7195 -0.1335
vn -0.5804 0.7840 -0.2203
vn -0.4332 0.8218 -0.3700
vn -0.1995 0.7893 -0.5807
vn -0.1813 0.6217 -0.7620
vn -0.3741 0.6045 -0.7033
vn -0.4383 0.8380 -0.3250
vn -0.3182 0.7011 -0.6381
vn -0.1540 0.7879 -0.5963
vn -0.2234 0.8399 -0.4945
vn -0.3415 0.7886 -0.5113
vn -0.0626 0.8963 -0.4390
vn -0.1210 0.8808 -0.4578
vn -0.1778 0.8331 -0.5238
vn -0.1303 0.8755 -0.4654
vn -0.0273 0.9215 -0.3873
vn 0.0259 0.9393 -0.3420
vn 0.0162 0.9368 -0.3494
vn 0.0531 0.9806 -0.1889
vn -0.0103 0.9831 -0.1827
vn -0.0629 0.9773 -0.2025
vn 0.3034 0.9190 -0.2517
vn 0.0828 0.9447 -0.3174
vn 0.2181 0.6920 -0.6882
vn 0.2667 0.9500 -0.1625
vn 0.6494 0.7519 -0.1139
vn 0.8875 0.3246 -0.3270
vn 0.6876 0.5196 -0.5072
vn 0.7186 0.4451 -0.5343
vn 0.6619 0.7038 -0.2580
vn 0.8530 0.4878 -0.1856
vn 0.6787 0.7078 0.1959
vn 0.7566 0.6290 0.1784
vn 0.4197 0.9066 -0.0432
vn 0.5882 0.7280 0.3521
vn 0.3607 0.9165 0.1731
vn -0.0087 0.9980 0.0622
vn 0.0708 0.9924 0.1007
vn 0.3826 0.9198 -0.0875
vn 0.0923 0.9954 0.0267
vn 0.1331 0.9853 0.1068
vn 0.0807 0.9704 -0.2276
vn 0.2147 0.9196 -0.3291
vn -0.0329 0.8653 -0.5002
vn -0.0305 0.8702 -0.4918
vn -0.1510 0.7158 -0.6818
vn -0.1074 0.7284 -0.6767
vn -0.1155 0.5851 -0.8027
vn -0.0063 0.6794 -0.7338
vn -0.1234 0.5695 -0.8126
vn 0.1945 0.2543 -0.9474
vn 0.7168 0.4173 -0.5586
vn 0.7811 0.5649 -0.2659
vn 0.5370 0.7432 -0.3992
vn 0.1051 0.9769 -0.1859
vn 0.1446 0.9702 0.1945
vn 0.5770 0.8065 0.1291
vn 0.3328 0.8429 -0.4229
vn 0.4281 0.7850 -0.4477
vn 0.4458 0.3934 -0.8040
vn 0.5104 0.3450 -0.7877
vn 0.5560 0.1285 -0.8212
vn 0.4289 -0.8423 -0.3264
vn 0.5506 -0.7390 -0.3882
vn 0.6936 -0.5868 -0.4177
vn 0.7695 -0.5135 -0.3798
vn 0.7365 -0.5733 -0.3590
vn 0.8268 -0.4805 -0.2926
vn 0.7004 -0.5240 -0.4846
vn 0.4606 -0.7596 -0.4593
vn 0.2446 -0.7975 -0.5515
vn 0.1765 -0.7201 -0.6711
vn 0.3805 -0.8483 -0.3682
vn 0.4436 -0.8648 -0.2350
vn 0.1248 -0.9903 -0.0605
vn -0.0501 -0.9987 -0.0065
vn -0.4386 -0.8829 -0.1676
vn -0.5099 -0.8545 -0.0989
vn -0.1864 -0.9731 -0.1353
vn -0.3033 -0.8764 0.3742
vn -0.5041 -0.3822 0.7745
vn 0.1491 -0.9381 -0.3125
vn -0.0452 -0.8869 -0.4597
vn -0.0808 -0.9384 -0.3359
vn 0.0100 -0.9606 -0.2778
vn 0.2234 -0.9213 -0.3182
vn 0.2513 -0.9420 -0.2224
vn 0.2739 -0.9617 -0.0053
vn 0.2831 -0.9589 0.0189
vn 0.1757 -0.9594 0.2206
vn 0.1506 -0.9501 0.2731
vn 0.0741 -0.9773 0.1984
vn -0.1894 -0.9772 0.0963
vn -0.2674 -0.9607 -0.0751
vn -0.3764 -0.8346 -0.4023
vn -0.4844 -0.8742 -0.0348
vn -0.0923 -0.9930 -0.0740
vn -0.1047 -0.9928 -0.0583
vn 0.0042 -0.9917 -0.1282
vn 0.0624 -0.9930 -0.1000
vn -0.1917 -0.9805 -0.0436
vn -0.5198 -0.8255 0.2199
vn -0.3459 -0.9381 -0.0159
vn -0.6161 -0.7085 0.3442
vn -0.7640 -0.6411 -0.0733
vn -0.6233 -0.7255 -0.2918
vn -0.2522 -0.8379 -0.4840
vn -0.2363 -0.9695 -0.0644
vn -0.4673 -0.8704 0.1549
vn -0.0824 -0.9808 0.1767
vn -0.3678 -0.8774 0.3081
vn 0.2914 -0.9455 0.1451
vn 0.0888 -0.8763 0.4735
vn -0.2177 -0.6988 0.6814
vn -0.2294 -0.7883 0.5710
vn -0.4452 -0.6884 0.5726
vn -0.4753 -0.6326 0.6115
vn -0.1134 -0.9928 0.0391
vn -0.2643 -0.9279 0.2630
vn -0.2411 -0.9642 -0.1106
vn -0.2121 -0.9738 -0.0815
vn 0.1034 -0.9921 0.0706
vn -0.3145 -0.9419 0.1177
vn -0.2462 -0.9690 -0.0200
vn -0.3943 -0.9016 0.1780
vn -0.3378 -0.9010 0.2722
vn -0.2742 -0.8791 0.3899
vn -0.1425 -0.8381 0.5266
vn 0.2435 -0.8044 0.5419
vn 0.0867 -0.6116 0.7864
vn -0.0329 -0.8090 0.5869
vn 0.1158 -0.7612 0.6381
vn 0.1599 -0.6837 0.7120
vn -0.0485 -0.6188 0.7840
vn 0.2216 -0.5690 0.7919
vn -0.2024 -0.4737 0.8571
vn 0.1184 -0.4436 0.8884
vn -0.1509 -0.3869 0.9097
vn 0.2384 -0.4686 0.8506
vn 0.2710 -0.4092 0.8713
vn 0.3977 -0.2770 0.8747
vn 0.4304 -0.1699 0.8865
vn 0.3644 -0.0158 0.9311
vn 0.5335 -0.1681 0.8289
vn 0.5598 0.0212 0.8284
vn 0.7642 -0.0064 0.6450
vn 0.6848 -0.0429 0.7274
vn 0.3976 0.1888 0.8979
vn 0.1770 0.4105 0.8945
vn 0.0817 0.5526 0.8294
vn -0.0072 0.6590 0.7521
vn 0.1031 0.8420 0.5296
vn 0.0797 0.5866 0.8059
vn 0.1321 0.6183 0.7748
vn 0.3231 0.6452 0.6923
vn 0.4415 0.7947 0.4166
vn 0.4577 0.8820 -0.1123
vn 0.5519 0.7956 -0.2499
vn 0.4577 0.8202 -0.3433
vn 0.3541 0.8171 -0.4549
vn 0.4175 0.8475 -0.3277
vn 0.1999 0.8550 -0.4786
vn 0.0904 0.8959 -0.4349
vn 0.2719 0.9610 -0.0503
vn -0.0865 0.9722 -0.2174
vn -0.0977 0.9951 -0.0124
vn 0.1119 0.9434 0.3123
vn -0.2150 0.9576 0.1918
vn -0.2618 0.8312 0.4904
vn -0.2758 0.5934 0.7562
vn 0.0915 0.8441 0.5283
vn 0.1814 0.9583 0.2208
vn 0.2652 0.9542 0.1387
vn 0.3375 0.9394 0.0603
vn 0.1727 0.9847 0.0227
vn 0.0087 0.9890 -0.1477
vn -0.2081 0.9738 -0.0920
vn -0.0274 0.9952 -0.0944
vn -0.2021 0.9333 -0.2967
vn 0.0852 0.9837 -0.1587
vn 0.2147 0.9716 -0.0991
vn 0.1672 0.9694 0.1798
vn 0.3655 0.8714 0.3271
vn 0.2022 0.9135 0.3530
vn 0.1688 0.8721 0.4593
vn -0.0467 0.5415 0.8394
vn -0.1942 0.6056 0.7717
vn 0.3117 0.9001 0.3045
vn 0.6182 0.7797 -0.0994
vn 0.6681 0.7120 0.2162
vn 0.6980 0.7052 0.1247
vn 0.6037 0.7114 0.3598
vn 0.7101 0.2393 0.6622
vn 0.3541 0.6735 0.6489
vn 0.4168 0.3754 0.8278
vn 0.6001 0.2661 0.7544
vn 0.3555 0.2745 0.8935
vn 0.6052 0.2867 0.7427
vn 0.7815 0.1864 0.5953
vn 0.1794 0.9279 0.3269
vn 0.1337 0.9636 0.2316
vn -0.1097 0.8026 0.5864
vn 0.1115 0.5380 0.8356
vn 0.0697 0.5860 0.8073
vn -0.0265 0.8594 0.5107
vn -0.4818 0.8507 0.2101
vn -0.3425 0.9209 0.1862
vn -0.0677 0.9406 0.3326
vn 0.1201 0.7943 0.5956
vn 0.4398 0.7260 0.5287
vn 0.6135 0.5977 0.5161
vn 0.7034 0.5260 0.4781
vn 0.7927 0.4098 0.4514
vn 0.5532 0.5676 0.6098
vn 0.4183 0.8219 0.3867
vn 0.3607 0.9294 0.0785
vn 0.1533 0.9594 0.2366
vn -0.0321 0.9829 0.1814
vn -0.0968 0.9873 0.1257
vn -0.0439 0.9103 0.4116
vn -0.3967 0.5286 0.7504
vn -0.0945 0.7634 0.6390
vn -0.5098 0.7046 0.4936
vn -0.2873 0.9576 -0.0191
vn 0.0177 0.9943 0.1054
vn 0.0569 0.8732 0.4841
vn 0.0660 0.6871 0.7235
vn -0.0999 0.8011 0.5902
vn -0.2129 0.9068 0.3637
vn -0.0275 0.9497 0.3121
vn 0.0002 0.9992 0.0408
vn 0.0401 0.9737 -0.2242
vn -0.3296 0.9425 -0.0557
vn -0.6145 0.7112 0.3416
vn -0.1419 0.5284 0.8370
vn -0.1888 0.3421 0.9205
vn -0.4750 0.4109 0.7782
vn -0.3348 0.7505 0.5698
vn -0.1947 0.9318 0.3065
vn -0.0069 0.9990 0.0435
vn 0.2069 0.9468 -0.2466
vn 0.1908 0.9791 -0.0703
vn 0.0221 0.9997 0.0123
vn 0.3075 0.9288 -0.2067
vn 0.4350 0.8882 0.1479
vn 0.4563 0.8708 -0.1832
vn 0.4661 0.8807 0.0839
vn 0.6712 0.6696 0.3180
vn 0.4543 0.8635 0.2193
vn 0.3904 0.8245 0.4097
vn 0.5214 0.5740 0.6313
vn 0.2433 0.8137 0.5280
vn 0.1745 0.7836 0.5962
vn 0.3242 0.4492 0.8325
vn -0.0046 0.6272 0.7789
vn 0.0763 0.3017 0.9504
vn 0.2752 0.3009 0.9131
vn 0.1048 0.3098 0.9450
vn 0.2703 0.3939 0.8785
vn 0.1027 0.4605 0.8817
vn 0.0983 0.6884 0.7186
vn 0.2144 0.5710 0.7924
vn 0.1383 0.9327 0.3331
vn 0.0817 0.9945 0.0656
vn 0.0332 0.9810 -0.1909
vn -0.1624 0.7933 -0.5868
vn -0.0984 0.8616 -0.4980
vn 0.1923 0.9782 -0.0784
vn 0.2471 0.9633 -0.1047
vn 0.1214 0.9923 0.0242
vn -0.2615 0.9441 -0.2008
vn -0.2197 0.9753 -0.0222
vn -0.0352 0.9796 -0.1981
vn 0.1724 0.9727 -0.1553
vn -0.0107 0.9498 0.3125
vn -0.2904 0.9121 0.2893
vn -0.2792 0.8823 0.3789
vn -0.3816 0.8412 0.3832
vn -0.2076 0.8303 0.5172
vn 0.1661 0.6423 0.7482
vn 0.3541 0.7205 0.5962
vn -0.2172 0.8422 0.4935
vn -0.2426 0.9093 0.3382
vn -0.5089 0.6707 0.5396
vn -0.5954 0.5247 0.6084
vn -0.6631 0.3960 0.6352
vn -0.6723 0.5426 0.5036
vn -0.6737 0.5990 0.4328
vn -0.5511 0.7531 0.3593
vn -0.6181 0.7283 0.2959
vn -0.4146 0.7527 0.5114
vn -0.3138 0.9198 0.2356
vn -0.0797 0.8005 0.5940
vn -0.0575 0.5875 0.8072
vn -0.2670 0.7469 0.6090
vn -0.3362 0.2895 0.8962
vn -0.5489 0.5148 0.6585
vn -0.5743 0.2102 0.7912
vn -0.4339 0.0638 0.8987
vn -0.3748 0.0290 0.9267
vn -0.4303 -0.0900 0.8982
vn -0.4460 -0.2636 0.8553
vn -0.4131 -0.2808 0.8663
vn -0.2383 -0.3769 0.8951
vn -0.3343 -0.2256 0.9151
vn -0.0294 -0.4775 0.8782
vn 0.3174 -0.5523 0.7709
vn 0.6599 -0.5809 0.4766
vn 0.4256 -0.7176 0.5513
vn 0.1481 -0.6590 0.7374
vn -0.1614 -0.2618 0.9515
vn -0.3101 -0.0349 0.9501
vn -0.1478 0.0605 0.9872
vn 0.0817 0.2503 0.9647
vn 0.1237 0.3995 0.9083
vn -0.0355 0.4048 0.9137
vn 0.2733 0.3653 0.8899
vn 0.3579 0.3677 0.8583
vn 0.2386 0.4664 0.8518
vn -0.0124 0.3482 0.9373
vn -0.1994 0.1717 0.9648
vn 0.0615 0.5537 0.8304
vn -0.0369 0.4321 0.9010
vn -0.0450 0.4747 0.8790
vn -0.0483 0.4871 0.8720
vn -0.0123 0.5186 0.8549
vn -0.0884 0.4413 0.8930
vn -0.2031 0.3190 0.9257
vn -0.3207 0.0515 0.9458
vn -0.3311 -0.0266 0.9432
vn -0.3653 -0.0886 0.9267
vn 0.0957 0.1377 0.9858
vn -0.0383 -0.1717 0.9844
vn 0.0986 -0.0725 0.9925
vn -0.1607 -0.0366 0.9863
vn -0.1890 0.2536 0.9487
vn -0.1074 0.1634 0.9807
vn 0.0883 0.1187 0.9890
vn -0.0644 0.2959 0.9530
vn -0.1775 0.4571 0.8715
vn -0.5642 0.1314 0.8151
vn -0.3481 0.1163 0.9302
vn -0.1834 0.1604 0.9699
vn 0.0801 0.1356 0.9875
vn 0.0089 -0.1212 0.9926
vn -0.0424 0.0030 0.9991
vn -0.2977 -0.2079 0.9317
vn -0.4772 -0.4632 0.7468
vn -0.4479 -0.4001 0.7996
vn -0.1608 -0.5670 0.8079
vn -0.0291 -0.5591 0.8286
vn -0.0038 -0.4789 0.8778
vn -0.2791 -0.6122 0.7398
vn -0.3256 -0.5556 0.7650
vn -0.3034 -0.6868 0.6605
vn -0.3037 -0.7711 0.5596
vn -0.2682 -0.8325 0.4848
vn -0.2714 -0.8950 0.3539
vn -0.1466 -0.8088 0.5695
vn -0.1423 -0.8568 0.4955
vn -0.1918 -0.9555 0.2240
vn -0.1863 -0.9758 0.1146
vn -0.2705 -0.9603 0.0679
vn -0.2696 -0.9575 -0.1028
vn -0.3384 -0.8676 -0.3644
vn -0.3949 -0.8514 -0.3454
vn -0.4545 -0.8621 -0.2242
vn -0.5428 -0.7833 -0.3032
vn -0.7782 -0.6134 -0.1344
vn -0.7057 -0.7002 0.1081
vn -0.5591 -0.8207 -0.1176
vn -0.6096 -0.7472 0.2647
vn -0.5550 -0.8318 -0.0093
vn -0.4526 -0.8553 -0.2522
vn -0.4751 -0.8702 0.1308
vn -0.4089 -0.9080 -0.0914
vn -0.3883 -0.7047 -0.5938
vn -0.4865 -0.6524 -0.5811
vn -0.8432 -0.0739 -0.5325
vn -0.5455 -0.5567 -0.6265
vn -0.1822 -0.7353 -0.6528
vn -0.3563 -0.6183 -0.7006
vn -0.0824 -0.6645 -0.7427
vn -0.1328 -0.5403 -0.8309
vn -0.1142 -0.4355 -0.8929
vn -0.1381 -0.3627 -0.9216
vn -0.0578 -0.3188 -0.9461
vn -0.0845 -0.3933 -0.9155
vn -0.2328 -0.3133 -0.9207
vn -0.2703 -0.2029 -0.9411
vn -0.4101 -0.1463 -0.9002
vn -0.4273 -0.2117 -0.8790
vn -0.5178 -0.1413 -0.8437
vn -0.4468 -0.2972 -0.8438
vn -0.5559 -0.0958 -0.8257
vn -0.6058 -0.1914 -0.7722
vn -0.6140 -0.3450 -0.7099
vn -0.7068 -0.2075 -0.6763
vn -0.7011 -0.3890 -0.5976
vn -0.7140 -0.2420 -0.6570
vn -0.6542 -0.2495 -0.7140
vn -0.4644 0.0075 -0.8856
vn -0.5965 -0.1013 -0.7962
vn -0.6736 0.4914 -0.5521
vn -0.6720 0.6458 -0.3623
vn -0.4572 0.8197 -0.3451
vn -0.5725 0.7601 -0.3074
vn -0.7477 0.5926 -0.2996
vn -0.8014 0.5677 -0.1884
vn -0.6625 0.7475 -0.0482
vn -0.6604 0.7508 0.0104
vn -0.6283 0.7724 0.0930
vn -0.5236 0.8108 0.2618
vn -0.4155 0.7641 0.4935
vn -0.3453 0.7879 0.5098
vn -0.7221 0.4419 0.5322
vn -0.1591 0.7636 0.6258
vn 0.4350 0.7741 0.4599
vn 0.5505 0.8347 0.0165
vn 0.8572 0.4831 0.1781
vn -0.1768 0.7190 0.6722
vn -0.1285 0.9915 -0.0221
vn -0.3274 0.8675 0.3746
vn -0.4930 0.7455 0.4486
vn -0.5116 0.6630 0.5465
vn -0.2967 0.7416 0.6016
vn -0.2470 0.7985 0.5490
vn -0.2964 0.8230 0.4846
vn -0.0568 0.9729 0.2242
vn -0.0854 0.9962 0.0173
vn -0.3428 0.9242 0.1684
vn -0.5576 0.7721 0.3048
vn -0.1807 0.9396 0.2906
vn -0.6282 0.5170 0.5815
vn -0.5371 0.6811 0.4975
vn -0.6944 0.4199 0.5843
vn -0.7291 0.3772 0.5711
vn -0.5515 0.5674 0.6114
vn -0.4481 0.6653 0.5971
vn -0.3209 0.7473 0.5818
vn -0.3984 0.8001 0.4484
vn -0.5120 0.7383 0.4391
vn -0.3612 0.8755 0.3210
vn -0.3163 0.9005 0.2984
vn -0.8722 -0.0604 0.4854
vn -0.8025 0.0559 0.5940
vn -0.7444 -0.2833 0.6047
vn -0.5058 -0.4478 0.7373
vn -0.1968 -0.3482 0.9165
vn 0.0034 -0.1014 0.9948
vn -0.0624 -0.3890 0.9191
vn -0.0006 -0.1178 0.9930
vn -0.1543 -0.2948 0.9430
vn -0.1473 -0.5611 0.8146
vn -0.0737 -0.0790 0.9941
vn -0.1322 -0.1502 0.9798
vn -0.4413 -0.2574 0.8597
vn -0.5234 0.0711 0.8491
vn -0.6840 -0.3901 0.6164
vn -0.4132 -0.6137 0.6728
vn -0.2178 -0.6103 0.7617
vn -0.2657 -0.7834 0.5619
vn -0.1882 -0.6780 0.7105
vn -0.3756 -0.8003 0.4673
vn -0.4787 -0.7124 0.5132
vn -0.4271 -0.8734 0.2341
vn -0.6094 -0.7469 0.2661
vn -0.7517 -0.5746 0.3236
vn -0.5675 -0.8096 -0.1497
vn -0.8663 -0.4968 0.0512
vn -0.9168 -0.2474 0.3134
vn -0.9318 -0.3590 0.0539
vn -0.8370 0.0764 0.5419
vn -0.7989 0.0373 0.6003
vn -0.7103 0.0128 0.7038
vn -0.7065 -0.1679 0.6875
vn -0.6884 -0.2798 0.6692
vn -0.5406 -0.3305 0.7737
vn -0.2763 -0.3764 0.8843
vn 0.1757 -0.4223 0.8893
vn 0.5560 -0.4234 0.7153
vn 0.6837 -0.4029 0.6085
vn 0.8403 -0.4023 0.3633
vn 0.6765 -0.6034 0.4222
vn 0.6731 -0.6639 0.3258
vn 0.5677 -0.7554 0.3273
vn 0.3554 -0.8721 0.3362
vn -0.1044 -0.1137 0.9880
vn 0.0571 0.1022 0.9931
vn 0.0626 -0.2927 0.9542
vn 0.1375 0.0158 0.9904
vn 0.0799 -0.3570 0.9307
vn -0.1617 -0.4811 0.8616
vn -0.5489 -0.5955 0.5866
vn -0.5042 -0.3689 0.7808
vn -0.2642 -0.1868 0.9462
vn -0.1031 -0.6895 0.7169
vn -0.0416 -0.7851 0.6180
vn -0.0712 -0.8034 0.5911
vn -0.0972 -0.6777 0.7289
vn -0.0217 -0.3957 0.9181
vn 0.0767 -0.7725 0.6304
vn -0.5892 -0.4696 0.6575
vn -0.4443 -0.2313 0.8655
vn -0.3049 -0.7423 0.5967
vn 0.0137 -0.8756 0.4829
vn -0.3358 -0.4545 0.8250
vn -0.3151 0.0647 0.9469
vn 0.1081 0.1036 0.9887
vn 0.1923 -0.3894 0.9008
vn -0.1169 -0.3876 0.9144
vn -0.4877 -0.4095 0.7710
vn -0.3281 -0.4426 0.8345
vn -0.1221 -0.4887 0.8639
vn -0.3606 -0.3874 0.8485
vn -0.3290 -0.4659 0.8214
vn -0.5192 -0.4229 0.7427
vn -0.4511 -0.3688 0.8127
vn -0.3851 -0.4670 0.7960
vn -0.5094 -0.4764 0.7166
vn -0.5683 -0.3836 0.7280
vn -0.6168 -0.4569 0.6409
vn -0.6494 -0.3782 0.6597
vn -0.6957 -0.3364 0.6347
vn -0.7087 -0.3644 0.6041
vn -0.7619 -0.4324 0.4822
vn -0.7106 -0.2489 0.6581
vn -0.5543 0.0604 0.8301
vn -0.5616 0.2021 0.8023
vn -0.2263 0.1360 0.9645
vn -0.4462 0.2492 0.8595
vn -0.1288 0.0272 0.9913
vn 0.0554 0.0865 0.9947
vn 0.0849 0.0641 0.9943
vn 0.0116 0.0541 0.9985
vn -0.2840 0.1014 0.9534
vn -0.6705 0.0438 0.7407
vn -0.5425 0.2764 0.7933
vn -0.4503 0.1616 0.8781
vn -0.5585 0.0787 0.8257
vn -0.9055 -0.2933 0.3065
vn -0.5784 -0.7529 0.3140
vn -0.7392 -0.6692 0.0759
vn -0.8893 -0.4216 -0.1769
vn -0.9626 -0.1178 0.2438
vn -0.8860 -0.0568 0.4602
vn -0.8441 -0.0410 0.5347
vn -0.8724 -0.1084 0.4766
vn -0.7170 -0.0151 0.6969
vn -0.4047 0.2648 0.8752
vn -0.0707 0.2411 0.9679
vn -0.1088 0.2425 0.9640
vn -0.5076 -0.0409 0.8606
vn -0.3481 0.1032 0.9318
vn -0.4987 0.0199 0.8666
vn -0.8200 -0.0452 0.5705
vn -0.8975 -0.4208 -0.1321
vn -0.9988 0.0179 -0.0460
vn -0.7886 -0.1488 0.5967
vn -0.1525 0.5189 0.8411
vn -0.4126 0.2922 0.8628
vn -0.4797 -0.0291 0.8769
vn -0.5825 -0.0016 0.8128
vn -0.8283 0.0679 0.5562
vn -0.9963 0.0611 0.0599
vn -0.9133 0.3091 0.2653
vn -0.5318 0.6051 0.5925
vn -0.5356 0.3710 0.7586
vn -0.6475 0.1205 0.7525
vn -0.9558 0.0600 -0.2880
vn -0.6524 0.0056 0.7579
vn -0.6718 0.4260 0.6060
vn -0.8003 0.2428 0.5483
vn -0.8485 -0.1750 0.4994
vn -0.9168 -0.3473 0.1969
vn -0.9430 -0.3287 -0.0521
vn -0.9610 -0.2765 -0.0072
vn -0.8462 -0.5321 0.0294
vn -0.8513 -0.5019 0.1529
vn -0.8007 -0.5015 0.3277
vn -0.7263 -0.4025 0.5572
vn -0.8576 -0.3935 0.3311
vn -0.6837 -0.4096 0.6040
vn -0.5606 -0.6134 0.5563
vn -0.3282 -0.8016 0.4997
vn -0.3811 -0.9018 0.2037
vn -0.3422 -0.9076 0.2434
vn -0.3076 -0.9448 -0.1132
vn -0.3388 -0.9260 -0.1662
vn -0.5149 -0.8494 -0.1159
vn -0.7109 -0.7031 0.0138
vn -0.4987 -0.8590 -0.1159
vn -0.4207 -0.8688 0.2613
vn -0.4179 -0.8519 0.3157
vn 0.3518 -0.9240 0.1495
vn -0.7423 -0.6690 0.0379
vn -0.4732 -0.8551 -0.2120
vn -0.2578 -0.9153 -0.3095
vn -0.2767 -0.8781 -0.3904
vn -0.2364 -0.9022 -0.3607
vn -0.2732 -0.9461 -0.1739
vn -0.3651 -0.8918 -0.2672
vn -0.3076 -0.8183 -0.4855
vn -0.2938 -0.6610 -0.6904
vn -0.5522 -0.6846 -0.4759
vn -0.7737 -0.5670 0.2827
vn -0.5963 -0.7050 0.3838
vn -0.3182 -0.8970 0.3068
vn -0.0208 -0.9837 0.1787
vn 0.2977 -0.9475 -0.1164
vn 0.1423 -0.9747 0.1724
vn 0.0308 -0.9273 -0.3732
vn -0.6241 -0.7637 -0.1651
vn -0.1522 -0.4236 -0.8930
vn -0.0673 -0.9935 -0.0922
vn -0.2634 -0.9162 -0.3019
vn -0.3415 -0.9256 -0.1632
vn -0.3723 -0.8246 -0.4260
vn -0.3521 -0.8515 -0.3887
vn -0.2305 -0.8983 -0.3741
vn -0.2976 -0.8666 -0.4005
vn -0.3111 -0.8675 -0.3881
vn -0.3070 -0.9071 -0.2879
vn -0.3053 -0.8785 -0.3675
vn -0.5398 -0.7524 -0.3776
vn -0.6005 -0.7112 -0.3654
vn -0.4800 -0.7382 -0.4740
vn -0.5613 -0.6623 -0.4962
vn -0.5506 -0.6805 -0.4835
vn -0.7107 -0.4893 -0.5055
vn -0.7345 -0.5070 -0.4511
vn -0.6088 -0.6654 -0.4319
vn -0.5798 -0.7489 -0.3209
vn -0.8268 -0.4593 -0.3246
vn -0.4580 -0.7911 -0.4054
vn -0.5699 -0.7279 -0.3812
vn -0.5562 -0.7345 -0.3888
vn -0.5860 -0.7569 -0.2894
vn -0.4819 -0.7923 -0.3741
vn -0.3526 -0.8755 -0.3304
vn -0.4443 -0.8593 -0.2534
vn -0.4186 -0.8622 -0.2852
vn -0.4211 -0.8710 -0.2532
vn -0.6227 -0.7680 -0.1500
vn -0.8702 -0.4583 -0.1810
vn -0.7512 -0.5992 -0.2768
vn -0.9000 -0.4188 -0.1208
vn -0.7606 -0.5829 -0.2860
vn -0.8290 -0.3972 -0.3938
vn -0.8751 -0.3399 -0.3445
vn -0.9718 -0.2150 0.0971
vn -0.8174 -0.5008 -0.2846
vn -0.7060 -0.4428 -0.5527
vn -0.5639 -0.2583 -0.7844
vn -0.4432 -0.1602 -0.8820
vn -0.2413 0.0419 -0.9695
vn -0.8435 -0.1433 -0.5177
vn -0.6764 -0.3052 -0.6703
vn -0.8402 -0.4566 -0.2925
vn -0.8898 -0.0460 -0.4540
vn -0.8256 0.3973 -0.4006
vn -0.7130 0.5937 -0.3731
vn -0.5586 0.7694 -0.3100
vn -0.4911 0.7980 -0.3493
vn -0.4664 0.8269 -0.3141
vn -0.4992 0.8119 -0.3026
vn -0.7673 0.5869 -0.2584
vn -0.7347 0.6784 0.0065
vn -0.6472 0.7457 0.1584
vn -0.6616 0.7271 0.1830
vn -0.7109 0.6585 0.2468
vn -0.8150 0.4457 0.3702
vn -0.9825 0.1610 0.0933
vn -0.8042 0.3320 0.4930
vn -0.7587 0.3486 0.5504
vn -0.5124 0.4418 0.7364
vn -0.7316 0.3287 0.5973
vn -0.7364 0.5294 0.4213
vn -0.7995 0.5895 0.1156
vn -0.7984 0.4061 0.4446
vn -0.7706 0.4179 0.4812
vn -0.8371 0.2276 0.4974
vn -0.8187 0.0624 0.5709
vn -0.6953 0.6190 0.3652
vn -0.7412 0.4618 0.4871
vn -0.7335 0.5569 0.3897
vn -0.8081 0.5505 0.2097
vn -0.9125 0.3707 0.1729
vn -0.8857 0.4564 0.0846
vn -0.9060 0.4125 0.0948
vn -0.8120 0.5800 -0.0657
vn -0.8332 0.4949 0.2467
vn -0.9457 0.2722 0.1779
vn -0.7924 0.6017 -0.1003
vn -0.8294 0.5542 0.0706
vn -0.6349 0.7696 -0.0673
vn -0.4887 0.8544 -0.1765
vn -0.8752 0.4038 0.2664
vn -0.9245 0.1250 0.3602
vn -0.9176 0.0503 0.3944
vn -0.9757 -0.2189 -0.0006
vn -0.9131 -0.3472 -0.2137
vn -0.8986 -0.3542 -0.2591
vn -0.8711 -0.2893 -0.3969
vn -0.9757 -0.2055 -0.0754
vn -0.9405 -0.2613 -0.2174
vn -0.9853 -0.1588 -0.0633
vn -0.9569 -0.2104 -0.2000
vn -0.9861 0.0809 0.1449
vn -0.9174 -0.3841 -0.1041
vn -0.7839 -0.5639 -0.2596
vn -0.7510 -0.5659 -0.3402
vn -0.9643 -0.1937 -0.1807
vn -0.9116 0.3365 -0.2361
vn -0.9193 0.3415 -0.1954
vn -0.9417 0.3257 -0.0838
vn -0.9821 0.1856 0.0317
vn -0.9939 -0.0877 0.0668
vn -0.9832 -0.0703 0.1684
vn -0.8171 -0.3648 -0.4464
vn -0.7527 -0.2414 -0.6125
vn -0.8780 -0.1798 -0.4436
vn -0.9481 -0.1021 -0.3010
vn -0.8836 -0.4058 -0.2335
vn -0.9893 0.1416 0.0357
vn -0.9225 -0.1100 0.3701
vn -0.8469 -0.5302 0.0400
vn -0.7688 -0.3161 0.5558
vn -0.7589 -0.6270 0.1759
vn -0.7512 -0.5268 0.3976
vn -0.9930 -0.0532 -0.1052
vn -0.9976 -0.0372 -0.0590
vn -0.9449 -0.3273 -0.0071
vn -0.9933 -0.0179 -0.1138
vn -0.9861 0.0608 -0.1545
vn -0.9113 -0.3602 -0.1996
vn -0.9825 0.0118 -0.1860
vn -0.9516 -0.2684 -0.1497
vn -0.7059 -0.6255 -0.3324
vn -0.0962 -0.6609 -0.7443
vn -0.7153 -0.3402 -0.6104
vn -0.2968 -0.4748 -0.8285
vn -0.6177 -0.2019 -0.7600
vn -0.7018 0.0209 -0.7121
vn -0.8070 0.1119 -0.5799
vn -0.9143 0.2300 -0.3335
vn -0.7473 0.6440 0.1636
vn -0.8272 0.4555 0.3292
vn -0.7266 0.4273 0.5380
vn -0.7092 0.1599 0.6866
vn -0.5993 -0.1642 0.7835
vn -0.5974 -0.5268 0.6046
vn -0.8217 -0.4370 0.3659
vn -0.8419 -0.4369 0.3168
vn -0.3545 -0.7846 0.5087
vn -0.8663 -0.4775 0.1471
vn -0.6206 -0.7788 0.0907
vn -0.9618 -0.2211 -0.1614
vn -0.4132 -0.6422 -0.6457
vn -0.4774 -0.4482 -0.7558
vn -0.5890 -0.1808 -0.7876
vn -0.5690 0.4913 -0.6594
vn -0.7655 0.5481 -0.3369
vn -0.6780 0.5826 0.4483
vn -0.6451 0.5054 0.5730
vn -0.6328 0.2002 0.7480
vn -0.5906 -0.2262 0.7746
vn -0.7027 -0.4954 0.5107
vn -0.4765 -0.3713 0.7969
vn -0.5214 -0.4880 0.7000
vn -0.3074 -0.5845 0.7509
vn -0.6281 -0.5566 0.5438
vn -0.6538 -0.6393 0.4048
vn -0.2882 -0.8653 -0.4101
vn -0.2465 -0.7318 -0.6354
vn -0.3731 -0.8183 -0.4372
vn -0.4824 -0.6728 -0.5609
vn -0.6088 -0.3958 -0.6876
vn -0.6762 0.0562 -0.7345
vn -0.7914 0.1691 -0.5875
vn -0.8210 -0.1975 -0.5357
vn -0.7240 -0.5818 -0.3705
vn -0.8023 -0.4179 -0.4262
vn -0.7822 -0.0404 -0.6217
vn -0.7207 0.6816 0.1267
vn -0.6820 0.6332 0.3659
vn -0.9622 0.1490 0.2281
vn -0.9549 0.2033 0.2165
vn -0.9796 -0.0491 0.1947
vn -0.8782 -0.4202 0.2284
vn -0.7092 -0.6938 0.1252
vn -0.6337 -0.4468 0.6315
vn -0.4843 -0.3348 0.8083
vn -0.4076 -0.3868 0.8272
vn -0.4781 -0.4654 0.7449
vn -0.4912 -0.5964 0.6349
vn -0.3898 -0.8993 0.1983
vn -0.0477 -0.9919 -0.1174
vn -0.3593 -0.8717 -0.3332
vn -0.6396 -0.6046 -0.4747
vn -0.8924 -0.0416 -0.4493
vn -0.9316 -0.1528 -0.3299
vn -0.8967 -0.4230 -0.1304
vn -0.6764 -0.7190 -0.1600
vn -0.9673 -0.2224 -0.1220
vn -0.9540 0.2922 -0.0668
vn -0.8997 0.4152 0.1345
vn -0.9861 -0.0680 0.1514
vn -0.7802 -0.6240 0.0449
vn -0.7519 -0.6432 0.1449
vn -0.7946 -0.5600 0.2346
vn -0.7991 -0.4427 0.4069
vn -0.7411 -0.3679 0.5617
vn -0.5413 -0.3456 0.7665
vn -0.5394 -0.7997 0.2638
vn -0.5387 -0.8371 -0.0952
vn -0.6411 -0.7674 0.0090
vn -0.6043 -0.7566 -0.2496
vn -0.8085 -0.5716 -0.1404
vn -0.8478 -0.3054 -0.4336
vn -0.9487 -0.2819 -0.1432
vn -0.9080 -0.3444 -0.2385
vn -0.9417 -0.3161 -0.1147
vn -0.9345 -0.3394 -0.1074
vn -0.9822 -0.1747 0.0684
vn -0.9842 0.0401 0.1726
vn -0.9687 -0.2394 0.0663
vn -0.9349 -0.2720 0.2281
vn -0.7831 -0.3632 0.5048
vn -0.6523 -0.5267 0.5451
vn -0.7325 -0.6583 0.1737
vn -0.7814 -0.6222 0.0476
vn -0.9019 -0.4013 -0.1598
vn -0.9175 -0.3892 -0.0822
vn -0.9388 -0.3423 -0.0396
vn -0.9299 -0.3076 0.2018
vn -0.9386 -0.3416 0.0491
vn -0.8585 -0.3363 0.3871
vn -0.7177 -0.5452 0.4331
vn -0.8090 -0.5453 0.2195
vn -0.8885 -0.3674 0.2751
vn -0.9541 -0.2936 0.0590
vn -0.9517 -0.3052 -0.0338
vn -0.9882 -0.1189 -0.0971
vn -0.9589 -0.2611 0.1110
vn -0.9578 -0.2636 -0.1151
vn -0.9519 -0.2928 -0.0897
vn -0.9858 -0.1306 -0.1051
vn -0.4550 -0.7421 -0.4922
vn -0.3560 -0.7225 -0.5926
vn -0.3841 -0.6658 -0.6396
vn -0.3279 -0.6205 -0.7124
vn -0.3104 -0.6122 -0.7272
vn -0.5814 -0.2526 -0.7734
vn -0.8446 -0.3815 -0.3756
vn -0.8406 -0.4162 -0.3466
vn -0.6860 -0.7248 -0.0636
vn -0.4133 -0.8035 -0.4285
vn -0.5473 -0.8020 -0.2392
vn -0.3409 -0.7142 -0.6113
vn -0.4917 -0.6752 -0.5498
vn -0.3701 -0.4309 -0.8230
vn -0.4646 -0.3325 -0.8207
vn -0.2796 -0.2804 -0.9183
vn -0.5000 -0.4825 -0.7192
vn -0.4959 -0.2898 -0.8186
vn -0.3508 -0.4966 -0.7939
vn -0.3937 -0.4441 -0.8048
vn -0.4499 -0.6204 -0.6425
vn -0.2251 -0.7909 -0.5691
vn -0.2511 -0.6804 -0.6885
vn -0.1983 -0.5701 -0.7973
vn -0.1270 -0.2872 -0.9494
vn -0.6025 0.0053 -0.7981
vn -0.5384 -0.4964 -0.6810
vn -0.5467 -0.7741 -0.3192
vn -0.5995 -0.7671 0.2283
vn -0.7598 -0.6498 0.0242
vn -0.6117 -0.7816 0.1222
vn -0.5172 -0.8441 -0.1414
vn -0.1860 -0.7577 -0.6256
vn 0.1037 -0.7709 -0.6285
vn 0.0760 -0.7547 -0.6517
vn 0.2419 -0.5648 -0.7890
vn 0.3029 -0.6605 -0.6871
vn 0.3463 -0.4363 -0.8305
vn -0.3147 -0.1768 -0.9326
vn -0.0121 -0.3557 -0.9345
vn -0.1340 -0.5221 -0.8423
vn -0.1483 -0.7560 -0.6376
vn -0.2188 -0.8561 -0.4682
vn -0.2606 -0.9654 0.0139
vn -0.4969 -0.8571 0.1360
vn -0.3492 -0.9007 -0.2583
vn 0.1258 -0.7953 -0.5930
vn 0.6386 -0.7022 -0.3148
vn 0.5648 -0.6716 -0.4795
vn 0.7262 -0.4511 -0.5188
vn 0.3369 -0.4858 -0.8065
vn 0.1286 -0.6694 -0.7317
vn 0.2773 -0.8144 -0.5098
vn 0.0890 -0.8558 -0.5097
vn -0.0907 -0.9198 -0.3818
vn 0.2409 -0.8782 -0.4133
vn 0.1237 -0.9799 -0.1564
vn 0.1176 -0.9681 -0.2212
vn 0.5603 -0.7313 -0.3888
vn 0.6277 -0.6322 -0.4544
vn 0.4204 -0.7995 -0.4291
vn 0.4328 -0.8395 -0.3284
vn -0.5764 -0.6654 0.4744
vn -0.3976 -0.9053 0.1493
vn -0.2983 -0.9392 0.1702
vn -0.2002 -0.9631 0.1799
vn -0.2869 -0.9567 -0.0497
vn -0.3751 -0.9248 0.0638
vn 0.4756 -0.8238 -0.3083
vn -0.2180 -0.9749 -0.0455
vn -0.7077 -0.7044 -0.0549
vn -0.3098 -0.7692 0.5589
vn -0.0701 -0.8307 0.5522
vn -0.0926 -0.8793 0.4673
vn 0.1275 -0.6895 0.7130
vn 0.2571 -0.7714 0.5821
vn 0.3316 -0.5256 0.7835
vn 0.3182 -0.7190 0.6179
vn 0.8058 -0.4932 0.3278
vn 0.0120 -0.8494 0.5276
vn -0.2648 -0.8871 0.3781
vn -0.1814 -0.9282 0.3249
vn -0.2985 -0.8998 0.3183
vn -0.0880 -0.9924 0.0857
vn -0.2190 -0.9640 -0.1506
vn -0.5636 -0.7209 0.4033
vn -0.3891 -0.8626 0.3234
vn -0.2730 -0.8993 0.3417
vn -0.3412 -0.8901 0.3022
vn -0.3654 -0.9146 0.1731
vn -0.4505 -0.8923 -0.0287
vn -0.6780 -0.7351 -0.0039
vn -0.4353 -0.8814 0.1832
vn -0.1869 -0.8594 0.4759
vn -0.2903 -0.8803 0.3752
vn -0.2672 -0.7872 0.5557
vn 0.0583 -0.7212 0.6903
vn -0.0356 -0.6869 0.7259
vn 0.1139 -0.4333 0.8940
vn 0.5696 -0.2722 0.7756
vn 0.8250 -0.2047 0.5268
vn 0.7592 -0.2489 0.6014
vn 0.7125 -0.2696 0.6478
vn 0.7334 -0.4673 0.4937
vn 0.5588 -0.4895 0.6694
vn 0.5378 -0.7025 0.4661
vn 0.5638 -0.7712 0.2954
vn 0.2986 -0.7420 0.6002
vn 0.1443 -0.5715 0.8078
vn 0.4950 0.1083 0.8621
vn 0.3534 -0.1577 0.9221
vn 0.2260 -0.3509 0.9088
vn 0.5911 -0.1500 0.7925
vn 0.6916 -0.0532 0.7204
vn 0.1934 -0.1865 0.9632
vn 0.5792 -0.1404 0.8030
vn -0.4817 0.8268 0.2903
vn -0.2808 0.8922 0.3538
vn -0.3715 0.8788 0.2994
vn -0.3434 0.9346 0.0928
vn -0.3381 0.9366 -0.0919
vn -0.0239 0.9829 -0.1824
vn -0.1370 0.9804 0.1414
vn 0.1799 0.9800 0.0847
vn 0.2186 0.9724 -0.0819
vn 0.2639 0.9642 -0.0275
vn 0.2611 0.9594 0.1071
vn 0.2862 0.9546 0.0821
vn 0.1159 0.9932 0.0072
vn 0.0232 0.9996 0.0133
vn -0.1320 0.9888 -0.0695
vn 0.0838 0.9933 -0.0792
vn 0.2704 0.9621 -0.0368
vn 0.2459 0.9684 0.0425
vn 0.1354 0.9705 -0.1993
vn 0.0992 0.9903 -0.0971
vn 0.1599 0.9798 -0.1205
vn 0.0871 0.9406 -0.3283
vn -0.1631 0.9148 -0.3694
vn -0.3279 0.8959 -0.2996
vn -0.3660 0.8919 -0.2657
vn -0.4039 0.8718 -0.2772
vn -0.3382 0.8731 -0.3511
vn -0.5622 0.8011 -0.2056
vn -0.5266 0.8344 -0.1628
vn -0.4845 0.8743 0.0297
vn -0.5146 0.7784 -0.3596
vn -0.5304 0.8185 -0.2206
vn -0.0799 0.9701 0.2293
vn -0.4058 0.9109 0.0753
vn -0.9984 0.0289 -0.0486
vn -0.8024 0.5686 0.1811
vn -0.6710 0.6954 -0.2571
vn -0.6646 0.5455 -0.5106
vn -0.1194 0.8659 -0.4858
vn 0.0767 0.9728 -0.2187
vn -0.2053 0.9626 -0.1767
vn -0.3785 0.8973 -0.2272
vn -0.6503 0.7543 -0.0904
vn -0.5912 0.7034 -0.3946
vn -0.8291 0.4431 -0.3410
vn -0.8882 -0.0056 -0.4594
vn -0.8696 0.4685 -0.1561
vn -0.1645 0.5660 -0.8078
vn 0.1077 0.8020 -0.5876
vn -0.1273 0.8734 -0.4700
vn -0.2812 0.6497 -0.7063
vn -0.5480 0.4569 -0.7006
vn -0.6334 0.1649 -0.7560
vn -0.0323 0.9075 -0.4188
vn -0.0122 0.9465 -0.3224
vn -0.0288 0.9177 -0.3962
vn 0.1444 0.9495 -0.2786
vn 0.2086 0.9641 -0.1641
vn -0.0492 0.8866 -0.4599
vn -0.2549 0.8321 -0.4926
vn -0.1773 0.7274 -0.6629
vn -0.1862 0.8183 -0.5438
vn -0.2639 0.8136 0.5181
vn -0.4530 0.6596 0.5997
vn -0.1870 0.7703 0.6096
vn -0.2838 0.6981 0.6573
vn -0.0494 0.8805 0.4714
vn 0.1043 0.9446 0.3114
vn 0.2568 0.9648 -0.0565
vn 0.2963 0.6994 0.6504
vn 0.0968 0.4833 0.8701
vn 0.3428 0.4227 0.8390
vn 0.4569 0.8805 -0.1262
vn 0.4395 0.5897 -0.6775
vn 0.4251 0.7483 -0.5093
vn 0.2510 0.9153 -0.3151
vn 0.3924 0.9198 -0.0082
vn 0.3237 0.0466 -0.9450
vn 0.4515 0.3235 -0.8316
vn 0.5718 0.5044 -0.6470
vn 0.0561 0.8138 -0.5784
vn -0.2294 0.9051 -0.3580
vn 0.2834 0.9568 0.0647
vn 0.5398 0.5004 -0.6769
vn 0.4847 0.7441 -0.4598
vn 0.2256 0.7556 -0.6149
vn 0.0947 0.4822 -0.8710
vn -0.1783 0.0889 -0.9800
vn -0.3658 0.4363 -0.8221
vn -0.2597 0.0512 -0.9643
vn -0.0777 -0.0067 -0.9970
vn -0.1120 -0.0861 -0.9900
vn -0.0689 0.1161 -0.9908
vn 0.0608 -0.0942 -0.9937
vn 0.1335 0.1065 -0.9853
vn 0.0286 0.3324 -0.9427
vn -0.1881 0.5838 -0.7898
vn -0.1717 0.6886 -0.7045
vn -0.4293 0.6873 -0.5859
vn -0.2152 0.9055 -0.3657
vn -0.2373 0.4034 -0.8837
vn 0.1361 -0.2757 -0.9516
vn 0.5513 0.5771 -0.6025
vn 0.2755 0.3770 -0.8843
vn 0.3314 0.7480 -0.5750
vn -0.0234 0.1675 -0.9856
vn 0.1126 0.7236 -0.6810
vn 0.5520 0.6892 -0.4693
vn 0.6086 0.6851 -0.4003
vn 0.5718 0.7585 -0.3127
vn 0.5856 0.7922 -0.1715
vn 0.7683 0.6126 -0.1856
vn 0.7365 0.6419 -0.2134
vn 0.8219 0.4104 -0.3950
vn 0.3577 0.3104 -0.8807
vn 0.3620 0.6184 -0.6975
vn 0.6943 0.3244 -0.6424
vn 0.6641 0.3404 -0.6656
vn 0.7291 0.3340 -0.5974
vn 0.8405 0.3723 -0.3937
vn 0.9294 0.2121 -0.3021
vn 0.9094 -0.0379 -0.4141
vn 0.8601 -0.3362 -0.3837
vn 0.7593 -0.0591 -0.6480
vn 0.3522 -0.2223 -0.9091
vn 0.6927 0.2574 -0.6738
vn 0.4986 0.3159 -0.8073
vn 0.7325 0.3870 -0.5601
vn 0.9331 0.1109 -0.3421
vn 0.8704 0.4305 -0.2387
vn 0.8466 0.4116 -0.3373
vn 0.7703 0.4532 -0.4486
vn 0.6026 0.4698 -0.6451
vn 0.5084 0.4283 -0.7470
vn 0.5372 0.2690 -0.7994
vn 0.6590 -0.0658 -0.7492
vn 0.4254 -0.5264 -0.7362
vn -0.0095 -0.8906 -0.4548
vn 0.6387 -0.7643 -0.0896
vn 0.8475 -0.3560 -0.3937
vn 0.5284 -0.4591 -0.7141
vn 0.4571 -0.4717 -0.7540
vn 0.4599 -0.7316 -0.5032
vn 0.5407 -0.8221 -0.1782
vn 0.3895 -0.9140 0.1135
vn 0.3335 -0.9091 0.2498
vn 0.3077 -0.9403 0.1456
vn 0.0117 -0.9686 -0.2484
vn -0.3345 -0.7771 -0.5332
vn -0.1145 -0.6651 -0.7379
vn -0.2425 -0.8416 -0.4825
vn 0.1866 -0.8641 -0.4674
vn 0.3823 -0.8996 -0.2111
vn 0.1102 -0.9821 0.1526
vn 0.4301 -0.7552 0.4947
vn 0.0975 -0.9360 0.3382
vn 0.0808 -0.9735 -0.2142
vn 0.1745 -0.9838 -0.0402
vn 0.5086 -0.8034 0.3095
vn 0.3220 -0.9139 0.2470
vn 0.6878 -0.6618 0.2982
vn 0.6454 -0.7478 0.1559
vn 0.6544 -0.7303 -0.1961
vn 0.3905 -0.8223 -0.4139
vn 0.2837 -0.9251 -0.2524
vn 0.2780 -0.9452 -0.1711
vn 0.2081 -0.9755 -0.0709
vn 0.0641 -0.9971 0.0418
vn 0.2217 -0.9581 0.1812
vn 0.2664 -0.9631 -0.0391
vn 0.2791 -0.9503 0.1380
vn 0.3304 -0.8541 0.4016
vn 0.5360 -0.7542 0.3793
vn 0.4883 -0.8229 0.2905
vn 0.2923 -0.9035 0.3133
vn 0.1811 -0.9142 0.3626
vn 0.1594 -0.9284 0.3357
vn 0.2377 -0.9323 0.2726
vn 0.2068 -0.9141 0.3488
vn 0.0183 -0.8761 0.4818
vn 0.0445 -0.9468 0.3188
vn -0.2461 -0.9146 0.3207
vn -0.0534 -0.9076 0.4164
vn 0.2743 -0.7337 0.6216
vn 0.4546 -0.5665 0.6874
vn 0.2306 -0.5617 0.7946
vn 0.2844 -0.4184 0.8626
vn 0.6227 -0.0283 0.7820
vn 0.8000 0.1298 0.5857
vn 0.8806 -0.1806 0.4382
vn 0.4157 0.0369 0.9088
vn 0.1989 0.3186 0.9268
vn 0.2398 0.1945 0.9511
vn 0.1935 0.4406 0.8766
vn 0.3779 0.4949 0.7825
vn 0.2614 0.7119 0.6518
vn 0.2711 0.8075 0.5239
vn 0.1799 0.8756 0.4483
vn -0.0859 0.9529 0.2907
vn 0.0088 0.9055 0.4243
vn 0.3255 0.9236 0.2026
vn 0.4819 0.8745 0.0549
vn 0.3662 0.9298 0.0374
vn 0.0691 0.9019 0.4263
vn -0.4858 0.7445 0.4580
vn -0.5098 0.8589 0.0490
vn 0.0884 0.9896 0.1138
vn 0.1987 0.9114 0.3604
vn 0.2759 0.9552 0.1070
vn 0.2936 0.9352 0.1981
vn 0.2992 0.8433 0.4465
vn 0.0859 0.6983 0.7106
vn -0.0356 0.7772 0.6283
vn 0.1240 0.7827 0.6099
vn 0.0068 0.7234 0.6904
vn -0.0790 0.8046 0.5885
vn 0.6261 0.6849 0.3727
vn 0.7477 0.2565 0.6124
vn 0.6372 0.0848 0.7660
vn 0.4652 0.0649 0.8828
vn 0.4113 0.3453 0.8436
vn 0.3101 0.5460 0.7782
vn -0.2811 0.5506 0.7860
vn -0.3606 0.7409 0.5666
vn -0.0228 0.7570 0.6530
vn 0.5232 0.3462 0.7788
vn 0.5575 -0.0361 0.8294
vn 0.4930 -0.1607 0.8551
vn 0.1218 0.0621 0.9906
vn 0.0308 0.0864 0.9958
vn 0.3392 0.5436 0.7678
vn 0.3590 0.4214 0.8328
vn 0.4320 0.4639 0.7734
vn 0.5838 0.6815 0.4413
vn 0.3404 0.9268 -0.1584
vn 0.2367 0.9364 -0.2591
vn -0.1142 0.9551 -0.2735
vn -0.3729 0.9137 -0.1616
vn 0.4551 0.8487 0.2695
vn 0.5958 0.7919 0.1337
vn 0.6535 0.7565 0.0235
vn 0.6351 0.7629 -0.1207
vn 0.6609 0.7337 -0.1578
vn 0.3983 0.9066 -0.1398
vn 0.3177 0.8854 -0.3393
vn 0.1971 0.9459 0.2578
vn 0.5527 0.8250 -0.1175
vn 0.3824 0.9240 -0.0000
vn 0.7442 0.6667 -0.0405
vn 0.7165 0.6931 0.0786
vn 0.8130 0.5794 -0.0574
vn 0.8824 0.4655 -0.0681
vn 0.8506 0.5065 -0.1412
vn 0.8182 0.5230 -0.2388
vn 0.8286 0.4828 -0.2834
vn 0.5658 0.5853 -0.5807
vn 0.2612 0.9545 -0.1436
vn 0.8228 0.4398 -0.3600
vn 0.9127 0.4073 0.0328
vn 0.9480 0.2500 0.1972
vn 0.9610 0.2760 -0.0155
vn 0.8674 0.3278 0.3743
vn 0.9978 0.0587 0.0319
vn 0.8908 0.1726 0.4203
vn 0.9523 -0.0907 0.2914
vn 0.9745 -0.2165 0.0586
vn 0.9724 0.1661 -0.1642
vn 0.6588 0.4589 -0.5962
vn 0.7099 0.3488 -0.6119
vn 0.5393 0.3970 -0.7427
vn 0.8175 0.3637 -0.4466
vn 0.8749 0.2238 -0.4294
vn 0.9093 0.1098 -0.4013
vn 0.8230 -0.0826 -0.5620
vn 0.8382 -0.1152 -0.5331
vn 0.8633 -0.0582 -0.5013
vn 0.6912 0.2035 -0.6934
vn 0.7468 -0.2133 -0.6300
vn 0.2009 -0.9719 0.1229
vn 0.9212 -0.3830 -0.0691
vn 0.3219 -0.2741 -0.9062
vn 0.4163 -0.3791 -0.8264
vn 0.3525 -0.4797 -0.8035
vn 0.6936 -0.3042 -0.6529
vn 0.9101 -0.0163 -0.4140
vn 0.0406 -0.6185 -0.7848
vn 0.7208 -0.6910 0.0536
vn 0.8105 0.0537 -0.5833
vn 0.3882 0.0818 -0.9179
vn -0.1413 -0.3712 -0.9177
vn -0.4726 -0.6406 -0.6052
vn -0.1967 -0.9509 -0.2389
vn 0.2935 -0.9547 0.0497
vn 0.4449 -0.8519 -0.2763
vn 0.4611 -0.7633 -0.4525
vn 0.3067 -0.7118 -0.6318
vn 0.4633 -0.6939 -0.5512
vn 0.7360 -0.5692 -0.3665
vn 0.7667 -0.3241 -0.5542
vn 0.7436 0.1341 -0.6551
vn -0.3921 -0.2332 -0.8899
vn -0.4458 -0.6307 -0.6352
vn 0.4950 -0.5976 -0.6308
vn 0.3669 -0.5651 -0.7390
vn 0.1438 -0.6003 -0.7867
vn 0.2624 -0.5640 -0.7830
vn 0.1443 -0.5270 -0.8375
vn 0.3861 -0.2016 -0.9002
vn 0.3268 0.0483 -0.9439
vn 0.0386 -0.0331 -0.9987
vn 0.1405 -0.8940 -0.4255
vn 0.1919 -0.5192 -0.8328
vn 0.4349 -0.5620 -0.7036
vn 0.4362 -0.3552 -0.8268
vn 0.3749 -0.3938 -0.8393
vn 0.1435 -0.4566 -0.8780
vn 0.1760 -0.4386 -0.8813
vn -0.1813 -0.2739 -0.9445
vn -0.0723 -0.5831 -0.8092
vn 0.4065 -0.3751 -0.8331
vn 0.3950 -0.3287 -0.8578
vn 0.2207 -0.2639 -0.9389
vn 0.9943 -0.0470 -0.0957
vn 0.8761 -0.4708 0.1040
vn 0.8324 -0.2820 -0.4770
vn 0.7315 -0.6241 -0.2746
vn 0.6539 -0.6270 -0.4235
vn 0.7492 -0.6042 -0.2713
vn 0.7079 -0.7004 -0.0906
vn 0.6548 -0.6720 0.3459
vn 0.6807 -0.7324 0.0172
vn 0.4907 -0.7864 0.3752
vn 0.5385 -0.8401 0.0651
vn 0.3620 -0.7732 0.5207
vn 0.5546 -0.5926 0.5842
vn 0.7506 -0.4631 0.4713
vn 0.8993 -0.1624 0.4061
vn 0.4976 -0.2933 0.8163
vn 0.8544 -0.1657 0.4925
vn 0.8797 -0.4476 0.1604
vn 0.8210 -0.5088 -0.2591
vn 0.5975 -0.7953 -0.1028
vn 0.3469 -0.9049 0.2465
vn 0.3729 -0.8976 0.2352
vn 0.3607 -0.8824 0.3021
vn 0.2471 -0.7546 0.6079
vn 0.4320 -0.6020 0.6715
vn 0.6825 -0.5853 0.4377
vn 0.7104 -0.6848 0.1624
vn 0.4630 -0.8482 0.2574
vn 0.3037 -0.8178 0.4889
vn 0.3933 -0.7378 0.5486
vn 0.5043 -0.5744 0.6448
vn 0.4194 -0.5737 0.7036
vn 0.4887 0.1351 0.8619
vn 0.7274 0.4651 0.5045
vn 0.5618 0.5455 0.6219
vn 0.7429 0.4790 0.4677
vn 0.8918 0.2053 0.4031
vn 0.7215 -0.0224 0.6920
vn 0.5764 -0.3694 0.7289
vn 0.2442 -0.0586 0.9680
vn 0.3909 -0.0702 0.9177
vn 0.5981 0.0133 0.8013
vn 0.6525 -0.0011 0.7578
vn 0.6768 0.0585 0.7339
vn 0.7180 0.0069 0.6960
vn 0.5164 0.5733 0.6361
vn 0.4312 0.7345 0.5240
vn 0.5837 0.6586 0.4750
vn 0.3921 0.7956 0.4619
vn 0.6069 0.6364 0.4761
vn 0.6437 0.6204 0.4481
vn 0.7305 0.6453 0.2234
vn 0.8273 0.5616 0.0144
vn 0.9118 0.4010 -0.0884
vn 0.8847 0.3171 -0.3418
vn 0.5268 0.7681 -0.3640
vn 0.5098 0.7987 0.3197
vn 0.6368 0.5245 0.5652
vn 0.7521 0.3690 0.5461
vn 0.7505 0.3842 0.5376
vn 0.9017 0.1536 0.4041
vn 0.9130 0.3890 -0.1227
vn 0.8914 0.4351 -0.1270
vn 0.9072 0.3706 -0.1990
vn 0.9182 0.2917 -0.2680
vn 0.8651 0.1695 -0.4720
vn 0.7955 0.2079 -0.5691
vn 0.7862 -0.1281 -0.6045
vn 0.8681 -0.1828 -0.4616
vn 0.9040 -0.1341 -0.4060
vn 0.8919 -0.2878 -0.3488
vn 0.8795 -0.3544 -0.3177
vn 0.8001 -0.5237 -0.2926
vn 0.6727 -0.7098 -0.2088
vn 0.2516 -0.9670 -0.0403
vn 0.9590 -0.1927 0.2079
vn 0.9867 0.1508 0.0610
vn 0.8937 0.1029 0.4367
vn 0.9453 0.2596 0.1974
vn 0.9989 -0.0241 0.0410
vn 0.9146 -0.3090 -0.2606
vn 0.7304 -0.6685 -0.1401
vn 0.4893 -0.8387 0.2391
vn 0.5390 -0.7602 0.3628
vn 0.1375 -0.8539 0.5020
vn 0.1542 -0.4190 0.8948
vn 0.4895 -0.3359 0.8047
vn 0.5081 -0.8605 0.0367
vn 0.5529 -0.4401 0.7076
vn 0.5896 -0.5084 0.6276
vn 0.5870 -0.4871 0.6466
vn 0.4810 -0.5445 0.6872
vn 0.3201 -0.4698 0.8227
vn 0.1491 0.1740 0.9734
vn 0.1702 0.8757 0.4519
vn 0.4386 0.7809 0.4447
vn 0.7270 0.3781 0.5732
vn 0.2411 -0.2515 0.9374
vn 0.2126 -0.4130 0.8855
vn 0.1340 -0.2640 0.9552
vn 0.1871 -0.0934 0.9779
vn 0.4668 0.0640 0.8820
vn 0.7197 0.0011 0.6942
vn 0.6887 -0.1767 0.7032
vn 0.6238 -0.1023 0.7749
vn 0.5544 -0.3770 0.7420
vn 0.5207 -0.2781 0.8072
vn 0.5228 -0.0485 0.8511
vn 0.3521 -0.1014 0.9305
vn 0.2728 -0.1928 0.9426
vn -0.2008 0.3875 0.8997
vn -0.1177 0.6001 0.7912
vn 0.1979 0.7288 0.6555
vn 0.0668 0.5447 0.8359
vn 0.4656 0.5730 0.6744
vn -0.1630 -0.2626 0.9510
vn -0.1447 0.0455 0.9884
vn 0.1979 0.0769 0.9772
vn -0.0322 0.1332 0.9906
vn -0.2298 0.1824 0.9560
vn -0.3418 0.3112 0.8867
vn -0.1796 0.4324 0.8836
vn 0.0027 0.1688 0.9856
vn -0.3346 0.1676 0.9273
vn -0.2056 -0.0144 0.9785
vn -0.4262 0.1957 0.8832
vn 0.7395 -0.2683 0.6174
vn 0.7232 -0.3231 0.6105
vn 0.7105 -0.1925 0.6769
vn 0.6750 -0.1683 0.7184
vn 0.7557 0.0116 0.6548
vn 0.7629 0.1058 0.6378
vn 0.9047 0.1916 0.3806
vn 0.7235 0.4998 0.4762
vn 0.7574 0.5133 0.4035
vn 0.8404 0.5367 0.0753
vn 0.9300 0.3584 0.0817
vn 0.9511 0.3022 0.0646
vn 0.9349 0.2155 0.2820
vn 0.9021 0.1956 0.3848
vn 0.9567 0.0994 0.2735
vn 0.9002 0.0858 0.4270
vn 0.9513 -0.0903 0.2946
vn 0.9026 -0.3087 0.2999
vn 0.8536 -0.4591 0.2463
vn 0.8790 -0.4472 0.1653
vn 0.8358 -0.5297 0.1442
vn 0.8965 -0.4201 0.1408
vn 0.7955 -0.5555 0.2421
vn 0.8106 -0.5395 0.2276
vn 0.6087 -0.7513 0.2550
vn 0.8155 -0.5505 0.1784
vn 0.7462 -0.6213 -0.2391
vn 0.9358 0.2545 -0.2439
vn 0.7055 -0.1555 -0.6914
vn 0.4434 -0.5450 -0.7116
vn 0.8885 -0.4509 0.0850
vn 0.9311 -0.2922 0.2185
vn 0.8791 -0.4356 0.1936
vn 0.8654 -0.4932 0.0892
vn 0.9161 -0.3652 0.1655
vn 0.9916 -0.1219 -0.0421
vn 0.9972 0.0746 0.0059
vn 0.9581 -0.1481 -0.2450
vn 0.9389 -0.2944 -0.1783
vn 0.5720 -0.7522 -0.3271
vn 0.5920 -0.6800 -0.4326
vn 0.9263 -0.3660 -0.0896
vn 0.8525 -0.3609 0.3782
vn 0.6046 -0.5860 0.5395
vn 0.5174 -0.6667 0.5365
vn 0.7830 -0.3504 0.5139
vn 0.8728 -0.1978 0.4463
vn 0.7889 -0.2049 0.5794
vn 0.7273 -0.1196 0.6758
vn 0.8475 0.1558 0.5074
vn 0.9295 0.1315 0.3447
vn 0.9349 -0.0065 0.3549
vn 0.8248 0.2102 0.5250
vn 0.8621 0.4504 0.2324
vn 0.8737 0.1925 0.4467
vn 0.8492 0.2014 0.4882
vn 0.8380 0.2017 0.5071
vn 0.8451 0.1882 0.5004
vn 0.8990 0.0055 0.4379
vn 0.8767 -0.0494 0.4786
vn 0.8592 0.1068 0.5003
vn 0.8144 -0.1204 0.5676
vn 0.8204 0.2442 0.5170
vn 0.7571 -0.0231 0.6529
vn 0.6357 -0.1021 0.7651
vn 0.6916 0.2000 0.6941
vn 0.6856 0.2826 0.6709
vn 0.6204 0.4369 0.6513
vn 0.8277 0.2085 0.5211
vn 0.7340 0.3948 0.5526
vn 0.9754 -0.0140 -0.2201
vn 0.3364 -0.3709 0.8656
vn 0.4029 -0.0872 0.9111
vn 0.2918 0.4054 0.8663
vn 0.6036 0.5890 0.5373
vn 0.5850 0.7490 0.3111
vn 0.5288 -0.5816 0.6182
vn 0.1589 -0.5006 0.8510
vn 0.1453 0.1218 0.9819
vn -0.0226 0.4306 0.9023
vn 0.1889 0.6966 0.6922
vn 0.8472 0.5290 -0.0485
vn 0.9084 -0.3901 0.1507
vn 0.6033 -0.5481 0.5793
vn 0.2538 -0.4440 0.8593
vn 0.1948 -0.1753 0.9651
vn -0.0002 0.4265 0.9045
vn 0.2086 0.7432 0.6357
vn 0.4083 -0.3080 0.8593
vn 0.2579 0.0881 0.9621
vn 0.1531 0.4116 0.8984
vn 0.6613 0.6959 0.2801
vn 0.9987 0.0501 -0.0065
vn 0.8176 -0.2324 0.5269
vn 0.6293 -0.0709 0.7739
vn 0.5382 -0.1852 0.8222
vn 0.4764 -0.0297 0.8787
vn 0.3905 0.3420 0.8547
vn 0.5845 0.2461 0.7732
vn 0.5604 0.5773 0.5939
vn 0.7731 0.0957 0.6271
vn 0.6114 0.0876 0.7864
vn 0.7611 0.1906 0.6200
vn 0.9246 0.1931 0.3284
vn 0.8883 0.3200 0.3293
vn 0.9006 0.1604 0.4040
vn 0.9034 0.2734 0.3303
vn 0.8802 0.3790 0.2858
vn 0.7547 0.1792 0.6311
vn 0.9214 0.1374 0.3635
vn 0.9588 0.0787 0.2730
vn 0.9227 0.3642 0.1261
vn 0.9841 0.1773 -0.0135
vn 0.9850 0.1713 0.0205
vn 0.9023 -0.0144 0.4309
vn 0.7116 0.4936 0.5000
vn 0.8742 0.3872 0.2929
vn 0.9666 0.0653 0.2478
vn 0.8584 0.0535 0.5102
vn 0.2614 -0.9637 0.0544
vn 0.2622 -0.9164 0.3024
vn 0.4945 -0.2358 0.8366
vn 0.8199 -0.2489 0.5155
vn 0.9497 -0.3130 0.0086
vn -0.3964 -0.9134 0.0923
vn -0.2797 -0.6394 0.7162
vn -0.1947 -0.5039 0.8416
vn 0.0389 -0.7178 0.6952
vn 0.0992 -0.4246 0.8999
vn 0.4968 -0.4297 0.7540
vn 0.7143 -0.5441 0.4401
vn 0.3283 -0.8505 0.4110
vn -0.1168 -0.9875 0.1061
vn 0.0363 -0.9902 -0.1349
vn -0.2135 -0.9163 0.3388
vn -0.4128 -0.9106 -0.0198
vn -0.0005 -0.8805 -0.4740
vn 0.6229 -0.6277 -0.4668
vn -0.0435 -0.8664 -0.4974
vn 0.8795 -0.4672 -0.0907
vn 0.9007 -0.3090 -0.3052
vn -0.6096 -0.6604 0.4385
vn -0.3597 -0.7823 0.5086
vn 0.9359 -0.2323 -0.2649
vn 0.8758 0.0998 -0.4723
vn 0.7928 0.6067 0.0575
vn 0.7209 0.5331 0.4428
vn 0.8363 0.4499 0.3135
vn 0.8563 0.4949 0.1477
vn 0.9610 -0.2402 -0.1368
vn 0.6007 0.7107 -0.3662
vn 0.6776 0.4919 -0.5468
vn -0.2077 -0.8809 0.4253
vn 0.0012 -0.8612 0.5083
vn 0.2760 -0.8804 0.3856
vn 0.3183 -0.7578 0.5696
vn 0.2959 -0.6209 0.7259
vn 0.2791 -0.7780 0.5628
vn 0.5664 -0.6364 0.5236
vn 0.4333 -0.8141 0.3867
vn 0.2032 -0.9686 0.1434
vn -0.2825 -0.9478 -0.1477
vn -0.5406 -0.8409 -0.0247
vn 0.1097 -0.6734 0.7311
vn 0.3177 -0.2952 0.9011
vn 0.4300 -0.4345 0.7914
vn 0.6674 -0.5317 0.5214
vn 0.4485 -0.5466 0.7072
vn 0.3822 -0.7214 0.5775
vn 0.2829 -0.6423 0.7123
vn 0.3339 -0.7703 0.5432
vn 0.2378 -0.8934 0.3813
vn -0.0414 -0.9132 0.4054
vn -0.1211 -0.9657 0.2297
vn -0.2580 -0.8910 0.3736
vn -0.4975 -0.8351 0.2348
vn -0.5746 -0.7298 0.3705
vn -0.6489 -0.6287 0.4284
vn -0.4692 -0.5399 0.6988
vn -0.2585 -0.5292 0.8082
vn 0.1040 -0.4526 0.8856
vn 0.3722 -0.3603 0.8554
vn 0.1023 -0.9770 -0.1872
vn 0.2205 -0.9473 -0.2325
vn 0.1896 -0.8936 -0.4068
vn 0.2613 -0.7634 -0.5907
vn 0.0561 -0.6879 -0.7236
vn 0.3210 -0.9471 0.0037
vn 0.4837 0.7923 -0.3719
vn -0.3064 -0.9508 -0.0449
vn 0.0304 -0.9496 -0.3119
vn -0.2024 -0.9185 -0.3396
vn -0.2135 -0.8963 -0.3887
vn -0.1764 -0.8972 -0.4049
vn 0.0932 -0.8071 -0.5831
vn -0.1552 -0.9320 -0.3275
vn -0.3438 -0.9111 -0.2276
vn -0.2232 -0.6525 -0.7242
vn -0.1377 -0.8394 -0.5258
vn 0.0236 -0.9729 -0.2299
vn -0.4790 -0.7196 0.5027
vn 0.1936 -0.9251 -0.3267
vn 0.3095 -0.8251 -0.4727
vn 0.3461 -0.7640 -0.5445
vn 0.5359 -0.5858 -0.6080
vn 0.2077 0.9782 0.0028
vn 0.1523 0.9770 -0.1494
vn 0.2672 0.9110 -0.3142
vn 0.1995 0.7993 -0.5669
vn -0.5984 0.5491 -0.5835
vn -0.4103 0.7950 -0.4467
vt 0.312742 0.615601
vt 0.340706 0.615914
vt 0.332617 0.631539
vt 0.305341 0.584857
vt 0.020809 0.658918
vt 0.047619 0.658071
vt 0.084826 0.542790
vt 0.032327 0.566064
vt 0.040154 0.522190
vt 0.036341 0.674205
vt 0.037286 0.681997
vt 0.018971 0.680808
vt 0.394865 0.624698
vt 0.393990 0.643851
vt 0.363906 0.634464
vt 0.348156 0.135977
vt 0.374843 0.127119
vt 0.392461 0.148067
vt 0.072474 0.586260
vt 0.070638 0.634606
vt 0.053691 0.601056
vt 0.572633 0.385010
vt 0.585641 0.371447
vt 0.323125 0.231885
vt 0.056036 0.674642
vt 0.051698 0.666631
vt 0.064193 0.670894
vt 0.293520 0.141445
vt 0.307166 0.130789
vt 0.307760 0.653956
vt 0.080657 0.941632
vt 0.095139 0.956521
vt 0.081141 0.967342
vt 0.348989 0.600165
vt 0.368329 0.613791
vt 0.052055 0.687722
vt 0.076922 0.694084
vt 0.073060 0.698716
vt 0.472496 0.145488
vt 0.470789 0.160252
vt 0.447253 0.157116
vt 0.417491 0.133020
vt 0.440831 0.125936
vt 0.437550 0.141227
vt 0.951027 0.968351
vt 0.001579 0.136043
vt 0.002505 0.154974
vt 0.105188 0.508785
vt 0.150433 0.505567
vt 0.128056 0.540171
vt 0.352626 0.182117
vt 0.340100 0.191686
vt 0.336967 0.183770
vt 0.057738 0.656102
vt 0.468593 0.464424
vt 0.448087 0.460797
vt 0.468210 0.456895
vt 0.464558 0.090263
vt 0.447826 0.078979
vt 0.467975 0.071678
vt 0.496252 0.146718
vt 0.495012 0.156411
vt 0.800904 0.529898
vt 0.799622 0.554637
vt 0.788301 0.531114
vt 0.110570 0.961688
vt 0.114281 0.966844
vt 0.099316 0.973497
vt 0.390570 0.096270
vt 0.370994 0.105543
vt 0.364859 0.094340
vt 0.753784 0.575326
vt 0.756864 0.564295
vt 0.074306 0.005245
vt 0.494923 0.675966
vt 0.500440 0.664738
vt 0.024201 0.071272
vt 0.419258 0.626196
vt 0.445672 0.620186
vt 0.442035 0.635065
vt 0.435059 0.602975
vt 0.430616 0.440245
vt 0.440442 0.576389
vt 0.504683 0.119791
vt 0.492723 0.123526
vt 0.500425 0.104842
vt 0.503096 0.135077
vt 0.510936 0.132406
vt 0.512807 0.147158
vt 0.070274 0.445397
vt 0.511611 0.176700
vt 0.726518 0.717170
vt 0.722401 0.720571
vt 0.513890 0.171953
vt 0.058938 0.621390
vt 0.054960 0.637692
vt 0.043531 0.607399
vt 0.415705 0.532732
vt 0.710630 0.034938
vt 0.670355 0.935007
vt 0.415819 0.644985
vt 0.106877 0.954093
vt 0.109914 0.947927
vt 0.112545 0.955944
vt 0.412454 0.674036
vt 0.402981 0.690368
vt 0.402038 0.676748
vt 0.328589 0.109414
vt 0.323320 0.136264
vt 0.117151 0.960144
vt 0.118012 0.947429
vt 0.124011 0.948513
vt 0.301139 0.607261
vt 0.308997 0.599605
vt 0.354041 0.116866
vt 0.346022 0.097835
vt 0.325687 0.093394
vt 0.223065 0.072092
vt 0.239957 0.060463
vt 0.225198 0.075406
vt 0.346590 0.091681
vt 0.312794 0.082415
vt 0.316629 0.075882
vt 0.189945 0.942669
vt 0.183186 0.934084
vt 0.202976 0.930088
vt 0.505002 0.035413
vt 0.496306 0.031693
vt 0.630066 0.239054
vt 0.306471 0.088376
vt 0.164354 0.947234
vt 0.279911 0.073447
vt 0.487234 0.106043
vt 0.479698 0.116936
vt 0.976788 0.976012
vt 0.592307 0.711770
vt 0.959095 0.993170
vt 0.105345 0.923408
vt 0.106054 0.943247
vt 0.179566 0.984967
vt 0.184173 0.976651
vt 0.196485 0.981916
vt 0.179936 0.957124
vt 0.190064 0.964423
vt 0.345323 0.075318
vt 0.081346 0.689551
vt 0.077393 0.664877
vt 0.562729 0.448031
vt 0.542158 0.450350
vt 0.557543 0.425815
vt 0.381535 0.062011
vt 0.391654 0.059184
vt 0.375579 0.067988
vt 0.860674 0.051680
vt 0.034542 0.044724
vt 0.879608 0.068682
vt 0.470774 0.043086
vt 0.485307 0.045482
vt 0.475969 0.054527
vt 0.448965 0.062304
vt 0.447238 0.474762
vt 0.469101 0.477224
vt 0.424889 0.449273
vt 0.455696 0.579104
vt 0.446283 0.593852
vt 0.476227 0.639404
vt 0.460138 0.621262
vt 0.460939 0.600122
vt 0.480898 0.636428
vt 0.052801 0.027022
vt 0.862069 0.046618
vt 0.063053 0.002361
vt 0.672595 0.645600
vt 0.689799 0.645866
vt 0.693019 0.671621
vt 0.572103 0.596871
vt 0.580762 0.624604
vt 0.257265 0.789178
vt 0.940087 0.897725
vt 0.937326 0.877163
vt 0.170980 0.522741
vt 0.883900 0.908268
vt 0.907133 0.913992
vt 0.902177 0.919326
vt 0.123364 0.109264
vt 0.113050 0.099207
vt 0.142646 0.096102
vt 0.062242 0.032587
vt 0.057275 0.029674
vt 0.472429 0.644512
vt 0.461848 0.663721
vt 0.485956 0.690245
vt 0.490560 0.683262
vt 0.030252 0.090190
vt 0.102465 0.476713
vt 0.084049 0.467080
vt 0.103449 0.460466
vt 0.354832 0.103463
vt 0.409257 0.695160
vt 0.432643 0.694603
vt 0.412770 0.701758
vt 0.228555 0.080989
vt 0.399585 0.704195
vt 0.613630 0.612888
vt 0.400722 0.853212
vt 0.373952 0.875172
vt 0.602990 0.679916
vt 0.610683 0.667338
vt 0.625956 0.669281
vt 0.703008 0.586599
vt 0.688749 0.612394
vt 0.685522 0.608127
vt 0.605051 0.434271
vt 0.620123 0.434176
vt 0.612537 0.459072
vt 0.602737 0.482952
vt 0.603509 0.496842
vt 0.584938 0.492573
vt 0.129807 0.900660
vt 0.479344 0.702442
vt 0.103021 0.866805
vt 0.048772 0.322178
vt 0.482475 0.916757
vt 0.512997 0.951376
vt 0.383893 0.656107
vt 0.590188 0.239527
vt 0.591565 0.246508
vt 0.577949 0.249718
vt 0.446378 0.051771
vt 0.458418 0.043967
vt 0.440432 0.065848
vt 0.438751 0.074982
vt 0.446138 0.034599
vt 0.439905 0.030109
vt 0.456634 0.021770
vt 0.445271 0.042506
vt 0.456436 0.034410
vt 0.474785 0.535589
vt 0.464236 0.514807
vt 0.486957 0.506760
vt 0.368238 0.073395
vt 0.365801 0.066885
vt 0.243407 0.067989
vt 0.258694 0.061023
vt 0.469664 0.030300
vt 0.690816 0.260506
vt 0.456087 0.006316
vt 0.702464 0.234868
vt 0.173526 0.801191
vt 0.188439 0.808957
vt 0.182314 0.820622
vt 0.289621 0.902075
vt 0.297313 0.907986
vt 0.282275 0.908854
vt 0.417519 0.572583
vt 0.630212 0.584570
vt 0.646587 0.581435
vt 0.459501 0.535069
vt 0.437942 0.533922
vt 0.650739 0.588221
vt 0.295597 0.894596
vt 0.308805 0.891147
vt 0.457744 0.558524
vt 0.485756 0.546146
vt 0.624567 0.566573
vt 0.211938 0.511272
vt 0.203336 0.534767
vt 0.273732 0.838029
vt 0.323277 0.009248
vt 0.331665 0.021009
vt 0.320152 0.016100
vt 0.660570 0.489914
vt 0.677236 0.498285
vt 0.653868 0.501353
vt 0.615176 0.264606
vt 0.533269 0.024636
vt 0.619919 0.262538
vt 0.255198 0.650575
vt 0.736162 0.684281
vt 0.782186 0.671229
vt 0.711509 0.695193
vt 0.516210 0.167069
vt 0.717037 0.724091
vt 0.044556 0.164847
vt 0.030180 0.195320
vt 0.027719 0.169530
vt 0.141517 0.466404
vt 0.127714 0.450123
vt 0.712024 0.617159
vt 0.184129 0.896362
vt 0.242804 0.039349
vt 0.219655 0.068082
vt 0.487419 0.071852
vt 0.486867 0.058613
vt 0.496257 0.051380
vt 0.979279 0.918463
vt 0.978180 0.924977
vt 0.015587 0.230021
vt 0.546186 0.029189
vt 0.605217 0.244691
vt 0.602990 0.254153
vt 0.555414 0.255605
vt 0.553171 0.248590
vt 0.573518 0.244135
vt 0.592614 0.254437
vt 0.611256 0.266202
vt 0.607691 0.268827
vt 0.565338 0.255413
vt 0.402563 0.918093
vt 0.423320 0.927110
vt 0.392772 0.928809
vt 0.464839 0.008612
vt 0.468562 0.017768
vt 0.280769 0.426229
vt 0.281396 0.413194
vt 0.285012 0.402281
vt 0.222191 0.748509
vt 0.245764 0.738930
vt 0.771325 0.512640
vt 0.761808 0.529218
vt 0.751806 0.525516
vt 0.047896 0.217170
vt 0.035595 0.231490
vt 0.030974 0.225532
vt 0.758560 0.801822
vt 0.741098 0.793090
vt 0.748567 0.776445
vt 0.952541 0.932868
vt 0.015041 0.194842
vt 0.005378 0.212919
vt 0.304173 0.028407
vt 0.320230 0.029656
vt 0.312141 0.038753
vt 0.518650 0.117317
vt 0.524081 0.127901
vt 0.518077 0.129917
vt 0.030609 0.627356
vt 0.033219 0.613239
vt 0.042617 0.635695
vt 0.622572 0.278324
vt 0.568894 0.298539
vt 0.567150 0.284381
vt 0.576620 0.303783
vt 0.543923 0.035968
vt 0.535045 0.045752
vt 0.536235 0.033690
vt 0.316881 0.011197
vt 0.314927 0.020424
vt 0.307584 0.012767
vt 0.477343 0.076818
vt 0.486168 0.084414
vt 0.972876 0.927068
vt 0.942867 0.943693
vt 0.942754 0.935069
vt 0.951658 0.945674
vt 0.713324 0.789822
vt 0.716531 0.817951
vt 0.523144 0.350095
vt 0.546990 0.679370
vt 0.549283 0.653153
vt 0.561119 0.654231
vt 0.600345 0.637957
vt 0.569835 0.640675
vt 0.955156 0.980642
vt 0.614290 0.696714
vt 0.291038 0.882923
vt 0.288086 0.890956
vt 0.281848 0.880107
vt 0.698540 0.290929
vt 0.674234 0.269491
vt 0.554155 0.286268
vt 0.535073 0.267719
vt 0.556752 0.265553
vt 0.486059 0.561283
vt 0.498026 0.553116
vt 0.925681 0.223807
vt 0.934965 0.223532
vt 0.926214 0.235166
vt 0.861165 0.409862
vt 0.839529 0.430995
vt 0.836119 0.404212
vt 0.642080 0.528049
vt 0.638926 0.551863
vt 0.624371 0.537999
vt 0.331634 0.887011
vt 0.315125 0.872649
vt 0.311159 0.854747
vt 0.067931 0.314859
vt 0.069221 0.285475
vt 0.087515 0.334433
vt 0.920014 0.196892
vt 0.917963 0.191592
vt 0.924316 0.195429
vt 0.928682 0.842656
vt 0.932539 0.849526
vt 0.911474 0.863531
vt 0.259371 0.734275
vt 0.262944 0.732450
vt 0.587396 0.583857
vt 0.855848 0.923809
vt 0.859636 0.911658
vt 0.869725 0.917791
vt 0.846036 0.941254
vt 0.871087 0.925207
vt 0.278547 0.669005
vt 0.080690 0.263555
vt 0.086474 0.281190
vt 0.846040 0.863674
vt 0.859837 0.858892
vt 0.860255 0.885172
vt 0.022200 0.428523
vt 0.006276 0.416228
vt 0.017719 0.399714
vt 0.260705 0.912920
vt 0.267435 0.919035
vt 0.256289 0.919051
vt 0.292768 0.874088
vt 0.302813 0.877536
vt 0.134485 0.832974
vt 0.108843 0.818353
vt 0.511667 0.280813
vt 0.496510 0.294676
vt 0.566958 0.689291
vt 0.384618 0.878983
vt 0.374184 0.891303
vt 0.225923 0.450794
vt 0.236360 0.464721
vt 0.218282 0.455306
vt 0.133556 0.863990
vt 0.134585 0.877305
vt 0.123613 0.878287
vt 0.834187 0.101039
vt 0.832039 0.096414
vt 0.842586 0.098729
vt 0.246790 0.592948
vt 0.764582 0.382841
vt 0.786186 0.386860
vt 0.581954 0.703202
vt 0.607475 0.686353
vt 0.941682 0.243867
vt 0.567454 0.304078
vt 0.563536 0.285869
vt 0.579255 0.297566
vt 0.730400 0.619194
vt 0.748988 0.620899
vt 0.729141 0.639599
vt 0.538401 0.860142
vt 0.523119 0.861925
vt 0.536691 0.844813
vt 0.889509 0.282585
vt 0.895528 0.295317
vt 0.883115 0.309188
vt 0.836071 0.106860
vt 0.830221 0.110789
vt 0.677087 0.252737
vt 0.721272 0.316502
vt 0.745636 0.290061
vt 0.755792 0.313220
vt 0.674094 0.285051
vt 0.654965 0.326715
vt 0.647826 0.295362
vt 0.161662 0.412881
vt 0.144117 0.419155
vt 0.131416 0.412895
vt 0.034265 0.082989
vt 0.029054 0.077840
vt 0.047610 0.072869
vt 0.052615 0.059279
vt 0.041909 0.051415
vt 0.067215 0.080410
vt 0.063623 0.064861
vt 0.855377 0.790243
vt 0.860487 0.772390
vt 0.181552 0.770593
vt 0.766506 0.302598
vt 0.067866 0.382255
vt 0.770984 0.313657
vt 0.749776 0.651917
vt 0.746274 0.642400
vt 0.757129 0.648278
vt 0.857068 0.928350
vt 0.888812 0.881348
vt 0.864783 0.841775
vt 0.885046 0.857252
vt 0.305540 0.336367
vt 0.309398 0.318670
vt 0.310811 0.334741
vt 0.258650 0.684065
vt 0.245621 0.679763
vt 0.841259 0.938967
vt 0.250452 0.571345
vt 0.204513 0.472095
vt 0.212586 0.470482
vt 0.237862 0.894484
vt 0.926652 0.246283
vt 0.229978 0.566859
vt 0.059196 0.271208
vt 0.060103 0.257092
vt 0.073398 0.245812
vt 0.054356 0.256284
vt 0.067816 0.242647
vt 0.066963 0.347179
vt 0.487923 0.893610
vt 0.480961 0.883545
vt 0.496274 0.885941
vt 0.232462 0.522405
vt 0.141489 0.304079
vt 0.126117 0.290167
vt 0.154539 0.289218
vt 0.606027 0.793375
vt 0.813808 0.492619
vt 0.804796 0.487397
vt 0.247871 0.922685
vt 0.249675 0.913564
vt 0.876851 0.345059
vt 0.748960 0.201924
vt 0.866784 0.308375
vt 0.575512 0.311329
vt 0.557003 0.318613
vt 0.574331 0.333140
vt 0.564170 0.342743
vt 0.238398 0.859098
vt 0.044275 0.262372
vt 0.023224 0.267536
vt 0.087627 0.367302
vt 0.085352 0.221159
vt 0.090232 0.223496
vt 0.259085 0.006579
vt 0.003859 0.266496
vt 0.202547 0.636959
vt 0.180246 0.659475
vt 0.177586 0.651961
vt 0.514325 0.835576
vt 0.718545 0.254473
vt 0.209824 0.380595
vt 0.193432 0.390297
vt 0.199370 0.371210
vt 0.020236 0.216903
vt 0.288677 0.135949
vt 0.313980 0.663992
vt 0.335218 0.646505
vt 0.717644 0.634856
vt 0.718518 0.646919
vt 0.179094 0.785700
vt 0.196616 0.792584
vt 0.193216 0.799510
vt 0.749120 0.545453
vt 0.739642 0.552053
vt 0.735077 0.539142
vt 0.141169 0.899571
vt 0.147907 0.886470
vt 0.160373 0.904187
vt 0.639005 0.741367
vt 0.646470 0.739116
vt 0.640794 0.749242
vt 0.779197 0.367730
vt 0.777538 0.377649
vt 0.763776 0.367996
vt 0.271269 0.589783
vt 0.758229 0.355045
vt 0.775028 0.358791
vt 0.819836 0.368636
vt 0.789945 0.373883
vt 0.803113 0.354667
vt 0.242608 0.666897
vt 0.222586 0.658706
vt 0.237715 0.654976
vt 0.226837 0.703111
vt 0.214864 0.690565
vt 0.226309 0.676354
vt 0.300311 0.430114
vt 0.206343 0.603568
vt 0.192577 0.628249
vt 0.230483 0.645737
vt 0.945823 0.820591
vt 0.647030 0.421649
vt 0.222057 0.735295
vt 0.231331 0.725456
vt 0.730011 0.565527
vt 0.729668 0.557283
vt 0.487174 0.308511
vt 0.700346 0.791686
vt 0.174700 0.718147
vt 0.173150 0.707677
vt 0.179979 0.707166
vt 0.255401 0.736210
vt 0.580682 0.587891
vt 0.708867 0.500787
vt 0.709507 0.510968
vt 0.698310 0.502610
vt 0.148241 0.373112
vt 0.151601 0.384201
vt 0.137381 0.386300
vt 0.199252 0.808228
vt 0.282838 0.564554
vt 0.274494 0.570973
vt 0.277646 0.553645
vt 0.263541 0.563893
vt 0.266137 0.549746
vt 0.300499 0.558359
vt 0.301723 0.534120
vt 0.314804 0.542267
vt 0.283319 0.582691
vt 0.757642 0.346020
vt 0.771065 0.349167
vt 0.913638 0.233433
vt 0.803713 0.404952
vt 0.893311 0.208646
vt 0.075076 0.120304
vt 0.058176 0.097231
vt 0.081646 0.110591
vt 0.142709 0.140306
vt 0.133980 0.138230
vt 0.143793 0.130588
vt 0.111640 0.125622
vt 0.100610 0.122768
vt 0.743450 0.533315
vt 0.729889 0.524944
vt 0.209574 0.619414
vt 0.291489 0.402134
vt 0.213460 0.603963
vt 0.576416 0.365850
vt 0.569842 0.361920
vt 0.578254 0.350559
vt 0.811692 0.801839
vt 0.808991 0.792451
vt 0.815797 0.791516
vt 0.253865 0.545373
vt 0.907561 0.114426
vt 0.624488 0.745831
vt 0.631499 0.743436
vt 0.635033 0.760441
vt 0.808589 0.810230
vt 0.816444 0.801866
vt 0.625744 0.380028
vt 0.363696 0.197435
vt 0.626080 0.410341
vt 0.633639 0.381762
vt 0.645400 0.360462
vt 0.598970 0.726075
vt 0.627032 0.296116
vt 0.631275 0.282535
vt 0.096704 0.066725
vt 0.078621 0.056807
vt 0.932648 0.748934
vt 0.940765 0.733954
vt 0.948661 0.739163
vt 0.266071 0.929037
vt 0.283177 0.922715
vt 0.283166 0.943455
vt 0.114062 0.291779
vt 0.106988 0.311182
vt 0.102060 0.277577
vt 0.184928 0.324890
vt 0.156950 0.303193
vt 0.189462 0.301719
vt 0.715646 0.542156
vt 0.687068 0.537068
vt 0.144388 0.426515
vt 0.173770 0.419809
vt 0.121967 0.389536
vt 0.142366 0.396667
vt 0.664262 0.347874
vt 0.651892 0.366015
vt 0.619349 0.713984
vt 0.707437 0.351086
vt 0.650920 0.707493
vt 0.766871 0.539519
vt 0.026538 0.436682
vt 0.035541 0.432863
vt 0.273850 0.432575
vt 0.268430 0.441258
vt 0.290664 0.433203
vt 0.098721 0.214602
vt 0.090591 0.239581
vt 0.085408 0.235816
vt 0.199458 0.786848
vt 0.110236 0.162840
vt 0.098748 0.169595
vt 0.091647 0.143477
vt 0.885518 0.677947
vt 0.879533 0.696329
vt 0.588635 0.786011
vt 0.761485 0.484008
vt 0.147559 0.112722
vt 0.123534 0.129300
vt 0.557024 0.350828
vt 0.540233 0.324154
vt 0.547367 0.321929
vt 0.571032 0.352910
vt 0.674270 0.512624
vt 0.659130 0.519846
vt 0.648435 0.511017
vt 0.621732 0.323663
vt 0.630778 0.341615
vt 0.613889 0.349582
vt 0.795498 0.857130
vt 0.817101 0.845737
vt 0.539087 0.618214
vt 0.743192 0.478069
vt 0.728349 0.470911
vt 0.741386 0.453335
vt 0.717549 0.492202
vt 0.697415 0.492193
vt 0.208521 0.726821
vt 0.201950 0.678283
vt 0.205511 0.705232
vt 0.184121 0.683577
vt 0.017400 0.791766
vt 0.696830 0.840347
vt 0.020099 0.777552
vt 0.194244 0.655443
vt 0.167457 0.668845
vt 0.034471 0.420553
vt 0.618365 0.731827
vt 0.635728 0.726888
vt 0.168522 0.089964
vt 0.167047 0.096095
vt 0.143859 0.081779
vt 0.795796 0.344639
vt 0.816904 0.337755
vt 0.506251 0.770574
vt 0.541214 0.760654
vt 0.534130 0.784233
vt 0.292741 0.484216
vt 0.308115 0.479628
vt 0.309172 0.495798
vt 0.318956 0.495893
vt 0.323694 0.488512
vt 0.332638 0.503902
vt 0.774648 0.532328
vt 0.770670 0.526915
vt 0.698237 0.497165
vt 0.779505 0.516786
vt 0.779958 0.502529
vt 0.693345 0.878674
vt 0.701422 0.870681
vt 0.709084 0.879526
vt 0.009282 0.394205
vt 0.411420 0.853110
vt 0.431567 0.855638
vt 0.411370 0.858121
vt 0.217371 0.628522
vt 0.288222 0.402302
vt 0.216718 0.603969
vt 0.025292 0.387889
vt 0.030199 0.397738
vt 0.193441 0.144175
vt 0.195857 0.122503
vt 0.209942 0.139716
vt 0.628917 0.735936
vt 0.309346 0.917084
vt 0.602171 0.504857
vt 0.185201 0.559005
vt 0.332862 0.337785
vt 0.327998 0.327451
vt 0.340982 0.329577
vt 0.784787 0.558867
vt 0.780215 0.531790
vt 0.174144 0.390603
vt 0.161873 0.376478
vt 0.180353 0.379542
vt 0.166819 0.157662
vt 0.153265 0.165489
vt 0.161268 0.144641
vt 0.323811 0.546823
vt 0.313451 0.554180
vt 0.350702 0.552768
vt 0.343583 0.533932
vt 0.357250 0.546230
vt 0.001983 0.404783
vt 0.335532 0.545973
vt 0.029718 0.379135
vt 0.017000 0.389715
vt 0.257342 0.532943
vt 0.240196 0.543193
vt 0.291125 0.519493
vt 0.272779 0.510700
vt 0.295800 0.498160
vt 0.932191 0.715213
vt 0.916697 0.712958
vt 0.917601 0.707078
vt 0.938004 0.724505
vt 0.929662 0.721622
vt 0.310383 0.518153
vt 0.318697 0.509524
vt 0.325410 0.523961
vt 0.730336 0.046382
vt 0.738742 0.062433
vt 0.716807 0.076786
vt 0.361223 0.261022
vt 0.345937 0.248077
vt 0.368429 0.253867
vt 0.140033 0.171997
vt 0.135365 0.166252
vt 0.146757 0.171169
vt 0.059349 0.404991
vt 0.066762 0.400716
vt 0.065042 0.414915
vt 0.280849 0.538183
vt 0.931389 0.730345
vt 0.934066 0.738520
vt 0.927889 0.744008
vt 0.140529 0.160275
vt 0.123102 0.154265
vt 0.132293 0.148119
vt 0.356051 0.519256
vt 0.045765 0.418904
vt 0.053755 0.422163
vt 0.134727 0.363696
vt 0.121968 0.378021
vt 0.932620 0.707883
vt 0.918847 0.701733
vt 0.921394 0.694155
vt 0.910597 0.678295
vt 0.188323 0.073387
vt 0.939128 0.693615
vt 0.726435 0.502314
vt 0.915572 0.474113
vt 0.912114 0.457199
vt 0.931629 0.464349
vt 0.147043 0.174734
vt 0.358712 0.557414
vt 0.353249 0.562514
vt 0.797290 0.297830
vt 0.156104 0.173455
vt 0.169760 0.167135
vt 0.051153 0.394392
vt 0.042376 0.406414
vt 0.202726 0.346779
vt 0.111974 0.763769
vt 0.114437 0.774399
vt 0.090776 0.769992
vt 0.208309 0.657037
vt 0.868643 0.568693
vt 0.861255 0.575261
vt 0.842757 0.553685
vt 0.153644 0.132512
vt 0.165109 0.124726
vt 0.136529 0.205948
vt 0.152345 0.192277
vt 0.155801 0.211046
vt 0.014976 0.435972
vt 0.853547 0.272572
vt 0.736737 0.426959
vt 0.855019 0.276279
vt 0.830802 0.326823
vt 0.963388 0.498913
vt 0.855398 0.357623
vt 0.154970 0.754120
vt 0.141161 0.739227
vt 0.157097 0.742674
vt 0.177109 0.200545
vt 0.162874 0.387063
vt 0.776360 0.233529
vt 0.779316 0.221625
vt 0.114714 0.714327
vt 0.346316 0.396494
vt 0.365547 0.399934
vt 0.331400 0.406501
vt 0.797723 0.207643
vt 0.801123 0.203268
vt 0.815630 0.209140
vt 0.356235 0.780513
vt 0.378810 0.767771
vt 0.373330 0.785110
vt 0.206193 0.177441
vt 0.191160 0.160099
vt 0.101384 0.230906
vt 0.104864 0.217242
vt 0.115357 0.209086
vt 0.293322 0.093813
vt 0.167683 0.972625
vt 0.161315 0.012828
vt 0.147318 0.015052
vt 0.147342 0.007447
vt 0.954416 0.557000
vt 0.963490 0.571007
vt 0.931123 0.578154
vt 0.889607 0.686070
vt 0.893357 0.695320
vt 0.137901 0.731703
vt 0.144308 0.733846
vt 0.572784 0.776142
vt 0.564018 0.771629
vt 0.892294 0.670428
vt 0.165600 0.725961
vt 0.172190 0.744627
vt 0.148432 0.001926
vt 0.136637 0.006226
vt 0.132671 0.002631
vt 0.167475 0.001516
vt 0.159599 0.005374
vt 0.623432 0.182299
vt 0.646819 0.188432
vt 0.634628 0.204352
vt 0.824413 0.719964
vt 0.831534 0.726710
vt 0.828630 0.730609
vt 0.761304 0.750061
vt 0.764191 0.739579
vt 0.772543 0.749373
vt 0.149426 0.041233
vt 0.168436 0.691441
vt 0.140820 0.026226
vt 0.370327 0.217757
vt 0.358467 0.202749
vt 0.371813 0.211337
vt 0.642435 0.785282
vt 0.625633 0.780580
vt 0.643767 0.776253
vt 0.383867 0.236448
vt 0.402520 0.224922
vt 0.402909 0.235248
vt 0.170856 0.016355
vt 0.172507 0.032913
vt 0.159861 0.019519
vt 0.890311 0.261284
vt 0.879999 0.274752
vt 0.106500 0.723131
vt 0.771916 0.459848
vt 0.746517 0.436779
vt 0.835461 0.754689
vt 0.832402 0.770991
vt 0.830819 0.754055
vt 0.152779 0.019147
vt 0.150900 0.028584
vt 0.133655 0.014778
vt 0.367172 0.538107
vt 0.377724 0.543342
vt 0.365361 0.552107
vt 0.794497 0.728985
vt 0.792926 0.744808
vt 0.329624 0.537492
vt 0.368950 0.578799
vt 0.196431 0.396943
vt 0.363864 0.507946
vt 0.370660 0.519672
vt 0.924234 0.077821
vt 0.888093 0.388072
vt 0.887855 0.415800
vt 0.400152 0.484461
vt 0.374333 0.488360
vt 0.775139 0.057048
vt 0.376966 0.501243
vt 0.407868 0.496927
vt 0.385740 0.519418
vt 0.192844 0.100608
vt 0.185055 0.106394
vt 0.544623 0.734867
vt 0.524669 0.739383
vt 0.195879 0.090138
vt 0.789481 0.461646
vt 0.796861 0.467396
vt 0.779814 0.474715
vt 0.792757 0.480474
vt 0.779808 0.489341
vt 0.730824 0.426650
vt 0.830953 0.300557
vt 0.837500 0.301295
vt 0.575559 0.807435
vt 0.570972 0.817937
vt 0.542016 0.810009
vt 0.051649 0.956830
vt 0.825712 0.734305
vt 0.821830 0.736206
vt 0.818077 0.725671
vt 0.831301 0.739644
vt 0.379687 0.577575
vt 0.797807 0.273923
vt 0.807124 0.295541
vt 0.808678 0.320791
vt 0.802728 0.318779
vt 0.032274 0.408607
vt 0.891163 0.451293
vt 0.900977 0.453737
vt 0.888398 0.462789
vt 0.906138 0.469083
vt 0.959158 0.655784
vt 0.972936 0.650339
vt 0.957490 0.667834
vt 0.440977 0.217712
vt 0.450035 0.202759
vt 0.452251 0.214480
vt 0.770939 0.444485
vt 0.481640 0.204649
vt 0.488108 0.217311
vt 0.470196 0.212798
vt 0.200961 0.427616
vt 0.455768 0.231838
vt 0.440839 0.232060
vt 0.425713 0.232725
vt 0.436440 0.213270
vt 0.427140 0.201035
vt 0.192143 0.439998
vt 0.186823 0.220584
vt 0.131176 0.170975
vt 0.144057 0.179295
vt 0.137546 0.186130
vt 0.255477 0.221893
vt 0.983132 0.606255
vt 0.793713 0.675914
vt 0.787923 0.213218
vt 0.796061 0.220277
vt 0.787590 0.224798
vt 0.912250 0.335574
vt 0.883339 0.337928
vt 0.150496 0.664926
vt 0.770465 0.178772
vt 0.784589 0.202183
vt 0.764936 0.184425
vt 0.368056 0.236571
vt 0.373928 0.228447
vt 0.942763 0.080033
vt 0.918748 0.056671
vt 0.619841 0.393624
vt 0.345794 0.221953
vt 0.609032 0.372018
vt 0.218159 0.305274
vt 0.227597 0.319133
vt 0.210213 0.326100
vt 0.385205 0.247422
vt 0.400326 0.241314
vt 0.399260 0.246414
vt 0.859786 0.742165
vt 0.117062 0.786348
vt 0.136537 0.776139
vt 0.122336 0.736003
vt 0.115047 0.749597
vt 0.114218 0.734909
vt 0.468387 0.232721
vt 0.381393 0.280271
vt 0.387840 0.269450
vt 0.398506 0.281492
vt 0.217672 0.342459
vt 0.219808 0.367002
vt 0.411974 0.218863
vt 0.413993 0.229269
vt 0.314537 0.304746
vt 0.317897 0.293514
vt 0.322539 0.294155
vt 0.218549 0.140325
vt 0.226596 0.142379
vt 0.219041 0.159813
vt 0.415341 0.238550
vt 0.427044 0.250698
vt 0.421252 0.252465
vt 0.620634 0.368429
vt 0.207436 0.960468
vt 0.648561 0.625419
vt 0.648770 0.635365
vt 0.604609 0.628062
vt 0.040970 0.650196
vt 0.023867 0.647205
vt 0.355306 0.291803
vt 0.354881 0.298977
vt 0.341681 0.290770
vt 0.722771 0.861303
vt 0.014695 0.826173
vt 0.731906 0.875576
vt 0.268078 0.768481
vt 0.272402 0.756885
vt 0.588230 0.307265
vt 0.319072 0.330215
vt 0.319031 0.321217
vt 0.640094 0.269409
vt 0.317301 0.004248
vt 0.376895 0.253610
vt 0.372605 0.263758
vt 0.337094 0.255709
vt 0.351127 0.273005
vt 0.348634 0.283699
vt 0.363677 0.286343
vt 0.373617 0.275360
vt 0.378295 0.288705
vt 0.693302 0.856158
vt 0.693326 0.866339
vt 0.685426 0.860765
vt 0.116666 0.725836
vt 0.120689 0.724413
vt 0.128815 0.730726
vt 0.766858 0.212938
vt 0.117155 0.081009
vt 0.606409 0.296846
vt 0.313325 0.287140
vt 0.305018 0.261887
vt 0.320165 0.280598
vt 0.305696 0.309365
vt 0.301806 0.327124
vt 0.298823 0.327300
vt 0.393007 0.767484
vt 0.390260 0.776738
vt 0.385202 0.764086
vt 0.134116 0.231086
vt 0.161160 0.229358
vt 0.244865 0.286158
vt 0.218863 0.291381
vt 0.231519 0.275344
vt 0.309242 0.834179
vt 0.337029 0.831890
vt 0.246787 0.316575
vt 0.444057 0.300640
vt 0.447889 0.326094
vt 0.434674 0.298185
vt 0.222240 0.389791
vt 0.488222 0.238615
vt 0.482979 0.231202
vt 0.073699 0.513859
vt 0.356937 0.704525
vt 0.557765 0.131557
vt 0.567557 0.121755
vt 0.197016 0.210770
vt 0.191357 0.197203
vt 0.681193 0.164297
vt 0.657923 0.167952
vt 0.677822 0.141960
vt 0.102013 0.738969
vt 0.338837 0.269093
vt 0.334181 0.296011
vt 0.332952 0.312181
vt 0.324630 0.303832
vt 0.325385 0.776625
vt 0.332765 0.777764
vt 0.325981 0.789919
vt 0.758638 0.191425
vt 0.753257 0.197619
vt 0.610112 0.215558
vt 0.441855 0.375294
vt 0.599305 0.215149
vt 0.332708 0.288081
vt 0.336083 0.357606
vt 0.323700 0.349987
vt 0.306383 0.318026
vt 0.309286 0.309844
vt 0.852214 0.720212
vt 0.308068 0.387967
vt 0.875992 0.544804
vt 0.464042 0.848930
vt 0.060590 0.728754
vt 0.318893 0.365120
vt 0.328424 0.394064
vt 0.093182 0.788526
vt 0.504664 0.715026
vt 0.669500 0.624364
vt 0.246062 0.260153
vt 0.259357 0.268453
vt 0.892970 0.369178
vt 0.819264 0.310930
vt 0.241646 0.232879
vt 0.248411 0.223644
vt 0.789367 0.685540
vt 0.604503 0.820590
vt 0.599660 0.828730
vt 0.557646 0.776217
vt 0.564565 0.795146
vt 0.549610 0.780352
vt 0.577707 0.802033
vt 0.606403 0.810649
vt 0.352204 0.308767
vt 0.362296 0.337308
vt 0.241029 0.224458
vt 0.512853 0.807059
vt 0.509117 0.787753
vt 0.539895 0.797266
vt 0.340752 0.761225
vt 0.325232 0.762103
vt 0.657005 0.121671
vt 0.640088 0.114515
vt 0.648727 0.091477
vt 0.949836 0.586351
vt 0.957871 0.589560
vt 0.949624 0.591353
vt 0.576916 0.210924
vt 0.580763 0.188823
vt 0.589815 0.187794
vt 0.409221 0.761871
vt 0.390184 0.759111
vt 0.396825 0.750389
vt 0.403215 0.784059
vt 0.425752 0.788898
vt 0.417410 0.803517
vt 0.323722 0.337958
vt 0.949299 0.596622
vt 0.948347 0.603545
vt 0.939195 0.607767
vt 0.801255 0.660846
vt 0.743900 0.073834
vt 0.750530 0.075500
vt 0.741763 0.089582
vt 0.754374 0.139488
vt 0.749117 0.142375
vt 0.746912 0.122466
vt 0.760643 0.037967
vt 0.415586 0.509185
vt 0.354309 0.383442
vt 0.342767 0.377461
vt 0.350502 0.365646
vt 0.207517 0.012762
vt 0.900921 0.594077
vt 0.226902 0.010293
vt 0.955685 0.299823
vt 0.948435 0.301595
vt 0.944632 0.285652
vt 0.933501 0.619662
vt 0.941546 0.620761
vt 0.940664 0.623696
vt 0.809998 0.670350
vt 0.799911 0.669005
vt 0.809739 0.654461
vt 0.689102 0.115201
vt 0.697508 0.136235
vt 0.346397 0.711725
vt 0.330343 0.733034
vt 0.323250 0.718344
vt 0.381583 0.791757
vt 0.391180 0.800819
vt 0.368161 0.797634
vt 0.407156 0.522536
vt 0.926267 0.320990
vt 0.948690 0.318349
vt 0.939079 0.332273
vt 0.648981 0.053972
vt 0.639806 0.051140
vt 0.646366 0.036906
vt 0.471183 0.759095
vt 0.794409 0.596438
vt 0.799073 0.611251
vt 0.210782 0.018521
vt 0.218957 0.016341
vt 0.213392 0.024431
vt 0.657920 0.224317
vt 0.653580 0.235919
vt 0.652564 0.222764
vt 0.625214 0.857206
vt 0.493798 0.838978
vt 0.052051 0.736106
vt 0.591334 0.109188
vt 0.596817 0.107923
vt 0.607702 0.138536
vt 0.748008 0.168616
vt 0.728630 0.157568
vt 0.741060 0.147467
vt 0.737904 0.179177
vt 0.727110 0.173636
vt 0.432340 0.763329
vt 0.421641 0.774427
vt 0.393599 0.346864
vt 0.372803 0.328407
vt 0.396417 0.404455
vt 0.386255 0.397648
vt 0.398742 0.398342
vt 0.738960 0.033215
vt 0.726738 0.039463
vt 0.585690 0.143467
vt 0.591713 0.172082
vt 0.584783 0.174478
vt 0.414421 0.282766
vt 0.416696 0.298770
vt 0.399630 0.297781
vt 0.683993 0.069586
vt 0.670031 0.046643
vt 0.703107 0.051678
vt 0.861591 0.559307
vt 0.876933 0.564877
vt 0.220806 0.036623
vt 0.222777 0.028277
vt 0.231870 0.029299
vt 0.735711 0.027145
vt 0.842555 0.598334
vt 0.840072 0.612426
vt 0.831216 0.602387
vt 0.204824 0.051492
vt 0.204118 0.043295
vt 0.809543 0.607172
vt 0.820197 0.622709
vt 0.851491 0.586466
vt 0.455125 0.822724
vt 0.207939 0.032113
vt 0.203464 0.034821
vt 0.205937 0.026422
vt 0.210932 0.038122
vt 0.880144 0.558423
vt 0.891367 0.560334
vt 0.898512 0.549753
vt 0.877184 0.551077
vt 0.621285 0.011692
vt 0.677527 0.094664
vt 0.611000 0.063721
vt 0.190648 0.004868
vt 0.194282 0.022201
vt 0.588619 0.077891
vt 0.658594 0.201069
vt 0.677950 0.188815
vt 0.665142 0.203986
vt 0.867323 0.557521
vt 0.864963 0.553007
vt 0.595850 0.834212
vt 0.622527 0.150986
vt 0.630148 0.155718
vt 0.627147 0.163229
vt 0.375762 0.382472
vt 0.376646 0.362386
vt 0.405213 0.381625
vt 0.622966 0.234214
vt 0.629197 0.217155
vt 0.430864 0.405337
vt 0.636193 0.168521
vt 0.598568 0.091751
vt 0.311294 0.586760
vt 0.320554 0.599468
vt 0.408998 0.616110
vt 0.395065 0.611079
vt 0.633383 0.235283
vt 0.424824 0.411246
vt 0.641557 0.235471
vt 0.419999 0.415575
vt 0.615157 0.138415
vt 0.618163 0.160370
vt 0.181589 0.018613
vt 0.192392 0.035294
vt 0.627555 0.053801
vt 0.636333 0.041964
vt 0.194816 0.045062
vt 0.632279 0.031708
vt 0.628763 0.020753
vt 0.633021 0.016681
vt 0.655201 0.065291
vt 0.632284 0.066912
vt 0.645866 0.167829
vt 0.597439 0.140221
vt 0.601833 0.167949
vt 0.597244 0.169965
vt 0.616389 0.092568
vt 0.613964 0.075834
vt 0.625724 0.081356
vt 0.606693 0.106037
vt 0.624360 0.106535
vt 0.626764 0.140505
vt 0.594864 0.071394
vt 0.848627 0.543726
vt 0.489711 0.830749
vt 0.830750 0.622513
vt 0.828987 0.639822
vt 0.628085 0.091026
vt 0.638160 0.081282
vt 0.605227 0.082190
vt 0.858850 0.615924
vt 0.867355 0.599042
vt 0.880774 0.623270
vt 0.572057 0.083321
vt 0.891765 0.604578
vt 0.685127 0.767874
vt 0.674160 0.729575
vt 0.147337 0.439840
vt 0.558383 0.094376
vt 0.060290 0.905076
vt 0.038799 0.697537
vt 0.092809 0.896842
vt 0.800847 0.685456
vt 0.864372 0.643546
vt 0.878112 0.636974
vt 0.876624 0.650689
vt 0.846609 0.623859
vt 0.892312 0.577602
vt 0.814786 0.638817
vt 0.818611 0.655429
vt 0.854600 0.634484
vt 0.807921 0.686023
vt 0.843740 0.642096
vt 0.816367 0.671189
vt 0.828931 0.673878
vt 0.806991 0.638800
vt 0.223879 0.252287
vt 0.811848 0.678183
vt 0.812164 0.695308
vt 0.479830 0.775967
vt 0.482726 0.805957
vt 0.808766 0.587049
vt 0.829952 0.689942
vt 0.829393 0.698529
vt 0.822515 0.696873
vt 0.291469 0.780659
vt 0.291824 0.768125
vt 0.304071 0.778652
vt 0.201380 0.273430
vt 0.949609 0.643590
vt 0.945291 0.653501
vt 0.939318 0.639556
vt 0.804714 0.694244
vt 0.541201 0.819952
vt 0.485951 0.820877
vt 0.272836 0.261330
vt 0.800500 0.702017
vt 0.222107 0.228840
vt 0.233247 0.222261
vt 0.468442 0.327833
vt 0.458924 0.323124
vt 0.451582 0.780019
vt 0.409926 0.835397
vt 0.276910 0.265302
vt 0.269336 0.274677
vt 0.244579 0.300848
vt 0.344768 0.344472
vt 0.211574 0.235133
vt 0.222420 0.469059
vt 0.226341 0.488684
vt 0.201101 0.240275
vt 0.203522 0.289311
vt 0.230154 0.305822
vt 0.261711 0.248454
vt 0.250497 0.250117
vt 0.202353 0.224329
vt 0.207602 0.211805
vt 0.224957 0.217910
vt 0.217138 0.210938
vt 0.991958 0.659974
vt 0.232487 0.213941
vt 0.218205 0.178319
vt 0.919726 0.612911
vt 0.924778 0.636366
vt 0.262247 0.227788
vt 0.605911 0.165988
vt 0.969639 0.600749
vt 0.943201 0.626428
vt 0.938363 0.629541
vt 0.947248 0.626893
vt 0.944676 0.623135
vt 0.953864 0.624362
vt 0.956910 0.594673
vt 0.955082 0.600997
vt 0.805490 0.653671
vt 0.946024 0.615648
vt 0.941022 0.617117
vt 0.944672 0.611839
vt 0.958035 0.613627
vt 0.935072 0.593810
vt 0.951339 0.608611
vt 0.946113 0.638322
vt 0.948283 0.632284
vt 0.956092 0.639112
vt 0.732490 0.184284
vt 0.732349 0.189416
vt 0.722532 0.182678
vt 0.822562 0.577308
vt 0.454754 0.791193
vt 0.801296 0.652929
vt 0.476176 0.766438
vt 0.492457 0.762195
vt 0.709361 0.143370
vt 0.691313 0.150787
vt 0.149767 0.067750
vt 0.129681 0.062146
vt 0.832454 0.566333
vt 0.453215 0.808061
vt 0.978047 0.653475
vt 0.822330 0.680308
vt 0.290680 0.819892
vt 0.288109 0.806112
vt 0.301495 0.807543
vt 0.836262 0.584113
vt 0.896784 0.599026
vt 0.881006 0.584710
vt 0.853072 0.602639
vt 0.440230 0.803914
vt 0.459678 0.281781
vt 0.471909 0.263012
vt 0.439869 0.264107
vt 0.452825 0.256488
vt 0.449832 0.273491
vt 0.621228 0.065701
vt 0.863095 0.659346
vt 0.594575 0.076846
vt 0.582660 0.064540
vt 0.636063 0.097138
vt 0.640105 0.142643
vt 0.646426 0.221251
vt 0.603448 0.185039
vt 0.612524 0.199600
vt 0.657144 0.189753
vt 0.668027 0.179570
vt 0.417029 0.252303
vt 0.407620 0.254981
vt 0.596617 0.062584
vt 0.459969 0.845286
vt 0.041027 0.826761
vt 0.064372 0.842755
vt 0.025997 0.877142
vt 0.847389 0.548982
vt 0.083897 0.772110
vt 0.897125 0.544839
vt 0.624990 0.007215
vt 0.714116 0.043065
vt 0.875426 0.263042
vt 0.836750 0.265885
vt 0.769204 0.427865
vt 0.617698 0.015617
vt 0.696545 0.169932
vt 0.700409 0.181619
vt 0.630812 0.056486
vt 0.372930 0.479718
vt 0.351273 0.489043
vt 0.754944 0.058188
vt 0.720377 0.112696
vt 0.714415 0.128216
vt 0.706177 0.106922
vt 0.332955 0.472480
vt 0.307401 0.458426
vt 0.801357 0.270038
vt 0.912804 0.036979
vt 0.947634 0.039370
vt 0.732849 0.080745
vt 0.747987 0.429320
vt 0.401100 0.514723
vt 0.745927 0.101001
vt 0.752070 0.100960
vt 0.541489 0.708530
vt 0.208073 0.103875
vt 0.123577 0.068905
vt 0.110805 0.065296
vt 0.107131 0.048064
vt 0.764657 0.080650
vt 0.348859 0.501992
vt 0.363603 0.496354
vt 0.759098 0.136691
vt 0.938043 0.466663
vt 0.946860 0.450907
vt 0.093479 0.824434
vt 0.942091 0.429728
vt 0.923141 0.478276
vt 0.756706 0.119172
vt 0.969686 0.615759
vt 0.904594 0.440480
vt 0.919368 0.428120
vt 0.887637 0.480023
vt 0.896934 0.498298
vt 0.467787 0.338104
vt 0.441140 0.346496
vt 0.898377 0.417908
vt 0.898441 0.405274
vt 0.888847 0.430238
vt 0.909927 0.078856
vt 0.893689 0.423853
vt 0.395427 0.477268
vt 0.905954 0.484742
vt 0.884213 0.468381
vt 0.892161 0.467803
vt 0.038552 0.383092
vt 0.037620 0.374052
vt 0.910866 0.277038
vt 0.901095 0.289071
vt 0.185999 0.177221
vt 0.195750 0.186740
vt 0.170736 0.396711
vt 0.779555 0.170634
vt 0.151425 0.653401
vt 0.912355 0.402099
vt 0.420702 0.748707
vt 0.760887 0.157450
vt 0.901422 0.075230
vt 0.913451 0.070654
vt 0.902920 0.054939
vt 0.909473 0.059364
vt 0.898440 0.062742
vt 0.545055 0.954490
vt 0.547820 0.925127
vt 0.275669 0.017396
vt 0.901336 0.044191
vt 0.820899 0.191634
vt 0.905099 0.425992
vt 0.893989 0.438325
vt 0.903550 0.412891
vt 0.884661 0.456450
vt 0.882851 0.436554
vt 0.359123 0.580747
vt 0.912506 0.053181
vt 0.724952 0.134167
vt 0.716569 0.164666
vt 0.880541 0.449631
vt 0.695035 0.086448
vt 0.411515 0.348035
vt 0.387131 0.333284
vt 0.396395 0.318128
vt 0.716035 0.870580
vt 0.160672 0.676172
vt 0.121126 0.030174
vt 0.805316 0.221488
vt 0.368432 0.192193
vt 0.633186 0.408258
vt 0.818436 0.202995
vt 0.794455 0.190021
vt 0.443387 0.766075
vt 0.301987 0.462135
vt 0.710938 0.091665
vt 0.196686 0.866238
vt 0.222635 0.876610
vt 0.485292 0.723608
vt 0.736425 0.103879
vt 0.425843 0.296860
vt 0.426167 0.325277
vt 0.388625 0.256585
vt 0.191809 0.994696
vt 0.391859 0.702802
vt 0.644670 0.207413
vt 0.771066 0.197034
vt 0.774029 0.209948
vt 0.744517 0.189462
vt 0.913410 0.354503
vt 0.210130 0.603907
vt 0.295220 0.402109
vt 0.177376 0.170935
vt 0.173726 0.181898
vt 0.340787 0.790010
vt 0.353957 0.812761
vt 0.712617 0.184304
vt 0.658891 0.722428
vt 0.659756 0.736271
vt 0.713001 0.189775
vt 0.683586 0.194223
vt 0.690908 0.187534
vt 0.694079 0.192823
vt 0.993285 0.626106
vt 0.977044 0.632888
vt 0.364909 0.387331
vt 0.375383 0.392019
vt 0.365216 0.394380
vt 0.148988 0.604055
vt 0.145859 0.636863
vt 0.119021 0.646735
vt 0.636489 0.154972
vt 0.939599 0.539458
vt 0.907015 0.523962
vt 0.933095 0.512477
vt 0.906927 0.262246
vt 0.921154 0.261028
vt 0.920258 0.267815
vt 0.460273 0.242282
vt 0.465324 0.252393
vt 0.074963 0.417566
vt 0.853123 0.668649
vt 0.843443 0.659703
vt 0.862960 0.667564
vt 0.846170 0.685308
vt 0.837615 0.683775
vt 0.845418 0.677140
vt 0.853972 0.677371
vt 0.837942 0.691759
vt 0.185650 0.255149
vt 0.257498 0.293907
vt 0.289407 0.753902
vt 0.301571 0.748179
vt 0.241958 0.365181
vt 0.378830 0.828419
vt 0.282131 0.810665
vt 0.314328 0.745548
vt 0.329642 0.820339
vt 0.317139 0.821362
vt 0.282446 0.798382
vt 0.290066 0.793187
vt 0.550912 0.103169
vt 0.492785 0.247766
vt 0.242849 0.383054
vt 0.410586 0.772298
vt 0.376265 0.755630
vt 0.178201 0.345543
vt 0.504669 0.234841
vt 0.450853 0.289618
vt 0.421999 0.278879
vt 0.431554 0.255834
vt 0.020881 0.573187
vt 0.008959 0.550931
vt 0.010907 0.525466
vt 0.597200 0.186644
vt 0.438852 0.398023
vt 0.431848 0.380299
vt 0.619841 0.215794
vt 0.402675 0.770024
vt 0.574881 0.177556
vt 0.391297 0.722246
vt 0.359768 0.735737
vt 0.379615 0.726118
vt 0.375020 0.741842
vt 0.366570 0.743166
vt 0.379288 0.750134
vt 0.350182 0.727408
vt 0.359747 0.719642
vt 0.315049 0.791763
vt 0.302228 0.731533
vt 0.453599 0.303616
vt 0.351764 0.828553
vt 0.391573 0.787499
vt 0.397477 0.775959
vt 0.326111 0.805994
vt 0.336741 0.803685
vt 0.245977 0.218145
vt 0.433088 0.776010
vt 0.364832 0.750416
vt 0.351264 0.742336
vt 0.384377 0.739654
vt 0.621282 0.197239
vt 0.942852 0.339309
vt 0.950902 0.335397
vt 0.066890 0.909846
vt 0.086347 0.915027
vt 0.699671 0.861419
vt 0.698305 0.866195
vt 0.670340 0.854292
vt 0.680623 0.850438
vt 0.315038 0.762255
vt 0.363519 0.757301
vt 0.460820 0.314505
vt 0.929683 0.344669
vt 0.288657 0.737009
vt 0.555412 0.116976
vt 0.382391 0.710217
vt 0.570240 0.153375
vt 0.295506 0.604334
vt 0.001527 0.634209
vt 0.663140 0.225826
vt 0.955784 0.337981
vt 0.398827 0.421083
vt 0.330958 0.707721
vt 0.348122 0.841342
vt 0.331915 0.846563
vt 0.534579 0.101423
vt 0.284118 0.763064
vt 0.875169 0.665302
vt 0.282170 0.748761
vt 0.650592 0.198515
vt 0.651120 0.753911
vt 0.598009 0.275101
vt 0.890136 0.657419
vt 0.816118 0.705993
vt 0.285016 0.775153
vt 0.821511 0.706519
vt 0.283974 0.786551
vt 0.373258 0.178317
vt 0.350161 0.170053
vt 0.304750 0.116003
vt 0.183590 0.039639
vt 0.416963 0.368631
vt 0.936096 0.273051
vt 0.940437 0.269217
vt 0.345347 0.389805
vt 0.818692 0.573172
vt 0.681842 0.039349
vt 0.699106 0.042687
vt 0.377645 0.262199
vt 0.433134 0.851576
vt 0.257818 0.703432
vt 0.445519 0.863911
vt 0.938082 0.206194
vt 0.953517 0.209752
vt 0.182402 0.363604
vt 0.583275 0.892495
vt 0.377704 0.056536
vt 0.345225 0.060203
vt 0.392134 0.240188
vt 0.925371 0.213801
vt 0.931562 0.206263
vt 0.130708 0.590856
vt 0.234929 0.366653
vt 0.229976 0.375804
vt 0.227076 0.359288
vt 0.383537 0.244312
vt 0.412168 0.242299
vt 0.361029 0.218354
vt 0.613435 0.304330
vt 0.620400 0.288138
vt 0.371930 0.302210
vt 0.173073 0.007536
vt 0.401671 0.208367
vt 0.302200 0.309887
vt 0.294729 0.311897
vt 0.299795 0.292828
vt 0.936872 0.280564
vt 0.926239 0.284743
vt 0.929083 0.271162
vt 0.381146 0.318189
vt 0.388321 0.302283
vt 0.327235 0.260879
vt 0.328125 0.275260
vt 0.729558 0.362087
vt 0.604776 0.772933
vt 0.383101 0.212838
vt 0.368513 0.265598
vt 0.157569 0.037953
vt 0.825555 0.754978
vt 0.815858 0.755634
vt 0.817168 0.737379
vt 0.670910 0.261164
vt 0.829762 0.743677
vt 0.831196 0.746112
vt 0.652605 0.730157
vt 0.911394 0.708725
vt 0.910291 0.715893
vt 0.604231 0.747977
vt 0.382395 0.222507
vt 0.773405 0.295731
vt 0.480692 0.859667
vt 0.650805 0.789136
vt 0.650844 0.781641
vt 0.666090 0.778424
vt 0.641742 0.793559
vt 0.447794 0.186097
vt 0.120815 0.714134
vt 0.148345 0.671279
vt 0.410319 0.211052
vt 0.945157 0.721247
vt 0.461313 0.193187
vt 0.178694 0.411552
vt 0.651434 0.772581
vt 0.195849 0.434704
vt 0.401728 0.216092
vt 0.453576 0.188982
vt 0.890704 0.719053
vt 0.893393 0.742700
vt 0.204775 0.415708
vt 0.202127 0.402415
vt 0.239330 0.329270
vt 0.234794 0.344735
vt 0.473776 0.196353
vt 0.399033 0.122457
vt 0.408882 0.143972
vt 0.388910 0.104990
vt 0.186361 0.403815
vt 0.226477 0.401138
vt 0.173562 0.239922
vt 0.187046 0.236411
vt 0.788516 0.714690
vt 0.769999 0.721141
vt 0.777905 0.710996
vt 0.800841 0.725433
vt 0.655253 0.277942
vt 0.211567 0.200211
vt 0.170338 0.272355
vt 0.187676 0.287440
vt 0.195108 0.225713
vt 0.156994 0.258652
vt 0.127686 0.260380
vt 0.152950 0.181344
vt 0.966662 0.636761
vt 0.964754 0.628168
vt 0.163010 0.185866
vt 0.242951 0.127623
vt 0.493949 0.745378
vt 0.106244 0.137246
vt 0.123333 0.144406
vt 0.116085 0.136541
vt 0.119212 0.183390
vt 0.160799 0.780478
vt 0.087868 0.173491
vt 0.094181 0.192675
vt 0.181413 0.162445
vt 0.943680 0.633730
vt 0.197945 0.176956
vt 0.893566 0.703421
vt 0.202884 0.198988
vt 0.089169 0.011933
vt 0.783062 0.596753
vt 0.773741 0.561820
vt 0.456794 0.773994
vt 0.931771 0.353068
vt 0.628480 0.002021
vt 0.896277 0.539324
vt 0.557430 0.802109
vt 0.541614 0.804187
vt 0.057358 0.381342
vt 0.548441 0.790405
vt 0.641626 0.932557
vt 0.458590 0.838742
vt 0.638176 0.900668
vt 0.895054 0.533454
vt 0.769678 0.050132
vt 0.910478 0.600653
vt 0.588283 0.843493
vt 0.081250 0.853781
vt 0.079828 0.821136
vt 0.637214 0.011350
vt 0.540122 0.829452
vt 0.658141 0.884647
vt 0.625746 0.459699
vt 0.661722 0.030882
vt 0.679204 0.027500
vt 0.628039 0.905620
vt 0.712188 0.905330
vt 0.650736 0.016862
vt 0.712979 0.861860
vt 0.708341 0.848914
vt 0.044181 0.437621
vt 0.059774 0.430245
vt 0.045950 0.445930
vt 0.836844 0.285541
vt 0.823349 0.288001
vt 0.288892 0.566705
vt 0.289923 0.551046
vt 0.041657 0.426538
vt 0.832293 0.280987
vt 0.251237 0.461375
vt 0.257869 0.491190
vt 0.068084 0.036153
vt 0.480206 0.486302
vt 0.501824 0.479324
vt 0.951894 0.184844
vt 0.191317 0.572097
vt 0.593459 0.653239
vt 0.577713 0.659177
vt 0.275648 0.490803
vt 0.430438 0.937698
vt 0.749651 0.365294
vt 0.740556 0.350628
vt 0.753310 0.351514
vt 0.662478 0.577001
vt 0.659495 0.569610
vt 0.691229 0.560745
vt 0.475319 0.892702
vt 0.734407 0.246933
vt 0.760692 0.656402
vt 0.770141 0.660508
vt 0.745300 0.664668
vt 0.764509 0.645469
vt 0.154932 0.802754
vt 0.089972 0.395622
vt 0.075340 0.397473
vt 0.096335 0.382523
vt 0.722563 0.636878
vt 0.738982 0.645099
vt 0.728286 0.653322
vt 0.081790 0.151882
vt 0.046111 0.119661
vt 0.744276 0.604392
vt 0.089753 0.267576
vt 0.099889 0.263332
vt 0.271638 0.449557
vt 0.277615 0.468181
vt 0.211095 0.458983
vt 0.728052 0.663429
vt 0.787225 0.333173
vt 0.023298 0.444917
vt 0.110527 0.204108
vt 0.105468 0.204758
vt 0.294922 0.466255
vt 0.726338 0.613048
vt 0.258490 0.441314
vt 0.260868 0.447892
vt 0.760809 0.636677
vt 0.248810 0.450186
vt 0.232756 0.440756
vt 0.259836 0.897862
vt 0.207840 0.489278
vt 0.251945 0.877183
vt 0.844336 0.908397
vt 0.588220 0.343120
vt 0.595362 0.356334
vt 0.850437 0.910913
vt 0.723954 0.646459
vt 0.838070 0.922555
vt 0.822821 0.931258
vt 0.205646 0.639560
vt 0.211468 0.633599
vt 0.252751 0.655848
vt 0.106038 0.673667
vt 0.091494 0.645235
vt 0.821795 0.936944
vt 0.579632 0.459974
vt 0.560706 0.484894
vt 0.830306 0.937780
vt 0.847959 0.924584
vt 0.697418 0.615082
vt 0.937210 0.927737
vt 0.715898 0.591594
vt 0.788319 0.631749
vt 0.848405 0.886857
vt 0.555581 0.517834
vt 0.546068 0.506676
vt 0.904399 0.887170
vt 0.900513 0.901217
vt 0.534587 0.252332
vt 0.523250 0.254620
vt 0.524174 0.248097
vt 0.924980 0.863117
vt 0.615148 0.483969
vt 0.643218 0.413385
vt 0.341361 0.886112
vt 0.626400 0.435989
vt 0.319064 0.844344
vt 0.622389 0.482357
vt 0.627030 0.419855
vt 0.204197 0.462281
vt 0.495044 0.456245
vt 0.478721 0.469945
vt 0.581354 0.432911
vt 0.585751 0.851192
vt 0.565100 0.854237
vt 0.565822 0.842653
vt 0.038196 0.689966
vt 0.326380 0.591716
vt 0.543082 0.418498
vt 0.965259 0.947084
vt 0.971498 0.938715
vt 0.972172 0.951301
vt 0.933845 0.867740
vt 0.939963 0.855605
vt 0.442707 0.895978
vt 0.064454 0.645540
vt 0.072949 0.649773
vt 0.887220 0.116403
vt 0.504783 0.656587
vt 0.876623 0.163952
vt 0.068965 0.683607
vt 0.054332 0.900036
vt 0.054200 0.680030
vt 0.432514 0.151627
vt 0.447266 0.149287
vt 0.062441 0.695625
vt 0.095260 0.889433
vt 0.392051 0.604320
vt 0.406996 0.601078
vt 0.315211 0.582609
vt 0.051295 0.920900
vt 0.453773 0.685804
vt 0.431921 0.685663
vt 0.432722 0.671128
vt 0.060456 0.637914
vt 0.358910 0.654456
vt 0.371702 0.080346
vt 0.384424 0.080547
vt 0.379998 0.089295
vt 0.284876 0.066247
vt 0.258908 0.064610
vt 0.318755 0.669482
vt 0.176606 0.989678
vt 0.259051 0.068080
vt 0.148297 0.907761
vt 0.213382 0.834048
vt 0.216677 0.819274
vt 0.233166 0.836254
vt 0.255247 0.029396
vt 0.258014 0.054892
vt 0.211691 0.077640
vt 0.158239 0.913468
vt 0.023940 0.258197
vt 0.378859 0.074110
vt 0.419800 0.155618
vt 0.397747 0.166605
vt 0.177451 0.150935
vt 0.301315 0.047227
vt 0.292118 0.057432
vt 0.797948 0.589608
vt 0.098578 0.015903
vt 0.143780 0.860591
vt 0.118794 0.195657
vt 0.108887 0.190909
vt 0.098199 0.138366
vt 0.087709 0.126645
vt 0.101560 0.192272
vt 0.092199 0.212432
vt 0.096656 0.244471
vt 0.107907 0.237662
vt 0.323780 0.552961
vt 0.078659 0.248405
vt 0.209979 0.790406
vt 0.128550 0.194507
vt 0.204799 0.816950
vt 0.142229 0.786856
vt 0.167084 0.852381
vt 0.011995 0.612890
vt 0.018750 0.603096
vt 0.136885 0.889205
vt 0.786806 0.293109
vt 0.179281 0.112246
vt 0.218556 0.199835
vt 0.583084 0.281366
vt 0.207144 0.795147
vt 0.203876 0.800700
vt 0.222069 0.904348
vt 0.247809 0.011183
vt 0.565220 0.871148
vt 0.583879 0.861080
vt 0.534005 0.906108
vt 0.547959 0.889050
vt 0.070027 0.127490
vt 0.126322 0.481457
vt 0.044747 0.253232
vt 0.189764 0.841924
vt 0.440656 0.003669
vt 0.422874 0.022984
vt 0.454239 0.105147
vt 0.459882 0.122644
vt 0.440404 0.116884
vt 0.034192 0.302214
vt 0.053121 0.500943
vt 0.066590 0.480294
vt 0.299744 0.151552
vt 0.327789 0.158914
vt 0.420954 0.047255
vt 0.403386 0.067444
vt 0.413888 0.044651
vt 0.316735 0.182333
vt 0.061959 0.286192
vt 0.066299 0.272428
vt 0.415142 0.091657
vt 0.431098 0.088870
vt 0.425369 0.107255
vt 0.054313 0.250844
vt 0.049694 0.270516
vt 0.040249 0.284097
vt 0.064815 0.238614
vt 0.240474 0.836201
vt 0.057970 0.317772
vt 0.045556 0.302798
vt 0.052917 0.286281
vt 0.784502 0.303352
vt 0.058449 0.377527
vt 0.134967 0.337196
vt 0.111509 0.369376
vt 0.073618 0.260926
vt 0.228312 0.812408
vt 0.512691 0.883678
vt 0.497250 0.873616
vt 0.018164 0.293779
vt 0.532953 0.889036
vt 0.711914 0.338002
vt 0.484259 0.035837
vt 0.392128 0.045551
vt 0.395872 0.035704
vt 0.402229 0.039006
vt 0.634610 0.277180
vt 0.003692 0.278256
vt 0.397408 0.049398
vt 0.615653 0.285410
vt 0.406906 0.018734
vt 0.577282 0.842038
vt 0.638907 0.354017
vt 0.407861 0.041930
vt 0.407260 0.105228
vt 0.396363 0.088412
vt 0.649728 0.675549
vt 0.649740 0.659195
vt 0.505829 0.892871
vt 0.507296 0.908136
vt 0.555445 0.846222
vt 0.555524 0.834936
vt 0.101466 0.621198
vt 0.547263 0.869995
vt 0.531702 0.870843
vt 0.224358 0.541283
vt 0.208562 0.541501
vt 0.525588 0.881080
vt 0.448775 0.093543
vt 0.434220 0.041454
vt 0.428792 0.052142
vt 0.470337 0.880658
vt 0.520134 0.890497
vt 0.230584 0.445665
vt 0.719151 0.281447
vt 0.106136 0.406282
vt 0.109422 0.380876
vt 0.128994 0.305835
vt 0.521822 0.922655
vt 0.421420 0.121866
vt 0.988236 0.641955
vt 0.103885 0.251440
vt 0.116150 0.246985
vt 0.773221 0.603259
vt 0.112802 0.276047
vt 0.045365 0.451117
vt 0.492170 0.167886
vt 0.776527 0.546508
vt 0.128393 0.426751
vt 0.745090 0.333666
vt 0.777014 0.287633
vt 0.275422 0.889233
vt 0.273963 0.901104
vt 0.569007 0.316049
vt 0.560669 0.303280
vt 0.546276 0.851657
vt 0.430731 0.069951
vt 0.421012 0.073190
vt 0.434362 0.060122
vt 0.509343 0.090141
vt 0.503659 0.086365
vt 0.783404 0.094193
vt 0.796036 0.099370
vt 0.785512 0.144586
vt 0.013260 0.243776
vt 0.992607 0.915778
vt 0.988048 0.932059
vt 0.493208 0.093825
vt 0.496821 0.079982
vt 0.505849 0.056783
vt 0.519081 0.063695
vt 0.049890 0.460325
vt 0.730531 0.713869
vt 0.070956 0.449721
vt 0.025728 0.461955
vt 0.433740 0.157279
vt 0.470247 0.165397
vt 0.475025 0.104894
vt 0.545217 0.057291
vt 0.528866 0.069979
vt 0.540601 0.051861
vt 0.426238 0.170737
vt 0.447801 0.161996
vt 0.011231 0.480276
vt 0.707600 0.669312
vt 0.471244 0.128169
vt 0.506639 0.156188
vt 0.507646 0.149467
vt 0.519514 0.161474
vt 0.401370 0.175604
vt 0.001520 0.525780
vt 0.424999 0.166507
vt 0.054054 0.470752
vt 0.035685 0.474665
vt 0.051895 0.465115
vt 0.038625 0.479183
vt 0.027382 0.490643
vt 0.019338 0.485667
vt 0.290042 0.623686
vt 0.029334 0.466276
vt 0.062646 0.464173
vt 0.071751 0.454147
vt 0.423289 0.161970
vt 0.024822 0.597773
vt 0.072588 0.458751
vt 0.083698 0.460078
vt 0.015294 0.576796
vt 0.094563 0.452049
vt 0.095283 0.447221
vt 0.421191 0.082899
vt 0.412014 0.074460
vt 0.450300 0.132055
vt 0.434765 0.472644
vt 0.441543 0.487875
vt 0.426525 0.476623
vt 0.279192 0.852447
vt 0.271839 0.869988
vt 0.728213 0.578666
vt 0.729252 0.572248
vt 0.802828 0.052182
vt 0.388355 0.682032
vt 0.233669 0.994081
vt 0.408091 0.689604
vt 0.004240 0.552475
vt 0.160592 0.503870
vt 0.014285 0.620127
vt 0.004167 0.619267
vt 0.361593 0.186022
vt 0.375930 0.184504
vt 0.862415 0.389357
vt 0.847566 0.369657
vt 0.162562 0.579124
vt 0.166444 0.546245
vt 0.859301 0.118876
vt 0.856316 0.133838
vt 0.838961 0.121725
vt 0.044567 0.654442
vt 0.053569 0.647870
vt 0.114765 0.018600
vt 0.919688 0.762876
vt 0.246172 0.725041
vt 0.102052 0.910804
vt 0.354128 0.191688
vt 0.053248 0.105924
vt 0.016178 0.592161
vt 0.009208 0.580829
vt 0.362279 0.191648
vt 0.689237 0.313865
vt 0.280017 0.611885
vt 0.037824 0.492948
vt 0.050222 0.487443
vt 0.155447 0.608228
vt 0.009152 0.605092
vt 0.056704 0.649284
vt 0.073137 0.887711
vt 0.337748 0.581665
vt 0.627936 0.507391
vt 0.613860 0.496721
vt 0.520522 0.410496
vt 0.530237 0.413384
vt 0.105490 0.450571
vt 0.106820 0.445739
vt 0.948710 0.957308
vt 0.668809 0.404921
vt 0.240277 0.914639
vt 0.932727 0.932283
vt 0.917710 0.907611
vt 0.708947 0.588740
vt 0.935159 0.855731
vt 0.701794 0.636201
vt 0.694461 0.635378
vt 0.926405 0.879757
vt 0.942238 0.837321
vt 0.914452 0.874387
vt 0.248808 0.701888
vt 0.679855 0.601595
vt 0.252261 0.723946
vt 0.256601 0.722910
vt 0.228522 0.550687
vt 0.225202 0.558218
vt 0.212852 0.552376
vt 0.187758 0.728728
vt 0.216573 0.773253
vt 0.181149 0.761303
vt 0.219672 0.763298
vt 0.163168 0.048961
vt 0.189606 0.745024
vt 0.199855 0.748039
vt 0.189801 0.751894
vt 0.030683 0.798884
vt 0.026712 0.794408
vt 0.033673 0.789648
vt 0.172451 0.044924
vt 0.154718 0.046596
vt 0.147683 0.053546
vt 0.791134 0.227246
vt 0.788335 0.236236
vt 0.799123 0.224507
vt 0.112146 0.723764
vt 0.108068 0.732158
vt 0.778917 0.208694
vt 0.670538 0.207219
vt 0.924284 0.306390
vt 0.910012 0.308033
vt 0.678673 0.201962
vt 0.546637 0.391274
vt 0.288473 0.233264
vt 0.914183 0.258777
vt 0.905801 0.257351
vt 0.914016 0.253867
vt 0.647818 0.235721
vt 0.415514 0.419513
vt 0.937414 0.304072
vt 0.929804 0.298074
vt 0.942007 0.295130
vt 0.798832 0.794049
vt 0.789438 0.813410
vt 0.307844 0.346134
vt 0.316205 0.342149
vt 0.840856 0.714839
vt 0.835027 0.703288
vt 0.847925 0.723298
vt 0.302158 0.347634
vt 0.316219 0.252004
vt 0.284427 0.256292
vt 0.289020 0.269624
vt 0.281078 0.258642
vt 0.296993 0.372604
vt 0.928723 0.260655
vt 0.334649 0.415835
vt 0.558226 0.394942
vt 0.363252 0.272983
vt 0.308185 0.290491
vt 0.236800 0.314413
vt 0.314267 0.237482
vt 0.534119 0.326241
vt 0.537105 0.343435
vt 0.524650 0.312527
vt 0.856026 0.753516
vt 0.577063 0.267517
vt 0.313659 0.300876
vt 0.625008 0.355164
vt 0.633968 0.367731
vt 0.598885 0.336122
vt 0.628722 0.364977
vt 0.527830 0.041538
vt 0.520121 0.040034
vt 0.566088 0.261622
vt 0.562399 0.272286
vt 0.672860 0.240969
vt 0.508283 0.019542
vt 0.331218 0.011348
vt 0.495991 0.023866
vt 0.464172 0.055580
vt 0.271202 0.662548
vt 0.476902 0.020407
vt 0.470006 0.004252
vt 0.975242 0.938614
vt 0.837507 0.114437
vt 0.846372 0.112270
vt 0.010598 0.188436
vt 0.014143 0.181427
vt 0.522380 0.261576
vt 0.522607 0.273738
vt 0.015126 0.250913
vt 0.511962 0.118456
vt 0.519600 0.093438
vt 0.514385 0.092132
vt 0.524857 0.156858
vt 0.546959 0.040484
vt 0.030419 0.240630
vt 0.533113 0.073079
vt 0.525028 0.094478
vt 0.993848 0.950468
vt 0.987389 0.948852
vt 0.044646 0.227535
vt 0.569551 0.262438
vt 0.982115 0.931787
vt 0.995739 0.961229
vt 0.026920 0.234245
vt 0.988587 0.958970
vt 0.976958 0.931983
vt 0.006466 0.175251
vt 0.982486 0.956328
vt 0.981754 0.947337
vt 0.976902 0.953622
vt 0.976521 0.945723
vt 0.682746 0.686977
vt 0.701241 0.699428
vt 0.530283 0.152796
vt 0.041738 0.485899
vt 0.530607 0.084377
vt 0.519275 0.022109
vt 0.927856 0.193930
vt 0.929385 0.186864
vt 0.932210 0.195026
vt 0.605789 0.658920
vt 0.608854 0.648517
vt 0.520891 0.105507
vt 0.527016 0.105399
vt 0.018765 0.236100
vt 0.019320 0.169947
vt 0.016976 0.175307
vt 0.013138 0.165136
vt 0.580189 0.342816
vt 0.582833 0.333929
vt 0.675918 0.695486
vt 0.539841 0.145281
vt 0.585334 0.237122
vt 0.030503 0.132576
vt 0.720180 0.692047
vt 0.095930 0.442151
vt 0.423588 0.146378
vt 0.698576 0.646647
vt 0.083583 0.454869
vt 0.064329 0.470816
vt 0.047224 0.478294
vt 0.018534 0.155756
vt 0.069590 0.703668
vt 0.134517 0.473942
vt 0.707695 0.637043
vt 0.158023 0.629118
vt 0.942759 0.922574
vt 0.118257 0.445165
vt 0.704589 0.647226
vt 0.689237 0.626383
vt 0.690890 0.615894
vt 0.699609 0.601330
vt 0.670894 0.631453
vt 0.046944 0.197585
vt 0.123034 0.459746
vt 0.735301 0.357454
vt 0.326273 0.194663
vt 0.709720 0.647783
vt 0.104249 0.455380
vt 0.439732 0.504205
vt 0.451804 0.502222
vt 0.824064 0.185415
vt 0.411173 0.605303
vt 0.418747 0.595505
vt 0.639870 0.406042
vt 0.929402 0.945897
vt 0.623756 0.643191
vt 0.622087 0.657603
vt 0.712715 0.668671
vt 0.923747 0.964329
vt 0.922011 0.982335
vt 0.967742 0.965605
vt 0.534637 0.259278
vt 0.899740 0.928054
vt 0.283304 0.367842
vt 0.290482 0.347408
vt 0.829729 0.712439
vt 0.022819 0.181554
vt 0.985717 0.916913
vt 0.011034 0.237132
vt 0.934817 0.934457
vt 0.053941 0.221268
vt 0.594967 0.670383
vt 0.743103 0.850868
vt 0.539351 0.675928
vt 0.728962 0.845381
vt 0.710170 0.725457
vt 0.371074 0.908230
vt 0.691456 0.727203
vt 0.703481 0.726073
vt 0.775153 0.769042
vt 0.785366 0.780824
vt 0.768314 0.777422
vt 0.063485 0.200927
vt 0.057849 0.157958
vt 0.408674 0.909330
vt 0.294258 0.865746
vt 0.564538 0.367283
vt 0.570355 0.371434
vt 0.384236 0.906013
vt 0.735777 0.776684
vt 0.554152 0.612035
vt 0.553434 0.641206
vt 0.532297 0.345399
vt 0.544120 0.641222
vt 0.245062 0.799528
vt 0.544627 0.664543
vt 0.937493 0.193812
vt 0.938301 0.199514
vt 0.918154 0.752057
vt 0.921508 0.739557
vt 0.412433 0.871427
vt 0.430020 0.872750
vt 0.680035 0.623021
vt 0.260233 0.721946
vt 0.275336 0.665862
vt 0.423207 0.846727
vt 0.276893 0.750532
vt 0.399393 0.903608
vt 0.406691 0.895196
vt 0.422359 0.850963
vt 0.175888 0.729285
vt 0.801137 0.212226
vt 0.164841 0.768289
vt 0.199950 0.754731
vt 0.849880 0.943599
vt 0.383252 0.891425
vt 0.397864 0.889529
vt 0.389843 0.884218
vt 0.405244 0.880841
vt 0.422488 0.879206
vt 0.124882 0.011129
vt 0.845474 0.824704
vt 0.296314 0.266082
vt 0.542057 0.391108
vt 0.284113 0.236604
vt 0.210975 0.743138
vt 0.122388 0.704091
vt 0.170495 0.717372
vt 0.152337 0.734217
vt 0.156132 0.024860
vt 0.155715 0.053069
vt 0.165587 0.053521
vt 0.125875 0.749344
vt 0.136119 0.749317
vt 0.871523 0.721947
vt 0.901846 0.702667
vt 0.158418 0.724687
vt 0.171866 0.753262
vt 0.180801 0.755483
vt 0.172443 0.759220
vt 0.110237 0.703557
vt 0.133587 0.761656
vt 0.155138 0.761600
vt 0.164531 0.763170
vt 0.165060 0.772373
vt 0.121951 0.758950
vt 0.155681 0.767334
vt 0.156260 0.771830
vt 0.135101 0.770546
vt 0.146910 0.775783
vt 0.860037 0.753156
vt 0.303731 0.374287
vt 0.305139 0.326984
vt 0.297891 0.347996
vt 0.291801 0.370697
vt 0.726694 0.737834
vt 0.740080 0.714821
vt 0.761983 0.706907
vt 0.556996 0.797901
vt 0.137541 0.780585
vt 0.854060 0.732272
vt 0.534986 0.376307
vt 0.717980 0.733618
vt 0.827213 0.716210
vt 0.278988 0.366915
vt 0.123465 0.767574
vt 0.841088 0.754785
vt 0.848069 0.789453
vt 0.838936 0.788233
vt 0.850414 0.734150
vt 0.785619 0.765628
vt 0.799791 0.780940
vt 0.815111 0.813793
vt 0.817430 0.806417
vt 0.821160 0.815609
vt 0.837712 0.696630
vt 0.550884 0.355840
vt 0.557771 0.371427
vt 0.552155 0.391973
vt 0.292530 0.267806
vt 0.942562 0.629776
vt 0.294820 0.231214
vt 0.734191 0.839918
vt 0.738109 0.744604
vt 0.310532 0.301560
vt 0.565786 0.397885
vt 0.605826 0.318872
vt 0.532013 0.308818
vt 0.577719 0.323058
vt 0.591551 0.319131
vt 0.402517 0.865476
vt 0.540104 0.288527
vt 0.819886 0.097779
vt 0.815687 0.094137
vt 0.826840 0.087098
vt 0.049248 0.086374
vt 0.823777 0.101280
vt 0.799471 0.821751
vt 0.812770 0.829091
vt 0.779574 0.834135
vt 0.770272 0.857497
vt 0.772527 0.851181
vt 0.539683 0.306599
vt 0.545180 0.357999
vt 0.751621 0.762580
vt 0.761648 0.767337
vt 0.125352 0.421901
vt 0.846804 0.735968
vt 0.848812 0.754006
vt 0.752066 0.837320
vt 0.838272 0.771181
vt 0.837244 0.718908
vt 0.834311 0.722733
vt 0.747115 0.844584
vt 0.835862 0.742504
vt 0.839558 0.740108
vt 0.767482 0.698639
vt 0.784969 0.701979
vt 0.832208 0.708281
vt 0.287425 0.369152
vt 0.759283 0.702533
vt 0.769428 0.703143
vt 0.291973 0.282682
vt 0.295638 0.293747
vt 0.748152 0.705121
vt 0.292936 0.327859
vt 0.722542 0.764271
vt 0.721131 0.788396
vt 0.277632 0.242780
vt 0.302183 0.228105
vt 0.537590 0.391083
vt 0.280808 0.239699
vt 0.830131 0.832107
vt 0.214216 0.673232
vt 0.835318 0.817875
vt 0.722424 0.814018
vt 0.755171 0.859379
vt 0.824646 0.824415
vt 0.742333 0.814774
vt 0.275050 0.365839
vt 0.284137 0.345764
vt 0.539593 0.375088
vt 0.834422 0.786488
vt 0.749502 0.752008
vt 0.724793 0.776590
vt 0.729785 0.765661
vt 0.539608 0.359744
vt 0.727419 0.827217
vt 0.809009 0.819266
vt 0.733603 0.821931
vt 0.814052 0.728186
vt 0.798736 0.714161
vt 0.825350 0.806179
vt 0.821387 0.723083
vt 0.804656 0.802392
vt 0.816106 0.796905
vt 0.729194 0.797507
vt 0.720185 0.800953
vt 0.816393 0.820515
vt 0.826893 0.744753
vt 0.736725 0.711751
vt 0.821645 0.770960
vt 0.825064 0.784449
vt 0.809532 0.730818
vt 0.796086 0.717183
vt 0.292114 0.580997
vt 0.784515 0.705890
vt 0.812078 0.739178
vt 0.808531 0.756782
vt 0.806270 0.773295
vt 0.811432 0.779623
vt 0.814476 0.785778
vt 0.820137 0.796731
vt 0.823442 0.797105
vt 0.285259 0.435163
vt 0.815268 0.771899
vt 0.783728 0.709867
vt 0.777727 0.705984
vt 0.086368 0.757434
vt 0.099962 0.747047
vt 0.105193 0.751770
vt 0.783617 0.751606
vt 0.769023 0.758217
vt 0.384282 0.407845
vt 0.955492 0.280531
vt 0.794249 0.757283
vt 0.820197 0.784527
vt 0.738471 0.757064
vt 0.011460 0.794156
vt 0.010782 0.804736
vt 0.311979 0.407228
vt 0.801021 0.765127
vt 0.645056 0.732139
vt 0.657006 0.557795
vt 0.787375 0.504697
vt 0.913652 0.287657
vt 0.215282 0.113428
vt 0.206200 0.117394
vt 0.366017 0.409966
vt 0.908296 0.294632
vt 0.385284 0.403141
vt 0.675834 0.210750
vt 0.941717 0.352813
vt 0.947632 0.344407
vt 0.667946 0.227220
vt 0.961664 0.318089
vt 0.404885 0.412947
vt 0.930756 0.256106
vt 0.095237 0.743612
vt 0.318523 0.419436
vt 0.916122 0.300527
vt 0.083936 0.753037
vt 0.925712 0.265691
vt 0.896883 0.256112
vt 0.321731 0.423560
vt 0.424511 0.894008
vt 0.266472 0.730716
vt 0.385805 0.865411
vt 0.401351 0.857392
vt 0.414484 0.886914
vt 0.949560 0.822816
vt 0.415439 0.709432
vt 0.420667 0.682916
vt 0.422827 0.608255
vt 0.643790 0.725183
vt 0.145421 0.319412
vt 0.161861 0.330432
vt 0.167178 0.403460
vt 0.719966 0.561932
vt 0.158635 0.354222
vt 0.170964 0.287476
vt 0.159419 0.365901
vt 0.193602 0.415365
vt 0.671897 0.760847
vt 0.111372 0.418361
vt 0.961490 0.533348
vt 0.952433 0.532878
vt 0.963811 0.525190
vt 0.744664 0.368066
vt 0.646260 0.765521
vt 0.984720 0.542550
vt 0.979497 0.542400
vt 0.974913 0.518327
vt 0.168740 0.358423
vt 0.957731 0.510501
vt 0.943965 0.521884
vt 0.156355 0.377861
vt 0.538978 0.575004
vt 0.540095 0.553384
vt 0.010794 0.086135
vt 0.012019 0.596950
vt 0.435781 0.463367
vt 0.530651 0.533631
vt 0.757842 0.277577
vt 0.503620 0.016544
vt 0.677313 0.235620
vt 0.686509 0.235892
vt 0.238338 0.557265
vt 0.091590 0.047596
vt 0.077325 0.041027
vt 0.507984 0.744819
vt 0.214339 0.127846
vt 0.100794 0.033590
vt 0.978569 0.643347
vt 0.966945 0.647525
vt 0.755943 0.931264
vt 0.392742 0.577629
vt 0.224380 0.116392
vt 0.961179 0.643296
vt 0.768325 0.434845
vt 0.834184 0.275138
vt 0.804708 0.264649
vt 0.168835 0.082689
vt 0.515470 0.725269
vt 0.178810 0.097410
vt 0.106981 0.017882
vt 0.806915 0.584599
vt 0.555754 0.754339
vt 0.512162 0.709529
vt 0.523751 0.709560
vt 0.901155 0.709661
vt 0.558450 0.714301
vt 0.191694 0.081525
vt 0.914852 0.721674
vt 0.912447 0.702588
vt 0.907403 0.698728
vt 0.935100 0.730042
vt 0.550442 0.711151
vt 0.178574 0.539843
vt 0.180959 0.088177
vt 0.182375 0.093385
vt 0.654025 0.850931
vt 0.036891 0.752058
vt 0.687164 0.840120
vt 0.009998 0.758685
vt 0.622598 0.879651
vt 0.225977 0.041958
vt 0.751803 0.025943
vt 0.055726 0.780963
vt 0.491647 0.445181
vt 0.131067 0.934001
vt 0.509327 0.442834
vt 0.810627 0.089735
vt 0.808253 0.104286
vt 0.732896 0.411640
vt 0.212160 0.561725
vt 0.504364 0.531373
vt 0.585319 0.507451
vt 0.870405 0.080906
vt 0.769253 0.341916
vt 0.946562 0.198237
vt 0.613133 0.523210
vt 0.515222 0.454686
vt 0.622995 0.512505
vt 0.668829 0.409368
vt 0.516244 0.555126
vt 0.824126 0.425181
vt 0.553539 0.468489
vt 0.284416 0.862406
vt 0.121737 0.964076
vt 0.530439 0.485137
vt 0.477507 0.460309
vt 0.115193 0.942073
vt 0.115209 0.929992
vt 0.407772 0.588412
vt 0.074951 0.711558
vt 0.059784 0.701799
vt 0.110996 0.899455
vt 0.061500 0.976667
vt 0.437627 0.430273
vt 0.412839 0.591894
vt 0.510631 0.690131
vt 0.656220 0.539816
vt 0.886669 0.060930
vt 0.092865 0.120727
vt 0.096623 0.107217
vt 0.090134 0.090634
vt 0.408014 0.719773
vt 0.402711 0.708011
vt 0.202827 0.089071
vt 0.395996 0.702904
vt 0.207591 0.098879
vt 0.211085 0.100710
vt 0.233354 0.966827
vt 0.418671 0.481532
vt 0.405238 0.713055
vt 0.293883 0.585250
vt 0.681953 0.869583
vt 0.718651 0.553290
vt 0.719749 0.568305
vt 0.495110 0.575431
vt 0.200187 0.081994
vt 0.204889 0.094552
vt 0.183575 0.912952
vt 0.185467 0.449199
vt 0.813531 0.579033
vt 0.817443 0.276444
vt 0.902593 0.694311
vt 0.897068 0.689128
vt 0.908820 0.689632
vt 0.585390 0.791327
vt 0.582071 0.796757
vt 0.577436 0.784224
vt 0.571993 0.789492
vt 0.606864 0.803937
vt 0.894801 0.678416
vt 0.619958 0.815616
vt 0.058961 0.815520
vt 0.025955 0.819110
vt 0.021960 0.807761
vt 0.674065 0.838478
vt 0.022966 0.797489
vt 0.037593 0.810811
vt 0.789147 0.451018
vt 0.738600 0.435690
vt 0.705617 0.861612
vt 0.700357 0.855577
vt 0.704331 0.840969
vt 0.004999 0.782282
vt 0.706885 0.855915
vt 0.004635 0.790367
vt 0.728181 0.451582
vt 0.005634 0.771965
vt 0.004306 0.811288
vt 0.426889 0.507232
vt 0.658473 0.596631
vt 0.726190 0.435649
vt 0.725305 0.426821
vt 0.866005 0.146395
vt 0.830491 0.166684
vt 0.375594 0.244616
vt 0.971977 0.566654
vt 0.615873 0.832074
vt 0.732191 0.435638
vt 0.974001 0.553408
vt 0.967377 0.549881
vt 0.968939 0.532338
vt 0.972452 0.541747
vt 0.764444 0.392904
vt 0.969316 0.521917
vt 0.919532 0.553597
vt 0.811731 0.387191
vt 0.823825 0.410226
vt 0.522445 0.573966
vt 0.789209 0.358465
vt 0.918469 0.211959
vt 0.256737 0.592062
vt 0.638485 0.499318
vt 0.665424 0.582144
vt 0.654644 0.592624
vt 0.119383 0.935438
vt 0.117263 0.923037
vt 0.122941 0.920740
vt 0.837971 0.146033
vt 0.114906 0.907532
vt 0.468228 0.450684
vt 0.451225 0.445468
vt 0.468610 0.445067
vt 0.519342 0.402201
vt 0.106710 0.904673
vt 0.429688 0.574845
vt 0.081409 0.980951
vt 0.475988 0.448365
vt 0.118024 0.971379
vt 0.476606 0.453921
vt 0.867519 0.686497
vt 0.694267 0.571915
vt 0.622101 0.824211
vt 0.881921 0.670700
vt 0.719457 0.427483
vt 0.776808 0.149410
vt 0.903471 0.177973
vt 0.808169 0.398719
vt 0.620279 0.554988
vt 0.914634 0.207114
vt 0.918616 0.203905
vt 0.905278 0.195662
vt 0.932320 0.169010
vt 0.471258 0.499075
vt 0.111261 0.919286
vt 0.117017 0.915540
vt 0.807111 0.134780
vt 0.416765 0.462194
vt 0.869670 0.117795
vt 0.882619 0.176588
vt 0.793257 0.076371
vt 0.788218 0.072745
vt 0.708161 0.577262
vt 0.680773 0.578530
vt 0.695314 0.576647
vt 0.682617 0.582601
vt 0.876665 0.421141
vt 0.686388 0.517939
vt 0.481711 0.577501
vt 0.866030 0.436485
vt 0.775556 0.638137
vt 0.471724 0.570690
vt 0.474915 0.603302
vt 0.774875 0.118777
vt 0.833969 0.048934
vt 0.770027 0.119204
vt 0.048828 0.024699
vt 0.719062 0.574353
vt 0.783219 0.069228
vt 0.818378 0.108450
vt 0.829804 0.125420
vt 0.798793 0.080462
vt 0.857729 0.063933
vt 0.836148 0.060843
vt 0.859335 0.057130
vt 0.859506 0.098443
vt 0.864013 0.091138
vt 0.810359 0.061671
vt 0.749101 0.587269
vt 0.772833 0.089813
vt 0.855745 0.072830
vt 0.839206 0.077567
vt 0.804629 0.084930
vt 0.854306 0.079929
vt 0.818693 0.074505
vt 0.853181 0.085413
vt 0.852339 0.090143
vt 0.840978 0.089133
vt 0.851639 0.094492
vt 0.182294 0.552546
vt 0.851675 0.104436
vt 0.926179 0.199192
vt 0.915044 0.198905
vt 0.260825 0.658782
vt 0.100901 0.052110
vt 0.618991 0.241103
vt 0.274663 0.915141
vt 0.018228 0.670472
vt 0.791032 0.195335
vt 0.015258 0.676225
vt 0.879343 0.437740
vt 0.003410 0.390456
vt 0.232858 0.809454
vt 0.096651 0.801715
s 1
usemtl Asteroid2b
f 1409/1/1409 1232/2/1232 7/3/7
f 157/4/157 1412/5/1412 160/6/160
f 1590/7/1590 1588/8/1588 1589/9/1589
f 158/10/158 1226/11/1226 159/12/159
f 2241/13/2241 11/14/11 1233/15/1233
f 1407/16/1407 1399/17/1399 179/18/179
f 1586/19/1586 1432/20/1432 1577/21/1577
f 1749/22/1749 412/23/412 1491/24/1491
f 4/25/4 165/26/165 167/27/167
f 197/28/197 13/29/13 196/30/196
f 2467/31/2467 2494/32/2494 2485/33/2485
f 1232/2/1232 2238/34/2238 2239/35/2239
f 1225/36/1225 1223/37/1223 1224/38/1224
f 1383/39/1383 1395/40/1395 1396/41/1396
f 1401/42/1401 1403/43/1403 169/44/169
f 1644/45/1644 1650/46/1650 1651/47/1651
f 2046/48/2046 1592/49/1592 1591/50/1591
f 1420/51/1420 1418/52/1418 1419/53/1419
f 163/54/163 165/26/165 160/6/160
f 2473/55/2473 2472/56/2472 2474/57/2474
f 1527/58/1527 1513/59/1513 1512/60/1512
f 1383/39/1383 187/61/187 1384/62/1384
f 2303/63/2303 2302/64/2302 2424/65/2424
f 2495/66/2495 2489/67/2489 2486/68/2486
f 208/69/208 193/70/193 209/71/209
f 2508/72/2508 70/73/70 2506/74/2506
f 2419/75/2419 2503/76/2503 2420/77/2420
f 2242/78/2242 230/79/230 2415/80/2415
f 2413/81/2413 2411/82/2411 2412/83/2412
f 203/84/203 202/85/202 14/86/14
f 188/87/188 1558/88/1558 189/89/189
f 1562/90/1562 1387/91/1387 1386/92/1386
f 1384/62/1384 1385/93/1385 1386/94/1386
f 1431/95/1431 1414/96/1414 1430/97/1430
f 2188/98/2188 1152/99/1152 2187/100/2187
f 2243/101/2243 2241/13/2241 2242/78/2242
f 2493/102/2493 207/103/207 205/104/205
f 234/105/234 233/106/233 2261/107/2261
f 13/29/13 12/108/12 199/109/199
f 2490/110/2490 206/111/206 2480/112/2480
f 1410/113/1410 156/114/156 1409/1/1409
f 1407/16/1407 12/108/12 1406/115/1406
f 17/116/17 12/108/12 195/117/195
f 1240/118/1240 1239/119/1239 2258/120/2258
f 213/121/213 1287/122/1287 1286/123/1286
f 2264/124/2264 2281/125/2281 212/126/212
f 1509/127/1509 270/128/270 269/129/269
f 1236/130/1236 2280/131/2280 2279/132/2279
f 200/133/200 202/85/202 1381/134/1381
f 1634/135/1634 1611/136/1611 1633/137/1633
f 2467/31/2467 15/138/15 2492/139/2492
f 2275/140/2275 2274/141/2274 2277/142/2277
f 2265/143/2265 2264/124/2264 2273/144/2273
f 1288/145/1288 213/121/213 1286/123/1286
f 1222/146/1222 167/27/167 1220/147/1220
f 18/148/18 218/149/218 216/150/216
f 1314/151/1314 1312/152/1312 1313/153/1313
f 2567/154/2567 2559/155/2559 2572/156/2572
f 28/157/28 1510/158/1510 251/159/251
f 1516/160/1516 1512/60/1512 1513/59/1513
f 221/161/221 2473/55/2473 2496/162/2496
f 2412/163/2412 222/164/222 2414/165/2414
f 232/166/232 23/167/23 2501/168/2501
f 232/166/232 2502/169/2502 2503/76/2503
f 2548/170/2548 2560/171/2560 2550/172/2550
f 1606/173/1606 1604/174/1604 21/175/21
f 1679/176/1679 1662/177/1662 1661/178/1661
f 1580/179/1580 1437/180/1437 1436/181/1436
f 48/182/48 315/183/315 314/184/314
f 2292/185/2292 81/186/81 2291/187/2291
f 2505/188/2505 2549/189/2549 2506/74/2506
f 231/190/231 2416/191/2416 2415/80/2415
f 2418/192/2418 2417/193/2417 333/194/333
f 2414/165/2414 2501/168/2501 23/167/23
f 2047/195/2047 2034/196/2034 2045/197/2045
f 12/108/12 194/198/194 1406/115/1406
f 236/199/236 2254/200/2254 2256/201/2256
f 2258/120/2258 2259/202/2259 237/203/237
f 1677/204/1677 2007/205/2007 1678/206/1678
f 1609/207/1609 290/208/290 1608/209/1608
f 1443/210/1443 239/211/239 1668/212/1668
f 1216/213/1216 228/214/228 1215/215/1215
f 265/216/265 268/217/268 2398/218/2398
f 2284/219/2284 2246/220/2246 2253/221/2253
f 352/222/352 1318/223/1318 1304/224/1304
f 1233/15/1233 11/14/11 2262/225/2262
f 37/226/37 273/227/273 276/228/276
f 1516/160/1516 29/229/29 253/230/253
f 1515/231/1515 1516/160/1516 1514/232/1514
f 31/233/31 260/234/260 256/235/256
f 258/236/258 257/237/257 253/230/253
f 262/238/262 261/239/261 2458/240/2458
f 1309/241/1309 1288/145/1288 1308/242/1308
f 2269/243/2269 1239/119/1239 1238/244/1238
f 256/235/256 254/245/254 257/237/257
f 2113/246/2113 281/247/281 2111/248/2111
f 383/249/383 1278/250/1278 1277/251/1277
f 213/121/213 195/117/195 1287/122/1287
f 2666/252/2666 2655/253/2655 2664/254/2664
f 2486/68/2486 2470/255/2470 2485/33/2485
f 263/256/263 2541/257/2541 32/258/32
f 2544/259/2544 32/258/32 2543/260/2543
f 2667/261/2667 2656/262/2656 2655/253/2655
f 263/263/263 2539/264/2539 304/265/304
f 2649/266/2649 2223/267/2223 2648/268/2648
f 1502/269/1502 1505/270/1505 282/271/282
f 2522/272/2522 2526/273/2526 2521/274/2521
f 283/275/283 284/276/284 317/277/317
f 378/278/378 1205/279/1205 2686/280/2686
f 1561/281/1561 1385/282/1385 190/283/190
f 1653/284/1653 1624/285/1624 1648/286/1648
f 1593/287/1593 1594/288/1594 1583/289/1583
f 1272/290/1272 39/291/39 1241/292/1241
f 1524/293/1524 1511/294/1511 1523/295/1523
f 1544/296/1544 1537/297/1537 1543/298/1543
f 273/299/273 284/300/284 41/301/41
f 1765/302/1765 1654/303/1654 1766/304/1766
f 286/305/286 285/306/285 1756/307/1756
f 1766/304/1766 276/228/276 301/308/301
f 2022/309/2022 2023/310/2023 38/311/38
f 40/312/40 280/313/280 256/235/256
f 1186/314/1186 1199/315/1199 1202/316/1202
f 1680/317/1680 71/318/71 1679/176/1679
f 2639/319/2639 438/320/438 437/321/437
f 1626/322/1626 1549/323/1549 1625/324/1625
f 1903/325/1903 1883/326/1883 1902/327/1902
f 1621/328/1621 1623/329/1623 287/330/287
f 31/233/31 257/237/257 258/236/258
f 312/331/312 42/332/42 1499/333/1499
f 1629/334/1629 1628/335/1628 1630/336/1630
f 1426/337/1426 1415/338/1415 178/339/178
f 49/340/49 283/275/283 317/277/317
f 355/341/355 1761/342/1761 1760/343/1760
f 37/344/37 274/345/274 272/346/272
f 1501/347/1501 1500/348/1500 299/349/299
f 1526/350/1526 1524/293/1524 1525/351/1525
f 1537/297/1537 1540/352/1540 1543/298/1543
f 1636/353/1636 1622/354/1622 1620/355/1620
f 1857/356/1857 1823/357/1823 1822/358/1822
f 1785/359/1785 1659/360/1659 340/361/340
f 1665/362/1665 56/363/56 1662/177/1662
f 1643/364/1643 1634/135/1634 1633/365/1633
f 2668/366/2668 309/367/309 311/368/311
f 54/369/54 298/370/298 2113/246/2113
f 1764/371/1764 324/372/324 303/373/303
f 305/374/305 2539/264/2539 278/375/278
f 2617/376/2617 2618/377/2618 2456/378/2456
f 2453/379/2453 329/380/329 330/381/330
f 2518/382/2518 306/383/306 308/384/308
f 2678/385/2678 2657/386/2657 2658/387/2658
f 1302/388/1302 1348/389/1348 1347/390/1347
f 2630/391/2630 2631/392/2631 2628/393/2628
f 1212/394/1212 245/395/245 1211/396/1211
f 1675/397/1675 1999/398/1999 1676/399/1676
f 57/400/57 342/401/342 313/402/313
f 1445/403/1445 1444/404/1444 1670/405/1670
f 2262/225/2262 11/14/11 2261/107/2261
f 1348/389/1348 1349/406/1349 69/407/69
f 1176/408/1176 50/409/50 1209/410/1209
f 440/411/440 2211/412/2211 2210/413/2210
f 2677/414/2677 320/415/320 321/416/321
f 2670/417/2670 2669/418/2669 2668/366/2668
f 1252/419/1252 2253/221/2253 2252/420/2252
f 1783/421/1783 1784/422/1784 1658/423/1658
f 1678/206/1678 326/424/326 2000/425/2000
f 1175/426/1175 1173/427/1173 1174/428/1174
f 1251/429/1251 1249/430/1249 2285/431/2285
f 2608/432/2608 2605/433/2605 2607/434/2607
f 2393/435/2393 2392/436/2392 2391/437/2391
f 1611/136/1611 1657/438/1657 1610/439/1610
f 2395/440/2395 2456/378/2456 2618/377/2618
f 62/441/62 1763/442/1763 355/341/355
f 1760/343/1760 1761/342/1761 1759/443/1759
f 1187/444/1187 1188/445/1188 2696/446/2696
f 1333/447/1333 1334/448/1334 1331/449/1331
f 633/450/633 1970/451/1970 1957/452/1957
f 2609/453/2609 338/454/338 2608/432/2608
f 298/370/298 45/455/45 2113/246/2113
f 2049/456/2049 1362/457/1362 1361/458/1361
f 1497/459/1497 65/460/65 1496/461/1496
f 2072/462/2072 420/463/420 419/464/419
f 55/465/55 335/466/335 336/467/336
f 2421/468/2421 2504/469/2504 2505/188/2505
f 2504/469/2504 2549/189/2549 2505/188/2505
f 2288/470/2288 336/467/336 2297/471/2297
f 1808/472/1808 1730/473/1730 1728/474/1728
f 366/475/366 64/476/64 1360/477/1360
f 1193/478/1193 1192/479/1192 1191/480/1191
f 1590/7/1590 2046/48/2046 1591/50/1591
f 1445/403/1445 341/481/341 1444/404/1444
f 1210/482/1210 1209/410/1209 50/409/50
f 50/409/50 2653/483/2653 2227/484/2227
f 1737/485/1737 1739/486/1739 1485/487/1485
f 1446/488/1446 1447/489/1447 344/490/344
f 2219/491/2219 2392/436/2392 2393/435/2393
f 2652/492/2652 2650/493/2650 2659/494/2659
f 2219/491/2219 2394/495/2394 2220/496/2220
f 1300/497/1300 362/498/362 1299/499/1299
f 63/500/63 363/501/363 362/498/362
f 1303/502/1303 1318/223/1318 352/222/352
f 1341/503/1341 1342/504/1342 1340/505/1340
f 2649/266/2649 61/506/61 2223/267/2223
f 2065/507/2065 2058/508/2058 2064/509/2064
f 2435/510/2435 2425/511/2425 2436/512/2436
f 2661/513/2661 2660/514/2660 321/416/321
f 1462/515/1462 891/516/891 1937/517/1937
f 62/441/62 355/341/355 356/518/356
f 1769/519/1769 1771/520/1771 1770/521/1770
f 1293/522/1293 359/523/359 1292/524/1292
f 1303/502/1303 1347/390/1347 1346/525/1346
f 1299/499/1299 1298/526/1298 1266/527/1266
f 1291/528/1291 1283/529/1283 1292/524/1292
f 451/530/451 491/531/491 2691/532/2691
f 1364/533/1364 1362/457/1362 2112/534/2112
f 1095/535/1095 2703/536/2703 545/537/545
f 1624/285/1624 1625/324/1625 1542/538/1542
f 1235/539/1235 197/540/197 1234/541/1234
f 1202/316/1202 1199/542/1199 1198/543/1198
f 2118/544/2118 2119/545/2119 1280/546/1280
f 2532/547/2532 380/548/380 2531/549/2531
f 1246/550/1246 1247/551/1247 1244/552/1244
f 2089/553/2089 2090/554/2090 2081/555/2081
f 66/556/66 370/557/370 371/558/371
f 371/559/371 388/560/388 373/561/373
f 2390/562/2390 372/563/372 2193/564/2193
f 375/565/375 436/566/436 376/567/376
f 1448/568/1448 433/569/433 432/570/432
f 2693/571/2693 2689/572/2689 2690/573/2690
f 376/567/376 436/566/436 1204/574/1204
f 1213/575/1213 1212/394/1212 2228/576/2228
f 1682/577/1682 381/578/381 71/318/71
f 70/73/70 2509/579/2509 2510/580/2510
f 70/73/70 380/548/380 2532/547/2532
f 1823/357/1823 1803/581/1803 1822/582/1822
f 1686/583/1686 1687/584/1687 1685/585/1685
f 71/318/71 1673/586/1673 1674/587/1674
f 77/588/77 2529/589/2529 394/590/394
f 474/591/474 473/592/473 2070/593/2070
f 1280/546/1280 1279/594/1279 1278/250/1278
f 72/595/72 384/596/384 385/597/385
f 385/597/385 2218/598/2218 2217/599/2217
f 2212/600/2212 2213/601/2213 457/602/457
f 388/603/388 2679/604/2679 2683/605/2683
f 2455/606/2455 2454/607/2454 2621/608/2621
f 2249/609/2249 2287/610/2287 390/611/390
f 1113/612/1113 452/613/452 2123/614/2123
f 81/186/81 2122/615/2122 393/616/393
f 2436/512/2436 2303/63/2303 2424/65/2424
f 437/321/437 2533/617/2533 2534/618/2534
f 450/619/450 2687/620/2687 1203/621/1203
f 411/622/411 1779/623/1779 1777/624/1777
f 1865/625/1865 1905/626/1905 1886/627/1886
f 2217/599/2217 2218/598/2218 2216/628/2216
f 2503/76/2503 2502/169/2502 2547/629/2547
f 455/630/455 2088/631/2088 2080/632/2080
f 1864/633/1864 1865/625/1865 1866/634/1866
f 402/635/402 1066/636/1066 510/637/510
f 1065/638/1065 2079/639/2079 2086/640/2086
f 1753/641/1753 316/642/316 1496/461/1496
f 406/643/406 2288/470/2288 2296/644/2296
f 2172/645/2172 462/646/462 2171/647/2171
f 322/648/322 2662/649/2662 2654/650/2654
f 2057/651/2057 2056/652/2056 1357/653/1357
f 2106/654/2106 2066/655/2066 2103/656/2103
f 2529/589/2529 2530/657/2530 2516/658/2516
f 2075/659/2075 420/463/420 2073/660/2073
f 419/464/419 2052/661/2052 2071/662/2071
f 2079/639/2079 2078/663/2078 2086/664/2086
f 2095/665/2095 2085/666/2085 2100/667/2100
f 2532/547/2532 438/320/438 444/668/444
f 2682/669/2682 440/411/440 2197/670/2197
f 1185/671/1185 1186/314/1186 1184/672/1184
f 2688/673/2688 1203/621/1203 2687/620/2687
f 1265/674/1265 1263/675/1263 1264/676/1264
f 2117/677/2117 2119/545/2119 2118/544/2118
f 2120/678/2120 1256/679/1256 2250/680/2250
f 2642/681/2642 2426/682/2426 2641/683/2641
f 437/321/437 2440/684/2440 2639/319/2639
f 485/685/485 453/686/453 2292/185/2292
f 429/687/429 1781/688/1781 1767/689/1767
f 1778/690/1778 429/687/429 1770/521/1770
f 2527/691/2527 2517/692/2517 2519/693/2519
f 1495/694/1495 1494/695/1494 1493/696/1493
f 1806/697/1806 1828/698/1828 1789/699/1789
f 2441/700/2441 2443/701/2443 2442/702/2442
f 2443/701/2443 414/703/414 2535/704/2535
f 1683/705/1683 1448/568/1448 381/578/381
f 434/706/434 1449/707/1449 1450/708/1450
f 2350/709/2350 2342/710/2342 2341/711/2341
f 2692/712/2692 1450/708/1450 99/713/99
f 2199/714/2199 2197/670/2197 440/411/440
f 2096/715/2096 2095/665/2095 2098/716/2098
f 527/717/527 2158/718/2158 2159/719/2159
f 2194/720/2194 2192/721/2192 2193/564/2193
f 661/722/661 2315/723/2315 2317/724/2317
f 86/725/86 471/726/471 441/727/441
f 94/728/94 472/729/472 469/730/469
f 87/731/87 444/668/444 445/732/445
f 413/733/413 77/588/77 394/590/394
f 87/731/87 445/732/445 447/734/447
f 447/734/447 2639/319/2639 2439/735/2439
f 2370/736/2370 2346/737/2346 2347/738/2347
f 2211/412/2211 460/739/460 2210/413/2210
f 2008/740/2008 2029/741/2029 2028/742/2028
f 1201/743/1201 1203/744/1203 1202/745/1202
f 2690/573/2690 451/530/451 2691/532/2691
f 2210/413/2210 2208/746/2208 468/747/468
f 2294/748/2294 2156/749/2156 2155/750/2155
f 2098/716/2098 2089/553/2089 2097/751/2097
f 2662/649/2662 33/752/33 2654/650/2654
f 2397/753/2397 268/217/268 266/754/266
f 625/755/625 623/756/623 133/757/133
f 2423/758/2423 448/759/448 2424/65/2424
f 2704/760/2704 475/761/475 493/762/493
f 1116/763/1116 1114/764/1114 1115/765/1115
f 91/766/91 456/767/456 457/602/457
f 2205/768/2205 1168/769/1168 1167/770/1167
f 2212/600/2212 456/771/456 2211/412/2211
f 459/772/459 2206/773/2206 2209/774/2209
f 2215/775/2215 348/776/348 61/506/61
f 415/777/415 1171/778/1171 416/779/416
f 2169/780/2169 2166/781/2166 2168/782/2168
f 2169/780/2169 461/783/461 465/784/465
f 1170/785/1170 470/786/470 1169/787/1169
f 806/788/806 653/789/653 865/790/865
f 585/791/585 1061/792/1061 583/793/583
f 479/794/479 1110/795/1110 480/796/480
f 1163/797/1163 1164/798/1164 96/799/96
f 2214/800/2214 385/597/385 2217/599/2217
f 464/801/464 463/802/463 2173/803/2173
f 478/804/478 1111/805/1111 1112/806/1112
f 1169/787/1169 523/807/523 1168/769/1168
f 1162/808/1162 1163/797/1163 1161/809/1161
f 1115/765/1115 478/804/478 1113/612/1113
f 2069/810/2069 2070/593/2070 2053/811/2053
f 2645/812/2645 2310/813/2310 2312/814/2312
f 2430/815/2430 2314/816/2314 2313/817/2313
f 2529/589/2529 77/588/77 83/818/83
f 852/819/852 854/820/854 829/821/829
f 97/822/97 479/794/479 480/796/480
f 2205/768/2205 2204/823/2204 2207/824/2207
f 1159/825/1159 96/799/96 1164/798/1164
f 97/822/97 480/796/480 482/826/482
f 1117/827/1117 1114/764/1114 1116/763/1116
f 468/747/468 484/828/484 2201/829/2201
f 545/537/545 1096/830/1096 1095/535/1095
f 570/831/570 1711/832/1711 1712/833/1712
f 435/834/435 434/706/434 2692/712/2692
f 791/835/791 781/836/781 792/837/792
f 1115/765/1115 2124/838/2124 2293/839/2293
f 1259/840/1259 494/841/494 1106/842/1106
f 2681/843/2681 2211/412/2211 440/411/440
f 488/844/488 2374/845/2374 2375/846/2375
f 2389/847/2389 2450/848/2450 2451/849/2451
f 1702/850/1702 1699/851/1699 1703/852/1703
f 494/841/494 1105/853/1105 1106/842/1106
f 476/854/476 475/761/475 2704/760/2704
f 1460/855/1460 619/856/619 591/857/591
f 1480/858/1480 1951/859/1951 1952/860/1952
f 112/861/112 561/862/561 490/863/490
f 959/864/959 136/865/136 129/866/129
f 1126/867/1126 1122/868/1122 2294/748/2294
f 1261/869/1261 423/870/423 425/871/425
f 2280/872/2280 2265/143/2265 2266/873/2266
f 1693/874/1693 100/875/100 501/876/501
f 466/877/466 2381/878/2381 2444/879/2444
f 2427/880/2427 532/881/532 2426/682/2426
f 1698/882/1698 503/883/503 1699/851/1699
f 2644/884/2644 2432/885/2432 2643/886/2643
f 497/887/497 1704/888/1704 1703/852/1703
f 101/889/101 499/890/499 500/891/500
f 101/889/101 503/892/503 502/893/502
f 1028/894/1028 1470/895/1470 1029/896/1029
f 1834/897/1834 1833/898/1833 1849/899/1849
f 1923/900/1923 1922/901/1922 1924/902/1924
f 521/903/521 1688/904/1688 496/905/496
f 103/906/103 510/907/510 511/908/511
f 1071/909/1071 1070/910/1070 1074/911/1074
f 564/912/564 1082/913/1082 575/914/575
f 1692/915/1692 1691/916/1691 1694/917/1694
f 1955/918/1955 1956/919/1956 1936/920/1936
f 538/921/538 2442/702/2442 515/922/515
f 518/923/518 1870/924/1870 1871/925/1871
f 496/905/496 1695/926/1695 1696/927/1696
f 1697/928/1697 496/905/496 1688/904/1688
f 543/929/543 109/930/109 1166/931/1166
f 1922/901/1922 1912/932/1912 1921/933/1921
f 1169/787/1169 458/934/458 457/602/457
f 1166/931/1166 109/930/109 1165/935/1165
f 507/936/507 2703/536/2703 1095/535/1095
f 105/937/105 522/938/522 523/807/523
f 1168/769/1168 543/929/543 1167/770/1167
f 483/939/483 818/940/818 821/941/821
f 810/942/810 812/943/812 811/944/811
f 526/945/526 808/946/808 544/947/544
f 530/948/530 2156/749/2156 2157/949/2157
f 2179/950/2179 2180/951/2180 531/952/531
f 107/953/107 534/954/534 535/955/535
f 535/955/535 2437/956/2437 2438/957/2438
f 2375/846/2375 2374/845/2374 2376/958/2376
f 2389/847/2389 93/959/93 2388/960/2388
f 2323/961/2323 2325/962/2325 2183/963/2183
f 2485/33/2485 2468/964/2468 2467/31/2467
f 541/965/541 1873/966/1873 1851/967/1851
f 541/965/541 1849/899/1849 542/968/542
f 1165/935/1165 1155/969/1155 1156/970/1156
f 1157/971/1157 88/972/88 1158/973/1158
f 2210/413/2210 468/747/468 2200/974/2200
f 843/975/843 842/976/842 855/977/855
f 854/820/854 853/978/853 842/976/842
f 2137/979/2137 2139/980/2139 2135/981/2135
f 110/982/110 550/983/550 551/984/551
f 515/922/515 2372/985/2372 538/921/538
f 1089/986/1089 1090/987/1090 574/988/574
f 1087/989/1087 574/988/574 551/984/551
f 574/988/574 1094/990/1094 551/984/551
f 552/991/552 553/992/553 110/982/110
f 549/993/549 1084/994/1084 1085/995/1085
f 555/996/555 1106/842/1106 1105/853/1105
f 1109/997/1109 481/998/481 1108/999/1108
f 657/1000/657 762/1001/762 658/1002/658
f 560/1003/560 1454/1004/1454 1457/1005/1457
f 1957/452/1957 1938/1006/1938 140/1007/140
f 492/1008/492 490/863/490 561/862/561
f 881/1009/881 562/1010/562 888/1011/888
f 560/1003/560 562/1010/562 112/861/112
f 564/912/564 1063/1012/1063 513/1013/513
f 817/1014/817 483/939/483 848/1015/848
f 1064/1016/1064 1062/1017/1062 1492/1018/1492
f 1098/1019/1098 604/1020/604 1097/1021/1097
f 566/1022/566 1047/1023/1047 1048/1024/1048
f 1717/1025/1717 1714/1026/1714 1715/1027/1715
f 588/1028/588 572/1029/572 589/1030/589
f 1090/987/1090 1093/1031/1093 574/988/574
f 1050/1032/1050 2706/1033/2706 2705/1034/2705
f 1096/830/1096 582/1035/582 580/1036/580
f 1082/913/1082 1083/1037/1083 576/1038/576
f 599/1039/599 598/1040/598 1487/1041/1487
f 2150/1042/2150 2151/1043/2151 2152/1044/2152
f 115/1045/115 126/1046/126 578/1047/578
f 1493/696/1493 405/1048/405 1492/1018/1492
f 2272/1049/2272 2264/124/2264 212/126/212
f 1994/1050/1994 1666/1051/1666 1663/1052/1663
f 178/339/178 1424/1053/1424 3/1054/3
f 124/1055/124 616/1056/616 615/1057/615
f 2364/1058/2364 2369/1059/2369 2356/1060/2356
f 1679/1061/1679 1674/1062/1674 1663/1052/1663
f 1760/343/1760 1759/443/1759 1758/1063/1758
f 623/756/623 618/1064/618 617/1065/617
f 1504/1066/1504 1503/1067/1503 299/349/299
f 583/793/583 567/1068/567 584/1069/584
f 1063/1012/1063 1061/792/1061 1062/1017/1062
f 1060/1070/1060 585/791/585 1059/1071/1059
f 124/1055/124 615/1057/615 613/1072/613
f 614/1073/614 587/1074/587 1051/1075/1051
f 628/1076/628 118/1077/118 629/1078/629
f 119/1079/119 590/1080/590 588/1028/588
f 1699/851/1699 588/1028/588 1700/1081/1700
f 1956/919/1956 1461/1082/1461 1936/920/1936
f 2426/682/2426 2425/511/2425 2641/683/2641
f 2291/187/2291 81/186/81 2290/1083/2290
f 2662/649/2662 2655/253/2655 33/752/33
f 1757/1084/1757 1758/1063/1758 1759/443/1759
f 602/1085/602 1745/1086/1745 1488/1087/1488
f 1743/1088/1743 1741/1089/1741 1742/1090/1742
f 643/1091/643 642/1092/642 968/1093/968
f 2062/1094/2062 1106/842/1106 1104/1095/1104
f 752/1096/752 754/1097/754 753/1098/753
f 913/1099/913 915/1100/915 608/1101/608
f 943/1102/943 944/1103/944 926/1104/926
f 1091/1105/1091 919/1106/919 1092/1107/1092
f 2040/1108/2040 2046/48/2046 1590/7/1590
f 981/1109/981 992/1110/992 1009/1111/1009
f 556/1112/556 555/996/555 2701/1113/2701
f 698/1114/698 697/1115/697 898/1116/898
f 1935/1117/1935 1955/918/1955 1936/920/1936
f 1059/1071/1059 614/1073/614 613/1072/613
f 1059/1071/1059 1058/1118/1058 1060/1070/1060
f 1055/1119/1055 1486/1120/1486 603/1121/603
f 975/1122/975 974/1123/974 973/1124/973
f 140/1007/140 1937/517/1937 1957/452/1957
f 889/1125/889 1461/1082/1461 890/1126/890
f 989/1127/989 987/1128/987 986/1129/986
f 1056/1130/1056 1055/1119/1055 1487/1041/1487
f 625/755/625 1038/1131/1038 626/1132/626
f 1740/1133/1740 600/1134/600 599/1039/599
f 1711/832/1711 1714/1135/1714 1713/1136/1713
f 1147/1137/1147 794/1138/794 1146/1139/1146
f 1483/1140/1483 1482/1141/1482 1713/1142/1713
f 2150/1042/2150 597/1143/597 2151/1043/2151
f 1668/212/1668 1667/1144/1667 1994/1050/1994
f 752/1096/752 131/1145/131 750/1146/750
f 818/940/818 817/1014/817 886/1147/886
f 2192/721/2192 2191/1148/2191 2389/847/2389
f 758/1149/758 760/1150/760 138/1151/138
f 537/1152/537 2332/1153/2332 2325/962/2325
f 2318/1154/2318 634/1155/634 2316/1156/2316
f 635/1157/635 2322/1158/2322 2323/961/2323
f 133/757/133 1054/1159/1054 1040/1160/1040
f 759/1161/759 760/1150/760 758/1149/758
f 2182/1162/2182 2181/1163/2181 638/1164/638
f 937/1165/937 974/1123/974 976/1166/976
f 699/1167/699 899/1168/899 869/1169/869
f 772/1170/772 771/1171/771 770/1172/770
f 929/1173/929 983/1174/983 985/1175/985
f 950/1176/950 952/1177/952 951/1178/951
f 645/1179/645 962/1180/962 961/1181/961
f 127/1182/127 623/756/623 625/755/625
f 768/1183/768 668/1184/668 669/1185/669
f 773/1186/773 658/1002/658 771/1171/771
f 137/1187/137 651/1188/651 652/1189/652
f 860/1190/860 880/1191/880 861/1192/861
f 808/1193/808 806/788/806 807/1194/807
f 1035/1195/1035 1036/1196/1036 1037/1197/1037
f 704/1198/704 783/1199/783 789/1200/789
f 1989/1201/1989 1988/1202/1988 1993/1203/1993
f 1139/1204/1139 659/1205/659 1138/1206/1138
f 968/1093/968 642/1092/642 136/865/136
f 743/1207/743 774/1208/774 775/1209/775
f 871/1210/871 873/1211/873 898/1116/898
f 980/1212/980 977/1213/977 993/1214/993
f 957/1215/957 960/1216/960 958/1217/958
f 1155/969/1155 109/930/109 1154/1218/1154
f 1959/1219/1959 1975/1220/1975 677/1221/677
f 803/1222/803 715/1223/715 802/1224/802
f 2133/1225/2133 2131/1226/2131 2132/1227/2132
f 788/1228/788 688/1229/688 690/1230/690
f 1945/1231/1945 1946/1232/1946 1947/1233/1947
f 2186/1234/2186 1146/1235/1146 2326/1236/2326
f 730/1237/730 729/1238/729 902/1239/902
f 879/1240/879 877/1241/877 878/1242/878
f 674/1243/674 673/1244/673 877/1241/877
f 950/1176/950 948/1245/948 966/1246/966
f 675/1247/675 1040/1160/1040 1041/1248/1041
f 1949/1249/1949 1477/1250/1477 1476/1251/1476
f 2697/1252/2697 806/788/806 2698/1253/2698
f 1010/1254/1010 991/1255/991 984/1256/984
f 647/1257/647 648/1258/648 1045/1259/1045
f 867/1260/867 804/1261/804 805/1262/805
f 791/835/791 701/1263/701 703/1264/703
f 691/1265/691 689/1266/689 147/1267/147
f 1154/1218/1154 2697/1252/2697 1153/1268/1153
f 146/1269/146 683/1270/683 684/1271/684
f 691/1265/691 798/1272/798 694/1273/694
f 1143/1274/1143 684/1271/684 777/1275/777
f 686/1276/686 780/1277/780 781/836/781
f 789/1200/789 688/1229/688 704/1198/704
f 145/1278/145 682/1279/682 681/1280/681
f 701/1263/701 791/835/791 792/837/792
f 800/1281/800 694/1273/694 682/1279/682
f 693/1282/693 147/1283/147 703/1264/703
f 692/1284/692 795/1285/795 796/1286/796
f 869/1169/869 870/1287/870 699/1167/699
f 785/1288/785 784/1289/784 787/1290/787
f 726/1291/726 729/1238/729 730/1237/730
f 1468/1292/1468 1466/1293/1466 1467/1294/1467
f 149/1295/149 700/1296/700 693/1282/693
f 1147/1137/1147 795/1285/795 794/1138/794
f 880/1191/880 878/1242/878 861/1192/861
f 2325/962/2325 2332/1153/2332 2331/1297/2331
f 706/1298/706 150/1299/150 705/1300/705
f 1033/1301/1033 142/1302/142 1032/1303/1032
f 1031/1304/1031 717/1305/717 1030/1306/1030
f 150/1299/150 709/1307/709 705/1300/705
f 726/1291/726 727/1308/727 729/1238/729
f 1/1309/1 155/1310/155 156/114/156
f 186/1311/186 2241/13/2241 2240/1312/2240
f 1030/1313/1030 1474/1314/1474 1032/1303/1032
f 1474/1315/1474 1475/1316/1475 1476/1251/1476
f 901/1317/901 706/1298/706 707/1318/707
f 785/1319/785 695/1320/695 712/1321/712
f 713/1322/713 799/1323/799 798/1324/798
f 802/1224/802 797/1325/797 801/1326/801
f 868/1327/868 714/1328/714 803/1222/803
f 1471/1329/1471 1470/895/1470 709/1307/709
f 1016/1330/1016 1013/1331/1013 1011/1332/1011
f 718/1333/718 786/1334/786 719/1335/719
f 728/1336/728 718/1333/718 722/1337/722
f 710/1338/710 706/1298/706 901/1317/901
f 785/1288/785 723/1339/723 784/1289/784
f 1146/1139/1146 794/1340/794 793/1341/793
f 738/1342/738 740/1343/740 777/1275/777
f 728/1336/728 902/1239/902 729/1238/729
f 718/1333/718 153/1344/153 722/1337/722
f 153/1344/153 719/1335/719 720/1345/720
f 718/1333/718 727/1308/727 724/1346/724
f 735/1347/735 733/1348/733 734/1349/734
f 726/1291/726 732/1350/732 731/1351/731
f 2083/1352/2083 2082/1353/2082 2094/1354/2094
f 1010/1254/1010 1009/1111/1009 1017/1355/1017
f 2237/1356/2237 1229/1357/1229 2406/1358/2406
f 746/1359/746 138/1151/138 774/1208/774
f 904/1360/904 903/1361/903 1018/1362/1018
f 738/1342/738 683/1270/683 736/1363/736
f 703/1264/703 147/1267/147 789/1364/789
f 776/1365/776 740/1343/740 741/1366/741
f 904/1360/904 737/1367/737 903/1361/903
f 683/1270/683 735/1347/735 736/1363/736
f 1156/970/1156 1157/971/1157 1165/935/1165
f 743/1207/743 745/1368/745 746/1359/746
f 738/1342/738 739/1369/739 740/1343/740
f 742/1370/742 741/1366/741 906/1371/906
f 1143/1274/1143 1142/1372/1142 2132/1227/2132
f 131/1145/131 753/1098/753 755/1373/755
f 745/1368/745 744/1374/744 749/1375/749
f 665/1376/665 1144/1377/1144 778/1378/778
f 1027/1379/1027 910/1380/910 908/1381/908
f 1000/1382/1000 1001/1383/1001 999/1384/999
f 753/1098/753 754/1097/754 1101/1385/1101
f 2148/1386/2148 2136/1387/2136 2146/1388/2146
f 747/1389/747 746/1359/746 745/1368/745
f 2184/1390/2184 1145/1391/1145 2183/963/2183
f 751/1392/751 750/1146/750 749/1375/749
f 131/1145/131 748/1393/748 747/1389/747
f 757/1394/757 1132/1395/1132 758/1149/758
f 947/1396/947 945/1397/945 666/1398/666
f 917/1399/917 960/1216/960 961/1181/961
f 909/1400/909 912/1401/912 751/1392/751
f 750/1146/750 747/1389/747 749/1375/749
f 608/1101/608 606/1402/606 913/1099/913
f 1039/1403/1039 625/755/625 133/757/133
f 756/1404/756 757/1394/757 755/1373/755
f 2650/493/2650 2225/1405/2225 2224/1406/2224
f 755/1373/755 1101/1385/1101 558/1407/558
f 1099/1408/1099 1101/1385/1101 754/1097/754
f 606/1402/606 605/1409/605 752/1096/752
f 748/1410/748 131/1145/131 656/1411/656
f 1098/1019/1098 754/1097/754 605/1409/605
f 756/1404/756 557/1412/557 1128/1413/1128
f 759/1161/759 758/1149/758 1132/1395/1132
f 1131/1414/1131 757/1394/757 1129/1415/1129
f 2153/1416/2153 1133/1417/1133 2154/1418/2154
f 2133/1225/2133 2130/1419/2130 2147/1420/2147
f 657/1000/657 138/1421/138 760/1150/760
f 707/1318/707 1015/1422/1015 902/1239/902
f 763/1423/763 658/1002/658 762/1001/762
f 2128/1424/2128 2129/1425/2129 1138/1206/1138
f 640/1426/640 1137/1427/1137 2127/1428/2127
f 769/1429/769 763/1423/763 764/1430/764
f 774/1208/774 773/1186/773 1141/1431/1141
f 1141/1431/1141 772/1170/772 1142/1372/1142
f 766/1432/766 767/1433/767 667/1434/667
f 738/1342/738 777/1275/777 684/1271/684
f 770/1172/770 771/1171/771 769/1429/769
f 2127/1428/2127 766/1432/766 1136/1435/1136
f 770/1172/770 768/1183/768 1140/1436/1140
f 766/1432/766 667/1434/667 765/1437/765
f 1138/1206/1138 659/1205/659 1137/1427/1137
f 2144/1438/2144 639/1439/639 2143/1440/2143
f 765/1437/765 668/1184/668 764/1430/764
f 141/1441/141 670/1442/670 671/1443/671
f 779/1444/779 684/1271/684 778/1445/778
f 1144/1377/1144 779/1444/779 778/1445/778
f 773/1186/773 772/1446/772 1141/1431/1141
f 2133/1225/2133 664/1447/664 2131/1226/2131
f 664/1447/664 139/1448/139 665/1376/665
f 873/1211/873 875/1449/875 897/1450/897
f 774/1208/774 658/1002/658 773/1186/773
f 1482/1141/1482 1952/860/1952 1712/833/1712
f 768/1183/768 769/1429/769 764/1430/764
f 667/1434/667 767/1433/767 669/1185/669
f 2176/1451/2176 2161/1452/2161 2171/647/2171
f 2127/1428/2127 2143/1440/2143 639/1439/639
f 780/1453/780 779/1454/779 1144/1377/1144
f 2135/981/2135 2139/980/2139 627/1455/627
f 745/1368/745 749/1375/749 747/1389/747
f 907/1456/907 742/1370/742 906/1371/906
f 1141/1431/1141 775/1209/775 774/1208/774
f 912/1457/912 911/1458/911 997/1459/997
f 792/837/792 780/1277/780 1145/1391/1145
f 779/1444/779 685/1460/685 684/1271/684
f 782/1461/782 731/1351/731 790/1462/790
f 146/1269/146 687/1463/687 683/1270/683
f 733/1348/733 686/1276/686 781/836/781
f 686/1276/686 685/1460/685 780/1453/780
f 790/1462/790 791/835/791 703/1264/703
f 802/1224/802 715/1223/715 713/1322/713
f 963/1464/963 941/1465/941 920/1466/920
f 735/1347/735 687/1463/687 733/1348/733
f 925/1467/925 922/1468/922 924/1469/924
f 741/1366/741 742/1370/742 743/1207/743
f 712/1321/712 711/1470/711 785/1319/785
f 904/1360/904 1018/1362/1018 1019/1471/1019
f 154/1472/154 726/1291/726 725/1473/725
f 711/1470/711 786/1334/786 785/1288/785
f 689/1266/689 691/1265/691 800/1281/800
f 711/1470/711 719/1335/719 786/1334/786
f 153/1344/153 721/1474/721 722/1337/722
f 900/1475/900 898/1116/898 697/1115/697
f 690/1230/690 681/1280/681 788/1228/788
f 688/1229/688 788/1228/788 704/1198/704
f 1010/1254/1010 732/1350/732 1016/1330/1016
f 1473/1476/1473 1468/1292/1468 1947/1233/1947
f 731/1351/731 782/1461/782 726/1291/726
f 1012/1477/1012 1013/1331/1013 1014/1478/1014
f 696/1479/696 148/1480/148 1468/1292/1468
f 1046/1481/1046 2705/1034/2705 116/1482/116
f 784/1483/784 723/1339/723 783/1199/783
f 705/1300/705 1028/894/1028 707/1318/707
f 794/1340/794 700/1296/700 702/1484/702
f 865/790/865 805/1262/805 806/788/806
f 2365/1485/2365 2348/1486/2348 2357/1487/2357
f 149/1295/149 702/1488/702 700/1296/700
f 2185/1489/2185 793/1341/793 2184/1390/2184
f 796/1490/796 1147/1137/1147 1148/1491/1148
f 2698/1253/2698 2699/1492/2699 1153/1268/1153
f 800/1281/800 691/1265/691 694/1273/694
f 517/1493/517 2329/1494/2329 2330/1495/2330
f 692/1496/692 797/1325/797 798/1272/798
f 693/1282/693 700/1296/700 795/1285/795
f 797/1325/797 796/1286/796 801/1326/801
f 145/1278/145 681/1280/681 690/1230/690
f 1466/1293/1466 895/1497/895 894/1498/894
f 897/1450/897 898/1116/898 873/1211/873
f 149/1295/149 693/1282/693 703/1264/703
f 1013/1331/1013 1016/1330/1016 1015/1422/1015
f 1947/1233/1947 1467/1294/1467 1945/1231/1945
f 698/1114/698 895/1497/895 148/1480/148
f 151/1499/151 714/1328/714 711/1470/711
f 813/1500/813 812/943/812 814/1501/814
f 808/1193/808 654/1502/654 653/789/653
f 852/819/852 853/978/853 854/820/854
f 863/1503/863 874/1504/874 872/1505/872
f 899/1168/899 721/1474/721 869/1169/869
f 2395/440/2395 2220/496/2220 2394/495/2394
f 815/1506/815 472/729/472 2694/1507/2694
f 2190/1508/2190 1156/970/1156 1155/969/1155
f 849/1509/849 813/1500/813 816/1510/816
f 137/1187/137 652/1189/652 655/1511/655
f 515/922/515 104/1512/104 2372/985/2372
f 809/1513/809 544/947/544 808/946/808
f 137/1187/137 654/1502/654 651/1188/651
f 861/1192/861 823/1514/823 824/1515/824
f 530/948/530 531/1516/531 594/1517/594
f 2160/1518/2160 410/1519/410 409/1520/409
f 651/1188/651 839/1521/839 824/1515/824
f 105/937/105 526/945/526 522/938/522
f 105/937/105 524/1522/524 525/1523/525
f 826/1524/826 827/1525/827 828/1526/828
f 2333/1527/2333 2184/1390/2184 2331/1297/2331
f 828/1526/828 829/821/829 830/1528/830
f 839/1521/839 840/1529/840 825/1530/825
f 763/1423/763 762/1001/762 1135/1531/1135
f 841/1532/841 831/1533/831 854/820/854
f 682/1279/682 694/1273/694 695/1320/695
f 859/1534/859 850/1535/850 849/1509/849
f 944/1103/944 946/1536/946 928/1537/928
f 820/1538/820 821/941/821 819/1539/819
f 1048/1024/1048 1047/1023/1047 1046/1481/1046
f 835/1540/835 837/1541/837 821/941/821
f 822/1542/822 835/1540/835 821/941/821
f 811/1543/811 812/943/812 813/1500/813
f 851/1544/851 840/1529/840 850/1535/850
f 603/1121/603 1486/1120/1486 617/1065/617
f 857/1545/857 573/1546/573 859/1534/859
f 822/1542/822 821/941/821 820/1538/820
f 2202/1547/2202 2206/773/2206 2207/1548/2207
f 1982/1549/1982 1971/1550/1971 633/450/633
f 1121/1551/1121 1124/1552/1124 2701/1113/2701
f 506/1553/506 476/854/476 2704/760/2704
f 884/1554/884 828/1526/828 830/1528/830
f 885/1555/885 504/1556/504 886/1147/886
f 1048/1024/1048 1046/1481/1046 116/1482/116
f 949/1557/949 929/1173/929 946/1536/946
f 818/940/818 819/1539/819 821/941/821
f 137/1187/137 655/1511/655 653/789/653
f 525/1523/525 814/1501/814 812/943/812
f 441/727/441 1170/785/1170 416/779/416
f 882/1558/882 828/1526/828 884/1554/884
f 829/821/829 831/1533/831 830/1528/830
f 879/1240/879 878/1242/878 880/1191/880
f 837/1541/837 836/1559/836 838/1560/838
f 854/820/854 842/976/842 841/1532/841
f 845/1561/845 846/1562/846 844/1563/844
f 1306/1564/1306 1317/1565/1317 1290/1566/1290
f 483/939/483 838/1560/838 848/1015/848
f 504/1556/504 819/1539/819 818/940/818
f 845/1561/845 857/1545/857 858/1567/858
f 2691/532/2691 885/1568/885 2690/573/2690
f 833/1569/833 834/1570/834 822/1542/822
f 642/1092/642 129/866/129 136/865/136
f 833/1569/833 820/1538/820 832/1571/832
f 856/1572/856 855/977/855 857/1545/857
f 836/1573/836 843/975/843 844/1563/844
f 651/1188/651 810/942/810 811/944/811
f 853/978/853 852/819/852 851/1544/851
f 2203/1574/2203 484/828/484 2202/1547/2202
f 831/1533/831 504/1556/504 830/1528/830
f 847/1575/847 845/1561/845 858/1567/858
f 828/1526/828 827/1525/827 829/821/829
f 841/1532/841 833/1569/833 831/1533/831
f 824/1515/824 839/1521/839 825/1530/825
f 824/1515/824 823/1514/823 651/1188/651
f 826/1524/826 860/1190/860 825/1530/825
f 861/1192/861 825/1530/825 860/1190/860
f 823/1514/823 652/1189/652 651/1188/651
f 876/1576/876 874/1504/874 863/1503/863
f 875/1449/875 877/1241/877 896/1577/896
f 845/1561/845 844/1578/844 856/1572/856
f 866/1579/866 870/1287/870 867/1260/867
f 846/1562/846 845/1561/845 847/1575/847
f 143/1580/143 1042/1581/1042 1044/1582/1044
f 842/976/842 834/1570/834 841/1532/841
f 847/1575/847 848/1015/848 846/1562/846
f 857/1545/857 859/1534/859 858/1567/858
f 2356/1060/2356 2355/1583/2355 2364/1058/2364
f 846/1562/846 848/1015/848 838/1560/838
f 838/1560/838 844/1563/844 846/1562/846
f 848/1015/848 816/1510/816 817/1014/817
f 829/821/829 840/1529/840 852/819/852
f 1451/1584/1451 1688/1585/1688 1452/1586/1452
f 1068/1587/1068 1066/1588/1066 1065/638/1065
f 856/1572/856 844/1578/844 843/975/843
f 856/1572/856 843/975/843 855/977/855
f 986/1129/986 987/1128/987 928/1537/928
f 836/1573/836 835/1540/835 834/1570/834
f 860/1190/860 826/1524/826 882/1558/882
f 885/1555/885 492/1589/492 883/1590/883
f 1092/1107/1092 1093/1031/1093 1090/987/1090
f 552/991/552 551/984/551 1094/990/1094
f 947/1396/947 946/1536/946 945/1397/945
f 869/1169/869 720/1345/720 868/1327/868
f 822/1542/822 820/1538/820 833/1569/833
f 947/1591/947 948/1245/948 946/1536/946
f 883/1590/883 884/1554/884 885/1555/885
f 472/729/472 2695/1592/2695 2694/1507/2694
f 851/1544/851 852/819/852 840/1529/840
f 491/531/491 492/1589/492 2691/532/2691
f 831/1533/831 833/1569/833 832/1571/832
f 1696/927/1696 521/903/521 496/905/496
f 839/1521/839 811/1543/811 813/1500/813
f 865/790/865 655/1511/655 864/1593/864
f 855/977/855 573/1546/573 857/1545/857
f 840/1529/840 829/821/829 827/1525/827
f 1274/1594/1274 1273/1595/1273 1272/290/1272
f 2135/981/2135 2134/1596/2134 2136/1387/2136
f 826/1524/826 825/1530/825 827/1525/827
f 864/1593/864 862/1597/862 863/1503/863
f 719/1335/719 714/1328/714 720/1345/720
f 648/1258/648 646/1598/646 927/1599/927
f 721/1474/721 720/1345/720 869/1169/869
f 116/1482/116 2706/1033/2706 579/1600/579
f 522/938/522 526/945/526 544/947/544
f 871/1210/871 874/1504/874 873/1211/873
f 653/789/653 655/1511/655 865/790/865
f 2276/1601/2276 2277/142/2277 2270/1602/2270
f 2698/1253/2698 806/788/806 805/1262/805
f 1472/1603/1472 1029/896/1029 1470/895/1470
f 876/1576/876 863/1503/863 862/1597/862
f 154/1472/154 725/1473/725 723/1339/723
f 699/1167/699 871/1210/871 898/1116/898
f 864/1593/864 872/1505/872 866/1579/866
f 877/1241/877 673/1244/673 896/1577/896
f 860/1190/860 882/1558/882 880/1191/880
f 815/1506/815 816/1510/816 813/1500/813
f 875/1449/875 873/1211/873 874/1504/874
f 868/1327/868 870/1287/870 869/1169/869
f 872/1505/872 864/1593/864 863/1503/863
f 879/1240/879 882/1558/882 881/1009/881
f 621/1604/621 620/1605/620 889/1125/889
f 889/1125/889 672/1606/672 674/1243/674
f 1939/1607/1939 140/1007/140 1938/1006/1938
f 1471/1329/1471 900/1475/900 697/1115/697
f 2687/1608/2687 2689/1609/2689 2688/673/2688
f 504/1556/504 832/1571/832 819/1539/819
f 1120/1610/1120 1121/1551/1121 2702/1611/2702
f 836/1559/836 837/1541/837 835/1540/835
f 938/1612/938 958/1217/958 939/1613/939
f 985/1175/985 986/1129/986 929/1173/929
f 851/1544/851 850/1535/850 859/1534/859
f 2695/1592/2695 2688/673/2688 2694/1507/2694
f 670/1442/670 890/1126/890 891/516/891
f 893/1614/893 671/1443/671 670/1442/670
f 1679/1061/1679 71/318/71 1674/587/1674
f 889/1125/889 879/1240/879 888/1011/888
f 141/1441/141 674/1243/674 672/1606/672
f 2093/1615/2093 2082/1353/2082 90/1616/90
f 141/1441/141 671/1443/671 673/1244/673
f 1055/1119/1055 616/1056/616 1054/1159/1054
f 670/1442/670 1462/515/1462 892/1617/892
f 1464/1618/1464 1465/1619/1465 1463/1620/1463
f 141/1441/141 672/1606/672 670/1442/670
f 1465/1619/1465 1466/1293/1466 894/1498/894
f 786/1334/786 724/1346/724 723/1339/723
f 1135/1531/1135 1134/1621/1134 2125/1622/2125
f 896/1577/896 894/1498/894 895/1497/895
f 1474/1315/1474 1473/1476/1473 1475/1316/1475
f 927/1599/927 646/1598/646 926/1104/926
f 866/1579/866 867/1260/867 865/790/865
f 1034/1623/1034 1478/1624/1478 1479/1625/1479
f 1433/1626/1433 227/1627/227 1217/1628/1217
f 900/1475/900 708/1629/708 710/1338/710
f 2536/1630/2536 2525/1631/2525 2524/1632/2524
f 710/1338/710 899/1168/899 900/1475/900
f 153/1344/153 720/1345/720 721/1474/721
f 722/1337/722 901/1317/901 728/1336/728
f 150/1299/150 710/1338/710 708/1629/708
f 1969/1633/1969 1981/1634/1981 649/1635/649
f 2182/1162/2182 2183/963/2183 1145/1391/1145
f 741/1366/741 775/1209/775 776/1365/776
f 782/1461/782 725/1473/725 726/1291/726
f 734/1349/734 737/1367/737 735/1347/735
f 739/1369/739 737/1367/737 904/1360/904
f 922/1468/922 923/1636/923 921/1637/921
f 1158/973/1158 1159/1638/1159 1157/971/1157
f 737/1367/737 736/1363/736 735/1347/735
f 1021/1639/1021 905/1640/905 1019/1471/1019
f 741/1366/741 905/1640/905 906/1371/906
f 897/1450/897 698/1114/698 898/1116/898
f 1020/1641/1020 1021/1639/1021 1019/1471/1019
f 1024/1642/1024 1025/1643/1025 1023/1644/1023
f 1027/1379/1027 908/1381/908 907/1456/907
f 1022/1645/1022 1023/1644/1023 1021/1639/1021
f 1026/1646/1026 1027/1379/1027 1025/1643/1025
f 1101/1385/1101 1102/1647/1102 558/1407/558
f 907/1456/907 1025/1643/1025 1027/1379/1027
f 606/1402/606 752/1096/752 913/1648/913
f 1003/1649/1003 1002/1650/1002 1001/1383/1001
f 612/1651/612 940/1652/940 917/1399/917
f 909/1653/909 911/1458/911 912/1457/912
f 994/1654/994 977/1213/977 976/1166/976
f 970/1655/970 915/1100/915 914/1656/914
f 910/1657/910 998/1658/998 911/1458/911
f 909/1653/909 910/1657/910 911/1458/911
f 914/1656/914 912/1457/912 997/1459/997
f 913/1648/913 750/1146/750 912/1457/912
f 1008/1659/1008 1017/1355/1017 1009/1111/1009
f 918/1660/918 609/1661/609 612/1651/612
f 966/1246/966 962/1180/962 967/1662/967
f 968/1093/968 136/865/136 954/1663/954
f 2106/654/2106 1096/830/1096 2107/1664/2107
f 127/1182/127 625/755/625 626/1132/626
f 2227/484/2227 2654/650/2654 1212/394/1212
f 924/1469/924 922/1468/922 921/1637/921
f 918/1660/918 921/1637/921 919/1106/919
f 919/1106/919 609/1665/609 918/1660/918
f 944/1103/944 945/1397/945 946/1536/946
f 942/1666/942 943/1102/943 924/1469/924
f 648/1258/648 135/1667/135 646/1598/646
f 958/1217/958 959/864/959 129/866/129
f 646/1598/646 135/1667/135 622/1668/622
f 924/1469/924 926/1104/926 925/1467/925
f 646/1598/646 925/1467/925 926/1104/926
f 1011/1332/1011 991/1255/991 1010/1254/1010
f 126/1046/126 135/1667/135 578/1047/578
f 1576/1669/1576 1575/1670/1575 1585/1671/1585
f 954/1663/954 952/1177/952 968/1093/968
f 839/1521/839 813/1500/813 850/1535/850
f 1012/1477/1012 986/1129/986 990/1672/990
f 1031/1673/1031 988/1674/988 716/1675/716
f 950/1176/950 967/1662/967 644/1676/644
f 984/1256/984 983/1174/983 982/1677/982
f 1011/1332/1011 1012/1477/1012 990/1672/990
f 982/1677/982 983/1174/983 930/1678/930
f 934/1679/934 931/1680/931 933/1681/933
f 935/1682/935 933/1681/933 953/1683/953
f 978/1684/978 979/1685/979 934/1679/934
f 973/1124/973 996/1686/996 975/1122/975
f 1004/1687/1004 977/1213/977 994/1654/994
f 941/1465/941 963/1464/963 964/1688/964
f 645/1179/645 644/1676/644 967/1662/967
f 975/1122/975 976/1166/976 974/1123/974
f 980/1212/980 979/1685/979 978/1684/978
f 938/1612/938 973/1124/973 974/1123/974
f 920/1466/920 918/1660/918 917/1399/917
f 757/1394/757 1128/1413/1128 1129/1415/1129
f 970/1655/970 939/1613/939 969/1689/969
f 956/1690/956 134/1691/134 645/1179/645
f 972/1692/972 973/1124/973 971/1693/971
f 1092/1107/1092 921/1637/921 923/1636/923
f 961/1181/961 962/1180/962 963/1464/963
f 943/1102/943 942/1666/942 964/1688/964
f 923/1636/923 1093/1031/1093 1092/1107/1092
f 622/1668/622 552/991/552 1094/990/1094
f 1094/990/1094 1093/1031/1093 923/1636/923
f 951/1178/951 929/1173/929 949/1557/949
f 143/1580/143 675/1247/675 1042/1581/1042
f 761/1694/761 759/1161/759 1133/1417/1133
f 967/1662/967 950/1176/950 966/1246/966
f 950/1176/950 951/1178/951 949/1557/949
f 644/1676/644 643/1091/643 952/1177/952
f 935/1682/935 934/1679/934 933/1681/933
f 953/1683/953 951/1178/951 952/1177/952
f 1014/1478/1014 716/1675/716 989/1127/989
f 948/1245/948 965/1695/965 966/1246/966
f 935/1682/935 955/1696/955 936/1697/936
f 1014/1478/1014 989/1127/989 1012/1477/1012
f 938/1612/938 974/1123/974 937/1165/937
f 985/1175/985 991/1255/991 990/1672/990
f 932/1698/932 933/1681/933 931/1680/931
f 152/1699/152 1028/894/1028 1029/896/1029
f 817/1014/817 2693/571/2693 886/1147/886
f 939/1613/939 971/1693/971 938/1612/938
f 984/1256/984 985/1175/985 983/1174/983
f 962/1180/962 965/1695/965 963/1464/963
f 902/1239/902 901/1317/901 707/1318/707
f 979/1685/979 980/1212/980 981/1109/981
f 665/1376/665 661/722/661 2181/1163/2181
f 2134/1596/2134 2135/981/2135 2151/1043/2151
f 1960/1700/1960 1975/1220/1975 1976/1701/1976
f 181/1702/181 2407/1703/2407 2467/31/2467
f 628/1076/628 2344/1704/2344 2345/1705/2345
f 747/1389/747 748/1393/748 746/1359/746
f 632/1706/632 130/1707/130 629/1078/629
f 750/1146/750 751/1392/751 912/1401/912
f 1016/1330/1016 1011/1332/1011 1010/1254/1010
f 986/1129/986 946/1536/946 929/1173/929
f 940/1652/940 969/1689/969 939/1613/939
f 976/1166/976 995/1708/995 994/1654/994
f 660/1709/660 955/1696/955 954/1663/954
f 940/1652/940 958/1217/958 960/1216/960
f 765/1437/765 667/1434/667 668/1184/668
f 964/1688/964 942/1666/942 941/1465/941
f 666/1710/666 945/1397/945 964/1688/964
f 1961/1711/1961 1959/1219/1959 677/1221/677
f 944/1103/944 964/1688/964 945/1397/945
f 932/1698/932 930/1678/930 951/1178/951
f 952/1177/952 643/1091/643 968/1093/968
f 972/1692/972 971/1693/971 970/1655/970
f 942/1666/942 924/1469/924 941/1465/941
f 961/1181/961 920/1466/920 917/1399/917
f 966/1246/966 965/1695/965 962/1180/962
f 924/1469/924 920/1466/920 941/1465/941
f 997/1459/997 911/1458/911 998/1658/998
f 129/866/129 957/1215/957 958/1217/958
f 645/1179/645 961/1181/961 960/1216/960
f 1005/1712/1005 1002/1650/1002 1003/1649/1003
f 956/1690/956 645/1179/645 960/1216/960
f 1009/1111/1009 1007/1713/1007 1008/1659/1008
f 669/1185/669 767/1433/767 1139/1204/1139
f 934/1679/934 936/1697/936 978/1684/978
f 990/1672/990 986/1129/986 985/1175/985
f 984/1256/984 982/1714/982 981/1715/981
f 1411/1716/1411 1425/1717/1425 1412/5/1412
f 982/1714/982 979/1685/979 981/1715/981
f 1030/1313/1030 1472/1603/1472 1474/1314/1474
f 932/1698/932 931/1680/931 930/1678/930
f 953/1683/953 955/1696/955 935/1682/935
f 884/1554/884 830/1528/830 885/1555/885
f 729/1238/729 727/1308/727 728/1336/728
f 977/1213/977 937/1165/937 976/1166/976
f 987/1128/987 988/1674/988 143/1580/143
f 840/1529/840 827/1525/827 825/1530/825
f 953/1683/953 933/1681/933 932/1698/932
f 930/1678/930 983/1174/983 929/1173/929
f 987/1128/987 716/1675/716 988/1674/988
f 1045/1259/1045 1051/1075/1051 1050/1032/1050
f 1944/1718/1944 1963/1719/1963 1977/1720/1977
f 682/1279/682 145/1278/145 800/1281/800
f 981/1109/981 980/1212/980 992/1110/992
f 1112/806/1112 1113/612/1113 478/804/478
f 1010/1254/1010 981/1109/981 1009/1111/1009
f 998/1658/998 996/1686/996 997/1459/997
f 1007/1713/1007 992/1721/992 993/1214/993
f 993/1214/993 992/1721/992 980/1212/980
f 1002/1650/1002 1004/1687/1004 994/1654/994
f 970/1655/970 914/1656/914 972/1692/972
f 1000/1382/1000 999/1384/999 998/1658/998
f 999/1384/999 975/1122/975 996/1686/996
f 969/1689/969 915/1100/915 970/1655/970
f 916/1722/916 915/1100/915 969/1689/969
f 916/1722/916 608/1723/608 915/1100/915
f 997/1459/997 972/1692/972 914/1656/914
f 1008/1659/1008 1007/1713/1007 1006/1724/1006
f 1002/1650/1002 994/1654/994 995/1708/995
f 1022/1725/1022 1003/1649/1003 1001/1383/1001
f 1005/1726/1005 1006/1724/1006 1004/1687/1004
f 1020/1727/1020 1005/1712/1005 1003/1649/1003
f 995/1708/995 1001/1383/1001 1002/1650/1002
f 1470/895/1470 1469/1728/1469 1472/1603/1472
f 1078/1729/1078 2090/554/2090 90/1616/90
f 976/1166/976 975/1122/975 995/1708/995
f 993/1214/993 1006/1724/1006 1007/1713/1007
f 325/1730/325 1756/307/1756 1757/1084/1757
f 927/1599/927 944/1103/944 928/1537/928
f 973/1124/973 972/1692/972 996/1686/996
f 1007/1713/1007 1009/1111/1009 992/1110/992
f 1011/1332/1011 990/1672/990 991/1255/991
f 1018/1362/1018 1005/1726/1005 1019/1471/1019
f 1028/894/1028 152/1699/152 1015/1422/1015
f 985/1175/985 984/1256/984 991/1255/991
f 1029/896/1029 717/1305/717 152/1699/152
f 1008/1659/1008 1006/1731/1006 1018/1362/1018
f 1016/1330/1016 902/1239/902 1015/1422/1015
f 1008/1659/1008 903/1361/903 1017/1355/1017
f 1005/1726/1005 1020/1641/1020 1019/1471/1019
f 736/1363/736 737/1367/737 739/1369/739
f 1025/1643/1025 906/1371/906 1023/1644/1023
f 739/1369/739 1019/1471/1019 905/1640/905
f 1021/1639/1021 1023/1644/1023 905/1640/905
f 742/1370/742 907/1456/907 744/1374/744
f 744/1374/744 743/1207/743 742/1370/742
f 1020/1641/1020 1022/1645/1022 1021/1639/1021
f 908/1381/908 751/1732/751 749/1375/749
f 1022/1725/1022 1001/1383/1001 1024/1733/1024
f 749/1375/749 907/1456/907 908/1381/908
f 1024/1642/1024 1026/1646/1026 1025/1643/1025
f 908/1381/908 909/1734/909 751/1732/751
f 1026/1735/1026 998/1658/998 910/1657/910
f 716/1675/716 717/1305/717 1031/1304/1031
f 969/1689/969 940/1652/940 916/1722/916
f 1421/1736/1421 1420/51/1420 1422/1737/1422
f 198/1738/198 197/540/197 1235/539/1235
f 716/1675/716 1014/1478/1014 152/1699/152
f 151/1499/151 711/1470/711 712/1321/712
f 1017/1355/1017 903/1361/903 734/1349/734
f 799/1323/799 712/1739/712 695/1320/695
f 1031/1304/1031 1032/1303/1032 676/1740/676
f 153/1344/153 718/1333/718 719/1335/719
f 154/1472/154 723/1339/723 724/1346/724
f 1960/1700/1960 677/1221/677 1975/1220/1975
f 1993/1203/1993 1990/1741/1990 1979/1742/1979
f 1034/1623/1034 1033/1301/1033 1478/1624/1478
f 1481/1743/1481 1035/1195/1035 1034/1623/1034
f 2161/1452/2161 409/1520/409 2647/1744/2647
f 1037/1197/1037 1033/1301/1033 1035/1195/1035
f 600/1134/600 1740/1133/1740 1741/1089/1741
f 135/1667/135 648/1258/648 647/1257/647
f 1044/1582/1044 927/1599/927 143/1580/143
f 988/1674/988 676/1740/676 143/1580/143
f 679/1745/679 2700/1746/2700 804/1261/804
f 1034/1623/1034 1035/1195/1035 1033/1301/1033
f 1013/1331/1013 1012/1477/1012 1011/1332/1011
f 143/1580/143 676/1740/676 675/1247/675
f 1055/1119/1055 615/1057/615 616/1056/616
f 146/1269/146 686/1276/686 687/1463/687
f 936/1697/936 934/1679/934 935/1682/935
f 1049/1747/1049 579/1600/579 2706/1033/2706
f 928/1537/928 143/1580/143 927/1599/927
f 660/1709/660 954/1663/954 136/865/136
f 2004/1748/2004 1996/1749/1996 2003/1750/2003
f 1049/1747/1049 567/1068/567 566/1022/566
f 526/945/526 525/1523/525 812/943/812
f 816/1510/816 815/1506/815 2693/571/2693
f 2705/1034/2705 1045/1259/1045 1050/1032/1050
f 642/1092/642 134/1691/134 956/1690/956
f 2618/377/2618 319/1751/319 2619/1752/2619
f 135/1667/135 647/1257/647 578/1047/578
f 2109/1753/2109 493/762/493 475/761/475
f 1050/1032/1050 584/1069/584 1049/1747/1049
f 1316/1754/1316 1315/1755/1315 1307/1756/1307
f 566/1022/566 565/1757/565 1047/1023/1047
f 2625/1758/2625 2626/1759/2626 2618/377/2618
f 1050/1032/1050 587/1074/587 584/1069/584
f 1590/7/1590 1587/1760/1587 1586/19/1586
f 123/1761/123 610/1762/610 581/1763/581
f 113/1764/113 564/912/564 565/1757/565
f 115/1045/115 578/1047/578 577/1765/577
f 514/1766/514 1062/1017/1062 1064/1016/1064
f 1754/1767/1754 318/1768/318 1753/641/1753
f 1060/1070/1060 1491/24/1491 1061/792/1061
f 813/1500/813 814/1501/814 815/1506/815
f 124/1055/124 1053/1769/1053 616/1056/616
f 1698/1770/1698 1693/874/1693 502/893/502
f 1046/1481/1046 578/1047/578 647/1257/647
f 1053/1769/1053 124/1055/124 614/1073/614
f 1071/909/1071 1069/1771/1069 1070/910/1070
f 1056/1130/1056 615/1057/615 1055/1119/1055
f 1796/1772/1796 1836/1773/1836 1814/1774/1814
f 1992/1775/1992 1984/1776/1984 650/1777/650
f 1043/1778/1043 1052/1779/1052 1044/1582/1044
f 1490/1780/1490 1058/1118/1058 1057/1781/1057
f 1056/1130/1056 1058/1118/1058 613/1072/613
f 598/1040/598 1488/1087/1488 1487/1041/1487
f 2085/666/2085 2084/1782/2084 2094/1354/2094
f 1043/1778/1043 1042/1581/1042 1041/1248/1041
f 1053/1769/1053 1051/1075/1051 1052/1779/1052
f 1066/1588/1066 1068/1783/1068 1067/1784/1067
f 117/1785/117 584/1069/584 587/1074/587
f 1690/1786/1690 521/903/521 1696/927/1696
f 1872/1787/1872 1911/1788/1911 1892/1789/1892
f 1499/333/1499 297/1790/297 312/331/312
f 1064/1016/1064 510/907/510 514/1766/514
f 1871/925/1871 108/1791/108 519/1792/519
f 2090/554/2090 2092/1793/2092 90/1616/90
f 2167/1794/2167 2166/781/2166 2164/1795/2164
f 510/637/510 1064/1016/1064 402/635/402
f 2087/1796/2087 1065/638/1065 2086/640/2086
f 576/1038/576 575/914/575 1082/913/1082
f 103/906/103 511/908/511 512/1797/512
f 549/993/549 553/992/553 576/1038/576
f 1070/910/1070 1067/1784/1067 1068/1783/1068
f 480/796/480 478/804/478 1114/764/1114
f 365/1798/365 1362/457/1362 1363/1799/1363
f 1072/1800/1072 1071/909/1071 1073/1801/1073
f 1075/1802/1075 1084/994/1084 1072/1800/1072
f 1072/1800/1072 1069/1803/1069 1071/909/1071
f 2075/659/2075 2073/660/2073 1085/1804/1085
f 549/993/549 576/1038/576 1083/1037/1083
f 893/1614/893 670/1442/670 892/1617/892
f 1459/1805/1459 590/1080/590 591/857/591
f 610/1762/610 1091/1105/1091 580/1036/580
f 1688/1585/1688 1450/708/1450 1685/585/1685
f 490/1806/490 99/713/99 1451/1584/1451
f 582/1035/582 1096/830/1096 1097/1021/1097
f 1083/1037/1083 1080/1807/1080 1084/994/1084
f 1080/1807/1080 1072/1800/1072 1084/994/1084
f 99/713/99 491/531/491 2692/712/2692
f 892/1617/892 1462/515/1462 1939/1607/1939
f 2171/647/2171 462/646/462 2170/1808/2170
f 1087/1809/1087 2073/660/2073 2074/1810/2074
f 2096/715/2096 455/630/455 2087/1796/2087
f 565/1757/565 564/912/564 575/914/575
f 1073/1801/1073 1074/911/1074 1076/1811/1076
f 1087/1809/1087 550/983/550 1086/1812/1086
f 512/1797/512 1081/1813/1081 1082/913/1082
f 115/1045/115 577/1765/577 575/914/575
f 575/914/575 1047/1023/1047 565/1757/565
f 790/1462/790 733/1348/733 781/836/781
f 1081/1813/1081 1080/1807/1080 1083/1037/1083
f 564/912/564 513/1013/513 512/1797/512
f 1086/1814/1086 550/983/550 549/993/549
f 1081/1813/1081 1083/1037/1083 1082/913/1082
f 610/1762/610 609/1665/609 919/1106/919
f 2646/1815/2646 2164/1795/2164 2163/1816/2163
f 1088/1817/1088 509/1818/509 1089/986/1089
f 580/1036/580 581/1763/581 610/1762/610
f 604/1020/604 607/1819/607 611/1820/611
f 1089/986/1089 574/988/574 1088/1821/1088
f 1400/1822/1400 1401/42/1401 180/1823/180
f 1095/535/1095 1091/1105/1091 509/1818/509
f 581/1763/581 580/1036/580 582/1035/582
f 192/1824/192 1399/17/1399 193/70/193
f 584/1069/584 567/1068/567 1049/1747/1049
f 507/936/507 102/1825/102 506/1553/506
f 923/1636/923 922/1468/922 925/1467/925
f 115/1045/115 575/914/575 576/1038/576
f 115/1045/115 576/1038/576 553/992/553
f 923/1636/923 622/1668/622 1094/990/1094
f 1091/1105/1091 1090/987/1090 1089/986/1089
f 123/1761/123 611/1820/611 612/1651/612
f 1092/1107/1092 1090/1826/1090 1091/1105/1091
f 1103/1827/1103 554/1828/554 1102/1647/1102
f 547/1829/547 1913/1830/1913 546/1831/546
f 1895/1832/1895 1912/932/1912 547/1829/547
f 1099/1408/1099 754/1097/754 1098/1019/1098
f 123/1761/123 581/1763/581 611/1820/611
f 281/247/281 260/234/260 2111/248/2111
f 769/1429/769 771/1171/771 763/1423/763
f 1098/1019/1098 605/1409/605 604/1020/604
f 1498/1833/1498 1504/1066/1504 297/1790/297
f 1127/1834/1127 1129/1415/1129 1128/1413/1128
f 2105/1835/2105 1101/1385/1101 1100/1836/1100
f 1101/1385/1101 1099/1408/1099 1100/1836/1100
f 1131/1414/1131 1132/1395/1132 757/1394/757
f 554/1828/554 111/1837/111 558/1407/558
f 481/998/481 494/841/494 1108/999/1108
f 658/1002/658 138/1421/138 657/1000/657
f 2062/1094/2062 2063/1838/2063 2061/1839/2061
f 481/998/481 1107/1840/1107 494/841/494
f 1107/1840/1107 97/822/97 482/826/482
f 555/996/555 554/1828/554 1103/1827/1103
f 2142/1841/2142 2126/1842/2126 2125/1622/2125
f 1107/1840/1107 482/826/482 495/1843/495
f 509/1818/509 102/1825/102 507/936/507
f 2134/1844/2134 597/1143/597 663/1845/663
f 1111/805/1111 2120/678/2120 2684/1846/2684
f 454/1847/454 1111/805/1111 2121/1848/2121
f 835/1540/835 822/1542/822 834/1570/834
f 2134/1844/2134 663/1845/663 2133/1225/2133
f 1081/1813/1081 1067/1784/1067 1069/1771/1069
f 1109/997/1109 1257/1849/1257 2120/678/2120
f 1112/806/1112 452/613/452 1113/612/1113
f 454/1847/454 1112/806/1112 1111/805/1111
f 1269/1850/1269 1254/1851/1254 1268/1852/1268
f 482/826/482 480/796/480 1114/764/1114
f 1120/1610/1120 1117/827/1117 1119/1853/1119
f 97/822/97 481/998/481 479/794/479
f 2123/614/2123 2124/838/2124 1113/612/1113
f 2145/1854/2145 2146/1388/2146 2129/1425/2129
f 1116/763/1116 1119/1853/1119 1117/827/1117
f 781/836/781 791/835/791 790/1462/790
f 2312/814/2312 2313/817/2313 2645/812/2645
f 1126/867/1126 2155/750/2155 2154/1418/2154
f 667/1434/667 669/1185/669 668/1184/668
f 1121/1551/1121 1122/868/1122 1123/1855/1123
f 762/1001/762 761/1694/761 1134/1621/1134
f 1121/1551/1121 1120/1610/1120 1119/1853/1119
f 532/881/532 533/1856/533 2426/682/2426
f 1125/1857/1125 1126/867/1126 1127/1834/1127
f 2299/1858/2299 2506/1859/2506 2507/1860/2507
f 657/1000/657 760/1150/760 761/1694/761
f 759/1161/759 1132/1395/1132 1133/1417/1133
f 2147/1420/2147 2146/1388/2146 2136/1387/2136
f 659/1205/659 766/1432/766 1137/1427/1137
f 777/1275/777 776/1365/776 1143/1274/1143
f 1136/1435/1136 2126/1842/2126 2127/1428/2127
f 772/1170/772 1140/1436/1140 1142/1372/1142
f 2143/1440/2143 2148/1386/2148 2144/1438/2144
f 1136/1435/1136 765/1437/765 764/1430/764
f 2132/1227/2132 2131/1861/2131 1143/1274/1143
f 2128/1424/2128 1137/1427/1137 640/1426/640
f 948/1245/948 947/1591/947 965/1695/965
f 1961/1711/1961 1940/1862/1940 1939/1607/1939
f 659/1205/659 767/1433/767 766/1432/766
f 1150/1863/1150 1148/1864/1148 1147/1137/1147
f 778/1378/778 2131/1861/2131 665/1376/665
f 638/1164/638 637/1865/637 2324/1866/2324
f 769/1429/769 768/1183/768 770/1172/770
f 772/1170/772 770/1172/770 1140/1436/1140
f 764/1430/764 668/1184/668 768/1183/768
f 2204/823/2204 1165/935/1165 2203/1867/2203
f 793/1341/793 792/837/792 1145/1391/1145
f 772/1446/772 773/1186/773 771/1171/771
f 756/1404/756 755/1373/755 558/1407/558
f 744/1374/744 745/1368/745 743/1207/743
f 684/1271/684 683/1270/683 738/1342/738
f 1145/1391/1145 1144/1377/1144 2182/1162/2182
f 2131/1861/2131 664/1447/664 665/1376/665
f 2317/724/2317 636/1868/636 638/1164/638
f 780/1453/780 685/1460/685 779/1454/779
f 1152/99/1152 680/1869/680 2187/100/2187
f 1159/1638/1159 1164/798/1164 2203/1574/2203
f 702/1488/702 701/1263/701 792/1870/792
f 2700/1746/2700 805/1262/805 804/1261/804
f 702/1488/702 792/1870/792 793/1341/793
f 1151/1871/1151 1150/1872/1150 2186/1234/2186
f 651/1188/651 654/1502/654 810/1873/810
f 725/1874/725 782/1461/782 783/1199/783
f 799/1323/799 694/1273/694 798/1272/798
f 795/1285/795 700/1296/700 794/1340/794
f 2333/1875/2333 2337/1876/2337 2338/1877/2338
f 1149/1878/1149 1148/1864/1148 1150/1863/1150
f 801/1326/801 796/1490/796 1148/1491/1148
f 871/1210/871 866/1579/866 872/1505/872
f 2333/1875/2333 2338/1877/2338 2185/1879/2185
f 713/1322/713 798/1324/798 797/1325/797
f 2186/1234/2186 2327/1880/2327 1151/1871/1151
f 2229/1881/2229 2678/385/2678 2658/387/2658
f 1149/1878/1149 802/1224/802 801/1326/801
f 790/1462/790 789/1200/789 783/1199/783
f 802/1224/802 804/1261/804 803/1222/803
f 144/1882/144 680/1883/680 679/1745/679
f 680/1883/680 144/1882/144 678/1884/678
f 2327/1880/2327 2335/1885/2335 2187/100/2187
f 1149/1878/1149 678/1886/678 144/1882/144
f 2191/1148/2191 88/972/88 1157/971/1157
f 1153/1268/1153 2699/1492/2699 1152/99/1152
f 2698/1253/2698 1153/1268/1153 2697/1252/2697
f 2700/1746/2700 1152/99/1152 2699/1492/2699
f 2354/1887/2354 2363/1888/2363 2364/1058/2364
f 2196/1889/2196 1160/1890/1160 2195/1891/2195
f 2183/963/2183 2325/962/2325 2184/1390/2184
f 1160/1890/1160 1161/809/1161 96/799/96
f 1167/770/1167 1166/931/1166 2204/823/2204
f 1160/1890/1160 1158/973/1158 2195/1891/2195
f 470/786/470 469/730/469 1169/787/1169
f 96/799/96 1161/809/1161 1163/797/1163
f 467/1892/467 93/959/93 486/1893/486
f 387/1894/387 386/1895/386 2212/600/2212
f 1161/809/1161 2196/1889/2196 2198/1896/2198
f 2201/829/2201 2199/714/2199 2200/974/2200
f 2197/670/2197 2198/1896/2198 2196/1889/2196
f 2213/601/2213 2214/800/2214 415/777/415
f 459/772/459 458/934/458 1168/769/1168
f 2201/829/2201 484/828/484 1163/797/1163
f 98/1897/98 488/844/488 467/1892/467
f 1173/427/1173 68/1898/68 1172/1899/1172
f 2422/1900/2422 2297/471/2297 2421/468/2421
f 460/739/460 2209/774/2209 2210/413/2210
f 688/1229/688 689/1266/689 690/1230/690
f 1167/770/1167 2204/823/2204 2205/768/2205
f 456/771/456 460/739/460 2211/412/2211
f 1162/808/1162 1161/809/1161 2198/1896/2198
f 2207/824/2207 2203/1867/2203 2202/1547/2202
f 2459/1901/2459 2400/1902/2400 2458/240/2458
f 544/947/544 809/1513/809 109/930/109
f 416/779/416 86/725/86 441/727/441
f 111/1837/111 555/996/555 556/1112/556
f 543/929/543 1166/931/1166 1167/770/1167
f 111/1837/111 557/1412/557 558/1407/558
f 821/941/821 837/1541/837 483/939/483
f 2633/1903/2633 2396/1904/2396 2619/1752/2619
f 1170/785/1170 457/602/457 2213/601/2213
f 2395/440/2395 2394/495/2394 2456/378/2456
f 415/777/415 1170/785/1170 2213/601/2213
f 293/1905/293 339/1906/339 56/363/56
f 443/1907/443 86/725/86 416/779/416
f 2693/571/2693 2688/673/2688 2689/572/2689
f 2023/310/2023 2002/1908/2002 38/311/38
f 78/1909/78 417/1910/417 418/1911/418
f 441/727/441 470/786/470 1170/785/1170
f 2542/1912/2542 2538/1913/2538 2513/1914/2513
f 1343/1915/1343 1342/504/1342 1341/503/1341
f 1364/1916/1364 1331/449/1331 1334/448/1334
f 369/1917/369 368/1918/368 1195/1919/1195
f 369/1917/369 1191/480/1191 1190/1920/1190
f 1277/251/1277 1252/419/1252 1270/1921/1270
f 1359/1922/1359 1360/1923/1360 1358/1924/1358
f 2696/446/2696 1200/1925/1200 1187/444/1187
f 1199/315/1199 1187/444/1187 1200/1925/1200
f 2696/446/2696 1194/1926/1194 400/1927/400
f 2251/1928/2251 2252/420/2252 2247/1929/2247
f 1185/671/1185 1184/672/1184 1179/1930/1179
f 1350/1931/1350 1356/1932/1356 1357/653/1357
f 1200/1925/1200 1198/543/1198 1199/542/1199
f 2689/1609/2689 2687/1608/2687 451/530/451
f 68/1898/68 1182/1933/1182 1183/1934/1183
f 1174/428/1174 2225/1405/2225 2226/1935/2226
f 1201/743/1201 1196/1936/1196 1205/279/1205
f 2682/669/2682 2195/1937/2195 2680/1938/2680
f 80/1939/80 423/870/423 424/1940/424
f 80/1939/80 425/871/425 423/870/423
f 1175/426/1175 68/1898/68 1173/427/1173
f 406/643/406 410/1519/410 2290/1083/2290
f 1182/1933/1182 442/1941/442 1183/1934/1183
f 442/1941/442 86/725/86 1183/1934/1183
f 1186/314/1186 1185/1942/1185 1199/315/1199
f 1179/1943/1179 1184/672/1184 1180/1944/1180
f 1190/1920/1190 1191/480/1191 1189/1945/1189
f 1181/1946/1181 1177/1947/1177 1180/1944/1180
f 64/476/64 1358/1924/1358 1360/477/1360
f 2676/1948/2676 2659/1949/2659 2675/1950/2675
f 524/1522/524 472/729/472 814/1501/814
f 2686/280/2686 1207/1951/1207 378/278/378
f 378/278/378 1204/574/1204 1205/279/1205
f 2701/1113/2701 2702/1611/2702 1121/1551/1121
f 1774/1952/1774 1750/1953/1750 1777/624/1777
f 1209/410/1209 342/401/342 1208/1954/1208
f 1197/1955/1197 400/1927/400 1196/1936/1196
f 1206/1956/1206 378/1957/378 1207/1951/1207
f 1208/1954/1208 1206/1956/1206 1207/1951/1207
f 89/1958/89 451/530/451 450/619/450
f 1204/574/1204 449/1959/449 1201/743/1201
f 67/1960/67 376/567/376 378/278/378
f 1046/1481/1046 647/1257/647 2705/1034/2705
f 1183/1934/1183 86/725/86 443/1907/443
f 1218/1961/1218 1219/1962/1219 1217/1628/1217
f 525/1523/525 524/1522/524 814/1501/814
f 1206/1956/1206 67/1963/67 378/1957/378
f 451/530/451 89/1958/89 2692/712/2692
f 215/1964/215 2398/218/2398 2231/1965/2231
f 1213/575/1213 245/395/245 1212/394/1212
f 377/1966/377 67/1963/67 1206/1956/1206
f 343/1967/343 1206/1956/1206 1208/1954/1208
f 343/1967/343 1208/1954/1208 342/401/342
f 242/1968/242 1582/1969/1582 1581/1970/1581
f 1178/1971/1178 1176/408/1176 2685/1972/2685
f 2398/218/2398 2615/1973/2615 2399/1974/2399
f 1440/1975/1440 1441/1976/1441 1210/482/1210
f 1614/1977/1614 1612/1978/1612 1613/1979/1613
f 247/1980/247 1211/396/1211 245/395/245
f 33/752/33 1212/394/1212 2654/650/2654
f 1542/538/1542 1543/298/1543 1540/352/1540
f 264/1981/264 265/216/265 1215/215/1215
f 226/1982/226 2228/1983/2228 1214/1984/1214
f 1215/215/1215 2229/1985/2229 2230/1986/2230
f 228/214/228 22/1987/22 226/1982/226
f 2651/1988/2651 2661/513/2661 2653/483/2653
f 2461/1989/2461 2400/1902/2400 2460/1990/2460
f 214/1991/214 1216/213/1216 215/1964/215
f 214/1991/214 18/148/18 216/150/216
f 215/1964/215 18/148/18 214/1991/214
f 249/1992/249 2116/1993/2116 1329/1994/1329
f 1217/1628/1217 214/1991/214 1218/1961/1218
f 1226/11/1226 1228/1995/1228 1231/1996/1231
f 1218/1961/1218 216/150/216 2233/1997/2233
f 289/1998/289 1541/1999/1541 1619/2000/1619
f 1437/180/1437 244/2001/244 243/2002/243
f 167/27/167 165/26/165 163/54/163
f 2017/2003/2017 1670/405/1670 2002/1908/2002
f 163/54/163 164/2004/164 1221/2005/1221
f 163/54/163 1220/147/1220 167/27/167
f 2578/2006/2578 2547/2007/2547 2566/2008/2566
f 1222/146/1222 168/2009/168 167/27/167
f 1231/1996/1231 1230/2010/1230 2238/34/2238
f 166/2011/166 168/2009/168 1223/37/1223
f 5/2012/5 169/44/169 170/2013/170
f 1229/1357/1229 1227/2014/1227 2236/2015/2236
f 2409/2016/2409 183/2017/183 2240/1312/2240
f 155/1310/155 1231/1996/1231 1232/2/1232
f 155/1310/155 159/2018/159 1231/1996/1231
f 1230/2010/1230 2237/1356/2237 2408/2019/2408
f 2246/220/2246 2252/420/2252 2253/221/2253
f 1228/1995/1228 1225/36/1225 1227/2014/1227
f 2245/2020/2245 2416/191/2416 2418/192/2418
f 2245/2020/2245 2255/2021/2255 2244/2022/2244
f 1451/1584/1451 99/713/99 1450/708/1450
f 1432/20/1432 164/2004/164 162/2023/162
f 1233/15/1233 2263/2024/2263 1234/541/1234
f 1310/2025/1310 211/2026/211 16/2027/16
f 1237/2028/1237 2279/132/2279 2278/2029/2278
f 2281/125/2281 1235/2030/1235 212/126/212
f 1541/1999/1541 289/1998/289 1621/328/1621
f 2267/2031/2267 2268/2032/2268 2279/132/2279
f 2267/2031/2267 2276/1601/2276 2268/2032/2268
f 2284/219/2284 1246/550/1246 1245/2033/1245
f 2269/243/2269 2278/2029/2278 2268/2032/2268
f 12/108/12 198/1738/198 1236/130/1236
f 2272/1049/2272 2273/144/2273 2264/124/2264
f 367/2034/367 1273/1595/1273 1274/1594/1274
f 2278/2029/2278 2269/243/2269 1238/244/1238
f 1282/2035/1282 1296/2036/1296 367/2034/367
f 195/117/195 1236/130/1236 1287/122/1287
f 39/291/39 1284/2037/1284 30/2038/30
f 1241/292/1241 1242/2039/1242 1243/2040/1243
f 1293/2041/1293 1273/1595/1273 1296/2036/1296
f 1309/241/1309 1311/2042/1311 1310/2025/1310
f 172/2043/172 1398/2044/1398 179/18/179
f 1115/765/1115 2293/839/2293 1118/2045/1118
f 1316/1754/1316 1307/1756/1307 1289/2046/1289
f 1286/123/1286 1285/2047/1285 1288/145/1288
f 2299/2048/2299 2423/758/2423 2300/2049/2300
f 2118/544/2118 383/249/383 1270/1921/1270
f 1251/429/1251 1250/2050/1250 1249/430/1249
f 1249/430/1249 1250/2050/1250 1247/551/1247
f 1257/1849/1257 427/2051/427 426/2052/426
f 392/2053/392 393/616/393 2684/1846/2684
f 390/611/390 389/2054/389 2249/609/2249
f 1104/1095/1104 1103/1827/1103 2063/1838/2063
f 1255/2055/1255 1267/2056/1267 1268/1852/1268
f 80/1939/80 427/2051/427 425/871/425
f 479/794/479 1109/997/1109 1110/795/1110
f 1262/2057/1262 1261/869/1261 1260/2058/1260
f 425/871/425 2062/1094/2062 1260/2058/1260
f 91/766/91 459/772/459 460/2059/460
f 1352/2060/1352 1264/676/1264 1263/675/1263
f 1266/527/1266 1265/674/1265 1264/676/1264
f 2118/544/2118 1268/1852/1268 2117/677/2117
f 1267/2056/1267 1298/2061/1298 2117/677/2117
f 2155/750/2155 2150/1042/2150 2152/1044/2152
f 1266/527/1266 1267/2056/1267 1265/674/1265
f 1118/2045/1118 1116/763/1116 1115/765/1115
f 425/871/425 1258/2062/1258 1259/840/1259
f 1258/2062/1258 427/2051/427 1257/1849/1257
f 1278/250/1278 1276/2063/1276 1277/251/1277
f 1257/1849/1257 426/2052/426 1256/679/1256
f 1255/2055/1255 1268/1852/1268 1254/1851/1254
f 1254/1851/1254 1269/1850/1269 1253/2064/1253
f 1122/868/1122 1119/1853/1119 1118/2045/1118
f 2254/200/2254 2245/2020/2245 2246/220/2246
f 1247/551/1247 1250/2050/1250 1271/2065/1271
f 1417/2066/1417 175/2067/175 1415/338/1415
f 1248/2068/1248 1249/430/1249 1247/551/1247
f 1245/2033/1245 1246/550/1246 1244/552/1244
f 1343/1915/1343 1318/223/1318 1344/2069/1344
f 2158/718/2158 2157/949/2157 2295/2070/2295
f 1130/2071/1130 2154/1418/2154 1133/1417/1133
f 52/2072/52 1757/1084/1757 1759/443/1759
f 2119/545/2119 1297/2073/1297 1281/2074/1281
f 1288/145/1288 1289/2046/1289 1307/1756/1307
f 1284/2037/1284 39/2075/39 1283/2076/1283
f 2122/615/2122 2292/185/2292 453/686/453
f 1280/546/1280 383/249/383 2118/544/2118
f 2120/678/2120 392/2053/392 2684/1846/2684
f 1316/1754/1316 1323/2077/1323 248/2078/248
f 2119/545/2119 1281/2074/1281 1280/546/1280
f 1276/2063/1276 1279/594/1279 1282/2035/1282
f 1280/546/1280 1281/2074/1281 1279/594/1279
f 1171/778/1171 61/506/61 1172/1899/1172
f 72/595/72 385/597/385 386/1895/386
f 1321/2079/1321 1322/2080/1322 1317/1565/1317
f 2247/1929/2247 2248/2081/2248 2251/1928/2251
f 1297/2073/1297 2117/677/2117 1298/2061/1298
f 1299/499/1299 362/498/362 363/501/363
f 1292/524/1292 1283/2076/1283 1293/2041/1293
f 2045/197/2045 24/2082/24 2047/195/2047
f 1197/1955/1197 1196/1936/1196 1198/543/1198
f 1296/2036/1296 1294/2083/1294 1293/522/1293
f 1621/328/1621 1622/354/1622 1623/329/1623
f 1245/2033/1245 1244/552/1244 1243/2040/1243
f 1276/2063/1276 1275/2084/1275 1277/251/1277
f 2112/534/2112 2111/2085/2111 1365/2086/1365
f 1378/2087/1378 1379/2088/1379 1377/2089/1377
f 1304/224/1304 353/2090/353 352/222/352
f 2279/132/2279 2266/873/2266 2267/2031/2267
f 1238/244/1238 30/2038/30 1237/2028/1237
f 2040/1108/2040 2039/2091/2039 2036/2092/2036
f 196/2093/196 199/109/199 1408/2094/1408
f 1323/2077/1323 1316/1754/1316 1322/2080/1322
f 1368/2095/1368 19/2096/19 1367/2097/1367
f 1411/1716/1411 1410/113/1410 1423/2098/1423
f 1301/2099/1301 1300/497/1300 1353/2100/1353
f 1374/2101/1374 1375/2102/1375 1376/2103/1376
f 1294/2083/1294 360/2104/360 359/523/359
f 361/2105/361 350/2106/350 359/523/359
f 1295/2107/1295 360/2104/360 1294/2108/1294
f 354/2109/354 59/2110/59 351/2111/351
f 1310/2025/1310 16/2027/16 213/121/213
f 63/500/63 362/498/362 361/2105/361
f 1303/502/1303 64/2112/64 1344/2113/1344
f 1347/390/1347 2068/2114/2068 2055/2115/2055
f 1298/526/1298 1267/2056/1267 1266/527/1266
f 1352/2060/1352 1351/2116/1351 1353/2100/1353
f 1298/526/1298 1295/2117/1295 1297/2073/1297
f 1266/527/1266 1264/676/1264 1299/499/1299
f 63/500/63 360/2104/360 363/501/363
f 361/2105/361 1300/497/1300 351/2111/351
f 351/2111/351 1300/497/1300 1301/2099/1301
f 1334/448/1334 1337/2118/1337 60/2119/60
f 1305/2120/1305 353/2090/353 1304/224/1304
f 1321/2079/1321 2114/2121/2114 1322/2080/1322
f 2084/1782/2084 2085/666/2085 2077/2122/2077
f 353/2090/353 59/2110/59 352/222/352
f 1318/223/1318 1343/1915/1343 1341/503/1341
f 1295/2107/1295 1294/2108/1294 1296/2036/1296
f 1351/2116/1351 1349/406/1349 1348/389/1348
f 1315/1755/1315 1308/242/1308 1307/1756/1307
f 252/2123/252 28/157/28 254/245/254
f 2687/1608/2687 450/619/450 451/530/451
f 1324/2124/1324 1327/2125/1327 1325/2126/1325
f 1507/2127/1507 316/642/316 317/277/317
f 359/523/359 350/2106/350 1292/524/1292
f 1306/1564/1306 1291/2128/1291 1305/2120/1305
f 1326/2129/1326 1312/152/1312 1314/151/1314
f 1305/2120/1305 1292/524/1292 350/2106/350
f 1756/307/1756 1755/2130/1755 1757/1084/1757
f 1313/153/1313 1309/241/1309 1308/242/1308
f 1284/2037/1284 1283/529/1283 1291/528/1291
f 1329/1994/1329 1328/2131/1328 1327/2132/1327
f 2078/663/2078 403/2133/403 65/460/65
f 1312/152/1312 19/2096/19 1311/2042/1311
f 1312/152/1312 1326/2129/1326 1366/2134/1366
f 1315/1755/1315 1314/151/1314 1308/242/1308
f 1405/2135/1405 208/69/208 210/2136/210
f 21/175/21 1632/2137/1632 1607/2138/1607
f 1305/2120/1305 1304/224/1304 1306/1564/1306
f 1314/151/1314 1313/153/1313 1308/242/1308
f 1324/2124/1324 1314/151/1314 1315/1755/1315
f 2056/652/2056 1348/389/1348 69/407/69
f 2117/677/2117 1297/2073/1297 2119/545/2119
f 2116/1993/2116 248/2078/248 1323/2077/1323
f 1366/2134/1366 1367/2097/1367 1312/152/1312
f 1339/2139/1339 1319/2140/1319 1341/503/1341
f 1330/2141/1330 1331/449/1331 1328/2142/1328
f 1318/223/1318 1341/503/1341 1319/2140/1319
f 1578/2143/1578 1433/1626/1433 1217/1628/1217
f 1303/502/1303 354/2109/354 1302/388/1302
f 59/2110/59 353/2090/353 350/2106/350
f 1341/503/1341 1340/505/1340 1339/2139/1339
f 2115/2144/2115 2114/2121/2114 1335/2145/1335
f 1350/1931/1350 69/407/69 1349/406/1349
f 61/506/61 347/2146/347 2222/2147/2222
f 2115/2144/2115 2116/1993/2116 1323/2077/1323
f 1335/2145/1335 1336/2148/1336 1334/448/1334
f 1335/2145/1335 1334/448/1334 1333/447/1333
f 1374/2101/1374 1405/2135/1405 210/2136/210
f 1527/58/1527 1378/2087/1378 10/2149/10
f 211/2026/211 1310/2025/1310 1311/2042/1311
f 1328/2142/1328 1329/1994/1329 1330/2141/1330
f 1368/2095/1368 259/2150/259 1369/2151/1369
f 1365/2086/1365 1325/2126/1325 1328/2142/1328
f 1365/2086/1365 1364/533/1364 2112/534/2112
f 1345/2152/1345 1343/1915/1343 1344/2069/1344
f 1366/2134/1366 1325/2126/1325 1365/2086/1365
f 1339/2139/1339 1337/2118/1337 1338/2153/1338
f 1335/2145/1335 1333/447/1333 2115/2144/2115
f 1271/2065/1271 1250/2050/1250 1252/419/1252
f 379/2154/379 68/1898/68 1175/426/1175
f 2110/2155/2110 54/369/54 2113/246/2113
f 2051/2156/2051 2054/2157/2054 2052/661/2052
f 2056/652/2056 2059/2158/2059 2068/2114/2068
f 1338/2153/1338 2114/2121/2114 1321/2079/1321
f 1306/1564/1306 1320/2159/1320 1317/1565/1317
f 1402/2160/1402 1376/2103/1376 1377/2089/1377
f 2149/2161/2149 1134/1621/1134 2153/1416/2153
f 761/1694/761 1133/1417/1133 1134/1621/1134
f 1352/2060/1352 1263/675/1263 1351/2116/1351
f 1262/2057/1262 1260/2058/1260 1354/2162/1354
f 1301/2099/1301 1353/2100/1353 1348/389/1348
f 380/548/380 70/73/70 2510/580/2510
f 1356/1932/1356 1350/1931/1350 1354/2162/1354
f 1355/2163/1355 1354/2162/1354 1260/2058/1260
f 1263/675/1263 1261/869/1261 1262/2057/1262
f 2506/74/2506 2550/2164/2550 2508/72/2508
f 1138/1206/1138 2129/1425/2129 1139/1204/1139
f 365/1798/365 366/475/366 1362/457/1362
f 1357/653/1357 2060/2165/2060 2057/651/2057
f 1387/2166/1387 1388/2167/1388 1386/92/1386
f 1353/2100/1353 1299/499/1299 1352/2060/1352
f 2061/1839/2061 1356/1932/1356 1355/2163/1355
f 423/870/423 1261/869/1261 1263/675/1263
f 352/222/352 59/2110/59 354/2109/354
f 69/407/69 1350/1931/1350 1357/653/1357
f 1275/2084/1275 1274/1594/1274 1271/2065/1271
f 2060/2165/2060 2061/1839/2061 2058/508/2058
f 1350/1931/1350 1262/2057/1262 1354/2162/1354
f 444/668/444 446/2168/446 2507/1860/2507
f 1348/389/1348 1353/2100/1353 1351/2116/1351
f 2054/2157/2054 1358/1924/1358 2055/2115/2055
f 2075/659/2075 421/2169/421 420/463/420
f 1359/1922/1359 2050/2170/2050 1361/458/1361
f 1309/241/1309 1310/2025/1310 1288/145/1288
f 60/2119/60 1340/505/1340 1342/504/1342
f 1172/1899/1172 2224/1406/2224 1173/427/1173
f 1345/2171/1345 1363/1799/1363 1342/504/1342
f 310/2172/310 2665/2173/2665 2676/1948/2676
f 64/2112/64 365/1798/365 1344/2113/1344
f 60/2119/60 1364/1916/1364 1334/448/1334
f 1278/250/1278 383/249/383 1280/546/1280
f 62/441/62 357/2174/357 358/2175/358
f 1338/2153/1338 1337/2118/1337 1336/2148/1336
f 1368/2095/1368 1367/2097/1367 260/234/260
f 1332/2176/1332 1330/2141/1330 2116/1993/2116
f 1332/2176/1332 1333/447/1333 1331/449/1331
f 1338/2153/1338 1336/2148/1336 2114/2121/2114
f 1332/2176/1332 1331/449/1331 1330/2141/1330
f 1326/2129/1326 1325/2126/1325 1366/2134/1366
f 260/234/260 259/2150/259 1368/2095/1368
f 1376/2103/1376 10/2149/10 1378/2087/1378
f 1325/2126/1325 1326/2129/1326 1324/2124/1324
f 1372/2177/1372 1371/2178/1371 1370/2179/1370
f 40/312/40 256/235/256 281/247/281
f 204/2180/204 14/86/14 201/2181/201
f 2576/2182/2576 2583/2183/2583 2571/2184/2571
f 1546/2185/1546 1531/2186/1531 1532/2187/1532
f 1515/231/1515 1514/232/1514 1372/2177/1372
f 201/2181/201 1517/2188/1517 1518/2189/1518
f 1408/2094/1408 1407/16/1407 1422/1737/1422
f 1396/41/1396 170/2013/170 1383/39/1383
f 201/2181/201 1518/2189/1518 1522/2190/1522
f 1519/2191/1519 204/2180/204 201/2181/201
f 16/2027/16 210/2136/210 208/69/208
f 193/70/193 194/198/194 209/71/209
f 1390/2192/1390 1387/2193/1387 1563/2194/1563
f 1384/62/1384 1388/2195/1388 1395/40/1395
f 171/2196/171 170/2013/170 1396/41/1396
f 1394/2197/1394 1395/40/1395 1388/2195/1388
f 200/133/200 1381/134/1381 1380/2198/1380
f 1530/2199/1530 1528/2200/1528 1529/2201/1529
f 1573/2202/1573 1571/2203/1571 1394/2204/1394
f 1562/90/1562 1561/281/1561 1600/2205/1600
f 202/85/202 1383/39/1383 1382/2206/1382
f 187/61/187 191/2207/191 1384/62/1384
f 9/2208/9 190/2209/190 191/2207/191
f 1575/1670/1575 1574/2210/1574 1573/2211/1573
f 1572/2212/1572 1396/41/1396 1571/2203/1571
f 191/2207/191 1385/282/1385 1384/62/1384
f 1562/90/1562 1563/2194/1563 1387/2193/1387
f 1567/2213/1567 1392/2214/1392 1391/2215/1391
f 1569/2216/1569 1570/2217/1570 1392/2214/1392
f 1573/2202/1573 1393/2218/1393 1585/1671/1585
f 1585/1671/1585 1589/9/1589 1588/8/1588
f 1410/113/1410 1409/1/1409 1423/2219/1423
f 1389/2220/1389 1392/2214/1392 1393/2218/1393
f 1391/2215/1391 1566/2221/1566 1567/2213/1567
f 1564/2222/1564 1391/2215/1391 1390/2192/1390
f 1394/2197/1394 1388/2195/1388 1389/2220/1389
f 172/2043/172 1397/2223/1397 1398/2044/1398
f 1571/2203/1571 1395/40/1395 1394/2204/1394
f 1420/51/1420 1419/53/1419 1422/1737/1422
f 1429/2224/1429 1576/1669/1576 1430/97/1430
f 1566/2221/1566 1565/2225/1565 2033/2226/2033
f 1578/2143/1578 1219/1962/1219 1432/20/1432
f 1576/1669/1576 1428/2227/1428 1575/1670/1575
f 1563/2194/1563 1564/2222/1564 1390/2192/1390
f 2031/2228/2031 1563/2194/1563 2030/2229/2030
f 179/18/179 1422/1737/1422 1407/16/1407
f 157/4/157 1410/113/1410 1411/1716/1411
f 2239/35/2239 2238/34/2238 2409/2016/2409
f 1406/115/1406 193/70/193 1399/17/1399
f 1373/2230/1373 1374/2101/1374 219/2231/219
f 1382/2206/1382 1379/2088/1379 1381/134/1381
f 5/2012/5 171/2196/171 172/2043/172
f 1383/39/1383 1404/2232/1404 1382/2206/1382
f 1571/2203/1571 1396/41/1396 1395/40/1395
f 1373/2230/1373 1371/2178/1371 1372/2177/1372
f 20/2233/20 224/2234/224 223/2235/223
f 2673/2236/2673 2674/2237/2674 2675/1950/2675
f 2176/1451/2176 2171/647/2171 2170/1808/2170
f 1402/2160/1402 1401/42/1401 1400/1822/1400
f 1404/2232/1404 169/44/169 1403/43/1403
f 2187/100/2187 1151/1871/1151 2327/1880/2327
f 2562/2238/2562 2551/2239/2551 2561/2240/2561
f 165/26/165 157/4/157 160/6/160
f 2271/2241/2271 2261/107/2261 2270/2242/2270
f 209/71/209 16/2027/16 208/69/208
f 196/2093/196 13/29/13 199/109/199
f 1397/2223/1397 171/2196/171 1396/41/1396
f 1236/130/1236 195/117/195 12/108/12
f 2495/66/2495 2490/110/2490 2489/67/2489
f 1254/1851/1254 1256/679/1256 1255/2055/1255
f 25/2243/25 236/199/236 237/203/237
f 196/2093/196 1423/2219/1423 1409/1/1409
f 2239/35/2239 1233/15/1233 1232/2/1232
f 1428/2227/1428 1574/2244/1574 1575/1670/1575
f 4/25/4 158/10/158 165/26/165
f 1398/2044/1398 1421/1736/1421 1422/1737/1422
f 1436/181/1436 1584/2245/1584 1580/179/1580
f 1417/2066/1417 1416/2246/1416 1418/2247/1418
f 4/25/4 166/2011/166 158/10/158
f 177/2248/177 1421/1736/1421 1427/2249/1427
f 2521/274/2521 2520/2250/2520 2452/2251/2452
f 1434/2252/1434 1433/1626/1433 1579/2253/1579
f 1587/1760/1587 1578/2143/1578 1586/19/1586
f 1419/53/1419 1408/2094/1408 1422/1737/1422
f 1585/1671/1585 1393/2218/1393 1570/2217/1570
f 199/109/199 1407/16/1407 1408/2094/1408
f 2611/2254/2611 44/2255/44 2614/2256/2614
f 1405/2135/1405 1400/1822/1400 192/1824/192
f 1425/1717/1425 1423/2098/1423 1419/53/1419
f 157/4/157 156/114/156 1410/113/1410
f 1398/2044/1398 1397/2223/1397 1572/2212/1572
f 1413/2257/1413 161/2258/161 160/6/160
f 1430/97/1430 178/339/178 1415/338/1415
f 1414/96/1414 161/2258/161 1413/2257/1413
f 1432/20/1432 162/2023/162 1431/95/1431
f 1591/50/1591 1579/2253/1579 1587/1760/1587
f 2647/2259/2647 2303/63/2303 2162/2260/2162
f 9/2208/9 188/87/188 189/89/189
f 4/25/4 168/2009/168 166/2011/166
f 156/114/156 155/1310/155 1409/1/1409
f 381/578/381 1448/568/1448 382/2261/382
f 196/30/196 1234/541/1234 197/28/197
f 2466/2262/2466 2407/1703/2407 2406/1358/2406
f 168/2009/168 1222/146/1222 1223/37/1223
f 1412/5/1412 1413/2257/1413 160/6/160
f 175/2067/175 1429/2224/1429 1415/338/1415
f 1420/51/1420 177/2248/177 176/2263/176
f 2286/2264/2286 2248/2081/2248 2247/1929/2247
f 230/79/230 231/190/231 2415/80/2415
f 175/2067/175 174/2265/174 1429/2224/1429
f 1421/1736/1421 177/2248/177 1420/51/1420
f 1428/2227/1428 174/2265/174 1427/2266/1427
f 1427/2249/1427 6/2267/6 177/2248/177
f 2048/2268/2048 2077/2122/2077 65/460/65
f 1419/53/1419 1418/2247/1418 1425/2269/1425
f 182/2270/182 2037/2271/2037 2039/2091/2039
f 1434/2252/1434 225/2272/225 1433/1626/1433
f 176/2273/176 175/2067/175 1417/2066/1417
f 1424/1053/1424 1413/2257/1413 1412/5/1412
f 176/2273/176 1417/2066/1417 1418/52/1418
f 1381/134/1381 1379/2088/1379 1380/2198/1380
f 1437/180/1437 243/2002/243 1436/181/1436
f 1497/459/1497 54/369/54 2048/2268/2048
f 162/2023/162 161/2258/161 1414/96/1414
f 2/2274/2 162/2023/162 164/2004/164
f 1227/2014/1227 1225/36/1225 1224/38/1224
f 159/12/159 1226/11/1226 1231/1996/1231
f 2/2274/2 164/2004/164 163/54/163
f 1228/1995/1228 1229/2275/1229 1230/2276/1230
f 267/2277/267 35/2278/35 264/1981/264
f 2039/2091/2039 1589/9/1589 182/2270/182
f 2402/2279/2402 1224/38/1224 2234/2280/2234
f 1215/215/1215 215/1964/215 1216/213/1216
f 2043/2281/2043 1597/2282/1597 1594/288/1594
f 1651/47/1651 288/2283/288 1644/45/1644
f 1435/2284/1435 225/2272/225 1434/2252/1434
f 2661/513/2661 2652/2285/2652 2660/514/2660
f 243/2002/243 1579/2253/1579 1436/181/1436
f 1443/2286/1443 1442/2287/1442 1582/2288/1582
f 27/2289/27 244/2001/244 247/1980/247
f 1602/2290/1602 1603/2291/1603 242/1968/242
f 1442/2287/1442 1440/1975/1440 1438/2292/1438
f 246/2293/246 245/395/245 1213/575/1213
f 1440/1975/1440 1439/2294/1439 1438/2292/1438
f 27/2289/27 247/1980/247 245/395/245
f 247/1980/247 1438/2292/1438 1439/2294/1439
f 228/214/228 1214/1984/1214 1215/215/1215
f 1439/2294/1439 1210/482/1210 1211/396/1211
f 1448/568/1448 1671/2295/1671 382/2261/382
f 1996/1749/1996 1671/2295/1671 1446/488/1446
f 1444/404/1444 313/402/313 314/184/314
f 1995/2296/1995 314/184/314 1668/212/1668
f 1675/397/1675 1672/2297/1672 1998/2298/1998
f 313/402/313 48/182/48 314/184/314
f 1321/2079/1321 1319/2140/1319 1338/2153/1338
f 1674/1062/1674 1673/586/1673 1675/397/1675
f 1672/2297/1672 382/2261/382 1671/2295/1671
f 58/2299/58 345/2300/345 346/2301/346
f 375/565/375 1447/489/1447 432/570/432
f 2648/268/2648 267/2277/267 2230/1986/2230
f 1673/586/1673 1672/2297/1672 1675/397/1675
f 1685/585/1685 1449/707/1449 1684/2302/1684
f 1205/279/1205 1204/574/1204 1201/743/1201
f 1807/2303/1807 1721/2304/1721 1727/2305/1727
f 382/2261/382 71/318/71 381/578/381
f 1455/2306/1455 1690/1786/1690 1691/916/1691
f 434/706/434 433/569/433 1449/707/1449
f 1706/2307/1706 1726/2308/1726 1725/2309/1725
f 2359/2310/2359 2360/2311/2360 2358/2312/2358
f 1458/2313/1458 1455/2306/1455 1691/916/1691
f 888/1011/888 621/1604/621 889/1125/889
f 588/1028/588 590/1080/590 1700/1081/1700
f 2692/712/2692 89/1958/89 435/834/435
f 1689/2314/1689 1452/2315/1452 521/903/521
f 946/1536/946 948/1245/948 949/1557/949
f 1698/882/1698 1700/1081/1700 1692/915/1692
f 491/531/491 99/713/99 492/1008/492
f 1457/1005/1457 1456/2316/1456 1458/2317/1458
f 1452/1586/1452 1453/2318/1453 1454/1004/1454
f 112/861/112 562/1010/562 561/862/561
f 619/856/619 560/1003/560 1457/1005/1457
f 1454/1004/1454 1453/2318/1453 1456/2316/1456
f 592/2319/592 1934/2320/1934 1936/920/1936
f 591/857/591 1457/1005/1457 1459/1805/1459
f 670/1442/670 672/1606/672 890/1126/890
f 119/1079/119 589/1030/589 592/2319/592
f 125/2321/125 620/1605/620 621/1604/621
f 1943/2322/1943 1945/1231/1945 1467/1294/1467
f 1974/2323/1974 1959/1219/1959 1958/2324/1958
f 1464/1618/1464 1941/2325/1941 1943/2322/1943
f 1798/2326/1798 431/2327/431 1745/1086/1745
f 896/1577/896 673/1244/673 671/1443/671
f 1481/1743/1481 1482/1141/1482 1036/1196/1036
f 1463/1620/1463 893/1614/893 892/1617/892
f 708/1629/708 900/1475/900 1471/1329/1471
f 671/1443/671 893/1614/893 894/1498/894
f 897/1450/897 896/1577/896 895/1497/895
f 698/1114/698 897/1450/897 895/1497/895
f 1968/2328/1968 1967/2329/1967 1966/2330/1966
f 1943/2322/1943 1466/1293/1466 1464/1618/1464
f 210/2136/210 211/2026/211 19/2096/19
f 696/1479/696 1469/1728/1469 1470/895/1470
f 731/1351/731 734/1349/734 733/1348/733
f 783/1199/783 782/1461/782 790/1462/790
f 1476/1251/1476 1477/1250/1477 1478/1624/1478
f 697/1115/697 1470/895/1470 1471/1329/1471
f 1949/1249/1949 1475/2331/1475 1946/2332/1946
f 717/1305/717 1029/896/1029 1030/1313/1030
f 1478/1624/1478 1033/1301/1033 1476/1251/1476
f 722/1337/722 721/1474/721 899/1168/899
f 917/1399/917 918/1660/918 612/1651/612
f 1472/1603/1472 1469/1728/1469 1473/1476/1473
f 150/1299/150 706/1298/706 710/1338/710
f 1986/2333/1986 1985/2334/1985 1987/2335/1987
f 676/1740/676 988/1674/988 1031/1673/1031
f 1473/1476/1473 1474/1315/1474 1472/1603/1472
f 1968/2328/1968 1969/1633/1969 1967/2329/1967
f 1475/2331/1475 1947/1233/1947 1946/2332/1946
f 1044/1582/1044 1045/1259/1045 648/1258/648
f 1038/1131/1038 1037/1197/1037 1036/1196/1036
f 1043/1778/1043 1044/1582/1044 1042/1581/1042
f 1043/1778/1043 1054/1159/1054 616/1056/616
f 1477/1250/1477 1951/859/1951 1479/1625/1479
f 1046/1481/1046 577/1765/577 578/1047/578
f 1481/1743/1481 1479/1625/1479 1480/858/1480
f 1483/1140/1483 626/1132/626 1038/1131/1038
f 1904/2336/1904 1884/2337/1884 1903/325/1903
f 1036/1196/1036 1035/1195/1035 1481/1743/1481
f 618/1064/618 1485/487/1485 617/1065/617
f 1484/2338/1484 1485/487/1485 624/2339/624
f 1038/1131/1038 1039/1403/1039 1037/1197/1037
f 1483/1140/1483 1484/2338/1484 624/2339/624
f 127/1182/127 626/1132/626 624/2339/624
f 1734/2340/1734 1735/2341/1735 1733/2342/1733
f 1736/2343/1736 1737/485/1737 1484/2338/1484
f 1490/1780/1490 1057/1781/1057 1489/2344/1489
f 603/1121/603 599/1039/599 1487/1041/1487
f 125/2321/125 619/856/619 620/1605/620
f 1816/2345/1816 1839/2346/1839 1840/2347/1840
f 1735/2348/1735 1714/1135/1714 1733/2342/1733
f 1038/1131/1038 1036/1196/1036 1483/1140/1483
f 558/1407/558 557/1412/557 756/1404/756
f 554/1828/554 558/1407/558 1102/1647/1102
f 1980/2349/1980 1965/2350/1965 1979/1742/1979
f 127/1182/127 624/2339/624 618/1064/618
f 1489/2344/1489 1745/1086/1745 1746/2351/1746
f 134/1691/134 644/1676/644 645/1179/645
f 585/791/585 586/2352/586 1059/1071/1059
f 1814/1774/1814 1744/2353/1744 1796/1772/1796
f 122/2354/122 605/1409/605 606/1402/606
f 1058/1118/1058 1490/1780/1490 1060/1070/1060
f 613/1072/613 615/1057/615 1056/1130/1056
f 1490/1780/1490 1489/2344/1489 1748/2355/1748
f 1801/2356/1801 1800/2357/1800 1802/2358/1802
f 1492/1018/1492 405/1048/405 1064/1016/1064
f 1730/473/1730 1808/472/1808 1790/2359/1790
f 1762/2360/1762 286/305/286 1756/307/1756
f 598/1040/598 121/2361/121 602/1085/602
f 1491/24/1491 1490/1780/1490 1748/2355/1748
f 1059/1071/1059 613/1072/613 1058/1118/1058
f 1492/1018/1492 1491/24/1491 412/23/412
f 1493/696/1493 404/2362/404 405/1048/405
f 1762/2360/1762 52/2072/52 1759/443/1759
f 1494/695/1494 1495/694/1495 65/460/65
f 402/635/402 401/2363/401 1065/638/1065
f 1750/1953/1750 1774/1952/1774 1751/2364/1751
f 1493/696/1493 1750/1953/1750 1751/2364/1751
f 75/2365/75 402/635/402 405/1048/405
f 285/306/285 41/301/41 283/275/283
f 2696/446/2696 1192/479/1192 1194/1926/1194
f 1181/1946/1181 1180/1944/1180 1182/1933/1182
f 2218/598/2218 384/596/384 371/559/371
f 1520/2366/1520 1519/2191/1519 1521/2367/1521
f 1360/1923/1360 1359/1922/1359 1361/458/1361
f 1496/461/1496 1498/1833/1498 1497/459/1497
f 2069/810/2069 2053/811/2053 2055/2115/2055
f 403/2133/403 404/2362/404 1494/695/1494
f 1504/1066/1504 1498/1833/1498 1507/2127/1507
f 46/2368/46 302/2369/302 303/373/303
f 45/455/45 297/1790/297 279/2370/279
f 269/2371/269 271/2372/271 1503/1067/1503
f 247/1980/247 1439/2294/1439 1211/396/1211
f 270/128/270 252/2123/252 36/2373/36
f 251/159/251 1512/60/1512 250/2374/250
f 36/2373/36 269/2371/269 270/128/270
f 270/128/270 1523/295/1523 1510/158/1510
f 48/182/48 313/402/313 342/401/342
f 377/1966/377 343/1967/343 344/2375/344
f 1506/2376/1506 279/2370/279 1499/333/1499
f 1506/2376/1506 42/332/42 1505/270/1505
f 280/313/280 279/2377/279 1506/2376/1506
f 1539/2378/1539 1619/2000/1619 1541/1999/1541
f 2613/2379/2613 2612/2380/2612 2614/2256/2614
f 254/245/254 280/313/280 1506/2376/1506
f 31/233/31 259/2150/259 260/234/260
f 37/344/37 272/346/272 273/299/273
f 1623/329/1623 1637/2381/1637 1638/2382/1638
f 1502/269/1502 1503/1067/1503 271/2372/271
f 284/276/284 1520/2366/1520 1521/2367/1521
f 1514/232/1514 1516/160/1516 1513/59/1513
f 316/642/316 1507/2127/1507 1496/461/1496
f 1498/1833/1498 298/370/298 1497/459/1497
f 251/159/251 1510/158/1510 1511/294/1511
f 49/340/49 317/277/317 316/642/316
f 1520/2366/1520 274/345/274 1519/2191/1519
f 250/2374/250 28/157/28 251/159/251
f 1511/294/1511 1510/158/1510 1523/295/1523
f 1524/293/1524 1526/350/1526 1511/294/1511
f 1526/350/1526 251/159/251 1511/294/1511
f 258/236/258 253/230/253 29/229/29
f 186/1311/186 2242/78/2242 2241/13/2241
f 1370/2179/1370 29/229/29 1515/231/1515
f 257/237/257 28/157/28 253/230/253
f 28/157/28 250/2374/250 253/230/253
f 1527/58/1527 1380/2198/1380 1378/2087/1378
f 2422/1900/2422 2505/188/2505 2506/1859/2506
f 2415/80/2415 2244/2022/2244 2243/101/2243
f 252/2123/252 1506/2376/1506 36/2373/36
f 1527/58/1527 1526/350/1526 1525/351/1525
f 1656/2383/1656 51/2384/51 1657/438/1657
f 1522/2190/1522 1524/293/1524 1523/295/1523
f 234/105/234 11/14/11 2243/101/2243
f 170/2013/170 169/44/169 1404/2232/1404
f 1766/304/1766 1531/2385/1531 1530/2199/1530
f 1558/88/1558 203/84/203 1557/2386/1557
f 1520/2366/1520 272/346/272 274/345/274
f 1404/2232/1404 1403/43/1403 1379/2088/1379
f 1404/2232/1404 1379/2088/1379 1382/2206/1382
f 202/85/202 188/87/188 187/61/187
f 1522/2190/1522 1519/2191/1519 201/2181/201
f 1512/60/1512 1526/350/1526 1527/58/1527
f 1554/2387/1554 1556/2388/1556 1528/2200/1528
f 1523/295/1523 1509/127/1509 1522/2190/1522
f 1518/2189/1518 1525/351/1525 1524/293/1524
f 1519/2191/1519 1528/2200/1528 1556/2388/1556
f 1559/2389/1559 189/89/189 1558/88/1558
f 37/344/37 275/2390/275 274/345/274
f 252/2123/252 270/128/270 1510/158/1510
f 283/275/283 41/301/41 284/300/284
f 1529/2201/1529 1528/2200/1528 274/345/274
f 1531/2385/1531 1548/2391/1548 1530/2199/1530
f 1554/2387/1554 1551/2392/1551 1553/2393/1553
f 1518/2189/1518 1517/2188/1517 1525/351/1525
f 1517/2188/1517 200/133/200 1380/2198/1380
f 275/2390/275 1529/2201/1529 274/345/274
f 1654/303/1654 1532/2187/1532 1531/2385/1531
f 284/276/284 272/346/272 1520/2366/1520
f 1615/2394/1615 1533/2395/1533 1532/2187/1532
f 1675/397/1675 1676/399/1676 1674/1062/1674
f 1551/2392/1551 1548/2391/1548 1550/2396/1550
f 1539/2378/1539 1541/1999/1541 1540/352/1540
f 46/2368/46 276/228/276 300/2397/300
f 1534/2398/1534 1537/297/1537 1544/296/1544
f 1614/1977/1614 1613/2399/1613 1615/2394/1615
f 1548/2391/1548 1546/2185/1546 1547/2400/1547
f 1616/2401/1616 1533/2395/1533 1615/2394/1615
f 1537/297/1537 1534/2398/1534 1536/2402/1536
f 1549/323/1549 1550/2396/1550 1548/2391/1548
f 1636/353/1636 288/2283/288 1645/2403/1645
f 1617/2404/1617 1533/2395/1533 1616/2401/1616
f 1740/1133/1740 599/1039/599 1739/486/1739
f 1617/2404/1617 1535/2405/1535 1533/2395/1533
f 1618/2406/1618 1538/2407/1538 1535/2405/1535
f 1626/322/1626 1550/2396/1550 1549/323/1549
f 1642/2408/1642 1560/2409/1560 1631/2410/1631
f 1630/336/1630 1628/335/1628 1631/2410/1631
f 1570/2217/1570 2038/2411/2038 182/2270/182
f 1389/2220/1389 1393/2218/1393 1394/2197/1394
f 1552/2412/1552 1551/2392/1551 1550/2396/1550
f 1622/354/1622 1621/328/1621 1620/355/1620
f 1633/137/1633 1611/136/1611 1610/439/1610
f 1508/2413/1508 1509/127/1509 269/129/269
f 2629/2414/2629 2634/2415/2634 296/2416/296
f 43/2417/43 293/1905/293 294/2418/294
f 1637/2381/1637 1623/329/1623 1622/354/1622
f 358/2175/358 357/2174/357 1769/519/1769
f 1555/2419/1555 1553/2393/1553 1627/2420/1627
f 1619/2000/1619 288/2283/288 289/1998/289
f 1625/324/1625 1547/2400/1547 1545/2421/1545
f 2628/393/2628 2631/392/2631 2629/2414/2629
f 1647/2422/1647 1646/2423/1646 1652/2424/1652
f 1538/2407/1538 1534/2398/1534 1535/2405/1535
f 1555/2419/1555 1629/334/1629 1554/2387/1554
f 1579/2253/1579 1433/1626/1433 1587/1760/1587
f 1630/336/1630 1557/2386/1557 1629/334/1629
f 1774/1952/1774 1772/2425/1772 1773/2426/1773
f 1766/304/1766 301/308/301 1765/302/1765
f 289/1998/289 1620/355/1620 1621/328/1621
f 1532/2187/1532 1535/2405/1535 1534/2398/1534
f 1649/2427/1649 1641/2428/1641 1653/284/1653
f 275/2429/275 1766/304/1766 1529/2201/1529
f 1556/2388/1556 1629/334/1629 1557/2386/1557
f 1610/439/1610 1608/209/1608 1632/2137/1632
f 1631/2410/1631 1649/2430/1649 1642/2408/1642
f 1557/2386/1557 204/2180/204 1556/2388/1556
f 1558/88/1558 1557/2386/1557 1630/336/1630
f 1575/1670/1575 1573/2202/1573 1585/1671/1585
f 172/2043/172 171/2196/171 1397/2223/1397
f 1389/2220/1389 1388/2167/1388 1387/2166/1387
f 2030/2229/2030 1562/2431/1562 1599/2432/1599
f 169/44/169 173/2433/173 1401/42/1401
f 1603/2291/1603 1601/2434/1601 1604/174/1604
f 1385/93/1385 1561/281/1561 1386/94/1386
f 2032/2435/2032 1565/2225/1565 1564/2222/1564
f 1567/2213/1567 1566/2221/1566 2035/2436/2035
f 1569/2216/1569 1568/2437/1568 2038/2411/2038
f 1566/2221/1566 1391/2215/1391 1565/2225/1565
f 182/2270/182 2038/2411/2038 2037/2271/2037
f 1568/2437/1568 1567/2213/1567 2035/2436/2035
f 1568/2437/1568 1569/2216/1569 1567/2213/1567
f 255/2438/255 1649/2427/1649 1653/284/1653
f 180/1823/180 172/2043/172 179/18/179
f 1574/2244/1574 1398/2044/1398 1572/2212/1572
f 180/1823/180 173/2433/173 172/2043/172
f 1406/115/1406 1399/17/1399 1407/16/1407
f 1574/2244/1574 1427/2249/1427 1421/1736/1421
f 1431/95/1431 162/2023/162 1414/96/1414
f 1429/2224/1429 174/2265/174 1428/2227/1428
f 1576/1669/1576 1577/21/1577 1430/97/1430
f 1219/1962/1219 1221/2005/1221 1432/20/1432
f 243/2002/243 1435/2284/1435 1434/2252/1434
f 1426/337/1426 178/339/178 3/1054/3
f 2402/2279/2402 2235/2439/2235 1224/38/1224
f 2041/2440/2041 1584/2245/1584 1592/49/1592
f 1596/2441/1596 1602/2290/1602 1583/289/1583
f 225/2272/225 22/2442/22 227/1627/227
f 1438/2292/1438 1437/180/1437 1580/179/1580
f 1581/2443/1581 1580/179/1580 1583/289/1583
f 226/1982/226 22/2442/22 225/2272/225
f 1582/1969/1582 1442/2287/1442 1581/1970/1581
f 1593/287/1593 1580/179/1580 1584/2245/1584
f 1595/2444/1595 1600/2205/1600 1598/2445/1598
f 341/481/341 313/402/313 1444/404/1444
f 315/183/315 1441/1976/1441 1442/2287/1442
f 1583/289/1583 242/1968/242 1581/2443/1581
f 244/2001/244 1437/180/1437 1438/2292/1438
f 240/2446/240 1603/2291/1603 1604/174/1604
f 242/1968/242 26/2447/26 241/2448/241
f 1648/286/1648 255/2438/255 1653/284/1653
f 1446/488/1446 1445/403/1445 1670/405/1670
f 1603/2291/1603 240/2446/240 242/1968/242
f 1602/2290/1602 1601/2434/1601 1603/2291/1603
f 1586/19/1586 1577/21/1577 1588/8/1588
f 21/175/21 1604/174/1604 1601/2434/1601
f 2030/2229/2030 1597/2282/1597 2043/2281/2043
f 242/1968/242 241/2448/241 1582/2288/1582
f 1605/2449/1605 1606/173/1606 1666/1051/1666
f 1626/322/1626 1625/324/1625 1640/2450/1640
f 241/2448/241 1443/2286/1443 1582/2288/1582
f 1594/288/1594 2042/2451/2042 2043/2281/2043
f 1596/2441/1596 1583/289/1583 1594/288/1594
f 1589/9/1589 2040/1108/2040 1590/7/1590
f 417/1910/417 2076/2452/2076 2077/2122/2077
f 1570/2217/1570 182/2270/182 1589/9/1589
f 1412/5/1412 1425/2453/1425 3/1054/3
f 1377/2089/1377 1403/43/1403 1402/2160/1402
f 1433/1626/1433 225/2272/225 227/1627/227
f 1436/181/1436 1579/2253/1579 1584/2245/1584
f 1595/2454/1595 1596/2441/1596 1594/288/1594
f 1588/8/1588 1576/1669/1576 1585/1671/1585
f 2044/2455/2044 2043/2281/2043 2042/2451/2042
f 1577/21/1577 1431/95/1431 1430/97/1430
f 2499/2456/2499 224/2234/224 2498/2457/2498
f 2545/2458/2545 2499/2456/2499 2544/259/2544
f 2042/2451/2042 1593/287/1593 2041/2440/2041
f 8/2459/8 183/2017/183 184/2460/184
f 403/2133/403 1494/695/1494 65/460/65
f 1429/2224/1429 1428/2227/1428 1576/1669/1576
f 1068/2461/1068 2087/1796/2087 1070/910/1070
f 1646/2423/1646 1645/2462/1645 1652/2424/1652
f 2068/2114/2068 2069/810/2069 2055/2115/2055
f 1415/338/1415 1416/2246/1416 1417/2066/1417
f 1664/2463/1664 1663/1052/1663 1666/1051/1666
f 1666/1051/1666 1607/2138/1607 1664/2463/1664
f 1633/137/1633 1610/439/1610 1632/2137/1632
f 1598/2445/1598 1600/2205/1600 1601/2434/1601
f 1607/2138/1607 292/2464/292 1664/2463/1664
f 1597/2282/1597 1595/2444/1595 1594/288/1594
f 1595/2444/1595 1597/2282/1597 1599/2465/1599
f 1596/2441/1596 1598/2445/1598 1602/2290/1602
f 2032/2435/2032 1564/2222/1564 2031/2228/2031
f 1608/209/1608 292/2464/292 1607/2138/1607
f 255/2438/255 1651/2466/1651 1650/2467/1650
f 1602/2290/1602 1598/2445/1598 1601/2434/1601
f 1598/2445/1598 1596/2441/1596 1595/2454/1595
f 1442/2287/1442 1580/179/1580 1581/1970/1581
f 1605/2449/1605 1604/174/1604 1606/173/1606
f 26/2447/26 239/211/239 241/2448/241
f 1612/1978/1612 1611/136/1611 1613/1979/1613
f 1635/2468/1635 1644/45/1644 1619/2000/1619
f 1608/209/1608 290/208/290 292/2464/292
f 1612/1978/1612 1655/2469/1655 1656/2383/1656
f 1609/207/1609 1610/439/1610 1657/438/1657
f 1609/207/1609 1608/209/1608 1610/439/1610
f 1669/2470/1669 1444/404/1444 314/184/314
f 1811/2471/1811 1812/2472/1812 1810/2473/1810
f 1612/1978/1612 1656/2383/1656 1611/136/1611
f 1635/2468/1635 1618/2406/1618 1617/2404/1617
f 1623/329/1623 1638/2382/1638 1639/2474/1639
f 1619/2000/1619 1618/2406/1618 1635/2468/1635
f 1765/302/1765 1614/1977/1614 1654/303/1654
f 1615/2394/1615 1613/2399/1613 1616/2401/1616
f 1619/2000/1619 1538/2407/1538 1618/2406/1618
f 1545/2421/1545 1546/2475/1546 1544/2476/1544
f 1560/2409/1560 1642/2408/1642 21/175/21
f 1618/2406/1618 1535/2405/1535 1617/2404/1617
f 1538/2407/1538 1539/2378/1539 1536/2402/1536
f 1637/2477/1637 1636/353/1636 1645/2403/1645
f 21/175/21 1600/2205/1600 1561/281/1561
f 1539/2378/1539 1538/2407/1538 1619/2000/1619
f 1546/2185/1546 1545/2421/1545 1547/2400/1547
f 1552/2478/1552 1626/322/1626 1627/2420/1627
f 1600/2205/1600 1599/2432/1599 1562/2431/1562
f 1540/352/1540 1536/2402/1536 1539/2378/1539
f 43/2417/43 290/208/290 291/2479/291
f 1804/2480/1804 1787/2481/1787 1803/2482/1803
f 1545/2421/1545 1544/2476/1544 1543/298/1543
f 1549/323/1549 1547/2400/1547 1625/324/1625
f 190/2209/190 1559/2483/1559 1560/2409/1560
f 1552/2478/1552 1550/2396/1550 1626/322/1626
f 1537/297/1537 1536/2402/1536 1540/352/1540
f 1662/177/1662 56/363/56 1661/178/1661
f 255/2438/255 1652/2424/1652 1651/2466/1651
f 1549/323/1549 1548/2391/1548 1547/2400/1547
f 1555/2419/1555 1554/2387/1554 1553/2393/1553
f 38/311/38 1995/2296/1995 2001/2484/2001
f 1627/2420/1627 1653/284/1653 1641/2485/1641
f 1629/334/1629 1555/2419/1555 1628/335/1628
f 1559/2389/1559 1630/336/1630 1631/2486/1631
f 1663/1052/1663 1677/204/1677 1994/1050/1994
f 1620/355/1620 289/1998/289 288/2283/288
f 288/2283/288 1636/353/1636 1620/355/1620
f 1927/2487/1927 1930/2488/1930 1931/2489/1931
f 1635/2468/1635 1634/135/1634 1643/364/1643
f 617/1065/617 1739/486/1739 603/1121/603
f 1667/1144/1667 1666/1051/1666 1994/1050/1994
f 1638/2382/1638 1637/2477/1637 1645/2403/1645
f 1622/354/1622 1636/353/1636 1637/2477/1637
f 1627/2420/1627 1626/322/1626 1640/2450/1640
f 1555/2419/1555 1627/2490/1627 1628/335/1628
f 1560/2409/1560 1559/2389/1559 1631/2486/1631
f 1625/324/1625 1545/2421/1545 1543/298/1543
f 1487/1041/1487 1055/1119/1055 603/1121/603
f 1631/2410/1631 1628/335/1628 1641/2491/1641
f 1627/2420/1627 1553/2393/1553 1552/2478/1552
f 1632/2137/1632 1608/209/1608 1607/2138/1607
f 1644/45/1644 1635/2468/1635 1643/364/1643
f 191/2207/191 190/283/190 1385/282/1385
f 2022/309/2022 2024/2492/2024 2023/310/2023
f 1994/1050/1994 2001/2484/2001 1995/2296/1995
f 2657/386/2657 2671/2493/2671 2658/387/2658
f 1639/2474/1639 1647/2422/1647 1648/286/1648
f 428/2494/428 1779/623/1779 1780/2495/1780
f 1646/2423/1646 1638/2382/1638 1645/2403/1645
f 1646/2423/1646 1639/2474/1639 1638/2382/1638
f 2016/2496/2016 2022/309/2022 38/311/38
f 1901/2497/1901 1902/327/1902 1883/326/1883
f 1609/207/1609 1657/438/1657 291/2479/291
f 1670/405/1670 1444/404/1444 1669/2470/1669
f 1647/2422/1647 255/2438/255 1648/286/1648
f 1639/2474/1639 1646/2423/1646 1647/2422/1647
f 340/361/340 339/1906/339 1658/423/1658
f 339/1906/339 291/2479/291 1658/423/1658
f 1237/2028/1237 1285/2047/1285 1286/123/1286
f 1542/538/1542 1540/352/1540 287/330/287
f 1612/1978/1612 1614/1977/1614 1655/2469/1655
f 1661/2498/1661 56/363/56 1660/2499/1660
f 1803/2482/1803 1821/2500/1821 1822/582/1822
f 2277/142/2277 2274/141/2274 2273/144/2273
f 1285/2047/1285 1290/1566/1290 1289/2046/1289
f 1628/335/1628 1627/2490/1627 1641/2485/1641
f 1617/2404/1617 1616/2401/1616 1634/135/1634
f 2094/1354/2094 2084/1782/2084 2075/659/2075
f 43/2417/43 291/2479/291 293/1905/293
f 2608/432/2608 2607/434/2607 2609/453/2609
f 1546/2475/1546 1534/2398/1534 1544/2476/1544
f 1657/438/1657 51/2384/51 1783/421/1783
f 340/361/340 56/363/56 339/1906/339
f 339/1906/339 293/1905/293 291/2479/291
f 1788/2501/1788 1789/2502/1789 1660/2499/1660
f 1786/2503/1786 1659/360/1659 1785/359/1785
f 43/2417/43 292/2464/292 290/208/290
f 1660/2499/1660 340/361/340 1659/360/1659
f 1660/2499/1660 1659/360/1659 1788/2501/1788
f 1796/1772/1796 1743/1088/1743 1742/1090/1742
f 1658/423/1658 1785/359/1785 340/361/340
f 2023/310/2023 2017/2003/2017 2002/1908/2002
f 1807/2303/1807 1661/2498/1661 1789/699/1789
f 2617/376/2617 2456/378/2456 2455/606/2455
f 1337/2118/1337 1339/2139/1339 1340/505/1340
f 295/2504/295 2635/2505/2635 296/2416/296
f 2034/196/2034 2033/2226/2033 2045/197/2045
f 56/363/56 340/361/340 1660/2499/1660
f 1650/46/1650 1632/2137/1632 1649/2427/1649
f 2174/2506/2174 2163/1816/2163 2175/2507/2175
f 1443/210/1443 241/2448/241 239/211/239
f 1201/743/1201 1202/316/1202 1198/543/1198
f 2025/2508/2025 2028/742/2028 2027/2509/2027
f 292/2464/292 294/2418/294 1664/2463/1664
f 1624/285/1624 1639/2474/1639 1648/286/1648
f 239/211/239 238/2510/238 1667/1144/1667
f 2004/1748/2004 1997/2511/1997 1996/1749/1996
f 2042/2451/2042 2041/2440/2041 2045/197/2045
f 2003/1750/2003 2029/741/2029 2004/1748/2004
f 26/2447/26 240/2446/240 238/2510/238
f 344/490/344 1445/2512/1445 1446/488/1446
f 1999/398/1999 2005/2513/2005 1676/2514/1676
f 1447/489/1447 377/1966/377 344/2375/344
f 2000/425/2000 2001/2484/2001 1678/206/1678
f 2021/2515/2021 2020/2516/2020 2024/2492/2024
f 24/2082/24 2041/2440/2041 1592/49/1592
f 1996/1749/1996 1997/2511/1997 1998/2298/1998
f 2006/2517/2006 2007/205/2007 2005/2513/2005
f 1705/2518/1705 1685/585/1685 1684/2302/1684
f 1999/398/1999 1998/2298/1998 1997/2511/1997
f 1448/568/1448 432/570/432 1447/489/1447
f 1452/1586/1452 559/2519/559 1451/1584/1451
f 433/569/433 1448/568/1448 1449/707/1449
f 1728/474/1728 1719/2520/1719 1721/2304/1721
f 1282/2035/1282 1295/2107/1295 1296/2036/1296
f 2017/2003/2017 2027/2509/2027 2003/1750/2003
f 1727/2305/1727 1724/2521/1724 1680/317/1680
f 1996/1749/1996 1670/2522/1670 2003/1750/2003
f 326/424/326 2015/2523/2015 2000/425/2000
f 2014/2524/2014 2013/2525/2013 2012/2526/2012
f 2017/2003/2017 2026/2527/2026 2027/2509/2027
f 1687/2528/1687 1697/928/1697 1688/904/1688
f 1605/2449/1605 1666/1051/1666 1667/1144/1667
f 1686/583/1686 1685/585/1685 1705/2518/1705
f 2015/2523/2015 2013/2525/2013 2014/2524/2014
f 1724/2521/1724 1727/2305/1727 1721/2304/1721
f 382/2261/382 1673/586/1673 71/318/71
f 1749/22/1749 411/622/411 412/23/412
f 1728/474/1728 1829/2529/1829 1808/472/1808
f 1683/705/1683 1684/2302/1684 1449/707/1449
f 1682/577/1682 1683/705/1683 381/578/381
f 617/1065/617 1485/487/1485 1739/486/1739
f 1797/2530/1797 1818/2531/1818 1798/2532/1798
f 1680/317/1680 1682/577/1682 71/318/71
f 1706/2307/1706 1683/705/1683 1681/2533/1681
f 1458/2534/1458 1459/1805/1459 1457/1005/1457
f 500/2535/500 1687/584/1687 1686/583/1686
f 1700/1081/1700 1698/882/1698 1699/851/1699
f 498/2536/498 497/887/497 1703/852/1703
f 559/2519/559 490/1806/490 1451/1584/1451
f 1694/917/1694 520/2537/520 1695/926/1695
f 1452/1586/1452 1454/1004/1454 559/2519/559
f 1689/2314/1689 1453/2538/1453 1452/2315/1452
f 1694/917/1694 1693/874/1693 1692/915/1692
f 763/1423/763 1136/1435/1136 764/1430/764
f 1453/2538/1453 1689/2314/1689 1455/2306/1455
f 1458/2313/1458 1456/2539/1456 1455/2306/1455
f 1691/916/1691 1700/1081/1700 1459/1805/1459
f 1697/928/1697 499/890/499 501/876/501
f 502/893/502 503/892/503 1698/1770/1698
f 483/939/483 837/1541/837 838/1560/838
f 832/1571/832 820/1538/820 819/1539/819
f 2704/760/2704 507/936/507 506/1553/506
f 571/2540/571 588/1028/588 1701/2541/1701
f 2426/682/2426 2646/1815/2646 2304/2542/2304
f 1699/851/1699 498/2536/498 1703/852/1703
f 532/881/532 2306/2543/2306 533/1856/533
f 105/937/105 523/807/523 524/1522/524
f 101/2544/101 497/887/497 498/2536/498
f 1459/1805/1459 1458/2313/1458 1691/916/1691
f 1687/2528/1687 500/891/500 499/890/499
f 1704/888/1704 1725/2309/1725 1707/2545/1707
f 1707/2545/1707 1723/2546/1723 1722/2547/1722
f 101/889/101 502/893/502 501/876/501
f 1455/2306/1455 1689/2314/1689 1690/1786/1690
f 590/1080/590 1459/1805/1459 1700/1081/1700
f 1689/2314/1689 521/903/521 1690/1786/1690
f 1724/2521/1724 1726/2308/1726 1680/317/1680
f 1460/2548/1460 591/857/591 592/2319/592
f 119/1079/119 591/857/591 590/1080/590
f 568/2549/568 1702/850/1702 1708/2550/1708
f 1934/2320/1934 592/2319/592 589/1030/589
f 1699/851/1699 503/883/503 498/2536/498
f 1720/2551/1720 1708/2550/1708 1722/2547/1722
f 101/889/101 501/876/501 499/890/499
f 497/887/497 500/2535/500 1686/583/1686
f 1687/2528/1687 499/890/499 1697/928/1697
f 620/1605/620 1460/2548/1460 1461/1082/1461
f 1730/473/1730 1729/2552/1729 1728/474/1728
f 1723/2546/1723 1707/2545/1707 1725/2309/1725
f 1722/2547/1722 1721/2304/1721 1720/2551/1720
f 114/2553/114 572/1029/572 571/2540/571
f 1709/2554/1709 1719/2520/1719 1718/2555/1718
f 1710/2556/1710 1708/2550/1708 1709/2554/1709
f 1716/2557/1716 1730/473/1730 1731/2558/1731
f 1718/2555/1718 1716/2557/1716 1715/1027/1715
f 1711/832/1711 1710/2556/1710 1715/1027/1715
f 1724/2521/1724 1725/2309/1725 1726/2308/1726
f 114/2553/114 571/2540/571 568/2549/568
f 1713/1142/1713 128/2559/128 1483/1140/1483
f 1738/2560/1738 1739/486/1739 1737/485/1737
f 1795/2561/1795 1735/2341/1735 1794/2562/1794
f 1880/2563/1880 1856/2564/1856 1879/2565/1879
f 132/2566/132 635/1157/635 637/1865/637
f 1716/2557/1716 1718/2555/1718 1729/2552/1729
f 1716/2557/1716 1717/2567/1717 1715/1027/1715
f 1709/2554/1709 1720/2551/1720 1719/2520/1719
f 1717/1025/1717 1731/2558/1731 1732/2568/1732
f 1732/2568/1732 1714/1026/1714 1717/1025/1717
f 1841/2569/1841 1816/2345/1816 1840/2570/1840
f 1812/2472/1812 1811/2571/1811 1834/2572/1834
f 1725/2309/1725 1724/2521/1724 1723/2546/1723
f 1711/832/1711 569/2573/569 1710/2556/1710
f 1720/2551/1720 1721/2304/1721 1719/2520/1719
f 602/1085/602 1744/2353/1744 1745/1086/1745
f 1718/2555/1718 1710/2556/1710 1709/2554/1709
f 1717/2567/1717 1716/2557/1716 1731/2558/1731
f 1710/2556/1710 569/2573/569 568/2549/568
f 1720/2551/1720 1709/2554/1709 1708/2550/1708
f 1685/585/1685 1687/2528/1687 1688/904/1688
f 1729/2552/1729 1719/2520/1719 1728/474/1728
f 1790/2359/1790 1731/2558/1731 1730/473/1730
f 1681/2533/1681 1680/317/1680 1726/2308/1726
f 1721/2304/1721 1722/2547/1722 1723/2546/1723
f 1847/2574/1847 1830/2575/1830 1868/2576/1868
f 1802/2358/1802 1800/2357/1800 1821/2500/1821
f 1841/2569/1841 1822/582/1822 1821/2500/1821
f 1731/2558/1731 1791/2577/1791 1732/2568/1732
f 1736/2343/1736 1741/1089/1741 1738/2560/1738
f 1929/2578/1929 1916/2579/1916 1930/2488/1930
f 1739/486/1739 1738/2560/1738 1740/1133/1740
f 395/2580/395 1867/2581/1867 396/2582/396
f 128/2583/128 1736/2343/1736 1484/2338/1484
f 430/2584/430 82/2585/82 431/2586/431
f 1744/2353/1744 1743/1088/1743 1796/1772/1796
f 1745/1086/1745 1797/2530/1797 1798/2326/1798
f 1488/1087/1488 1056/1130/1056 1487/1041/1487
f 1816/2345/1816 1815/2587/1815 1839/2346/1839
f 2128/1424/2128 640/1426/640 641/2588/641
f 1745/1086/1745 431/2586/431 1746/2589/1746
f 431/2586/431 82/2585/82 1746/2589/1746
f 1823/357/1823 1824/2590/1824 1803/581/1803
f 1922/901/1922 1898/2591/1898 1913/1830/1913
f 602/1085/602 601/2592/601 1744/2353/1744
f 1748/2355/1748 1747/2593/1747 1749/22/1749
f 1491/24/1491 1748/2355/1748 1749/22/1749
f 1780/2495/1780 411/622/411 1749/22/1749
f 430/2584/430 1801/2356/1801 1781/688/1781
f 514/1766/514 513/1013/513 1063/1012/1063
f 1495/694/1495 1751/2364/1751 1752/2594/1752
f 1171/778/1171 2214/800/2214 2215/775/2215
f 1495/694/1495 1754/1767/1754 1753/641/1753
f 1756/307/1756 285/306/285 1755/2130/1755
f 1172/1899/1172 1183/1934/1183 443/1907/443
f 356/518/356 355/341/355 1760/343/1760
f 1753/641/1753 49/340/49 316/642/316
f 318/1768/318 49/340/49 1753/641/1753
f 404/2362/404 1493/696/1493 1494/695/1494
f 1509/127/1509 1521/2367/1521 1522/2190/1522
f 1779/623/1779 1778/690/1778 1777/624/1777
f 1783/421/1783 1782/2595/1782 1802/2358/1802
f 36/2373/36 271/2372/271 269/2371/269
f 1776/2596/1776 1775/2597/1775 1773/2426/1773
f 1392/2214/1392 1570/2217/1570 1393/2218/1393
f 1774/1952/1774 1773/2426/1773 1751/2364/1751
f 1755/2130/1755 283/275/283 318/1768/318
f 2012/2526/2012 2013/2525/2013 2011/2598/2011
f 318/1768/318 1754/1767/1754 1755/2130/1755
f 1789/699/1789 1829/2529/1829 1807/2303/1807
f 51/2384/51 324/372/324 323/2599/323
f 1761/342/1761 355/341/355 1763/442/1763
f 300/2397/300 273/227/273 286/305/286
f 2598/2600/2598 2594/2601/2594 2597/2602/2597
f 55/465/55 336/467/336 337/2603/337
f 2052/661/2052 2070/593/2070 2071/662/2071
f 2606/2604/2606 2605/433/2605 2608/432/2608
f 2034/196/2034 2047/195/2047 2036/2092/2036
f 2036/2092/2036 2035/2436/2035 2034/196/2034
f 1178/1971/1178 2685/1972/2685 2686/280/2686
f 1763/442/1763 300/2397/300 1761/342/1761
f 1191/480/1191 1192/479/1192 1189/1945/1189
f 1763/442/1763 62/441/62 358/2175/358
f 1660/2499/1660 1789/2502/1789 1661/2498/1661
f 286/305/286 41/301/41 285/306/285
f 49/340/49 318/1768/318 283/275/283
f 428/2494/428 82/2585/82 429/687/429
f 63/500/63 359/523/359 360/2104/360
f 1863/2605/1863 398/2606/398 1862/2607/1862
f 383/249/383 1277/251/1277 1270/1921/1270
f 1764/371/1764 358/2175/358 1769/519/1769
f 1656/2383/1656 1655/2469/1655 324/372/324
f 2001/2484/2001 2000/425/2000 2016/2496/2016
f 273/227/273 41/301/41 286/305/286
f 2050/2170/2050 417/1910/417 2049/456/2049
f 269/2371/269 1503/1067/1503 1504/1066/1504
f 43/2417/43 294/2418/294 292/2464/292
f 1763/442/1763 302/2369/302 300/2397/300
f 1552/2412/1552 1553/2393/1553 1551/2392/1551
f 276/228/276 273/227/273 300/2397/300
f 303/373/303 302/2369/302 1764/371/1764
f 1767/689/1767 1770/521/1770 429/687/429
f 323/2599/323 1769/519/1769 1767/689/1767
f 1806/697/1806 1805/2608/1805 1827/2609/1827
f 1765/302/1765 301/308/301 303/373/303
f 46/2368/46 303/373/303 301/308/301
f 1762/2360/1762 300/2397/300 286/305/286
f 303/373/303 1655/2469/1655 1765/302/1765
f 1614/1977/1614 1615/2394/1615 1654/303/1654
f 14/86/14 204/2180/204 203/84/203
f 1217/1628/1217 1219/1962/1219 1578/2143/1578
f 1782/2595/1782 51/2384/51 1768/2610/1768
f 1772/2425/1772 1777/624/1777 1778/690/1778
f 411/622/411 1780/2495/1780 1779/623/1779
f 1749/22/1749 1747/2593/1747 1780/2495/1780
f 429/687/429 82/2585/82 430/2584/430
f 1776/2596/1776 357/2174/357 356/518/356
f 1754/1767/1754 1758/1063/1758 1757/1084/1757
f 1777/624/1777 1772/2425/1772 1774/1952/1774
f 1776/2596/1776 356/518/356 1775/2597/1775
f 1768/2610/1768 323/2599/323 1767/689/1767
f 1773/2426/1773 1772/2425/1772 1771/520/1771
f 1803/2482/1803 1787/2481/1787 1785/359/1785
f 1754/1767/1754 1752/2594/1752 1775/2597/1775
f 1773/2426/1773 1771/520/1771 1776/2596/1776
f 1781/688/1781 1768/2610/1768 1767/689/1767
f 1800/2357/1800 1801/2356/1801 1799/2611/1799
f 1746/2351/1746 82/2585/82 428/2494/428
f 1915/2612/1915 1926/2613/1926 1902/327/1902
f 2081/555/2081 2080/632/2080 2088/631/2088
f 431/2327/431 1799/2611/1799 430/2584/430
f 78/2614/78 420/463/420 421/2169/421
f 1772/2425/1772 1770/521/1770 1771/520/1771
f 1776/2596/1776 1771/520/1771 357/2174/357
f 1792/2615/1792 1790/2359/1790 1831/2616/1831
f 1762/2360/1762 325/1730/325 52/2072/52
f 1656/2383/1656 324/372/324 51/2384/51
f 1634/135/1634 1616/2401/1616 1613/1979/1613
f 1827/2609/1827 1844/2617/1844 1862/2607/1862
f 1869/2618/1869 1847/2574/1847 1868/2576/1868
f 1489/2344/1489 1057/1781/1057 1488/1087/1488
f 1862/2607/1862 1828/698/1828 1827/2609/1827
f 1793/2619/1793 1792/2615/1792 1809/2620/1809
f 1804/2480/1804 1824/2590/1824 1826/2621/1826
f 1847/2574/1847 1848/2622/1848 1832/2623/1832
f 1785/359/1785 1784/422/1784 1803/2482/1803
f 1663/1052/1663 1665/362/1665 1662/177/1662
f 1443/210/1443 1668/212/1668 314/184/314
f 1681/2533/1681 1726/2308/1726 1706/2307/1706
f 1828/698/1828 1806/697/1806 1827/2609/1827
f 1853/2624/1853 1836/1773/1836 1852/2625/1852
f 1729/2552/1729 1718/2555/1718 1719/2520/1719
f 1847/2574/1847 1832/2623/1832 1831/2616/1831
f 1741/1089/1741 1795/2561/1795 1742/1090/1742
f 1794/2626/1794 1793/2619/1793 1810/2627/1810
f 1831/2616/1831 1808/472/1808 1830/2575/1830
f 1735/2341/1735 1734/2340/1734 1794/2562/1794
f 730/1237/730 1016/1330/1016 732/1350/732
f 1733/2342/1733 1732/2568/1732 1791/2577/1791
f 1794/2626/1794 1734/2340/1734 1793/2619/1793
f 1854/2628/1854 1853/2624/1853 1878/2629/1878
f 1793/2619/1793 1791/2577/1791 1792/2615/1792
f 1743/1088/1743 601/2592/601 600/1134/600
f 1838/2630/1838 1837/2631/1837 1855/2632/1855
f 1813/2633/1813 1742/1090/1742 1812/2472/1812
f 1740/1133/1740 1738/2560/1738 1741/1089/1741
f 1744/2353/1744 601/2592/601 1743/1088/1743
f 1881/2634/1881 1859/2635/1859 1857/356/1857
f 1816/2345/1816 1817/2636/1817 1815/2587/1815
f 1747/2637/1747 1489/2344/1489 1746/2351/1746
f 1797/2530/1797 1817/2638/1817 1818/2639/1818
f 398/2606/398 1845/2640/1845 1828/698/1828
f 1801/2356/1801 1782/2595/1782 1781/688/1781
f 1748/2355/1748 1489/2344/1489 1747/2637/1747
f 85/2641/85 434/706/434 435/834/435
f 1845/2640/1845 1846/2642/1846 1829/2529/1829
f 1857/356/1857 1842/2643/1842 1823/357/1823
f 1830/2575/1830 1829/2529/1829 1846/2642/1846
f 1787/2481/1787 1786/2503/1786 1785/359/1785
f 1805/2608/1805 1787/2644/1787 1804/2480/1804
f 1659/360/1659 1786/2503/1786 1788/2501/1788
f 398/2606/398 399/2645/399 1845/2640/1845
f 1805/2608/1805 1826/2621/1826 1827/2609/1827
f 1844/2617/1844 1861/2646/1861 1862/2607/1862
f 1786/2503/1786 1787/2644/1787 1805/2608/1805
f 1788/2501/1788 1805/2608/1805 1806/697/1806
f 1833/898/1833 1809/2620/1809 1832/2623/1832
f 1784/422/1784 1802/2358/1802 1821/2500/1821
f 1795/2561/1795 1794/2626/1794 1810/2627/1810
f 1792/2615/1792 1791/2577/1791 1790/2359/1790
f 1810/2473/1810 1809/2620/1809 1811/2471/1811
f 546/1831/546 1913/1830/1913 1879/2565/1879
f 1850/2647/1850 1835/2648/1835 1834/897/1834
f 1839/2346/1839 1814/1774/1814 1837/2631/1837
f 1832/2623/1832 1792/2615/1792 1831/2616/1831
f 1811/2571/1811 1833/898/1833 1834/2572/1834
f 1835/2648/1835 1812/2472/1812 1834/897/1834
f 1812/2472/1812 1795/2561/1795 1810/2473/1810
f 1734/2340/1734 1733/2342/1733 1791/2577/1791
f 1852/2625/1852 1813/2633/1813 1835/2648/1835
f 1810/2473/1810 1793/2619/1793 1809/2620/1809
f 1849/899/1849 1832/2623/1832 1848/2622/1848
f 1738/2560/1738 1737/485/1737 1736/2343/1736
f 1819/2649/1819 1841/2569/1841 1821/2500/1821
f 1870/924/1870 1869/2618/1869 1890/2650/1890
f 1789/699/1789 1788/2501/1788 1806/697/1806
f 1915/2612/1915 1914/2651/1914 1923/900/1923
f 1838/2630/1838 1839/2346/1839 1837/2631/1837
f 598/1040/598 602/1085/602 1488/1087/1488
f 1882/2652/1882 1899/2653/1899 1901/2497/1901
f 1798/2532/1798 1820/2654/1820 1799/2611/1799
f 1819/2649/1819 1818/2639/1818 1817/2638/1817
f 1800/2357/1800 1820/2654/1820 1821/2500/1821
f 1819/2649/1819 1820/2654/1820 1818/2531/1818
f 1782/2595/1782 1801/2356/1801 1802/2358/1802
f 1884/2337/1884 1863/2605/1863 1862/2607/1862
f 1825/2655/1825 1824/2590/1824 1823/357/1823
f 1826/2621/1826 1824/2590/1824 1825/2655/1825
f 1863/2605/1863 397/2656/397 398/2606/398
f 1841/2569/1841 1840/2570/1840 1822/358/1822
f 1890/2650/1890 1869/2618/1869 1868/2576/1868
f 1843/2657/1843 1826/2621/1826 1825/2655/1825
f 1840/2347/1840 1856/2564/1856 1880/2563/1880
f 1874/2658/1874 1875/2659/1875 1851/967/1851
f 439/2660/439 1890/2650/1890 1868/2576/1868
f 1837/2631/1837 1814/1774/1814 1836/1773/1836
f 1817/2636/1817 1816/2345/1816 1841/2569/1841
f 1881/2634/1881 1857/356/1857 1880/2563/1880
f 1850/2661/1850 541/965/541 1851/967/1851
f 1849/899/1849 1850/2647/1850 1834/897/1834
f 1821/2500/1821 1820/2654/1820 1819/2649/1819
f 1854/2628/1854 1855/2632/1855 1853/2624/1853
f 1461/1082/1461 1460/2548/1460 1936/920/1936
f 1800/2357/1800 1799/2611/1799 1820/2654/1820
f 1840/2347/1840 1857/356/1857 1822/358/1822
f 1826/2621/1826 1844/2617/1844 1827/2609/1827
f 1819/2649/1819 1817/2638/1817 1841/2569/1841
f 1825/2655/1825 1842/2643/1842 1843/2657/1843
f 1864/633/1864 1884/2337/1884 1885/2662/1885
f 1804/2480/1804 1803/2482/1803 1824/2590/1824
f 1887/2663/1887 1865/625/1865 1886/627/1886
f 1859/2635/1859 1860/2664/1860 1858/2665/1858
f 1862/2607/1862 1903/325/1903 1884/2337/1884
f 396/2582/396 74/2666/74 395/2580/395
f 1869/2618/1869 518/923/518 1847/2574/1847
f 1872/1787/1872 540/2667/540 1871/925/1871
f 1860/2664/1860 1883/326/1883 1861/2646/1861
f 1840/2347/1840 1838/2668/1838 1856/2564/1856
f 1833/898/1833 1811/2571/1811 1809/2620/1809
f 1835/2648/1835 1875/2659/1875 1852/2625/1852
f 1891/2669/1891 1870/924/1870 1909/2670/1909
f 1851/967/1851 1873/966/1873 1874/2658/1874
f 108/1791/108 1871/925/1871 540/2667/540
f 542/968/542 1849/899/1849 1848/2622/1848
f 1893/2671/1893 1895/1832/1895 1896/2672/1896
f 2212/600/2212 2681/843/2681 2679/2673/2679
f 1855/2632/1855 1836/1773/1836 1853/2624/1853
f 1878/2629/1878 1852/2625/1852 1876/2674/1876
f 1844/2617/1844 1843/2657/1843 1861/2646/1861
f 1882/2652/1882 1859/2635/1859 1881/2634/1881
f 1840/2347/1840 1839/2346/1839 1838/2668/1838
f 1883/326/1883 1903/325/1903 1861/2646/1861
f 1898/2591/1898 1879/2565/1879 1913/1830/1913
f 1922/901/1922 1914/2651/1914 1898/2591/1898
f 1825/2655/1825 1823/357/1823 1842/2643/1842
f 1843/2657/1843 1842/2643/1842 1858/2665/1858
f 1858/2665/1858 1842/2643/1842 1857/356/1857
f 396/2582/396 439/2660/439 1846/2642/1846
f 1894/2675/1894 1911/1788/1911 1919/2676/1919
f 1937/517/1937 891/516/891 1461/1082/1461
f 1843/2657/1843 1860/2664/1860 1861/2646/1861
f 399/2645/399 1846/2642/1846 1845/2640/1845
f 1917/2677/1917 1907/2678/1907 1916/2579/1916
f 1912/932/1912 1895/1832/1895 1894/2675/1894
f 1906/2679/1906 1886/627/1886 1905/626/1905
f 398/2606/398 74/2666/74 399/2645/399
f 1888/2680/1888 1889/2681/1889 1867/2581/1867
f 1203/744/1203 1186/314/1186 1202/745/1202
f 75/2365/75 403/2133/403 401/2363/401
f 263/263/263 32/258/32 262/238/262
f 1887/2663/1887 1866/634/1866 1865/625/1865
f 2695/1592/2695 79/2682/79 2688/673/2688
f 1910/2683/1910 1919/2676/1919 1911/1788/1911
f 439/2660/439 1867/2581/1867 1889/2681/1889
f 1835/2648/1835 1850/2661/1850 1851/967/1851
f 399/2645/399 74/2666/74 396/2582/396
f 1868/2576/1868 1846/2642/1846 439/2660/439
f 1112/806/1112 454/1847/454 452/613/452
f 454/1847/454 2121/1848/2121 453/686/453
f 1911/1788/1911 1894/2675/1894 1892/1789/1892
f 1676/2514/1676 1677/204/1677 1674/1062/1674
f 519/1792/519 108/1791/108 542/968/542
f 1873/966/1873 540/2667/540 1872/1787/1872
f 547/1829/547 1897/2684/1897 1896/2672/1896
f 1902/327/1902 1926/2613/1926 1931/2489/1931
f 1875/2659/1875 1893/2671/1893 1896/2672/1896
f 1877/2685/1877 1876/2674/1876 1897/2684/1897
f 1905/626/1905 1885/2662/1885 1904/2336/1904
f 1481/1743/1481 1480/858/1480 1482/1141/1482
f 1903/325/1903 1930/2488/1930 1904/2336/1904
f 1953/2686/1953 1933/2687/1933 1932/2688/1932
f 1927/2487/1927 1929/2578/1929 1930/2488/1930
f 1860/2664/1860 1859/2635/1859 1882/2652/1882
f 1898/2591/1898 1881/2634/1881 1880/2563/1880
f 1860/2664/1860 1901/2497/1901 1883/326/1883
f 1924/902/1924 1928/2689/1928 1925/2690/1925
f 1951/859/1951 1964/2691/1964 1978/2692/1978
f 1889/2681/1889 1888/2680/1888 1909/2670/1909
f 1907/2678/1907 1906/2679/1906 1905/626/1905
f 74/2666/74 398/2606/398 397/2656/397
f 1872/1787/1872 1871/925/1871 1870/924/1870
f 1907/2678/1907 1910/2683/1910 1906/2679/1906
f 1920/2693/1920 1929/2578/1929 1928/2689/1928
f 1867/2581/1867 1866/634/1866 1888/2680/1888
f 1908/2694/1908 1886/627/1886 1906/2679/1906
f 1908/2694/1908 1910/2683/1910 1891/2669/1891
f 1888/2680/1888 1908/2694/1908 1909/2670/1909
f 1910/2683/1910 1907/2678/1907 1917/2677/1917
f 1854/2628/1854 1879/2565/1879 1856/2564/1856
f 1867/2581/1867 1864/633/1864 1866/634/1866
f 1871/925/1871 519/1792/519 518/923/518
f 2696/446/2696 1197/1955/1197 1200/1925/1200
f 1893/2671/1893 1892/1789/1892 1894/2675/1894
f 1898/2591/1898 1899/2653/1899 1881/2634/1881
f 1874/2658/1874 1873/966/1873 1892/1789/1892
f 1874/2658/1874 1892/1789/1892 1893/2671/1893
f 1916/2579/1916 1904/2336/1904 1930/2488/1930
f 547/1829/547 1896/2672/1896 1895/1832/1895
f 1854/2628/1854 1878/2629/1878 1879/2565/1879
f 1897/2684/1897 1875/2659/1875 1896/2672/1896
f 1877/2685/1877 1878/2629/1878 1876/2674/1876
f 397/2656/397 1863/2605/1863 1864/633/1864
f 1924/902/1924 1925/2690/1925 1923/900/1923
f 1859/2635/1859 1858/2665/1858 1857/356/1857
f 1856/2564/1856 1855/2632/1855 1854/2628/1854
f 1904/2336/1904 1885/2662/1885 1884/2337/1884
f 1900/2695/1900 1914/2651/1914 1915/2612/1915
f 1919/2676/1919 1920/2693/1920 1921/933/1921
f 212/126/212 1235/539/1235 2263/2024/2263
f 1877/2685/1877 546/1831/546 1879/2565/1879
f 1901/2497/1901 1915/2612/1915 1902/327/1902
f 1885/2662/1885 1865/625/1865 1864/633/1864
f 1921/933/1921 1924/902/1924 1922/901/1922
f 1928/2689/1928 1921/933/1921 1920/2693/1920
f 1888/2680/1888 1866/634/1866 1887/2663/1887
f 1916/2579/1916 1905/626/1905 1904/2336/1904
f 1887/2663/1887 1886/627/1886 1908/2694/1908
f 2362/2696/2362 2368/2697/2368 2363/1888/2363
f 1873/966/1873 1872/1787/1872 1892/1789/1892
f 1921/933/1921 1894/2675/1894 1919/2676/1919
f 1879/2565/1879 1878/2629/1878 1877/2685/1877
f 1877/2685/1877 1897/2684/1897 546/1831/546
f 1900/2695/1900 1898/2591/1898 1914/2651/1914
f 1932/2688/1932 570/831/570 1712/2698/1712
f 1882/2652/1882 1881/2634/1881 1899/2653/1899
f 1712/2698/1712 1953/2686/1953 1932/2688/1932
f 1054/1159/1054 1041/1248/1041 1040/1160/1040
f 1923/900/1923 1914/2651/1914 1922/901/1922
f 1923/900/1923 1926/2613/1926 1915/2612/1915
f 1920/2693/1920 1918/2699/1918 1929/2578/1929
f 436/566/436 85/2641/85 435/834/435
f 1890/2650/1890 1909/2670/1909 1870/924/1870
f 1961/1711/1961 1939/1607/1939 1938/1006/1938
f 1918/2699/1918 1919/2676/1919 1917/2677/1917
f 1895/1832/1895 1893/2671/1893 1894/2675/1894
f 1900/2695/1900 1899/2653/1899 1898/2591/1898
f 1936/920/1936 1934/2320/1934 1935/1117/1935
f 1918/2699/1918 1917/2677/1917 1916/2579/1916
f 1901/2497/1901 1899/2653/1899 1900/2695/1900
f 2091/2700/2091 2092/1793/2092 2090/554/2090
f 509/1818/509 507/936/507 1095/535/1095
f 1979/1742/1979 1965/2350/1965 1978/2692/1978
f 304/265/304 306/383/306 2514/2701/2514
f 1919/2676/1919 1918/2699/1918 1920/2693/1920
f 1921/933/1921 1928/2689/1928 1924/902/1924
f 545/537/545 2703/536/2703 493/762/493
f 1040/1160/1040 1039/1403/1039 133/757/133
f 1838/2668/1838 1855/2632/1855 1856/2564/1856
f 2388/960/2388 93/959/93 2375/846/2375
f 1723/2546/1723 1724/2521/1724 1721/2304/1721
f 46/2368/46 301/308/301 276/228/276
f 62/441/62 356/518/356 357/2174/357
f 448/759/448 2640/2702/2640 2424/65/2424
f 624/2339/624 626/1132/626 1483/1140/1483
f 1984/1776/1984 1983/2703/1983 1982/1549/1982
f 1988/1202/1988 1975/1220/1975 1986/2333/1986
f 1985/2334/1985 1986/2333/1986 1974/2323/1974
f 120/2704/120 593/2705/593 594/1517/594
f 1964/2691/1964 1989/1201/1989 1978/2706/1978
f 589/1030/589 1933/2687/1933 1934/2320/1934
f 1939/1607/1939 1463/1620/1463 892/1617/892
f 665/1376/665 139/1448/139 661/722/661
f 1480/858/1480 1479/1625/1479 1951/859/1951
f 1960/1700/1960 1940/1862/1940 1961/1711/1961
f 1971/1550/1971 1972/2707/1972 1970/451/1970
f 1987/2335/1987 1988/1202/1988 1986/2333/1986
f 1951/859/1951 1950/2708/1950 1964/2691/1964
f 675/1247/675 1032/1303/1032 142/1302/142
f 1943/2322/1943 1941/2325/1941 1942/2709/1942
f 1044/1582/1044 1052/1779/1052 1045/1259/1045
f 1970/451/1970 1958/2324/1958 1957/452/1957
f 1040/1160/1040 1037/1197/1037 1039/1403/1039
f 1960/1700/1960 1961/1711/1961 677/1221/677
f 1942/2710/1942 1940/1862/1940 1962/2711/1962
f 1955/918/1955 1967/2329/1967 1969/1633/1969
f 1944/1718/1944 1942/2710/1942 1963/2712/1963
f 1476/1251/1476 1032/1303/1032 1474/1315/1474
f 1466/1293/1466 1465/1619/1465 1464/1618/1464
f 1463/1620/1463 1940/1862/1940 1941/2325/1941
f 1977/2713/1977 1948/2714/1948 1944/1718/1944
f 1479/1625/1479 1478/1624/1478 1477/1250/1477
f 1962/2711/1962 1963/2712/1963 1942/2710/1942
f 1464/1618/1464 1463/1620/1463 1941/2325/1941
f 579/1600/579 1048/1024/1048 116/1482/116
f 1469/1728/1469 696/1479/696 1468/1292/1468
f 1952/860/1952 1978/2692/1978 1965/2715/1965
f 697/1115/697 148/1480/148 696/1479/696
f 1947/1233/1947 1475/2331/1475 1473/1476/1473
f 709/1307/709 708/1629/708 1471/1329/1471
f 1977/1720/1977 1963/1719/1963 1976/1701/1976
f 633/450/633 1969/1633/1969 1982/1549/1982
f 1477/1250/1477 1949/1249/1949 1950/2708/1950
f 1954/2716/1954 1953/2717/1953 1966/2330/1966
f 572/1029/572 570/831/570 1932/2688/1932
f 1981/1634/1981 1968/2328/1968 1980/2349/1980
f 589/1030/589 572/1029/572 1932/2688/1932
f 1935/1117/1935 1934/2320/1934 1933/2687/1933
f 1972/2707/1972 1958/2324/1958 1970/451/1970
f 1956/919/1956 1955/918/1955 1969/1633/1969
f 1973/2718/1973 1958/2324/1958 1972/2707/1972
f 1977/1720/1977 1975/1220/1975 1989/1201/1989
f 1958/2324/1958 1973/2718/1973 1974/2323/1974
f 1946/1232/1946 1945/1231/1945 1948/2714/1948
f 1948/2714/1948 1945/1231/1945 1944/1718/1944
f 1942/2709/1942 1941/2325/1941 1940/1862/1940
f 1042/1581/1042 675/1247/675 1041/1248/1041
f 1976/1701/1976 1962/2711/1962 1960/1700/1960
f 1663/1052/1663 1662/177/1662 1679/1061/1679
f 1950/2708/1950 1949/1249/1949 1948/2714/1948
f 1965/2715/1965 1966/2719/1966 1953/2717/1953
f 1990/1741/1990 650/1777/650 1991/2720/1991
f 649/1635/649 1982/1549/1982 1969/1633/1969
f 1990/1741/1990 1992/1775/1992 650/1777/650
f 698/1114/698 148/1480/148 697/1115/697
f 1935/1117/1935 1933/2687/1933 1954/2716/1954
f 1967/2329/1967 1954/2716/1954 1966/2330/1966
f 1935/1117/1935 1954/2721/1954 1955/918/1955
f 1966/2722/1966 1980/2349/1980 1968/2328/1968
f 1983/2703/1983 1971/1550/1971 1982/1549/1982
f 1988/1202/1988 1989/1201/1989 1975/1220/1975
f 1965/2715/1965 1953/2686/1953 1952/860/1952
f 2063/1838/2063 1102/1647/1102 2105/1835/2105
f 1973/2718/1973 1972/2707/1972 1983/2703/1983
f 1988/1202/1988 1987/2335/1987 1993/1203/1993
f 2018/2723/2018 2026/2527/2026 2017/2003/2017
f 1992/1775/1992 1990/1741/1990 1993/1203/1993
f 1978/2706/1978 1993/1203/1993 1979/1742/1979
f 1981/1634/1981 1991/2720/1991 649/1635/649
f 633/450/633 1971/1550/1971 1970/451/1970
f 1969/1633/1969 1968/2328/1968 1981/1634/1981
f 1955/918/1955 1954/2721/1954 1967/2329/1967
f 1974/2323/1974 1986/2333/1986 1959/1219/1959
f 1669/2470/1669 2002/1908/2002 1670/405/1670
f 1973/2718/1973 1984/1776/1984 1985/2334/1985
f 1985/2334/1985 1974/2323/1974 1973/2718/1973
f 1981/1634/1981 1980/2349/1980 1991/2720/1991
f 965/1695/965 947/1396/947 666/1398/666
f 137/1187/137 653/789/653 654/1502/654
f 1993/1203/1993 1987/2335/1987 1992/1775/1992
f 1983/2703/1983 1972/2707/1972 1971/1550/1971
f 877/1241/877 876/1576/876 878/1242/878
f 1963/1719/1963 1962/2711/1962 1976/1701/1976
f 1990/1741/1990 1980/2349/1980 1979/1742/1979
f 119/1079/119 592/2319/592 591/857/591
f 1667/1144/1667 238/2510/238 1605/2449/1605
f 2001/2484/2001 2016/2496/2016 38/311/38
f 294/2418/294 1665/362/1665 1664/2463/1664
f 1672/2297/1672 1671/2295/1671 1998/2298/1998
f 1996/1749/1996 1446/488/1446 1670/2522/1670
f 2016/2496/2016 2021/2515/2021 2022/309/2022
f 2008/740/2008 2007/205/2007 2006/2517/2006
f 1997/2511/1997 2005/2724/2005 1999/398/1999
f 2007/205/2007 2010/2725/2010 1678/206/1678
f 2028/742/2028 2011/2598/2011 2009/2726/2009
f 1672/2297/1672 1673/586/1673 382/2261/382
f 1995/2296/1995 1668/212/1668 1994/1050/1994
f 1998/2298/1998 1999/398/1999 1675/397/1675
f 2014/2524/2014 2020/2516/2020 2021/2515/2021
f 298/370/298 1498/1833/1498 297/1790/297
f 2013/2525/2013 2015/2523/2015 326/424/326
f 2000/425/2000 2015/2523/2015 2016/2496/2016
f 2009/2726/2009 2010/2725/2010 2007/205/2007
f 2004/1748/2004 2005/2724/2005 1997/2511/1997
f 1599/2432/1599 1597/2282/1597 2030/2229/2030
f 2006/2517/2006 2004/1748/2004 2029/741/2029
f 2011/2598/2011 2025/2508/2025 2012/2526/2012
f 1964/2691/1964 1950/2708/1950 1948/2714/1948
f 2077/2122/2077 2049/456/2049 417/1910/417
f 1760/343/1760 1758/1063/1758 356/518/356
f 2015/2523/2015 2021/2515/2021 2016/2496/2016
f 2008/740/2008 2006/2517/2006 2029/741/2029
f 2027/2509/2027 2026/2527/2026 2025/2508/2025
f 2025/2508/2025 2011/2598/2011 2028/742/2028
f 1357/653/1357 2056/652/2056 69/407/69
f 2019/2727/2019 2026/2527/2026 2018/2723/2018
f 2020/2516/2020 2019/2727/2019 2018/2723/2018
f 2029/741/2029 2027/2509/2027 2028/742/2028
f 1623/329/1623 1639/2474/1639 1624/285/1624
f 2021/2515/2021 2024/2492/2024 2022/309/2022
f 1181/1946/1181 379/2154/379 1177/1947/1177
f 2023/310/2023 2018/2723/2018 2017/2003/2017
f 1189/1945/1189 1192/479/1192 1188/445/1188
f 2154/1418/2154 2152/1044/2152 2153/1416/2153
f 2020/2516/2020 2012/2526/2012 2019/2727/2019
f 33/752/33 2655/253/2655 2656/262/2656
f 2025/2508/2025 2019/2727/2019 2012/2526/2012
f 2028/742/2028 2009/2726/2009 2008/740/2008
f 2007/205/2007 2008/740/2008 2009/2726/2009
f 2004/1748/2004 2006/2517/2006 2005/2513/2005
f 57/400/57 344/490/344 343/1967/343
f 282/271/282 1500/348/1500 1501/347/1501
f 243/2002/243 246/2293/246 1435/2728/1435
f 2032/2435/2032 2031/2228/2031 2044/2455/2044
f 1572/2212/1572 1571/2203/1571 1573/2202/1573
f 1565/2225/1565 2032/2435/2032 2033/2226/2033
f 2034/196/2034 1566/2221/1566 2033/2226/2033
f 1568/2437/1568 2036/2092/2036 2037/2271/2037
f 1543/298/1543 1542/538/1542 1625/324/1625
f 261/239/261 32/258/32 2498/2457/2498
f 2048/2268/2048 54/369/54 2049/456/2049
f 493/762/493 2109/1753/2109 545/537/545
f 2542/1912/2542 2543/260/2543 2541/257/2541
f 2044/2455/2044 2031/2228/2031 2043/2281/2043
f 418/1911/418 2050/2170/2050 2051/2156/2051
f 2045/197/2045 2032/2435/2032 2044/2455/2044
f 2057/651/2057 2059/2158/2059 2056/652/2056
f 2039/2091/2039 2037/2271/2037 2036/2092/2036
f 1346/525/1346 1347/390/1347 2055/2115/2055
f 2037/2271/2037 2038/2411/2038 1568/2437/1568
f 1759/443/1759 1761/342/1761 1762/2360/1762
f 25/2243/25 233/106/233 234/105/234
f 2095/665/2095 2086/664/2086 2078/663/2078
f 418/1911/418 417/1910/417 2050/2170/2050
f 2040/1108/2040 2047/195/2047 2046/48/2046
f 2284/219/2284 1245/2033/1245 2283/2729/2283
f 25/2243/25 235/2730/235 236/199/236
f 238/2510/238 240/2446/240 1605/2449/1605
f 223/2235/223 224/2234/224 2499/2456/2499
f 2242/78/2242 186/1311/186 185/2731/185
f 253/230/253 250/2374/250 1516/160/1516
f 1561/281/1561 1560/2409/1560 21/175/21
f 227/1627/227 22/1987/22 1216/213/1216
f 235/2730/235 234/105/234 2244/2022/2244
f 1764/371/1764 1763/442/1763 358/2175/358
f 294/2418/294 293/1905/293 1665/362/1665
f 1679/176/1679 1727/2305/1727 1680/317/1680
f 2077/2122/2077 2078/663/2078 65/460/65
f 2093/1615/2093 2092/1793/2092 2099/2732/2099
f 2112/534/2112 2113/246/2113 2111/2085/2111
f 1074/911/1074 1070/910/1070 2080/632/2080
f 365/1798/365 64/2112/64 366/475/366
f 2068/2114/2068 2067/2733/2067 2102/2734/2102
f 1344/2069/1344 365/1798/365 1345/2171/1345
f 506/1553/506 102/1825/102 505/2735/505
f 2053/811/2053 2052/661/2052 2054/2157/2054
f 1307/1756/1307 1308/242/1308 1288/145/1288
f 2043/2281/2043 2031/2228/2031 2030/2229/2030
f 2077/2122/2077 2076/2452/2076 2084/1782/2084
f 1714/1135/1714 128/2559/128 1713/1142/1713
f 366/475/366 1360/477/1360 1361/458/1361
f 2067/2733/2067 2066/655/2066 2102/2734/2102
f 2059/2158/2059 2065/507/2065 2067/2733/2067
f 1358/1924/1358 1346/525/1346 2055/2115/2055
f 2064/509/2064 2061/1839/2061 2063/1838/2063
f 2511/2736/2511 2510/580/2510 2509/579/2509
f 1355/2163/1355 1260/2058/1260 2062/1094/2062
f 2058/508/2058 2059/2158/2059 2057/651/2057
f 1349/406/1349 1263/675/1263 1262/2057/1262
f 1109/997/1109 479/794/479 481/998/481
f 1255/2055/1255 424/1940/424 1265/674/1265
f 481/998/481 97/822/97 1107/1840/1107
f 1108/999/1108 1258/2062/1258 1257/1849/1257
f 2101/2737/2101 474/591/474 2069/810/2069
f 2105/1835/2105 2104/2738/2104 2064/509/2064
f 1363/1799/1363 1345/2171/1345 365/1798/365
f 2074/1810/2074 2072/462/2072 505/2735/505
f 477/2739/477 474/591/474 2101/2737/2101
f 366/475/366 1361/458/1361 1362/457/1362
f 2057/651/2057 2060/2165/2060 2058/508/2058
f 2070/593/2070 2052/661/2052 2053/811/2053
f 2105/1835/2105 2064/509/2064 2063/1838/2063
f 2067/2733/2067 2068/2114/2068 2059/2158/2059
f 568/2549/568 571/2540/571 1701/2541/1701
f 2170/1808/2170 2169/780/2169 2645/812/2645
f 473/592/473 476/854/476 506/1553/506
f 2071/662/2071 2070/593/2070 473/592/473
f 505/2735/505 473/592/473 506/1553/506
f 2089/553/2089 2088/631/2088 2097/751/2097
f 2072/462/2072 2071/662/2071 505/2735/505
f 248/2078/248 249/1992/249 1315/1755/1315
f 2053/811/2053 2054/2157/2054 2055/2115/2055
f 2074/1810/2074 102/1825/102 508/2740/508
f 103/906/103 512/1797/512 513/1013/513
f 78/2614/78 419/464/419 420/463/420
f 2083/1352/2083 1075/1802/1075 1079/2741/1079
f 2086/664/2086 2096/715/2096 2087/1796/2087
f 1910/2683/1910 1911/1788/1911 1891/2669/1891
f 419/464/419 418/2742/418 2051/2156/2051
f 2445/2743/2445 2537/2744/2537 2446/2745/2446
f 1359/1922/1359 1358/1924/1358 2054/2157/2054
f 417/1910/417 421/2746/421 2076/2452/2076
f 1496/461/1496 1495/694/1495 1753/641/1753
f 1078/1729/1078 2081/555/2081 2090/554/2090
f 2079/639/2079 401/2363/401 403/2133/403
f 379/2154/379 1181/1946/1181 68/1898/68
f 45/455/45 298/370/298 297/1790/297
f 1755/2130/1755 1754/1767/1754 1757/1084/1757
f 75/2365/75 405/1048/405 404/2362/404
f 2080/632/2080 1077/2747/1077 1074/911/1074
f 2099/2732/2099 2091/2700/2091 2098/716/2098
f 75/2365/75 404/2362/404 403/2133/403
f 2685/1972/2685 1209/410/1209 1208/1954/1208
f 2703/536/2703 2704/760/2704 493/762/493
f 1077/2747/1077 1076/1811/1076 1074/911/1074
f 512/1797/512 511/908/511 1067/1784/1067
f 1078/1729/1078 1076/1811/1076 1077/2747/1077
f 1086/1814/1086 549/993/549 1085/995/1085
f 1074/911/1074 1073/1801/1073 1071/909/1071
f 2094/1354/2094 2100/667/2100 2085/666/2085
f 2091/2700/2091 2090/554/2090 2089/553/2089
f 2387/2748/2387 2386/2749/2386 2449/2750/2449
f 2680/1938/2680 2195/1937/2195 2683/605/2683
f 2084/1782/2084 2076/2452/2076 2075/659/2075
f 2098/716/2098 2097/751/2097 2096/715/2096
f 1077/2747/1077 2081/555/2081 1078/1729/1078
f 1069/1803/1069 1072/1800/1072 1080/1807/1080
f 551/984/551 550/983/550 1087/1809/1087
f 2076/2452/2076 421/2169/421 2075/659/2075
f 1065/638/1065 401/2363/401 2079/639/2079
f 2089/553/2089 2081/555/2081 2088/631/2088
f 1948/2714/1948 1949/1249/1949 1946/2332/1946
f 2094/1354/2094 1085/1804/1085 2083/1352/2083
f 91/766/91 458/934/458 459/772/459
f 2088/631/2088 455/630/455 2097/751/2097
f 2107/1664/2107 2108/2751/2108 2101/2737/2101
f 2108/2751/2108 477/2739/477 2101/2737/2101
f 2096/715/2096 2097/751/2097 455/630/455
f 2226/1935/2226 2650/493/2650 2651/1988/2651
f 2092/1793/2092 2091/2700/2091 2099/2732/2099
f 1695/926/1695 520/2537/520 1696/927/1696
f 2064/509/2064 2104/2738/2104 2066/655/2066
f 75/2365/75 401/2363/401 402/635/402
f 2524/1632/2524 2523/2752/2523 422/2753/422
f 511/908/511 1066/636/1066 1067/1784/1067
f 1361/458/1361 2050/2170/2050 2049/456/2049
f 2067/2733/2067 2065/507/2065 2066/655/2066
f 33/752/33 2656/262/2656 2678/385/2678
f 452/613/452 454/1847/454 453/686/453
f 2073/660/2073 1086/1814/1086 1085/995/1085
f 2107/1664/2107 2102/2734/2102 2106/654/2106
f 95/2754/95 476/854/476 473/592/473
f 2100/667/2100 2098/716/2098 2095/665/2095
f 2049/456/2049 54/369/54 2110/2155/2110
f 2109/1753/2109 2108/2751/2108 2107/1664/2107
f 1258/2062/1258 1108/999/1108 1259/840/1259
f 1100/1836/1100 2104/2738/2104 2105/1835/2105
f 1164/798/1164 1163/797/1163 484/828/484
f 2066/655/2066 2065/507/2065 2064/509/2064
f 1100/1836/1100 1099/1408/1099 2103/656/2103
f 2104/2738/2104 1100/1836/1100 2103/656/2103
f 1285/2047/1285 30/2038/30 1284/2037/1284
f 95/2754/95 474/591/474 477/2739/477
f 1367/2097/1367 1366/2134/1366 1365/2086/1365
f 739/1369/739 905/1640/905 740/1343/740
f 847/1575/847 858/1567/858 849/1509/849
f 623/756/623 617/1065/617 1486/1120/1486
f 611/1820/611 581/1763/581 582/1035/582
f 555/996/555 1103/1827/1103 1104/1095/1104
f 110/982/110 551/984/551 552/991/552
f 452/613/452 453/686/453 2123/614/2123
f 1356/1932/1356 1354/2162/1354 1355/2163/1355
f 1429/2224/1429 1430/97/1430 1415/338/1415
f 1342/504/1342 1343/1915/1343 1345/2152/1345
f 281/247/281 256/235/256 260/234/260
f 219/2231/219 1371/2178/1371 1373/2230/1373
f 31/233/31 258/236/258 259/2150/259
f 1375/2102/1375 1372/2177/1372 1514/232/1514
f 2114/2121/2114 1336/2148/1336 1335/2145/1335
f 1499/333/1499 279/2370/279 297/1790/297
f 328/2755/328 2616/2756/2616 2454/607/2454
f 55/465/55 334/2757/334 335/466/335
f 2073/660/2073 2072/462/2072 2074/1810/2074
f 122/2354/122 604/1020/604 605/1409/605
f 26/2447/26 242/1968/242 240/2446/240
f 6/2758/6 1427/2266/1427 174/2265/174
f 173/2433/173 180/1823/180 1401/42/1401
f 1096/830/1096 580/1036/580 1095/535/1095
f 20/2233/20 220/2759/220 221/161/221
f 2060/2165/2060 1357/653/1357 1356/1932/1356
f 1346/525/1346 64/476/64 1303/502/1303
f 1333/447/1333 1332/2176/1332 2115/2144/2115
f 1330/2141/1330 1329/1994/1329 2116/1993/2116
f 1327/2132/1327 249/1992/249 1329/1994/1329
f 1541/1999/1541 287/330/287 1540/352/1540
f 2616/2756/2616 34/2760/34 2615/1973/2615
f 260/234/260 1365/2086/1365 2111/248/2111
f 1377/2089/1377 1376/2103/1376 1378/2087/1378
f 1327/2125/1327 1324/2124/1324 249/1992/249
f 1309/241/1309 1313/153/1313 1311/2042/1311
f 1299/499/1299 1264/676/1264 1352/2060/1352
f 1342/504/1342 1363/2761/1363 60/2119/60
f 363/501/363 360/2104/360 1295/2117/1295
f 2213/601/2213 386/1895/386 2214/800/2214
f 40/312/40 279/2377/279 280/313/280
f 1501/347/1501 1502/269/1502 282/271/282
f 1193/478/1193 369/1917/369 1195/1919/1195
f 1279/594/1279 1276/2063/1276 1278/250/1278
f 350/2106/350 353/2090/353 1305/2120/1305
f 352/222/352 354/2109/354 1303/502/1303
f 1505/270/1505 271/2762/271 36/2373/36
f 1297/2073/1297 1295/2117/1295 1281/2074/1281
f 1313/153/1313 1312/152/1312 1311/2042/1311
f 1302/388/1302 1301/2099/1301 1348/389/1348
f 40/2763/40 281/2764/281 45/455/45
f 2132/1227/2132 1140/1436/1140 2130/1419/2130
f 776/1365/776 775/1209/775 1142/1372/1142
f 2124/838/2124 485/685/485 2293/839/2293
f 761/1694/761 760/1150/760 759/1161/759
f 2294/748/2294 2293/839/2293 2295/2070/2295
f 815/1506/815 2694/1507/2694 2693/571/2693
f 2220/496/2220 349/2765/349 2219/491/2219
f 1133/1417/1133 1131/1414/1131 1130/2071/1130
f 407/2766/407 2296/644/2296 2298/2767/2298
f 2126/1842/2126 1135/1531/1135 2125/1622/2125
f 597/1143/597 662/2768/662 663/1845/663
f 593/2705/593 596/2769/596 2155/750/2155
f 1124/1552/1124 1121/1551/1121 1123/1855/1123
f 408/2770/408 407/2766/407 2300/2049/2300
f 1130/2071/1130 1129/1415/1129 1127/1834/1127
f 1133/1417/1133 1132/1395/1132 1131/1414/1131
f 1127/1834/1127 1128/1413/1128 1125/1857/1125
f 1131/1414/1131 1129/1415/1129 1130/2071/1130
f 530/948/530 594/1517/594 593/2705/593
f 657/1000/657 761/1694/761 762/1001/762
f 2146/1388/2146 2147/1420/2147 2129/1425/2129
f 2142/1841/2142 2141/2771/2141 2138/2772/2138
f 2129/1425/2129 641/2588/641 2145/1854/2145
f 2128/1424/2128 641/2588/641 2129/1425/2129
f 1141/1431/1141 1142/1372/1142 775/1209/775
f 956/1690/956 957/1215/957 642/1092/642
f 2149/2161/2149 2153/1416/2153 627/1455/627
f 2207/824/2207 2204/823/2204 2203/1867/2203
f 2336/2773/2336 2328/2774/2328 2188/98/2188
f 2150/1042/2150 596/2769/596 597/2775/597
f 639/1439/639 640/1426/640 2127/1428/2127
f 2146/1388/2146 2144/1438/2144 2148/1386/2148
f 2137/979/2137 2135/981/2135 2136/1387/2136
f 2153/1416/2153 2152/1044/2152 2151/1043/2151
f 789/1364/789 689/1266/689 688/1229/688
f 2126/1842/2126 2142/1841/2142 2143/1440/2143
f 663/1845/663 139/1448/139 664/1447/664
f 2137/979/2137 2148/1386/2148 2140/2776/2140
f 2140/2776/2140 2138/2772/2138 2137/979/2137
f 2138/2772/2138 2140/2776/2140 2142/1841/2142
f 2143/1440/2143 2140/2776/2140 2148/1386/2148
f 2145/1854/2145 2144/1438/2144 2146/1388/2146
f 2138/2772/2138 2139/980/2139 2137/979/2137
f 2140/2776/2140 2143/1440/2143 2142/1841/2142
f 2172/645/2172 2162/2260/2162 2174/2506/2174
f 2145/1854/2145 639/1439/639 2144/1438/2144
f 1138/1206/1138 1137/1427/1137 2128/1424/2128
f 134/1691/134 643/1091/643 644/1676/644
f 134/1691/134 642/1092/642 643/1091/643
f 627/1455/627 2139/980/2139 2141/2771/2141
f 516/2777/516 2330/1495/2330 2331/1297/2331
f 663/1845/663 664/1447/664 2133/1225/2133
f 2172/645/2172 2171/647/2171 2162/2260/2162
f 957/1215/957 129/866/129 642/1092/642
f 957/1215/957 956/1690/956 960/1216/960
f 2329/1494/2329 489/2778/489 2189/2779/2189
f 593/2705/593 2155/750/2155 2156/749/2156
f 485/685/485 2292/185/2292 2291/187/2291
f 121/2361/121 598/1040/598 599/1039/599
f 527/717/527 2159/719/2159 2177/2780/2177
f 139/1448/139 663/1845/663 662/2768/662
f 596/2769/596 2150/1042/2150 2155/750/2155
f 766/1432/766 765/1437/765 1136/1435/1136
f 597/1143/597 595/2781/595 662/2768/662
f 627/1455/627 2141/2771/2141 2149/2161/2149
f 2157/949/2157 529/2782/529 530/948/530
f 2301/2783/2301 2300/2784/2300 2302/64/2302
f 2431/2785/2431 2432/885/2432 2318/1154/2318
f 2160/1518/2160 409/1520/409 2161/1452/2161
f 527/717/527 529/2782/529 2158/718/2158
f 2159/719/2159 2160/1518/2160 2161/1452/2161
f 2161/1452/2161 2162/2260/2162 2171/647/2171
f 120/2786/120 594/2787/594 595/2781/595
f 2533/617/2533 437/321/437 438/320/438
f 410/1519/410 2160/1518/2160 2290/1083/2290
f 2180/951/2180 595/2781/595 594/2787/594
f 2163/1816/2163 2303/63/2303 2304/2542/2304
f 2305/2788/2305 2164/1795/2164 2646/1815/2646
f 2328/2774/2328 2189/2779/2189 1155/969/1155
f 2314/2789/2314 2178/2790/2178 2177/2780/2177
f 2167/1794/2167 2164/1795/2164 2305/2788/2305
f 480/796/480 1110/795/1110 478/804/478
f 330/381/330 2452/2251/2452 2520/2250/2520
f 2165/2791/2165 2163/1816/2163 2164/1795/2164
f 2170/1808/2170 461/783/461 2169/780/2169
f 2308/2792/2308 2310/813/2310 2168/782/2168
f 2176/1451/2176 2313/817/2313 2314/2789/2314
f 2310/813/2310 2308/2792/2308 2307/2793/2307
f 92/2794/92 464/801/464 465/784/465
f 531/952/531 2178/2795/2178 2179/950/2179
f 2173/803/2173 463/802/463 2172/645/2172
f 2648/2796/2648 2230/1986/2230 2229/1985/2229
f 1929/2578/1929 1925/2690/1925 1928/2689/1928
f 2108/2751/2108 2109/1753/2109 475/761/475
f 92/2794/92 465/784/465 461/783/461
f 2451/849/2451 2524/1632/2524 2525/1631/2525
f 90/1616/90 2092/1793/2092 2093/1615/2093
f 2167/1794/2167 2168/782/2168 2166/781/2166
f 2645/812/2645 2168/782/2168 2310/813/2310
f 420/463/420 2072/462/2072 2073/660/2073
f 868/1327/868 803/1222/803 804/1261/804
f 409/1520/409 408/2770/408 2301/2783/2301
f 531/952/531 528/2797/528 2178/2795/2178
f 2437/956/2437 2436/512/2436 2640/2702/2640
f 2176/1451/2176 2159/719/2159 2161/1452/2161
f 106/2798/106 529/2782/529 527/717/527
f 2307/2793/2307 2308/2792/2308 2306/2543/2306
f 139/1448/139 662/2768/662 661/722/661
f 638/1164/638 2324/1866/2324 2182/1162/2182
f 530/948/530 106/2798/106 531/952/531
f 120/2704/120 596/2769/596 593/2705/593
f 2181/1163/2181 2317/724/2317 638/1164/638
f 141/1441/141 673/1244/673 674/1243/674
f 794/1340/794 702/1484/702 793/1341/793
f 2334/2799/2334 2326/1236/2326 2340/2800/2340
f 680/1883/680 678/1884/678 1151/1871/1151
f 2186/1234/2186 1150/1863/1150 1147/1137/1147
f 517/1493/517 489/2778/489 2329/1494/2329
f 630/2801/630 631/2802/631 2341/711/2341
f 2335/1885/2335 2188/98/2188 2187/100/2187
f 1151/1871/1151 678/1886/678 1150/2803/1150
f 2326/1236/2326 1146/1235/1146 2185/1879/2185
f 1154/1218/1154 1153/1268/1153 2188/98/2188
f 632/1706/632 2327/1880/2327 2334/2799/2334
f 691/1265/691 147/1267/147 692/2804/692
f 2333/1875/2333 2330/1495/2330 2337/1876/2337
f 678/1886/678 1149/1878/1149 1150/2803/1150
f 797/1325/797 692/1284/692 796/1286/796
f 93/959/93 2389/847/2389 2191/1148/2191
f 2328/2774/2328 1154/1218/1154 2188/98/2188
f 88/972/88 2194/720/2194 1158/973/1158
f 2700/1746/2700 679/1745/679 1152/99/1152
f 2192/721/2192 88/972/88 2191/1148/2191
f 807/2805/807 2697/1252/2697 1154/1218/1154
f 2190/1508/2190 1155/969/1155 2189/2779/2189
f 516/2777/516 517/1493/517 2330/1495/2330
f 809/1513/809 1154/1218/1154 109/930/109
f 2341/711/2341 2339/2806/2339 2358/2312/2358
f 2479/2807/2479 2463/2808/2463 2462/2809/2462
f 1159/1638/1159 1165/935/1165 1157/971/1157
f 2222/2147/2222 2223/267/2223 61/506/61
f 2593/2810/2593 2595/2811/2595 2583/2183/2583
f 516/2777/516 104/1512/104 517/2812/517
f 93/959/93 467/1892/467 2375/846/2375
f 458/934/458 1169/787/1169 1168/769/1168
f 2221/2813/2221 2220/496/2220 2395/440/2395
f 98/1897/98 489/2778/489 488/844/488
f 469/730/469 524/1522/524 523/807/523
f 2066/655/2066 2104/2738/2104 2103/656/2103
f 2695/1592/2695 471/726/471 442/1941/442
f 98/1897/98 467/1892/467 486/1893/486
f 262/238/262 2458/240/2458 2540/2814/2540
f 2194/720/2194 2195/1891/2195 1158/973/1158
f 2200/974/2200 468/747/468 2201/829/2201
f 2397/753/2397 2396/1904/2396 2457/2815/2457
f 2192/721/2192 2451/849/2451 2452/2251/2452
f 2579/2816/2579 2572/156/2572 2578/2006/2578
f 1174/428/1174 2226/1935/2226 50/409/50
f 1178/1971/1178 1188/445/1188 1179/1943/1179
f 379/2154/379 1175/426/1175 1176/408/1176
f 475/761/475 477/2739/477 2108/2751/2108
f 457/602/457 456/767/456 2212/600/2212
f 807/1194/807 1154/1218/1154 809/1513/809
f 440/411/440 2682/669/2682 2681/843/2681
f 2207/1548/2207 2206/773/2206 2205/768/2205
f 460/2059/460 459/772/459 2209/774/2209
f 349/2765/349 348/776/348 2216/628/2216
f 91/766/91 457/602/457 458/934/458
f 2208/746/2208 2209/774/2209 2206/773/2206
f 1171/778/1171 443/1907/443 416/779/416
f 2152/1044/2152 2154/1418/2154 2155/750/2155
f 2216/628/2216 2215/775/2215 2217/599/2217
f 1212/394/1212 1211/396/1211 2227/484/2227
f 94/728/94 441/727/441 471/726/471
f 92/2794/92 461/783/461 462/646/462
f 2680/2817/2680 2679/2673/2679 2681/843/2681
f 395/2580/395 74/2666/74 397/2656/397
f 78/2614/78 418/2742/418 419/464/419
f 386/1895/386 385/597/385 2214/800/2214
f 2225/1405/2225 1173/427/1173 2224/1406/2224
f 1336/2148/1336 1337/2118/1337 1334/448/1334
f 2398/218/2398 2397/753/2397 2457/2815/2457
f 2669/418/2669 2657/386/2657 2656/262/2656
f 2216/628/2216 348/776/348 2215/775/2215
f 1174/428/1174 1173/427/1173 2225/1405/2225
f 1339/2139/1339 1338/2153/1338 1319/2140/1319
f 350/2106/350 351/2111/351 59/2110/59
f 348/776/348 347/2146/347 61/506/61
f 2216/628/2216 2219/491/2219 349/2765/349
f 2220/496/2220 345/2300/345 349/2765/349
f 2231/1965/2231 2398/218/2398 2399/1974/2399
f 2651/1988/2651 2653/483/2653 2226/1935/2226
f 2635/2505/2635 295/2504/295 2636/2818/2636
f 266/754/266 2396/2819/2396 2397/753/2397
f 58/2299/58 348/776/348 349/2765/349
f 2461/1989/2461 2462/2809/2462 2401/2820/2401
f 2659/494/2659 2224/1406/2224 2649/266/2649
f 266/2821/266 2222/2147/2222 346/2301/346
f 83/818/83 2441/700/2441 2440/684/2440
f 346/2301/346 345/2300/345 2221/2813/2221
f 2651/1988/2651 2650/493/2650 2652/492/2652
f 1175/426/1175 1174/428/1174 50/409/50
f 2247/1929/2247 2418/192/2418 2286/2264/2286
f 1234/541/1234 2263/2024/2263 1235/539/1235
f 1214/1984/1214 228/214/228 226/1982/226
f 226/1982/226 1435/2728/1435 1213/2822/1213
f 2233/1997/2233 218/149/218 2401/2820/2401
f 277/2823/277 2616/2756/2616 328/2824/328
f 2472/56/2472 2412/83/2412 2411/82/2411
f 2231/1965/2231 217/2825/217 215/1964/215
f 246/2293/246 1213/2822/1213 1435/2728/1435
f 2673/2236/2673 2672/2826/2672 2674/2237/2674
f 2480/112/2480 2479/2807/2479 2488/2827/2488
f 264/1981/264 1215/215/1215 2230/1986/2230
f 1218/1961/1218 1222/146/1222 1220/147/1220
f 1216/213/1216 22/1987/22 228/214/228
f 2232/2828/2232 2540/2814/2540 2458/240/2458
f 2467/31/2467 2408/2019/2408 181/1702/181
f 1221/2005/1221 1219/1962/1219 1220/147/1220
f 2460/1990/2460 2473/55/2473 2475/2829/2475
f 2401/2820/2401 2232/2828/2232 2400/1902/2400
f 217/2825/217 2232/2828/2232 218/149/218
f 2459/1901/2459 2460/1990/2460 2400/1902/2400
f 2491/2830/2491 2492/139/2492 2483/2831/2483
f 2469/2832/2469 2409/2016/2409 2468/964/2468
f 2238/34/2238 1230/2010/1230 2408/2019/2408
f 1530/2199/1530 1529/2201/1529 1766/304/1766
f 2403/2833/2403 2235/2439/2235 2402/2279/2402
f 1223/37/1223 1222/146/1222 2234/2280/2234
f 2238/34/2238 2468/964/2468 2409/2016/2409
f 2234/2280/2234 2463/2808/2463 2402/2279/2402
f 2236/2015/2236 2406/1358/2406 1229/1357/1229
f 1226/11/1226 1225/36/1225 1228/1995/1228
f 2236/2834/2236 2235/2439/2235 2403/2835/2403
f 2469/2836/2469 2470/2837/2470 2410/2838/2410
f 2243/101/2243 2242/78/2242 2415/80/2415
f 1569/2216/1569 2038/2411/2038 1570/2217/1570
f 333/194/333 2286/2264/2286 2418/192/2418
f 2240/1312/2240 2241/13/2241 2239/35/2239
f 2244/2022/2244 234/105/234 2243/101/2243
f 2299/1858/2299 2298/2767/2298 2422/1900/2422
f 2039/2091/2039 2040/1108/2040 1589/9/1589
f 1227/2014/1227 2235/2439/2235 2236/2834/2236
f 1233/15/1233 7/3/7 1232/2/1232
f 1237/2028/1237 1287/122/1287 1236/130/1236
f 2417/193/2417 2418/192/2418 2416/191/2416
f 1272/290/1272 1244/552/1244 1247/551/1247
f 335/466/335 2419/75/2419 2420/77/2420
f 334/2839/334 2417/193/2417 2419/75/2419
f 2259/202/2259 2276/1601/2276 2270/1602/2270
f 235/2730/235 25/2243/25 234/105/234
f 2515/2840/2515 2516/658/2516 2514/2701/2514
f 235/2730/235 2244/2022/2244 2255/2021/2255
f 236/199/236 235/2730/235 2255/2021/2255
f 2559/2841/2559 2503/76/2503 2547/629/2547
f 2250/680/2250 389/2054/389 392/2053/392
f 73/2842/73 391/2843/391 393/616/393
f 425/871/425 427/2051/427 1258/2062/1258
f 1261/869/1261 425/871/425 1260/2058/1260
f 453/686/453 2121/1848/2121 2122/615/2122
f 472/729/472 471/726/471 2695/1592/2695
f 2302/64/2302 2423/758/2423 2424/65/2424
f 2289/2844/2289 391/2843/391 390/611/390
f 2254/200/2254 2255/2021/2255 2245/2020/2245
f 2263/2024/2263 2262/225/2262 2271/2241/2271
f 1248/2068/1248 2284/219/2284 2285/431/2285
f 2251/1928/2251 2250/680/2250 1256/679/1256
f 2296/644/2296 407/2766/407 406/643/406
f 1245/2033/1245 1243/2845/1243 2283/2729/2283
f 2257/2846/2257 2256/201/2256 2282/2847/2282
f 2249/609/2249 2250/680/2250 2248/2081/2248
f 2285/431/2285 2284/219/2284 2253/221/2253
f 2282/2847/2282 1242/2039/1242 1240/118/1240
f 2286/2264/2286 2249/609/2249 2248/2081/2248
f 2260/2848/2260 233/106/233 237/2849/237
f 25/2243/25 237/203/237 233/106/233
f 2261/107/2261 2260/2850/2260 2270/1602/2270
f 2005/2513/2005 2007/205/2007 1676/2514/1676
f 2256/201/2256 2254/200/2254 2283/2729/2283
f 2270/1602/2270 229/2851/229 2271/2241/2271
f 2284/219/2284 2283/2729/2283 2254/200/2254
f 2501/168/2501 223/2235/223 2500/2852/2500
f 2491/2830/2491 206/111/206 207/103/207
f 13/29/13 198/1738/198 12/108/12
f 1324/2124/1324 1315/1755/1315 249/1992/249
f 198/1738/198 13/29/13 197/28/197
f 2283/2729/2283 2282/2853/2282 2256/201/2256
f 2278/2029/2278 1238/244/1238 1237/2028/1237
f 1650/46/1650 1643/364/1643 1633/365/1633
f 17/116/17 209/71/209 194/198/194
f 214/1991/214 216/150/216 1218/1961/1218
f 1252/419/1252 1250/2050/1250 1251/429/1251
f 1375/2102/1375 1514/232/1514 1513/59/1513
f 2269/243/2269 2276/1601/2276 2259/202/2259
f 1242/2039/1242 1241/292/1241 1240/118/1240
f 1424/1053/1424 1412/2854/1412 3/1054/3
f 2339/2806/2339 2340/2800/2340 2326/1236/2326
f 1248/2068/1248 1247/551/1247 1246/550/1246
f 192/1824/192 208/69/208 1405/2135/1405
f 233/106/233 2260/2848/2260 2261/107/2261
f 2327/1880/2327 2371/2855/2371 2370/736/2370
f 1517/2188/1517 1380/2198/1380 1525/351/1525
f 2275/140/2275 2267/2031/2267 2266/873/2266
f 2270/1602/2270 2260/2850/2260 2259/202/2259
f 259/2150/259 258/236/258 1369/2151/1369
f 1252/419/1252 1253/2064/1253 1270/1921/1270
f 2512/2856/2512 2513/1914/2513 2530/657/2530
f 1504/1066/1504 1508/2413/1508 269/2371/269
f 2553/2857/2553 2509/579/2509 2551/2239/2551
f 2276/1601/2276 2267/2031/2267 2275/140/2275
f 277/2823/277 307/2858/307 278/375/278
f 1243/2859/1243 2282/2853/2282 2283/2729/2283
f 1424/1053/1424 178/339/178 1414/96/1414
f 213/121/213 17/116/17 195/117/195
f 2121/1848/2121 1111/805/1111 2684/1846/2684
f 1270/1921/1270 1269/1850/1269 2118/544/2118
f 1321/2079/1321 1317/1565/1317 1320/2159/1320
f 2282/2847/2282 2258/120/2258 2257/2846/2257
f 2268/2032/2268 2278/2029/2278 2279/132/2279
f 2281/125/2281 2264/124/2264 2265/143/2265
f 12/108/12 17/116/17 194/198/194
f 39/291/39 30/2038/30 1239/119/1239
f 271/2372/271 1505/270/1505 1502/269/1502
f 237/203/237 236/199/236 2257/2860/2257
f 2285/431/2285 1249/430/1249 1248/2068/1248
f 1272/290/1272 1271/2065/1271 1274/1594/1274
f 2287/610/2287 337/2603/337 2288/470/2288
f 1248/2068/1248 1246/550/1246 2284/219/2284
f 1239/119/1239 1240/118/1240 1241/2861/1241
f 1768/2610/1768 1781/688/1781 1782/2595/1782
f 237/203/237 2257/2860/2257 2258/120/2258
f 2009/2726/2009 2011/2598/2011 2010/2725/2010
f 2251/1928/2251 1254/1851/1254 1253/2064/1253
f 2122/615/2122 2121/1848/2121 2684/1846/2684
f 2297/471/2297 2296/644/2296 2288/470/2288
f 2331/1297/2331 2330/1495/2330 2333/1527/2333
f 426/2052/426 424/1940/424 1255/2055/1255
f 2250/680/2250 392/2053/392 2120/678/2120
f 1256/679/1256 426/2052/426 1255/2055/1255
f 1243/2040/1243 1244/552/1244 1241/292/1241
f 1267/2056/1267 2117/677/2117 1268/1852/1268
f 73/2842/73 390/611/390 391/2843/391
f 2294/748/2294 1122/868/1122 1118/2045/1118
f 2289/2844/2289 2287/610/2287 2288/470/2288
f 73/2842/73 392/2053/392 389/2054/389
f 2684/1846/2684 393/616/393 2122/615/2122
f 1085/1804/1085 1084/994/1084 2083/2862/2083
f 2177/2780/2177 528/2797/528 527/717/527
f 1746/2351/1746 1780/2495/1780 1747/2637/1747
f 2301/2863/2301 2302/64/2302 2647/2259/2647
f 1127/1834/1127 1126/867/1126 1130/2071/1130
f 98/1897/98 486/1893/486 487/2864/487
f 2134/1844/2134 2147/1420/2147 2136/1387/2136
f 1125/1857/1125 1124/1552/1124 1123/1855/1123
f 2295/2070/2295 2157/949/2157 2156/749/2156
f 2149/2161/2149 2141/2771/2141 2125/1622/2125
f 1130/2071/1130 1126/867/1126 2154/1418/2154
f 2658/387/2658 2648/2796/2648 2229/1881/2229
f 2301/2863/2301 2647/2259/2647 409/1520/409
f 523/807/523 522/938/522 543/929/543
f 2305/2788/2305 2646/1815/2646 533/1856/533
f 2657/386/2657 2678/385/2678 2656/262/2656
f 2298/2767/2298 2300/2049/2300 407/2766/407
f 2301/2783/2301 408/2770/408 2300/2784/2300
f 2177/2780/2177 2176/1451/2176 2314/2789/2314
f 2643/886/2643 2431/2785/2431 2430/815/2430
f 2313/817/2313 2312/814/2312 2430/815/2430
f 2389/847/2389 2388/960/2388 2450/848/2450
f 2431/2785/2431 2179/950/2179 2314/816/2314
f 2498/2457/2498 32/258/32 2499/2456/2499
f 2309/2865/2309 2428/2866/2428 2311/2867/2311
f 2232/2828/2232 2231/1965/2231 2399/1974/2399
f 2184/1390/2184 2325/962/2325 2331/1297/2331
f 2307/2793/2307 2306/2543/2306 2309/2865/2309
f 2431/2785/2431 2315/723/2315 2179/950/2179
f 2181/1163/2181 661/722/661 2317/724/2317
f 532/881/532 2428/2866/2428 2309/2865/2309
f 2316/1156/2316 2315/723/2315 2318/1154/2318
f 2390/562/2390 2193/564/2193 2192/721/2192
f 2309/2865/2309 2311/2867/2311 2307/2793/2307
f 488/844/488 517/2812/517 104/1512/104
f 2179/950/2179 2178/2790/2178 2314/2789/2314
f 405/1048/405 402/635/402 1064/1016/1064
f 2434/2868/2434 2435/510/2435 2320/2869/2320
f 515/922/515 2374/845/2374 104/1512/104
f 1066/636/1066 511/908/511 510/637/510
f 2172/645/2172 463/802/463 462/646/462
f 2178/2790/2178 528/2797/528 2177/2780/2177
f 662/2768/662 2180/951/2180 661/722/661
f 2316/1156/2316 2317/724/2317 2315/723/2315
f 2644/884/2644 2433/2870/2433 2432/885/2432
f 264/1981/264 2230/1986/2230 267/2277/267
f 2324/1866/2324 2183/963/2183 2182/1162/2182
f 634/1155/634 636/1868/636 2316/1156/2316
f 595/2781/595 2180/951/2180 662/2768/662
f 2185/1879/2185 2339/2806/2339 2326/1236/2326
f 2432/885/2432 2319/2871/2319 2318/1154/2318
f 2321/2872/2321 2435/510/2435 2436/512/2436
f 2320/2869/2320 2319/2871/2319 2434/2868/2434
f 2642/681/2642 2429/2873/2429 2427/880/2427
f 2322/1158/2322 534/2874/534 537/1152/537
f 2183/963/2183 2324/1866/2324 2323/961/2323
f 632/1706/632 629/1078/629 2371/2855/2371
f 2349/2875/2349 2339/2806/2339 2338/1877/2338
f 637/1865/637 2323/961/2323 2324/1866/2324
f 680/1883/680 1151/1871/1151 2187/100/2187
f 539/2876/539 2369/1059/2369 2367/2877/2367
f 631/2878/631 2334/2799/2334 2340/2800/2340
f 2361/2879/2361 2350/709/2350 2360/2311/2360
f 2341/711/2341 2360/2311/2360 2350/709/2350
f 1152/99/1152 679/1745/679 680/1869/680
f 1156/970/1156 2190/1508/2190 486/1893/486
f 2355/1583/2355 2356/1060/2356 2347/738/2347
f 2329/1494/2329 2357/1487/2357 2337/1876/2337
f 489/2778/489 487/2864/487 2189/2779/2189
f 2365/1485/2365 2366/2880/2366 2349/2875/2349
f 2079/639/2079 403/2133/403 2078/663/2078
f 106/2798/106 528/2797/528 531/952/531
f 2332/1153/2332 536/2881/536 2372/985/2372
f 106/2798/106 530/948/530 529/2782/529
f 2373/2882/2373 515/922/515 2442/702/2442
f 107/953/107 535/955/535 538/921/538
f 832/1571/832 504/1556/504 831/1533/831
f 2329/1494/2329 2189/2779/2189 2328/2774/2328
f 631/2878/631 632/1706/632 2334/2799/2334
f 630/2801/630 130/1707/130 631/2802/631
f 2329/1494/2329 2328/2774/2328 2336/2773/2336
f 2354/1887/2354 2355/1583/2355 2353/2883/2353
f 130/1707/130 632/1706/632 631/2878/631
f 2338/1877/2338 2337/1876/2337 2348/1486/2348
f 734/1349/734 732/1350/732 1017/1355/1017
f 746/1359/746 748/1410/748 138/1151/138
f 2141/2771/2141 2139/980/2139 2138/2772/2138
f 1991/2720/1991 650/1777/650 649/1635/649
f 2344/1704/2344 2343/2884/2343 2353/2883/2353
f 2351/2885/2351 2342/2886/2342 2350/709/2350
f 517/1493/517 488/844/488 489/2778/489
f 2372/985/2372 104/1512/104 516/2777/516
f 2336/2773/2336 2356/1060/2356 2357/1487/2357
f 2353/2883/2353 2352/2887/2352 2354/1887/2354
f 1048/1024/1048 579/1600/579 566/1022/566
f 2362/2696/2362 2351/2888/2351 2350/709/2350
f 2348/1486/2348 2337/1876/2337 2357/1487/2357
f 130/1707/130 630/2801/630 628/1076/628
f 2381/878/2381 2380/2889/2380 2444/879/2444
f 847/1575/847 849/1509/849 848/1015/848
f 2342/710/2342 628/1076/628 630/2890/630
f 132/2566/132 636/1868/636 634/1155/634
f 618/1064/618 624/2339/624 1485/487/1485
f 1686/583/1686 1705/2518/1705 497/887/497
f 2354/1887/2354 2352/2887/2352 2363/1888/2363
f 2345/1705/2345 2344/1704/2344 2346/737/2346
f 629/1078/629 118/1077/118 2371/2855/2371
f 630/2890/630 2341/711/2341 2342/710/2342
f 1275/2084/1275 1271/2065/1271 1277/251/1277
f 2339/2806/2339 2366/2880/2366 2358/2312/2358
f 2346/737/2346 2344/1704/2344 2353/2883/2353
f 2344/1704/2344 628/1076/628 2343/2884/2343
f 2343/2884/2343 2351/2885/2351 2352/2887/2352
f 114/2553/114 568/2549/568 569/2573/569
f 548/2891/548 2369/1059/2369 2364/1058/2364
f 1485/487/1485 1484/2338/1484 1737/485/1737
f 2355/1583/2355 2346/737/2346 2353/2883/2353
f 2341/711/2341 631/2878/631 2340/2800/2340
f 2366/2880/2366 2367/2877/2367 2359/2310/2359
f 2367/2877/2367 2361/2879/2361 2359/2310/2359
f 2361/2879/2361 2360/2311/2360 2359/2310/2359
f 2109/1753/2109 2107/1664/2107 1096/830/1096
f 2545/2892/2545 2558/2893/2558 2571/2184/2571
f 2363/1888/2363 2351/2888/2351 2362/2696/2362
f 2367/2877/2367 548/2891/548 2368/2697/2368
f 2363/1888/2363 2352/2887/2352 2351/2885/2351
f 1712/833/1712 1713/1136/1713 1482/1141/1482
f 570/831/570 569/2573/569 1711/832/1711
f 2353/2883/2353 2343/2884/2343 2352/2887/2352
f 2381/878/2381 2379/2894/2379 2380/2889/2380
f 2361/2879/2361 2368/2697/2368 2362/2696/2362
f 2354/1887/2354 2364/1058/2364 2355/1583/2355
f 2362/2696/2362 2350/709/2350 2361/2879/2361
f 539/2876/539 2366/2880/2366 2365/1485/2365
f 508/2740/508 1087/989/1087 2074/1810/2074
f 508/2740/508 1088/1821/1088 1087/989/1087
f 108/1791/108 540/2667/540 541/965/541
f 2377/2895/2377 2387/2748/2387 2376/958/2376
f 2588/2896/2588 2566/2008/2566 2577/2897/2577
f 656/1411/656 131/1145/131 755/1373/755
f 110/982/110 549/993/549 550/983/550
f 2369/1059/2369 539/2876/539 2365/1485/2365
f 2365/1485/2365 2349/2875/2349 2348/1486/2348
f 2372/985/2372 536/2881/536 538/921/538
f 1992/1775/1992 1985/2334/1985 1984/1776/1984
f 1927/2487/1927 1931/2489/1931 1926/2613/1926
f 2338/1877/2338 2348/1486/2348 2349/2875/2349
f 1690/1786/1690 1696/927/1696 520/2537/520
f 2374/845/2374 515/922/515 2373/2882/2373
f 1063/1012/1063 563/2898/563 583/793/583
f 2387/2748/2387 2382/2899/2382 2386/2749/2386
f 2372/985/2372 2331/1297/2331 2332/1153/2332
f 2390/562/2390 2192/721/2192 2452/2251/2452
f 537/1152/537 536/2900/536 2332/1153/2332
f 117/1785/117 585/791/585 583/793/583
f 2387/2748/2387 2375/846/2375 2376/958/2376
f 94/728/94 470/786/470 441/727/441
f 2379/2894/2379 2377/2895/2377 2378/2901/2378
f 2380/2889/2380 2442/702/2442 2443/701/2443
f 2385/2902/2385 2381/878/2381 2383/2903/2383
f 466/877/466 2537/2744/2537 2445/2743/2445
f 2447/2904/2447 2384/2905/2384 2383/2903/2383
f 2180/951/2180 594/1517/594 531/1516/531
f 2382/2899/2382 2381/878/2381 2385/2902/2385
f 2383/2903/2383 2384/2905/2384 2385/2902/2385
f 2382/2899/2382 2385/2902/2385 2386/2749/2386
f 2446/2745/2446 2447/2904/2447 2445/2743/2445
f 2394/495/2394 2393/2906/2393 2455/606/2455
f 2386/2749/2386 2448/2907/2448 2449/2750/2449
f 84/2908/84 466/877/466 2444/879/2444
f 331/2909/331 2390/562/2390 330/381/330
f 2210/413/2210 2209/774/2209 2208/746/2208
f 2453/379/2453 330/381/330 2520/2250/2520
f 2521/274/2521 2451/849/2451 2522/272/2522
f 2166/781/2166 465/784/465 2165/2791/2165
f 373/561/373 2683/605/2683 2194/720/2194
f 328/2824/328 53/2910/53 329/2911/329
f 2378/2901/2378 2377/2895/2377 2376/958/2376
f 2234/2280/2234 1222/146/1222 2233/1997/2233
f 2391/437/2391 370/557/370 372/563/372
f 1162/808/1162 2198/1896/2198 2199/714/2199
f 2197/670/2197 2196/1889/2196 2682/669/2682
f 53/2910/53 331/2909/331 330/381/330
f 373/561/373 388/560/388 2683/605/2683
f 374/2912/374 2194/720/2194 2193/564/2193
f 66/556/66 373/561/373 374/2912/374
f 331/2909/331 2391/437/2391 372/563/372
f 2621/608/2621 2624/2913/2624 2455/606/2455
f 1503/1067/1503 1501/347/1501 299/349/299
f 72/595/72 388/603/388 384/596/384
f 15/138/15 2483/2831/2483 2492/139/2492
f 371/558/371 370/557/370 2392/2914/2392
f 371/558/371 2219/491/2219 2218/598/2218
f 66/556/66 372/563/372 370/557/370
f 2680/1938/2680 2681/843/2681 2682/669/2682
f 633/450/633 1937/517/1937 1956/919/1956
f 2492/139/2492 2494/32/2494 2467/31/2467
f 2229/1881/2229 1214/1984/1214 2228/1983/2228
f 268/217/268 35/2278/35 266/2821/266
f 2222/2147/2222 347/2146/347 346/2301/346
f 2675/1950/2675 2648/2915/2648 2673/2236/2673
f 2555/2916/2555 2557/2917/2557 2543/260/2543
f 2226/1935/2226 2225/1405/2225 2650/493/2650
f 2460/1990/2460 2475/2829/2475 2461/1989/2461
f 2233/1997/2233 216/150/216 218/149/218
f 2481/2918/2481 2482/2919/2482 2464/2920/2464
f 2577/2897/2577 2600/2921/2600 2588/2896/2588
f 2464/2920/2464 2402/2279/2402 2463/2808/2463
f 2463/2808/2463 2481/2918/2481 2464/2920/2464
f 2464/2920/2464 2404/2922/2404 2402/2279/2402
f 1224/38/1224 1223/37/1223 2234/2280/2234
f 2477/2923/2477 2471/2924/2471 2487/2925/2487
f 2404/2922/2404 2403/2926/2403 2402/2279/2402
f 2409/2016/2409 2240/1312/2240 2239/35/2239
f 2408/2019/2408 2237/1356/2237 181/1702/181
f 2403/2835/2403 2406/1358/2406 2236/2834/2236
f 2535/704/2535 2522/272/2522 2525/1631/2525
f 2404/2922/2404 2405/2927/2405 2403/2835/2403
f 2411/2928/2411 2470/2929/2470 2471/2924/2471
f 2240/1312/2240 8/2459/8 186/1311/186
f 2492/139/2492 207/103/207 2493/102/2493
f 8/2459/8 185/2731/185 186/1311/186
f 2410/2838/2410 183/2017/183 2409/2016/2409
f 1234/541/1234 7/3/7 1233/15/1233
f 184/2460/184 2410/2838/2410 2411/2928/2411
f 2478/2930/2478 2487/2931/2487 2488/2827/2488
f 2476/2932/2476 2478/2930/2478 2479/2807/2479
f 198/1738/198 2281/125/2281 2280/131/2280
f 2414/165/2414 2413/81/2413 2412/83/2412
f 2413/81/2413 185/2731/185 184/2460/184
f 2490/110/2490 2495/66/2495 205/104/205
f 333/194/333 2287/610/2287 2286/2264/2286
f 184/2460/184 183/2017/183 2410/2838/2410
f 1368/2095/1368 1369/2151/1369 19/2096/19
f 9/2208/9 187/61/187 188/87/188
f 230/79/230 2414/165/2414 23/167/23
f 1750/1953/1750 1492/1018/1492 412/23/412
f 2561/2240/2561 2508/72/2508 2550/172/2550
f 2421/468/2421 336/467/336 335/466/335
f 231/190/231 232/166/232 2503/76/2503
f 2505/188/2505 2422/1900/2422 2421/468/2421
f 2425/511/2425 2435/510/2435 2641/2933/2641
f 2257/2846/2257 236/199/236 2256/201/2256
f 2421/468/2421 335/466/335 2420/77/2420
f 391/2843/391 81/186/81 393/616/393
f 2553/2857/2553 2554/2934/2554 2511/2736/2511
f 2407/1703/2407 2466/2262/2466 15/138/15
f 2437/956/2437 2322/1158/2322 2321/2872/2321
f 83/818/83 414/703/414 2441/700/2441
f 2322/1158/2322 537/1152/537 2323/961/2323
f 2427/880/2427 2428/2866/2428 532/881/532
f 2450/848/2450 2449/2750/2449 2523/2752/2523
f 2642/681/2642 2643/886/2643 2429/2873/2429
f 107/2935/107 536/2900/536 537/1152/537
f 2430/815/2430 2428/2866/2428 2429/2873/2429
f 636/1868/636 2317/724/2317 2316/1156/2316
f 2320/2869/2320 634/1155/634 2319/2871/2319
f 635/1157/635 634/1155/634 2320/2869/2320
f 2323/961/2323 637/1865/637 635/1157/635
f 2434/2868/2434 2433/2870/2433 2641/683/2641
f 2641/683/2641 2433/2870/2433 2644/2936/2644
f 538/921/538 535/955/535 2440/684/2440
f 2378/2901/2378 2376/958/2376 2373/2882/2373
f 2374/845/2374 2373/2882/2373 2376/958/2376
f 2381/878/2381 2382/2937/2382 2379/2894/2379
f 2445/2743/2445 2447/2904/2447 2383/2903/2383
f 2458/240/2458 2400/1902/2400 2232/2828/2232
f 2396/2819/2396 2221/2813/2221 2395/440/2395
f 1500/348/1500 312/331/312 299/349/299
f 2526/273/2526 2522/272/2522 2535/704/2535
f 2386/2749/2386 2385/2902/2385 2384/2905/2384
f 2377/2895/2377 2379/2894/2379 2382/2937/2382
f 1697/928/1697 501/876/501 100/875/100
f 2384/2905/2384 2447/2904/2447 2448/2907/2448
f 1107/1840/1107 495/1843/495 494/841/494
f 2545/2892/2545 2544/259/2544 2558/2938/2558
f 90/1616/90 1079/2741/1079 1078/1729/1078
f 2526/273/2526 2527/691/2527 2521/274/2521
f 2447/2904/2447 2446/2745/2446 2448/2907/2448
f 413/733/413 394/590/394 2526/273/2526
f 2537/2744/2537 2536/1630/2536 422/2753/422
f 2537/2744/2537 422/2753/422 2446/2745/2446
f 2621/608/2621 2616/2756/2616 2620/2939/2620
f 53/2910/53 332/2940/332 331/2909/331
f 2392/436/2392 370/557/370 2391/437/2391
f 328/2824/328 329/2911/329 277/2823/277
f 47/2941/47 308/384/308 306/383/306
f 268/217/268 2397/753/2397 2398/218/2398
f 2539/264/2539 262/238/262 2540/2814/2540
f 1664/2463/1664 1665/362/1665 1663/1052/1663
f 2624/2913/2624 2622/2942/2622 2623/2943/2623
f 2637/2944/2637 2620/2939/2620 2631/392/2631
f 2632/2945/2632 2616/2756/2616 2615/1973/2615
f 2618/377/2618 2617/376/2617 2625/1758/2625
f 217/2825/217 2231/1965/2231 2232/2828/2232
f 265/216/265 35/2278/35 268/217/268
f 2479/2807/2479 2461/1989/2461 2476/2932/2476
f 319/1751/319 2636/2818/2636 2619/1752/2619
f 2497/2946/2497 2459/1901/2459 2458/240/2458
f 2459/1901/2459 2496/162/2496 2460/1990/2460
f 2484/2947/2484 15/138/15 2466/2262/2466
f 2493/102/2493 2494/32/2494 2492/139/2492
f 2486/68/2486 2494/32/2494 2495/66/2495
f 2483/2831/2483 2482/2919/2482 2481/2918/2481
f 2482/2919/2482 2484/2947/2484 2465/2948/2465
f 2405/2927/2405 2404/2922/2404 2465/2948/2465
f 205/104/205 2495/66/2495 2493/102/2493
f 2484/2947/2484 2405/2927/2405 2465/2948/2465
f 2156/749/2156 2294/748/2294 2295/2070/2295
f 2643/886/2643 2432/885/2432 2431/2785/2431
f 2469/2832/2469 2410/2838/2410 2409/2016/2409
f 2419/75/2419 2417/193/2417 2416/191/2416
f 2583/2183/2583 2595/2811/2595 2587/2949/2587
f 2450/848/2450 2523/2752/2523 2524/1632/2524
f 2472/56/2472 2471/2924/2471 2474/57/2474
f 183/2017/183 8/2459/8 2240/1312/2240
f 2475/2829/2475 2476/2932/2476 2461/1989/2461
f 2473/55/2473 2460/1990/2460 2496/162/2496
f 2475/2829/2475 2474/57/2474 2476/2932/2476
f 230/79/230 23/167/23 231/190/231
f 2478/2930/2478 2488/2827/2488 2479/2807/2479
f 20/2233/20 222/2950/222 220/2759/220
f 2476/2932/2476 2474/57/2474 2477/2923/2477
f 2490/110/2490 2480/112/2480 2488/2827/2488
f 206/111/206 2481/2918/2481 2480/112/2480
f 2500/2852/2500 223/2235/223 2499/2456/2499
f 16/2027/16 209/71/209 213/121/213
f 2489/67/2489 2490/110/2490 2488/2827/2488
f 2482/2919/2482 2483/2831/2483 2484/2947/2484
f 207/103/207 2492/139/2492 2491/2830/2491
f 2577/2897/2577 2545/2892/2545 2571/2184/2571
f 2482/2919/2482 2465/2948/2465 2464/2920/2464
f 1317/1565/1317 1289/2046/1289 1290/1566/1290
f 210/2136/210 16/2027/16 211/2026/211
f 84/2908/84 2535/704/2535 2525/1631/2525
f 211/2026/211 1311/2042/1311 19/2096/19
f 2478/2930/2478 2477/2923/2477 2487/2925/2487
f 2488/2827/2488 2487/2931/2487 2489/67/2489
f 2477/2923/2477 2474/57/2474 2471/2924/2471
f 1239/119/1239 30/2038/30 1238/244/1238
f 261/239/261 2498/2457/2498 2497/2946/2497
f 2493/102/2493 2495/66/2495 2494/32/2494
f 185/2731/185 2413/81/2413 230/79/230
f 2475/2829/2475 2473/55/2473 2474/57/2474
f 2572/156/2572 2559/155/2559 2547/2007/2547
f 220/2759/220 2412/163/2412 2472/56/2472
f 2491/2830/2491 2481/2918/2481 206/111/206
f 221/161/221 220/2759/220 2472/56/2472
f 1370/2179/1370 1371/2178/1371 1369/2151/1369
f 1403/43/1403 1377/2089/1377 1379/2088/1379
f 17/116/17 213/121/213 209/71/209
f 2459/1901/2459 2497/2946/2497 2496/162/2496
f 2498/2457/2498 224/2234/224 221/161/221
f 2481/2918/2481 2491/2830/2491 2483/2831/2483
f 210/2136/210 219/2231/219 1374/2101/1374
f 2465/2948/2465 2404/2922/2404 2464/2920/2464
f 2477/2923/2477 2478/2930/2478 2476/2932/2476
f 2498/2457/2498 2496/162/2496 2497/2946/2497
f 2611/2254/2611 2601/2951/2601 44/2255/44
f 2501/168/2501 2546/2952/2546 2502/169/2502
f 20/2233/20 221/161/221 224/2234/224
f 2513/1914/2513 2512/2856/2512 2511/2736/2511
f 438/320/438 445/732/445 444/668/444
f 2507/1860/2507 2423/758/2423 2299/1858/2299
f 2575/2953/2575 2576/2182/2576 2569/2954/2569
f 2423/758/2423 446/2168/446 448/759/448
f 446/2168/446 2423/758/2423 2507/1860/2507
f 2297/471/2297 336/467/336 2421/468/2421
f 2643/886/2643 2642/681/2642 2644/2936/2644
f 2576/2182/2576 2563/2955/2563 2569/2954/2569
f 2439/735/2439 2437/956/2437 2640/2702/2640
f 1683/705/1683 1682/577/1682 1681/2533/1681
f 2556/2956/2556 2564/2957/2564 2565/2958/2565
f 1705/2518/1705 1706/2307/1706 1704/888/1704
f 262/238/262 32/258/32 261/239/261
f 2514/2701/2514 306/383/306 2515/2840/2515
f 2521/274/2521 2519/693/2519 2520/2250/2520
f 2532/547/2532 2531/549/2531 2533/617/2533
f 308/2959/308 2453/379/2453 2518/382/2518
f 304/265/304 2538/1913/2538 263/263/263
f 2527/691/2527 2528/2960/2528 2517/692/2517
f 2518/382/2518 2517/692/2517 2515/2840/2515
f 47/2961/47 305/374/305 307/2858/307
f 2529/589/2529 2528/2960/2528 394/590/394
f 307/2858/307 305/374/305 278/375/278
f 329/380/329 53/2910/53 330/381/330
f 308/2959/308 307/2962/307 2453/379/2453
f 2518/382/2518 2520/2250/2520 2519/693/2519
f 413/733/413 2526/273/2526 2535/704/2535
f 2444/879/2444 2443/701/2443 2535/704/2535
f 2548/170/2548 2504/469/2504 2559/2841/2559
f 374/2912/374 2193/564/2193 372/563/372
f 2454/607/2454 332/2940/332 328/2755/328
f 2448/2907/2448 2446/2745/2446 2523/2752/2523
f 2456/378/2456 2394/495/2394 2455/606/2455
f 2208/746/2208 2202/1547/2202 468/747/468
f 2497/2946/2497 2458/240/2458 261/239/261
f 2504/469/2504 2420/77/2420 2503/76/2503
f 2534/618/2534 2533/617/2533 2531/549/2531
f 394/590/394 2528/2960/2528 2527/691/2527
f 2531/549/2531 2530/657/2530 2534/618/2534
f 364/2963/364 2686/280/2686 368/1918/368
f 2445/2743/2445 2383/2903/2383 466/877/466
f 413/733/413 2535/704/2535 414/703/414
f 1197/1955/1197 2696/446/2696 400/1927/400
f 2529/589/2529 83/818/83 2534/618/2534
f 2516/658/2516 2517/692/2517 2528/2960/2528
f 2512/2856/2512 2531/549/2531 380/548/380
f 2539/264/2539 305/374/305 304/2964/304
f 444/668/444 70/73/70 2532/547/2532
f 87/731/87 447/734/447 448/759/448
f 380/548/380 2510/580/2510 2512/2856/2512
f 2373/2882/2373 2442/702/2442 2378/2901/2378
f 83/818/83 77/588/77 414/703/414
f 2516/658/2516 2528/2960/2528 2529/589/2529
f 414/703/414 77/588/77 413/733/413
f 32/258/32 2541/257/2541 2543/260/2543
f 2566/2008/2566 2546/2965/2546 2545/2892/2545
f 2124/838/2124 1115/765/1115 1113/612/1113
f 439/2660/439 1889/2681/1889 1890/2650/1890
f 2541/257/2541 263/256/263 2538/1913/2538
f 2198/1896/2198 2197/670/2197 2199/714/2199
f 2524/1632/2524 422/2753/422 2536/1630/2536
f 2619/1752/2619 2395/440/2395 2618/377/2618
f 2543/260/2543 2557/2917/2557 2544/259/2544
f 2547/2007/2547 2502/169/2502 2546/2952/2546
f 89/1958/89 449/1959/449 435/834/435
f 2388/960/2388 2449/2750/2449 2450/848/2450
f 85/2641/85 433/569/433 434/706/434
f 85/2641/85 432/570/432 433/569/433
f 2159/719/2159 2291/187/2291 2290/1083/2290
f 2546/2965/2546 2566/2008/2566 2547/2007/2547
f 47/2941/47 306/383/306 304/265/304
f 15/138/15 2484/2947/2484 2483/2831/2483
f 232/166/232 2501/168/2501 2502/169/2502
f 2272/1049/2272 229/2851/229 2277/142/2277
f 1282/2035/1282 1279/594/1279 1281/2074/1281
f 2668/366/2668 311/368/311 2670/417/2670
f 40/2763/40 45/455/45 279/2370/279
f 2673/2236/2673 2671/2493/2671 2672/2826/2672
f 2570/2966/2570 2571/2184/2571 2558/2893/2558
f 2501/168/2501 222/2950/222 223/2235/223
f 2667/261/2667 309/367/309 2668/366/2668
f 2560/171/2560 2567/154/2567 2568/2967/2568
f 2558/2893/2558 2565/2968/2565 2570/2966/2570
f 231/190/231 23/167/23 232/166/232
f 2560/2969/2560 2548/170/2548 2559/2841/2559
f 2538/1913/2538 2514/2701/2514 2513/1914/2513
f 2563/2955/2563 2552/2970/2552 2562/2971/2562
f 2557/2917/2557 2555/2916/2555 2556/2956/2556
f 2563/2955/2563 2564/2957/2564 2552/2970/2552
f 2511/2736/2511 2509/579/2509 2553/2857/2553
f 2599/2972/2599 338/454/338 2610/2973/2610
f 2582/2974/2582 2583/2183/2583 2576/2182/2576
f 2554/2934/2554 2552/2970/2552 2564/2957/2564
f 2513/1914/2513 2554/2934/2554 2542/1912/2542
f 2553/2857/2553 2551/2239/2551 2552/2970/2552
f 2544/259/2544 2557/2917/2557 2558/2938/2558
f 2519/693/2519 2517/692/2517 2518/382/2518
f 2554/2934/2554 2556/2956/2556 2555/2916/2555
f 2546/2965/2546 2500/2852/2500 2545/2458/2545
f 2569/2954/2569 2562/2238/2562 2561/2240/2561
f 2556/2956/2556 2558/2893/2558 2557/2917/2557
f 2551/2239/2551 2509/579/2509 2508/72/2508
f 2560/2969/2560 2559/2841/2559 2567/154/2567
f 2580/2975/2580 2581/2976/2581 2573/2977/2573
f 2602/2978/2602 2589/2979/2589 2601/2951/2601
f 2549/189/2549 2504/469/2504 2548/170/2548
f 2589/2979/2589 2579/2816/2579 2578/2006/2578
f 2568/2967/2568 2550/172/2550 2560/171/2560
f 2574/2980/2574 2561/2981/2561 2568/2967/2568
f 2565/2958/2565 2563/2982/2563 2570/2966/2570
f 2601/2951/2601 2578/2006/2578 2588/2896/2588
f 2512/2856/2512 2510/580/2510 2511/2736/2511
f 2552/2970/2552 2551/2239/2551 2562/2238/2562
f 2556/2956/2556 2554/2934/2554 2564/2957/2564
f 2610/2973/2610 2587/2949/2587 2599/2972/2599
f 2580/2975/2580 2572/156/2572 2579/2816/2579
f 2542/1912/2542 2541/257/2541 2538/1913/2538
f 2303/63/2303 2425/511/2425 2304/2542/2304
f 2555/2916/2555 2543/260/2543 2542/1912/2542
f 2571/2184/2571 2570/2966/2570 2576/2182/2576
f 2573/2977/2573 2567/154/2567 2572/156/2572
f 2576/2182/2576 2575/2953/2575 2582/2974/2582
f 2563/2955/2563 2562/2971/2562 2569/2954/2569
f 2568/2967/2568 2581/2976/2581 2574/2980/2574
f 2588/2896/2588 44/2255/44 2601/2951/2601
f 2565/2958/2565 2564/2957/2564 2563/2982/2563
f 2595/2811/2595 2599/2972/2599 2587/2949/2587
f 2579/2816/2579 2584/2983/2584 2580/2975/2580
f 2592/2984/2592 2581/2976/2581 2584/2983/2584
f 2575/2953/2575 2569/2954/2569 2574/2980/2574
f 2586/2985/2586 2583/2183/2583 2582/2974/2582
f 2174/2506/2174 2162/2260/2162 2163/1816/2163
f 2582/2974/2582 2575/2953/2575 2574/2980/2574
f 2591/2986/2591 2579/2816/2579 2589/2979/2589
f 2573/2977/2573 2572/156/2572 2580/2975/2580
f 2568/2967/2568 2567/154/2567 2573/2977/2573
f 2585/2987/2585 2574/2980/2574 2581/2976/2581
f 2598/2600/2598 2599/2972/2599 2595/2811/2595
f 2584/2983/2584 2579/2816/2579 2591/2986/2591
f 338/454/338 2606/2604/2606 2608/432/2608
f 2371/2855/2371 118/1077/118 2370/736/2370
f 2581/2976/2581 2580/2975/2580 2584/2983/2584
f 2583/2183/2583 2586/2985/2586 2593/2810/2593
f 2586/2985/2586 2582/2974/2582 2585/2987/2585
f 2614/2256/2614 2600/2921/2600 2610/2973/2610
f 2594/2601/2594 2598/2600/2598 2595/2811/2595
f 2590/2988/2590 2591/2986/2591 2589/2979/2589
f 2597/2602/2597 2585/2987/2585 2592/2984/2592
f 2591/2986/2591 2592/2984/2592 2584/2983/2584
f 2593/2810/2593 2594/2601/2594 2595/2811/2595
f 2598/2600/2598 2606/2604/2606 2599/2972/2599
f 2304/2542/2304 2646/1815/2646 2163/1816/2163
f 2596/2989/2596 2589/2979/2589 2602/2978/2602
f 2592/2984/2592 2591/2986/2591 2590/2988/2590
f 2594/2601/2594 2593/2810/2593 2597/2602/2597
f 2593/2810/2593 2586/2985/2586 2585/2987/2585
f 2620/2939/2620 2637/2944/2637 2621/608/2621
f 2612/2380/2612 2611/2254/2611 2614/2256/2614
f 338/454/338 2613/2379/2613 2610/2973/2610
f 2604/2990/2604 2592/2984/2592 2590/2988/2590
f 338/454/338 2609/453/2609 2613/2379/2613
f 2590/2988/2590 2589/2979/2589 2596/2989/2596
f 2605/433/2605 2606/2604/2606 2598/2600/2598
f 2603/2991/2603 2596/2989/2596 2602/2978/2602
f 2605/433/2605 2597/2602/2597 2604/2990/2604
f 2596/2989/2596 2604/2990/2604 2590/2988/2590
f 2604/2990/2604 2607/434/2607 2605/433/2605
f 2093/1615/2093 2100/667/2100 2082/1353/2082
f 35/2278/35 267/2992/267 266/2821/266
f 2604/2990/2604 2596/2989/2596 2603/2991/2603
f 2611/2254/2611 2602/2978/2602 2601/2951/2601
f 2603/2991/2603 327/2993/327 2607/434/2607
f 2611/2254/2611 2612/2380/2612 327/2993/327
f 1282/2035/1282 367/2034/367 1276/2063/1276
f 2625/1758/2625 2624/2913/2624 2623/2943/2623
f 1507/2127/1507 317/277/317 1508/2413/1508
f 1762/2360/1762 1756/307/1756 325/1730/325
f 57/400/57 341/481/341 344/490/344
f 2629/2414/2629 2631/392/2631 2634/2415/2634
f 2614/2256/2614 2610/2973/2610 2613/2379/2613
f 2612/2380/2612 2607/434/2607 327/2993/327
f 2627/2994/2627 2629/2414/2629 296/2416/296
f 1441/1976/1441 315/183/315 48/182/48
f 379/2154/379 1176/408/1176 1177/1947/1177
f 2263/2024/2263 2271/2241/2271 229/2851/229
f 1503/1067/1503 1502/269/1502 1501/347/1501
f 356/518/356 1758/1063/1758 1775/2597/1775
f 2632/2945/2632 2457/2815/2457 2633/1903/2633
f 57/400/57 343/1967/343 342/401/342
f 2613/2379/2613 2609/453/2609 2612/2380/2612
f 295/2504/295 296/2416/296 2634/2415/2634
f 2295/2070/2295 485/685/485 2291/187/2291
f 2369/1059/2369 2357/1487/2357 2356/1060/2356
f 2298/2767/2298 2296/644/2296 2297/471/2297
f 20/2233/20 223/2235/223 222/2950/222
f 2549/189/2549 2548/170/2548 2550/2164/2550
f 1406/115/1406 194/198/194 193/70/193
f 319/1751/319 2626/1759/2626 2635/2505/2635
f 2623/2943/2623 2622/2942/2622 2638/2995/2638
f 296/2416/296 2626/1759/2626 2627/2994/2627
f 2615/1973/2615 34/2760/34 2399/1974/2399
f 2624/2913/2624 2617/376/2617 2455/606/2455
f 2020/2516/2020 2018/2723/2018 2024/2492/2024
f 2440/684/2440 2438/957/2438 2639/319/2639
f 2638/2995/2638 2622/2942/2622 2637/2944/2637
f 57/400/57 313/402/313 341/481/341
f 1447/489/1447 375/565/375 377/2996/377
f 2626/1759/2626 2623/2943/2623 2627/2994/2627
f 1283/2076/1283 1273/1595/1273 1293/2041/1293
f 2623/2943/2623 2638/2995/2638 2630/391/2630
f 2534/618/2534 83/818/83 437/321/437
f 2631/392/2631 2630/391/2630 2638/2995/2638
f 2620/2939/2620 2634/2415/2634 2631/392/2631
f 2628/393/2628 2629/2414/2629 2627/2994/2627
f 2635/2505/2635 2636/2818/2636 319/1751/319
f 2665/2173/2665 309/367/309 2666/252/2666
f 2630/391/2630 2628/393/2628 2627/2994/2627
f 1556/2388/1556 204/2180/204 1519/2191/1519
f 55/465/55 333/194/333 334/2757/334
f 2624/2913/2624 2625/1758/2625 2617/376/2617
f 2642/681/2642 2427/880/2427 2426/682/2426
f 2638/2995/2638 2637/2944/2637 2631/392/2631
f 2633/1903/2633 2636/2818/2636 295/2504/295
f 1244/552/1244 1272/290/1272 1241/292/1241
f 344/490/344 341/481/341 1445/2512/1445
f 1251/429/1251 2285/431/2285 2253/221/2253
f 2671/2493/2671 2670/417/2670 2672/2826/2672
f 1286/123/1286 1287/122/1287 1237/2028/1237
f 2527/691/2527 2519/693/2519 2521/274/2521
f 445/732/445 438/320/438 2639/319/2639
f 535/955/535 2438/957/2438 2440/684/2440
f 448/759/448 447/734/447 2640/2702/2640
f 2640/2702/2640 447/734/447 2439/735/2439
f 2439/735/2439 2639/319/2639 2438/957/2438
f 534/2874/534 2322/1158/2322 2437/956/2437
f 2380/2889/2380 2379/2894/2379 2378/2901/2378
f 2427/880/2427 2429/2873/2429 2428/2866/2428
f 2434/2868/2434 2319/2871/2319 2433/2870/2433
f 2644/2936/2644 2642/681/2642 2641/683/2641
f 2439/735/2439 2438/957/2438 2437/956/2437
f 87/731/87 448/759/448 446/2168/446
f 546/1831/546 1897/2684/1897 547/1829/547
f 335/466/335 334/2839/334 2419/75/2419
f 2555/2916/2555 2542/1912/2542 2554/2934/2554
f 337/2603/337 2287/610/2287 333/194/333
f 2429/2873/2429 2643/886/2643 2430/815/2430
f 2417/193/2417 334/2757/334 333/194/333
f 467/1892/467 488/844/488 2375/846/2375
f 2147/1420/2147 1139/1204/1139 2129/1425/2129
f 462/646/462 461/783/461 2170/1808/2170
f 2223/267/2223 2222/2147/2222 267/2277/267
f 2165/2791/2165 2164/1795/2164 2166/781/2166
f 2307/2793/2307 2312/814/2312 2310/813/2310
f 2306/2543/2306 2167/1794/2167 2305/2788/2305
f 2393/435/2393 2391/437/2391 2454/607/2454
f 2645/812/2645 2313/817/2313 2170/1808/2170
f 2435/510/2435 2434/2868/2434 2641/2933/2641
f 76/2997/76 407/2766/407 408/2770/408
f 2174/2506/2174 2173/803/2173 2172/645/2172
f 2168/782/2168 2167/1794/2167 2308/2792/2308
f 55/465/55 337/2603/337 333/194/333
f 2506/1859/2506 70/73/70 2507/1860/2507
f 1845/2640/1845 1829/2529/1829 1828/698/1828
f 2424/65/2424 2640/2702/2640 2436/512/2436
f 2260/2848/2260 237/2849/237 2259/202/2259
f 2489/67/2489 2487/2925/2487 2486/68/2486
f 2237/1356/2237 1230/2276/1230 1229/2275/1229
f 1227/2014/1227 1224/38/1224 2235/2439/2235
f 1225/36/1225 1226/11/1226 166/2011/166
f 2246/220/2246 2245/2020/2245 2418/192/2418
f 2471/2924/2471 2486/68/2486 2487/2925/2487
f 1221/2005/1221 164/2004/164 1432/20/1432
f 218/149/218 18/148/18 217/2825/217
f 1508/2998/1508 284/276/284 1521/2367/1521
f 321/416/321 322/648/322 2661/513/2661
f 2047/195/2047 24/2082/24 2046/48/2046
f 320/415/320 2663/2999/2663 2662/649/2662
f 1658/423/1658 1657/438/1657 1783/421/1783
f 2652/2285/2652 2661/513/2661 2651/1988/2651
f 2663/2999/2663 2664/254/2664 2662/649/2662
f 2291/187/2291 2158/718/2158 2295/2070/2295
f 2405/2927/2405 2466/2262/2466 2406/1358/2406
f 1190/1920/1190 364/2963/364 368/1918/368
f 2674/2237/2674 311/368/311 310/2172/310
f 2469/2832/2469 2485/33/2485 2470/255/2470
f 2667/261/2667 2669/418/2669 2656/262/2656
f 2623/2943/2623 2630/391/2630 2627/2994/2627
f 2666/252/2666 2667/261/2667 2655/253/2655
f 278/375/278 2539/264/2539 2540/2814/2540
f 332/2940/332 2454/607/2454 2391/437/2391
f 1111/805/1111 1110/795/1110 1109/997/1109
f 2663/2999/2663 320/415/320 2677/414/2677
f 310/2172/310 2675/1950/2675 2674/2237/2674
f 264/1981/264 35/2278/35 265/216/265
f 320/415/320 2662/649/2662 322/648/322
f 2675/1950/2675 2659/1949/2659 2649/266/2649
f 2667/261/2667 2666/252/2666 309/367/309
f 2653/483/2653 322/648/322 2654/650/2654
f 1902/327/1902 1931/2489/1931 1903/325/1903
f 2665/2173/2665 2677/414/2677 2676/1948/2676
f 2672/2826/2672 311/368/311 2674/2237/2674
f 369/1917/369 1190/1920/1190 368/1918/368
f 321/416/321 2660/514/2660 2677/414/2677
f 1274/1594/1274 1275/2084/1275 367/2034/367
f 2660/514/2660 2652/492/2652 2659/494/2659
f 58/2299/58 347/2146/347 348/776/348
f 2665/2173/2665 2664/254/2664 2663/2999/2663
f 2462/2809/2462 2233/1997/2233 2401/2820/2401
f 2677/414/2677 2660/514/2660 2676/1948/2676
f 217/2825/217 18/148/18 215/1964/215
f 2636/2818/2636 2633/1903/2633 2619/1752/2619
f 58/2299/58 346/2301/346 347/2146/347
f 1205/279/1205 1196/1936/1196 1195/1919/1195
f 1216/213/1216 214/1991/214 227/1627/227
f 332/2940/332 53/2910/53 328/2824/328
f 315/183/315 1443/210/1443 314/184/314
f 1207/1951/1207 2686/280/2686 2685/1972/2685
f 2653/483/2653 2654/650/2654 2227/484/2227
f 387/1894/387 2212/600/2212 2679/2673/2679
f 2206/773/2206 2202/1547/2202 2208/746/2208
f 2200/974/2200 440/411/440 2210/413/2210
f 389/2054/389 2250/680/2250 2249/609/2249
f 85/2641/85 436/566/436 432/570/432
f 94/728/94 469/730/469 470/786/470
f 1172/1899/1172 443/1907/443 1171/778/1171
f 1187/444/1187 1179/1943/1179 1188/445/1188
f 1091/1105/1091 1089/986/1089 509/1818/509
f 132/2566/132 637/1865/637 638/1164/638
f 2399/1974/2399 34/2760/34 2540/2814/2540
f 1779/623/1779 428/2494/428 1778/690/1778
f 1418/2247/1418 1416/2246/1416 1425/2453/1425
f 165/26/165 158/10/158 157/3000/157
f 1517/2188/1517 14/86/14 200/133/200
f 8/2459/8 184/2460/184 185/2731/185
f 239/211/239 1667/1144/1667 1668/212/1668
f 27/2289/27 246/2293/246 243/2002/243
f 364/2963/364 1190/1920/1190 1189/1945/1189
f 2276/1601/2276 2275/140/2275 2277/142/2277
f 1179/1943/1179 1180/1944/1180 1177/1947/1177
f 1185/671/1185 1179/1930/1179 1187/444/1187
f 1325/2126/1325 1327/2132/1327 1328/2131/1328
f 1194/1926/1194 1193/478/1193 1195/1919/1195
f 1751/2364/1751 1775/2597/1775 1752/2594/1752
f 378/278/378 376/567/376 1204/574/1204
f 2221/2813/2221 345/2300/345 2220/496/2220
f 449/1959/449 450/619/450 1203/621/1203
f 1200/1925/1200 1197/1955/1197 1198/543/1198
f 342/401/342 1209/410/1209 48/182/48
f 1440/1975/1440 1210/482/1210 1439/2294/1439
f 1193/478/1193 1191/480/1191 369/1917/369
f 436/566/436 435/834/435 449/1959/449
f 2347/738/2347 2335/1885/2335 2370/736/2370
f 2002/1908/2002 1669/2470/1669 1995/2296/1995
f 1182/1933/1182 1180/1944/1180 1184/672/1184
f 1184/672/1184 79/2682/79 1182/1933/1182
f 1117/827/1117 1120/1610/1120 2702/1611/2702
f 887/3001/887 561/862/561 562/1010/562
f 621/1604/621 888/1011/888 562/1010/562
f 103/906/103 513/1013/513 514/1766/514
f 2335/1885/2335 2347/738/2347 2356/1060/2356
f 87/731/87 446/2168/446 444/668/444
f 561/862/561 887/3001/887 492/1589/492
f 524/1522/524 469/730/469 472/729/472
f 391/2843/391 2289/2844/2289 81/186/81
f 95/2754/95 473/592/473 474/591/474
f 886/1147/886 2690/573/2690 885/1568/885
f 451/530/451 2692/712/2692 491/531/491
f 1123/1855/1123 1122/868/1122 1126/867/1126
f 2523/2752/2523 2446/2745/2446 422/2753/422
f 2227/484/2227 1210/482/1210 50/409/50
f 1194/1926/1194 1192/479/1192 1193/478/1193
f 1391/2215/1391 1392/2214/1392 1390/2192/1390
f 1207/1951/1207 2685/1972/2685 1208/1954/1208
f 2679/604/2679 2680/2817/2680 2683/605/2683
f 111/1837/111 554/1828/554 555/996/555
f 2190/1508/2190 487/2864/487 486/1893/486
f 2204/823/2204 1166/931/1166 1165/935/1165
f 861/1192/861 876/1576/876 862/1597/862
f 2697/1252/2697 807/2805/807 806/788/806
f 2189/2779/2189 487/2864/487 2190/1508/2190
f 818/940/818 886/1147/886 504/1556/504
f 715/1223/715 803/1222/803 714/1328/714
f 810/1873/810 654/1502/654 808/946/808
f 2699/1492/2699 2698/1253/2698 805/1262/805
f 486/1893/486 93/959/93 2191/1148/2191
f 2699/1492/2699 805/1262/805 2700/1746/2700
f 1454/1004/1454 1456/2316/1456 1457/1005/1457
f 1128/1413/1128 556/1112/556 1125/1857/1125
f 658/1002/658 774/1208/774 138/1151/138
f 899/1168/899 699/1167/699 900/1475/900
f 1117/827/1117 495/1843/495 482/826/482
f 1075/1802/1075 1076/1811/1076 1079/2741/1079
f 2149/2161/2149 2125/1622/2125 1134/1621/1134
f 937/1165/937 660/1709/660 959/864/959
f 649/1635/649 1984/1776/1984 1982/1549/1982
f 681/1280/681 787/1290/787 788/1228/788
f 2311/2867/2311 2430/815/2430 2312/814/2312
f 7/3/7 196/2093/196 1409/1/1409
f 2448/2907/2448 2523/2752/2523 2449/2750/2449
f 604/1020/604 582/1035/582 1097/1021/1097
f 629/1078/629 130/1707/130 628/1076/628
f 612/1651/612 611/1820/611 607/1819/607
f 110/982/110 553/992/553 549/993/549
f 639/1439/639 641/2588/641 640/1426/640
f 2275/140/2275 2266/873/2266 2274/141/2274
f 959/864/959 938/1612/938 937/1165/937
f 1047/1023/1047 577/1765/577 1046/1481/1046
f 501/876/501 502/893/502 1693/874/1693
f 2059/2158/2059 2058/508/2058 2065/507/2065
f 1062/1017/1062 514/1766/514 1063/1012/1063
f 2647/2259/2647 2302/64/2302 2303/63/2303
f 1362/457/1362 2110/2155/2110 2112/534/2112
f 411/622/411 1750/1953/1750 412/23/412
f 2290/1083/2290 2160/1518/2160 2159/719/2159
f 2103/656/2103 1099/1408/1099 1098/1019/1098
f 2701/1113/2701 555/996/555 1105/853/1105
f 509/1818/509 508/2740/508 102/1825/102
f 1925/2690/1925 1927/2487/1927 1926/2613/1926
f 1318/223/1318 1320/2159/1320 1304/224/1304
f 2669/418/2669 2671/2493/2671 2657/386/2657
f 1651/47/1651 1652/2424/1652 1645/2462/1645
f 320/415/320 322/648/322 321/416/321
f 1714/1135/1714 1732/2568/1732 1733/2342/1733
f 2621/608/2621 2637/2944/2637 2622/2942/2622
f 309/367/309 310/2172/310 311/368/311
f 1052/1779/1052 1051/1075/1051 1045/1259/1045
f 2274/141/2274 2266/873/2266 2265/143/2265
f 117/1785/117 587/1074/587 586/2352/586
f 2633/1903/2633 2634/2415/2634 2632/2945/2632
f 2273/144/2273 2274/141/2274 2265/143/2265
f 1051/1075/1051 587/1074/587 1050/1032/1050
f 2522/272/2522 2451/849/2451 2525/1631/2525
f 510/907/510 103/906/103 514/1766/514
f 1317/1565/1317 1322/2080/1322 1316/1754/1316
f 125/2321/125 621/1604/621 562/1010/562
f 127/1182/127 618/1064/618 623/756/623
f 126/1046/126 552/991/552 622/1668/622
f 124/1055/124 613/1072/613 614/1073/614
f 1195/1919/1195 2686/280/2686 1205/279/1205
f 125/2321/125 560/1003/560 619/856/619
f 2273/144/2273 2272/1049/2272 2277/142/2277
f 563/2898/563 113/1764/113 567/1068/567
f 1607/2138/1607 1606/173/1606 21/175/21
f 466/877/466 2383/2903/2383 2381/878/2381
f 2690/573/2690 886/1147/886 2693/571/2693
f 891/516/891 890/1126/890 1461/1082/1461
f 2406/1358/2406 181/1702/181 2237/1356/2237
f 229/2851/229 212/126/212 2263/2024/2263
f 1069/1771/1069 1080/1807/1080 1081/1813/1081
f 150/1299/150 708/1629/708 709/1307/709
f 1024/1733/1024 1001/1383/1001 1000/1382/1000
f 982/1714/982 930/1678/930 931/1680/931
f 123/1761/123 612/1651/612 609/1661/609
f 126/1046/126 622/1668/622 135/1667/135
f 113/1764/113 566/1022/566 567/1068/567
f 113/1764/113 565/1757/565 566/1022/566
f 1694/917/1694 1695/926/1695 1693/874/1693
f 823/1514/823 861/1192/861 862/1597/862
f 887/3001/887 881/1009/881 883/1590/883
f 881/1009/881 888/1011/888 879/1240/879
f 881/1009/881 884/1554/884 883/1590/883
f 887/3001/887 883/1590/883 492/1589/492
f 862/1597/862 652/1189/652 823/1514/823
f 890/1126/890 672/1606/672 889/1125/889
f 1465/1619/1465 894/1498/894 893/1614/893
f 865/790/865 864/1593/864 866/1579/866
f 875/1449/875 874/1504/874 876/1576/876
f 149/1295/149 701/1263/701 702/1488/702
f 692/1284/692 147/1283/147 693/1282/693
f 2366/2880/2366 2359/2310/2359 2358/2312/2358
f 1023/1644/1023 906/1371/906 905/1640/905
f 858/1567/858 859/1534/859 849/1509/849
f 723/1339/723 725/1874/725 783/1199/783
f 800/1281/800 690/1230/690 689/1266/689
f 149/1295/149 703/1264/703 701/1263/701
f 787/1290/787 682/1279/682 695/1320/695
f 1015/1422/1015 1014/1478/1014 1013/1331/1013
f 111/1837/111 556/1112/556 557/1412/557
f 1026/1735/1026 1000/1382/1000 998/1658/998
f 122/2354/122 607/1819/607 604/1020/604
f 122/2354/122 606/1402/606 608/1101/608
f 733/1348/733 687/1463/687 686/1276/686
f 146/1269/146 685/1460/685 686/1276/686
f 154/1472/154 727/1308/727 726/1291/726
f 612/1651/612 607/1819/607 916/1722/916
f 801/1326/801 1148/1491/1148 1149/1878/1149
f 151/1499/151 712/1321/712 713/1322/713
f 146/1269/146 684/1271/684 685/1460/685
f 132/2566/132 634/1155/634 635/1157/635
f 1702/850/1702 1722/2547/1722 1708/2550/1708
f 117/1785/117 583/793/583 584/1069/584
f 117/1785/117 586/2352/586 585/791/585
f 179/18/179 1400/1822/1400 180/1823/180
f 607/1819/607 608/1723/608 916/1722/916
f 106/2798/106 527/717/527 528/2797/528
f 105/937/105 525/1523/525 526/945/526
f 592/2319/592 1936/920/1936 1460/2548/1460
f 2173/803/2173 2174/2506/2174 2175/2507/2175
f 89/1958/89 450/619/450 449/1959/449
f 2513/1914/2513 2516/658/2516 2530/657/2530
f 2664/254/2664 2655/253/2655 2662/649/2662
f 46/2368/46 300/2397/300 302/2369/302
f 2587/2949/2587 2571/2184/2571 2583/2183/2583
f 31/233/31 256/235/256 257/237/257
f 291/2479/291 290/208/290 1609/207/1609
f 1372/2177/1372 1370/2179/1370 1515/231/1515
f 1322/2080/1322 2115/2144/2115 1323/2077/1323
f 1432/20/1432 1431/95/1431 1577/21/1577
f 190/2209/190 189/89/189 1559/2483/1559
f 1382/2206/1382 1381/134/1381 202/85/202
f 4/25/4 167/27/167 168/2009/168
f 1022/1725/1022 1020/1727/1020 1003/1649/1003
f 1024/1642/1024 1023/1644/1023 1022/1645/1022
f 1026/1735/1026 1024/1733/1024 1000/1382/1000
f 910/1380/910 1027/1379/1027 1026/1646/1026
f 910/1380/910 909/1734/909 908/1381/908
f 500/2535/500 497/887/497 101/2544/101
f 503/883/503 101/2544/101 498/2536/498
f 1456/2539/1456 1453/2538/1453 1455/2306/1455
f 1062/1017/1062 1061/792/1061 1491/24/1491
f 3/1054/3 1416/2246/1416 1426/337/1426
f 1642/2408/1642 1649/2430/1649 1632/2137/1632
f 1371/2178/1371 19/2096/19 1369/2151/1369
f 1369/2151/1369 29/229/29 1370/2179/1370
f 1584/2245/1584 1579/2253/1579 1592/49/1592
f 1542/538/1542 1623/329/1623 1624/285/1624
f 42/332/42 282/271/282 1505/270/1505
f 1505/270/1505 36/2373/36 1506/2376/1506
f 312/331/312 1504/1066/1504 299/349/299
f 51/2384/51 323/2599/323 1768/2610/1768
f 2011/2598/2011 326/424/326 2010/2725/2010
f 1374/2101/1374 1373/2230/1373 1375/2102/1375
f 45/455/45 281/2764/281 2113/246/2113
f 1678/206/1678 2001/2484/2001 1677/204/1677
f 2093/1615/2093 2099/2732/2099 2100/667/2100
f 1195/1919/1195 400/1927/400 1194/1926/1194
f 266/754/266 346/2301/346 2221/2813/2221
f 1189/1945/1189 1188/445/1188 364/2963/364
f 397/2656/397 1864/633/1864 395/2580/395
f 2380/2889/2380 2443/701/2443 2444/879/2444
f 2330/1495/2330 2329/1494/2329 2337/1876/2337
f 1177/1947/1177 1178/1971/1178 1179/1943/1179
f 2087/1796/2087 2080/632/2080 1070/910/1070
f 486/1893/486 1157/971/1157 1156/970/1156
f 2173/803/2173 2175/2507/2175 464/801/464
f 2165/2791/2165 464/801/464 2175/2507/2175
f 1072/1800/1072 1073/1801/1073 1075/1802/1075
f 1073/1801/1073 1076/1811/1076 1075/1802/1075
f 1239/119/1239 1241/2861/1241 39/291/39
f 496/905/496 1697/928/1697 100/875/100
f 2702/1611/2702 1105/853/1105 495/1843/495
f 2130/1419/2130 669/1185/669 1139/1204/1139
f 542/968/542 1848/2622/1848 519/1792/519
f 1848/2622/1848 518/923/518 519/1792/519
f 520/2537/520 1691/916/1691 1690/1786/1690
f 1284/2037/1284 1291/2128/1291 1290/1566/1290
f 1355/2163/1355 2062/1094/2062 2061/1839/2061
f 2363/1888/2363 548/2891/548 2364/1058/2364
f 859/1534/859 853/978/853 851/1544/851
f 573/1546/573 842/976/842 853/978/853
f 2103/656/2103 1097/1021/1097 2106/654/2106
f 277/2823/277 2540/2814/2540 34/2760/34
f 205/104/205 207/103/207 206/111/206
f 538/921/538 2440/684/2440 2441/700/2441
f 937/1165/937 936/1697/936 955/1696/955
f 2135/981/2135 2153/1416/2153 2151/1043/2151
f 758/1149/758 755/1373/755 757/1394/757
f 978/1684/978 936/1697/936 977/1213/977
f 138/1151/138 656/1411/656 758/1149/758
f 666/1710/666 963/1464/963 965/1695/965
f 144/1882/144 679/1745/679 804/1261/804
f 704/1198/704 787/1290/787 784/1483/784
f 705/1300/705 707/1318/707 706/1298/706
f 1414/96/1414 1413/2257/1413 1424/1053/1424
f 1/1309/1 156/114/156 157/4/157
f 1/3002/1 157/3000/157 158/10/158
f 1/3002/1 158/10/158 159/12/159
f 1/1309/1 159/2018/159 155/1310/155
f 2/2274/2 160/6/160 161/2258/161
f 2/2274/2 161/2258/161 162/2023/162
f 2/2274/2 163/54/163 160/6/160
f 1573/2211/1573 1574/2210/1574 1572/2212/1572
f 5/2012/5 170/2013/170 171/2196/171
f 5/2012/5 172/2043/172 173/2433/173
f 5/2012/5 173/2433/173 169/44/169
f 6/2758/6 174/2265/174 175/2067/175
f 6/2758/6 175/2067/175 176/2273/176
f 6/2267/6 176/2263/176 177/2248/177
f 9/2208/9 189/89/189 190/2209/190
f 9/2208/9 191/2207/191 187/61/187
f 26/2447/26 238/2510/238 239/211/239
f 2044/2455/2044 2042/2451/2042 2045/197/2045
f 27/2289/27 243/2002/243 244/2001/244
f 27/2289/27 245/395/245 246/2293/246
f 1441/1976/1441 1440/1975/1440 1442/2287/1442
f 1375/2102/1375 1513/59/1513 10/2149/10
f 37/226/37 276/228/276 275/2429/275
f 47/2961/47 304/2964/304 305/374/305
f 47/3003/47 307/2962/307 308/2959/308
f 2669/418/2669 2670/417/2670 2671/2493/2671
f 58/2299/58 349/2765/349 345/2300/345
f 1337/2118/1337 1340/505/1340 60/2119/60
f 354/2109/354 1301/2099/1301 1302/388/1302
f 63/500/63 361/2105/361 359/523/359
f 1331/449/1331 1364/1916/1364 1328/2142/1328
f 1681/2533/1681 1682/577/1682 1680/317/1680
f 66/556/66 371/558/371 373/561/373
f 66/556/66 374/2912/374 372/563/372
f 67/1960/67 375/565/375 376/567/376
f 67/1960/67 377/2996/377 375/565/375
f 1441/1976/1441 48/182/48 1210/482/1210
f 2666/252/2666 2664/254/2664 2665/2173/2665
f 1959/1219/1959 1938/1006/1938 1958/2324/1958
f 72/595/72 386/1895/386 387/1894/387
f 72/595/72 387/1894/387 388/603/388
f 73/2842/73 389/2054/389 390/611/390
f 2290/1083/2290 2289/2844/2289 406/643/406
f 73/2842/73 393/616/393 392/2053/392
f 1846/2642/1846 399/2645/399 396/2582/396
f 2678/385/2678 2228/576/2228 1212/394/1212
f 76/2997/76 406/643/406 407/2766/407
f 76/2997/76 408/2770/408 409/1520/409
f 533/1856/533 2306/2543/2306 2305/2788/2305
f 76/2997/76 409/1520/409 410/1519/410
f 1876/2674/1876 1852/2625/1852 1875/2659/1875
f 78/1909/78 421/2746/421 417/1910/417
f 1908/2694/1908 1891/2669/1891 1909/2670/1909
f 80/1939/80 424/1940/424 426/2052/426
f 80/1939/80 426/2052/426 427/2051/427
f 1265/674/1265 424/1940/424 423/870/423
f 406/643/406 76/2997/76 410/1519/410
f 91/3004/91 460/739/460 456/771/456
f 92/2794/92 462/646/462 463/802/463
f 92/2794/92 463/802/463 464/801/464
f 2194/720/2194 374/2912/374 373/561/373
f 94/728/94 471/726/471 472/729/472
f 635/1157/635 2320/2869/2320 2321/2872/2321
f 95/2754/95 475/761/475 476/854/476
f 95/2754/95 477/2739/477 475/761/475
f 2101/2737/2101 2068/2114/2068 2102/2734/2102
f 98/1897/98 487/2864/487 489/2778/489
f 107/953/107 538/921/538 536/2881/536
f 107/2935/107 537/1152/537 534/2874/534
f 2217/599/2217 2215/775/2215 2214/800/2214
f 108/1791/108 541/965/541 542/968/542
f 522/938/522 109/930/109 543/929/543
f 2701/1113/2701 1125/1857/1125 556/1112/556
f 112/861/112 559/2519/559 560/1003/560
f 112/861/112 490/863/490 559/2519/559
f 113/1764/113 563/2898/563 564/912/564
f 1053/1769/1053 1043/1778/1043 616/1056/616
f 114/2553/114 569/2573/569 570/831/570
f 1703/852/1703 1707/2545/1707 1702/850/1702
f 119/1079/119 588/1028/588 589/1030/589
f 114/2553/114 570/831/570 572/1029/572
f 2346/737/2346 118/1077/118 2345/1705/2345
f 620/1605/620 619/856/619 1460/855/1460
f 2158/718/2158 529/2782/529 2157/949/2157
f 120/2704/120 597/2775/597 596/2769/596
f 120/2786/120 595/2781/595 597/1143/597
f 121/2361/121 599/1039/599 600/1134/600
f 121/2361/121 601/2592/601 602/1085/602
f 121/2361/121 600/1134/600 601/2592/601
f 2145/1854/2145 641/2588/641 639/1439/639
f 122/2354/122 608/1101/608 607/1819/607
f 123/1761/123 609/1661/609 610/1762/610
f 133/757/133 623/756/623 1486/1120/1486
f 1815/2587/1815 1797/2530/1797 1814/1774/1814
f 132/2566/132 638/1164/638 636/1868/636
f 2188/98/2188 1153/1268/1153 1152/99/1152
f 809/1513/809 808/1193/808 807/1194/807
f 655/1511/655 652/1189/652 862/1597/862
f 768/1183/768 669/1185/669 1140/1436/1140
f 799/1323/799 695/1320/695 694/1273/694
f 151/1499/151 713/1322/713 715/1223/715
f 151/1499/151 715/1223/715 714/1328/714
f 154/1472/154 724/1346/724 727/1308/727
f 1409/1/1409 155/1310/155 1232/2/1232
f 157/4/157 1411/1716/1411 1412/5/1412
f 1590/7/1590 1586/19/1586 1588/8/1588
f 158/10/158 166/2011/166 1226/11/1226
f 1586/19/1586 1578/2143/1578 1432/20/1432
f 1232/2/1232 1231/1996/1231 2238/34/2238
f 1225/36/1225 166/2011/166 1223/37/1223
f 1383/39/1383 1384/62/1384 1395/40/1395
f 1401/42/1401 1402/2160/1402 1403/43/1403
f 1644/45/1644 1643/364/1643 1650/46/1650
f 2046/48/2046 24/2082/24 1592/49/1592
f 1420/51/1420 176/2273/176 1418/52/1418
f 1527/58/1527 10/2149/10 1513/59/1513
f 208/69/208 192/1824/192 193/70/193
f 2419/75/2419 231/190/231 2503/76/2503
f 2242/78/2242 185/2731/185 230/79/230
f 2413/81/2413 184/2460/184 2411/82/2411
f 203/84/203 188/87/188 202/85/202
f 188/87/188 203/84/203 1558/88/1558
f 2243/101/2243 11/14/11 2241/13/2241
f 2490/110/2490 205/104/205 206/111/206
f 1407/16/1407 199/109/199 12/108/12
f 1236/130/1236 198/1738/198 2280/131/2280
f 200/133/200 14/86/14 202/85/202
f 1634/135/1634 1613/1979/1613 1611/136/1611
f 2467/31/2467 2407/1703/2407 15/138/15
f 1288/145/1288 1310/2025/1310 213/121/213
f 28/157/28 252/2123/252 1510/158/1510
f 1516/160/1516 250/2374/250 1512/60/1512
f 221/161/221 2472/56/2472 2473/55/2473
f 2412/163/2412 220/2759/220 222/164/222
f 231/190/231 2419/75/2419 2416/191/2416
f 2414/165/2414 222/164/222 2501/168/2501
f 236/199/236 2255/2021/2255 2254/200/2254
f 2258/120/2258 2269/243/2269 2259/202/2259
f 1677/204/1677 1676/2514/1676 2007/205/2007
f 2284/219/2284 2254/200/2254 2246/220/2246
f 1516/160/1516 1515/231/1515 29/229/29
f 2269/243/2269 2258/120/2258 1239/119/1239
f 256/235/256 280/313/280 254/245/254
f 2544/259/2544 2499/2456/2499 32/258/32
f 263/263/263 262/238/262 2539/264/2539
f 1653/284/1653 1640/2450/1640 1624/285/1624
f 1272/290/1272 1273/1595/1273 39/291/39
f 273/299/273 272/346/272 284/300/284
f 1766/304/1766 275/2429/275 276/228/276
f 312/331/312 1500/348/1500 42/332/42
f 1665/362/1665 293/1905/293 56/363/56
f 54/369/54 1497/459/1497 298/370/298
f 1764/371/1764 323/2599/323 324/372/324
f 2453/379/2453 307/2858/307 329/380/329
f 2518/382/2518 2515/2840/2515 306/383/306
f 1176/408/1176 1175/426/1175 50/409/50
f 1252/419/1252 1251/429/1251 2253/221/2253
f 1783/421/1783 1802/2358/1802 1784/422/1784
f 1678/206/1678 2010/2725/2010 326/424/326
f 1611/136/1611 1656/2383/1656 1657/438/1657
f 2049/456/2049 2110/2155/2110 1362/457/1362
f 1497/459/1497 2048/2268/2048 65/460/65
f 2421/468/2421 2420/77/2420 2504/469/2504
f 2288/470/2288 337/2603/337 336/467/336
f 1210/482/1210 48/182/48 1209/410/1209
f 50/409/50 2226/1935/2226 2653/483/2653
f 1446/488/1446 1671/2295/1671 1447/489/1447
f 2219/491/2219 2393/2906/2393 2394/495/2394
f 1303/502/1303 1344/2069/1344 1318/223/1318
f 2649/266/2649 2224/1406/2224 61/506/61
f 1769/519/1769 357/2174/357 1771/520/1771
f 1293/522/1293 1294/2083/1294 359/523/359
f 1303/502/1303 1302/388/1302 1347/390/1347
f 1299/499/1299 363/3005/363 1298/526/1298
f 1364/533/1364 1363/1799/1363 1362/457/1362
f 1624/285/1624 1640/2450/1640 1625/324/1625
f 371/559/371 384/596/384 388/560/388
f 2390/562/2390 331/2909/331 372/563/372
f 375/565/375 432/570/432 436/566/436
f 70/73/70 2508/72/2508 2509/579/2509
f 385/597/385 384/596/384 2218/598/2218
f 2212/600/2212 386/1895/386 2213/601/2213
f 388/603/388 387/1894/387 2679/604/2679
f 2455/606/2455 2393/435/2393 2454/607/2454
f 2249/609/2249 2286/2264/2286 2287/610/2287
f 81/186/81 2292/185/2292 2122/615/2122
f 2436/512/2436 2425/511/2425 2303/63/2303
f 1865/625/1865 1885/2662/1885 1905/626/1905
f 402/635/402 1065/638/1065 1066/636/1066
f 406/643/406 2289/2844/2289 2288/470/2288
f 2106/654/2106 2102/2734/2102 2066/655/2066
f 2529/589/2529 2534/618/2534 2530/657/2530
f 419/464/419 2051/2156/2051 2052/661/2052
f 2095/665/2095 2078/663/2078 2085/666/2085
f 2532/547/2532 2533/617/2533 438/320/438
f 2688/673/2688 79/2682/79 1203/621/1203
f 1265/674/1265 423/870/423 1263/675/1263
f 2120/678/2120 1257/1849/1257 1256/679/1256
f 437/321/437 83/818/83 2440/684/2440
f 485/685/485 2123/614/2123 453/686/453
f 429/687/429 430/2584/430 1781/688/1781
f 1778/690/1778 428/2494/428 429/687/429
f 2441/700/2441 414/703/414 2443/701/2443
f 1683/705/1683 1449/707/1449 1448/568/1448
f 2692/712/2692 434/706/434 1450/708/1450
f 2194/720/2194 88/972/88 2192/721/2192
f 661/722/661 2180/951/2180 2315/723/2315
f 86/725/86 442/1941/442 471/726/471
f 447/734/447 445/732/445 2639/319/2639
f 1201/743/1201 449/1959/449 1203/744/1203
f 2690/573/2690 2689/1609/2689 451/530/451
f 2098/716/2098 2091/2700/2091 2089/553/2089
f 2205/768/2205 459/772/459 1168/769/1168
f 459/772/459 2205/768/2205 2206/773/2206
f 2169/780/2169 465/784/465 2166/781/2166
f 478/804/478 1110/795/1110 1111/805/1111
f 1169/787/1169 469/730/469 523/807/523
f 1162/808/1162 2201/829/2201 1163/797/1163
f 1115/765/1115 1114/764/1114 478/804/478
f 2069/810/2069 474/591/474 2070/593/2070
f 2430/815/2430 2431/2785/2431 2314/816/2314
f 1159/825/1159 1160/1890/1160 96/799/96
f 1117/827/1117 482/826/482 1114/764/1114
f 468/747/468 2202/1547/2202 484/828/484
f 545/537/545 2109/1753/2109 1096/830/1096
f 1259/840/1259 1108/999/1108 494/841/494
f 488/844/488 104/1512/104 2374/845/2374
f 1702/850/1702 1701/2541/1701 1699/851/1699
f 494/841/494 495/1843/495 1105/853/1105
f 959/864/959 660/1709/660 136/865/136
f 2280/872/2280 2281/125/2281 2265/143/2265
f 1693/874/1693 1695/926/1695 100/875/100
f 497/887/497 1705/2518/1705 1704/888/1704
f 1028/894/1028 709/1307/709 1470/895/1470
f 521/903/521 1452/1586/1452 1688/904/1688
f 564/912/564 512/1797/512 1082/913/1082
f 538/921/538 2441/700/2441 2442/702/2442
f 518/923/518 1869/2618/1869 1870/924/1870
f 496/905/496 100/875/100 1695/926/1695
f 1922/901/1922 1913/1830/1913 1912/932/1912
f 1168/769/1168 523/807/523 543/929/543
f 483/939/483 817/1014/817 818/940/818
f 810/942/810 526/945/526 812/943/812
f 526/945/526 810/1873/810 808/946/808
f 530/948/530 593/2705/593 2156/749/2156
f 2179/950/2179 2315/723/2315 2180/951/2180
f 535/955/535 534/954/534 2437/956/2437
f 2323/961/2323 537/1152/537 2325/962/2325
f 541/965/541 540/2667/540 1873/966/1873
f 541/965/541 1850/2661/1850 1849/899/1849
f 1165/935/1165 109/930/109 1155/969/1155
f 1087/989/1087 1088/1821/1088 574/988/574
f 574/988/574 1093/1031/1093 1094/990/1094
f 552/991/552 126/1046/126 553/992/553
f 549/993/549 1083/1037/1083 1084/994/1084
f 555/996/555 1104/1095/1104 1106/842/1106
f 560/1003/560 559/2519/559 1454/1004/1454
f 1957/452/1957 1958/2324/1958 1938/1006/1938
f 492/1008/492 99/713/99 490/863/490
f 881/1009/881 887/3001/887 562/1010/562
f 560/1003/560 125/2321/125 562/1010/562
f 564/912/564 563/2898/563 1063/1012/1063
f 588/1028/588 571/2540/571 572/1029/572
f 1050/1032/1050 1049/1747/1049 2706/1033/2706
f 115/1045/115 553/992/553 126/1046/126
f 583/793/583 563/2898/563 567/1068/567
f 1063/1012/1063 583/793/583 1061/792/1061
f 1060/1070/1060 1061/792/1061 585/791/585
f 614/1073/614 586/2352/586 587/1074/587
f 628/1076/628 2345/1705/2345 118/1077/118
f 1699/851/1699 1701/2541/1701 588/1028/588
f 1956/919/1956 1937/517/1937 1461/1082/1461
f 2426/682/2426 2304/2542/2304 2425/511/2425
f 1743/1088/1743 600/1134/600 1741/1089/1741
f 2062/1094/2062 1259/840/1259 1106/842/1106
f 752/1096/752 605/1409/605 754/1097/754
f 913/1099/913 914/1656/914 915/1100/915
f 1091/1105/1091 610/1762/610 919/1106/919
f 1059/1071/1059 586/2352/586 614/1073/614
f 1055/1119/1055 1054/1159/1054 1486/1120/1486
f 140/1007/140 1462/515/1462 1937/517/1937
f 889/1125/889 620/1605/620 1461/1082/1461
f 625/755/625 1039/1403/1039 1038/1131/1038
f 1711/832/1711 1715/1027/1715 1714/1135/1714
f 1483/1140/1483 1036/1196/1036 1482/1141/1482
f 752/1096/752 753/1098/753 131/1145/131
f 2318/1154/2318 2319/2871/2319 634/1155/634
f 635/1157/635 2321/2872/2321 2322/1158/2322
f 133/757/133 1486/1120/1486 1054/1159/1054
f 2182/1162/2182 1144/1377/1144 2181/1163/2181
f 950/1176/950 644/1676/644 952/1177/952
f 645/1179/645 967/1662/967 962/1180/962
f 808/1193/808 653/789/653 806/788/806
f 704/1198/704 784/1483/784 783/1199/783
f 1139/1204/1139 767/1433/767 659/1205/659
f 743/1207/743 746/1359/746 774/1208/774
f 980/1212/980 978/1684/978 977/1213/977
f 1959/1219/1959 1986/2333/1986 1975/1220/1975
f 2186/1234/2186 1147/1137/1147 1146/1235/1146
f 879/1240/879 674/1243/674 877/1241/877
f 950/1176/950 949/1557/949 948/1245/948
f 675/1247/675 142/1302/142 1040/1160/1040
f 867/1260/867 868/1327/868 804/1261/804
f 691/1265/691 692/1496/692 798/1272/798
f 1143/1274/1143 778/1445/778 684/1271/684
f 692/1284/692 693/1282/693 795/1285/795
f 1468/1292/1468 148/1480/148 1466/1293/1466
f 785/1319/785 787/1290/787 695/1320/695
f 713/1322/713 712/1739/712 799/1323/799
f 802/1224/802 713/1322/713 797/1325/797
f 868/1327/868 720/1345/720 714/1328/714
f 718/1333/718 724/1346/724 786/1334/786
f 785/1288/785 786/1334/786 723/1339/723
f 728/1336/728 901/1317/901 902/1239/902
f 718/1333/718 728/1336/728 727/1308/727
f 726/1291/726 730/1237/730 732/1350/732
f 2083/1352/2083 1079/2741/1079 2082/1353/2082
f 776/1365/776 777/1275/777 740/1343/740
f 683/1270/683 687/1463/687 735/1347/735
f 738/1342/738 736/1363/736 739/1369/739
f 1143/1274/1143 776/1365/776 1142/1372/1142
f 665/1376/665 2181/1163/2181 1144/1377/1144
f 2184/1390/2184 793/1341/793 1145/1391/1145
f 917/1399/917 940/1652/940 960/1216/960
f 750/1146/750 131/1145/131 747/1389/747
f 755/1373/755 753/1098/753 1101/1385/1101
f 2153/1416/2153 1134/1621/1134 1133/1417/1133
f 2133/1225/2133 2132/1227/2132 2130/1419/2130
f 707/1318/707 1028/894/1028 1015/1422/1015
f 763/1423/763 771/1171/771 658/1002/658
f 2127/1428/2127 1137/1427/1137 766/1432/766
f 1482/1141/1482 1480/858/1480 1952/860/1952
f 2127/1428/2127 2126/1842/2126 2143/1440/2143
f 792/837/792 781/836/781 780/1277/780
f 711/1470/711 714/1328/714 719/1335/719
f 900/1475/900 699/1167/699 898/1116/898
f 1010/1254/1010 1017/1355/1017 732/1350/732
f 1473/1476/1473 1469/1728/1469 1468/1292/1468
f 705/1300/705 709/1307/709 1028/894/1028
f 865/790/865 867/1260/867 805/1262/805
f 2185/1489/2185 1146/1139/1146 793/1341/793
f 796/1490/796 795/1285/795 1147/1137/1147
f 1466/1293/1466 148/1480/148 895/1497/895
f 1947/1233/1947 1468/1292/1468 1467/1294/1467
f 815/1506/815 814/1501/814 472/729/472
f 849/1509/849 850/1535/850 813/1500/813
f 651/1188/651 811/1543/811 839/1521/839
f 2333/1527/2333 2185/1489/2185 2184/1390/2184
f 839/1521/839 850/1535/850 840/1529/840
f 885/1555/885 830/1528/830 504/1556/504
f 882/1558/882 826/1524/826 828/1526/828
f 829/821/829 854/820/854 831/1533/831
f 845/1561/845 856/1572/856 857/1545/857
f 833/1569/833 841/1532/841 834/1570/834
f 836/1573/836 834/1570/834 843/975/843
f 2203/1574/2203 1164/798/1164 484/828/484
f 861/1192/861 824/1515/824 825/1530/825
f 875/1449/875 876/1576/876 877/1241/877
f 842/976/842 843/975/843 834/1570/834
f 838/1560/838 836/1573/836 844/1563/844
f 848/1015/848 849/1509/849 816/1510/816
f 885/1555/885 2691/532/2691 492/1589/492
f 864/1593/864 655/1511/655 862/1597/862
f 116/1482/116 2705/1034/2705 2706/1033/2706
f 871/1210/871 872/1505/872 874/1504/874
f 699/1167/699 870/1287/870 871/1210/871
f 868/1327/868 867/1260/867 870/1287/870
f 879/1240/879 880/1191/880 882/1558/882
f 1939/1607/1939 1462/515/1462 140/1007/140
f 938/1612/938 959/864/959 958/1217/958
f 889/1125/889 674/1243/674 879/1240/879
f 670/1442/670 891/516/891 1462/515/1462
f 1135/1531/1135 762/1001/762 1134/1621/1134
f 896/1577/896 671/1443/671 894/1498/894
f 2536/1630/2536 84/2908/84 2525/1631/2525
f 710/1338/710 722/1337/722 899/1168/899
f 722/1337/722 710/1338/710 901/1317/901
f 741/1366/741 743/1207/743 775/1209/775
f 734/1349/734 903/1361/903 737/1367/737
f 741/1366/741 740/1343/740 905/1640/905
f 907/1456/907 906/1371/906 1025/1643/1025
f 612/1651/612 916/1722/916 940/1652/940
f 914/1656/914 913/1648/913 912/1457/912
f 913/1648/913 752/1096/752 750/1146/750
f 2106/654/2106 1097/1021/1097 1096/830/1096
f 918/1660/918 920/1466/920 921/1637/921
f 924/1469/924 943/1102/943 926/1104/926
f 646/1598/646 622/1668/622 925/1467/925
f 954/1663/954 953/1683/953 952/1177/952
f 1012/1477/1012 989/1127/989 986/1129/986
f 934/1679/934 979/1685/979 931/1680/931
f 1004/1687/1004 993/1214/993 977/1213/977
f 938/1612/938 971/1693/971 973/1124/973
f 757/1394/757 756/1404/756 1128/1413/1128
f 970/1655/970 971/1693/971 939/1613/939
f 1092/1107/1092 919/1106/919 921/1637/921
f 951/1178/951 930/1678/930 929/1173/929
f 953/1683/953 932/1698/932 951/1178/951
f 817/1014/817 816/1510/816 2693/571/2693
f 986/1129/986 928/1537/928 946/1536/946
f 940/1652/940 939/1613/939 958/1217/958
f 1961/1711/1961 1938/1006/1938 1959/1219/1959
f 944/1103/944 943/1102/943 964/1688/964
f 961/1181/961 963/1464/963 920/1466/920
f 924/1469/924 921/1637/921 920/1466/920
f 1005/1712/1005 1004/1687/1004 1002/1650/1002
f 982/1714/982 931/1680/931 979/1685/979
f 1030/1313/1030 1029/896/1029 1472/1603/1472
f 953/1683/953 954/1663/954 955/1696/955
f 977/1213/977 936/1697/936 937/1165/937
f 987/1128/987 989/1127/989 716/1675/716
f 1010/1254/1010 984/1256/984 981/1109/981
f 998/1658/998 999/1384/999 996/1686/996
f 999/1384/999 995/1708/995 975/1122/975
f 997/1459/997 996/1686/996 972/1692/972
f 995/1708/995 999/1384/999 1001/1383/1001
f 993/1214/993 1004/1687/1004 1006/1724/1006
f 927/1599/927 926/1104/926 944/1103/944
f 1018/1362/1018 1006/1731/1006 1005/1726/1005
f 1016/1330/1016 730/1237/730 902/1239/902
f 1008/1659/1008 1018/1362/1018 903/1361/903
f 739/1369/739 904/1360/904 1019/1471/1019
f 749/1375/749 744/1374/744 907/1456/907
f 716/1675/716 152/1699/152 717/1305/717
f 1031/1304/1031 1030/1306/1030 1032/1303/1032
f 1037/1197/1037 142/1302/142 1033/1301/1033
f 1044/1582/1044 648/1258/648 927/1599/927
f 1049/1747/1049 566/1022/566 579/1600/579
f 928/1537/928 987/1128/987 143/1580/143
f 2705/1034/2705 647/1257/647 1045/1259/1045
f 2618/377/2618 2626/1759/2626 319/1751/319
f 1316/1754/1316 248/2078/248 1315/1755/1315
f 1590/7/1590 1591/50/1591 1587/1760/1587
f 1698/1770/1698 1692/915/1692 1693/874/1693
f 1796/1772/1796 1813/2633/1813 1836/1773/1836
f 1043/1778/1043 1053/1769/1053 1052/1779/1052
f 1056/1130/1056 1057/1781/1057 1058/1118/1058
f 1053/1769/1053 614/1073/614 1051/1075/1051
f 1872/1787/1872 1891/2669/1891 1911/1788/1911
f 2087/1796/2087 1068/1587/1068 1065/638/1065
f 1070/910/1070 1069/1771/1069 1067/1784/1067
f 1075/1802/1075 2083/2862/2083 1084/994/1084
f 1688/1585/1688 1451/1584/1451 1450/708/1450
f 1087/1809/1087 1086/1812/1086 2073/660/2073
f 512/1797/512 1067/1784/1067 1081/1813/1081
f 575/914/575 577/1765/577 1047/1023/1047
f 790/1462/790 731/1351/731 733/1348/733
f 1095/535/1095 580/1036/580 1091/1105/1091
f 192/1824/192 1400/1822/1400 1399/17/1399
f 923/1636/923 925/1467/925 622/1668/622
f 547/1829/547 1912/932/1912 1913/1830/1913
f 2105/1835/2105 1102/1647/1102 1101/1385/1101
f 2062/1094/2062 1104/1095/1104 2063/1838/2063
f 2134/1844/2134 2151/1043/2151 597/1143/597
f 1111/805/1111 1109/997/1109 2120/678/2120
f 1109/997/1109 1108/999/1108 1257/1849/1257
f 1116/763/1116 1118/2045/1118 1119/1853/1119
f 1126/867/1126 2294/748/2294 2155/750/2155
f 1121/1551/1121 1119/1853/1119 1122/868/1122
f 1125/1857/1125 1123/1855/1123 1126/867/1126
f 2299/1858/2299 2422/1900/2422 2506/1859/2506
f 1136/1435/1136 1135/1531/1135 2126/1842/2126
f 778/1378/778 1143/1274/1143 2131/1861/2131
f 1145/1391/1145 780/1453/780 1144/1377/1144
f 871/1210/871 870/1287/870 866/1579/866
f 2186/1234/2186 2334/2799/2334 2327/1880/2327
f 2229/1881/2229 2228/576/2228 2678/385/2678
f 1149/1878/1149 144/1882/144 802/1224/802
f 790/1462/790 703/1264/703 789/1200/789
f 802/1224/802 144/1882/144 804/1261/804
f 2327/1880/2327 2370/736/2370 2335/1885/2335
f 1160/1890/1160 1159/825/1159 1158/973/1158
f 1161/809/1161 1160/1890/1160 2196/1889/2196
f 2201/829/2201 1162/808/1162 2199/714/2199
f 2422/1900/2422 2298/2767/2298 2297/471/2297
f 2633/1903/2633 2457/2815/2457 2396/1904/2396
f 1170/785/1170 1169/787/1169 457/602/457
f 415/777/415 416/779/416 1170/785/1170
f 2693/571/2693 2694/1507/2694 2688/673/2688
f 1277/251/1277 1271/2065/1271 1252/419/1252
f 1199/315/1199 1185/1942/1185 1187/444/1187
f 2251/1928/2251 1253/2064/1253 2252/420/2252
f 68/1898/68 1181/1946/1181 1182/1933/1182
f 1201/743/1201 1198/543/1198 1196/1936/1196
f 2682/669/2682 2196/1889/2196 2195/1937/2195
f 1182/1933/1182 79/2682/79 442/1941/442
f 64/476/64 1346/525/1346 1358/1924/1358
f 2676/1948/2676 2660/514/2660 2659/1949/2659
f 2701/1113/2701 1105/853/1105 2702/1611/2702
f 1204/574/1204 436/566/436 449/1959/449
f 1218/1961/1218 1220/147/1220 1219/1962/1219
f 215/1964/215 265/216/265 2398/218/2398
f 343/1967/343 377/1966/377 1206/1956/1206
f 1178/1971/1178 1177/1947/1177 1176/408/1176
f 2398/218/2398 2457/2815/2457 2615/1973/2615
f 33/752/33 2678/385/2678 1212/394/1212
f 226/1982/226 1213/575/1213 2228/1983/2228
f 1215/215/1215 1214/1984/1214 2229/1985/2229
f 2461/1989/2461 2401/2820/2401 2400/1902/2400
f 249/1992/249 248/2078/248 2116/1993/2116
f 1217/1628/1217 227/1627/227 214/1991/214
f 2017/2003/2017 2003/1750/2003 1670/405/1670
f 163/54/163 1221/2005/1221 1220/147/1220
f 2578/2006/2578 2572/156/2572 2547/2007/2547
f 1231/1996/1231 1228/1995/1228 1230/2010/1230
f 1229/1357/1229 1228/1995/1228 1227/2014/1227
f 2246/220/2246 2247/1929/2247 2252/420/2252
f 2245/2020/2245 2244/2022/2244 2416/191/2416
f 1233/15/1233 2262/225/2262 2263/2024/2263
f 1237/2028/1237 1236/130/1236 2279/132/2279
f 367/2034/367 1296/2036/1296 1273/1595/1273
f 1255/2055/1255 1265/674/1265 1267/2056/1267
f 425/871/425 1259/840/1259 2062/1094/2062
f 2118/544/2118 1269/1850/1269 1268/1852/1268
f 52/2072/52 325/1730/325 1757/1084/1757
f 1288/145/1288 1285/2047/1285 1289/2046/1289
f 1171/778/1171 2215/775/2215 61/506/61
f 2045/197/2045 2041/2440/2041 24/2082/24
f 1276/2063/1276 367/2034/367 1275/2084/1275
f 1378/2087/1378 1380/2198/1380 1379/2088/1379
f 2279/132/2279 2280/872/2280 2266/873/2266
f 1347/390/1347 2056/652/2056 2068/2114/2068
f 1298/526/1298 363/501/363 1295/2117/1295
f 361/2105/361 362/498/362 1300/497/1300
f 1306/1564/1306 1290/1566/1290 1291/2128/1291
f 1305/2120/1305 1291/528/1291 1292/524/1292
f 1312/152/1312 1367/2097/1367 19/2096/19
f 21/175/21 1642/2408/1642 1632/2137/1632
f 1324/2124/1324 1326/2129/1326 1314/151/1314
f 2056/652/2056 1347/390/1347 1348/389/1348
f 1578/2143/1578 1587/1760/1587 1433/1626/1433
f 2115/2144/2115 1322/2080/1322 2114/2121/2114
f 2115/2144/2115 1332/2176/1332 2116/1993/2116
f 1374/2101/1374 1376/2103/1376 1405/2135/1405
f 1365/2086/1365 1328/2142/1328 1364/533/1364
f 2051/2156/2051 1359/1922/1359 2054/2157/2054
f 1306/1564/1306 1304/224/1304 1320/2159/1320
f 1402/2160/1402 1405/2135/1405 1376/2103/1376
f 2506/74/2506 2549/189/2549 2550/2164/2550
f 1353/2100/1353 1300/497/1300 1299/499/1299
f 2061/1839/2061 2060/2165/2060 1356/1932/1356
f 1350/1931/1350 1349/406/1349 1262/2057/1262
f 1359/1922/1359 2051/2156/2051 2050/2170/2050
f 1172/1899/1172 61/506/61 2224/1406/2224
f 60/2119/60 1363/2761/1363 1364/1916/1364
f 1376/2103/1376 1375/2102/1375 10/2149/10
f 1390/2192/1390 1389/2220/1389 1387/2193/1387
f 1384/62/1384 1386/92/1386 1388/2195/1388
f 1530/2199/1530 1551/2392/1551 1528/2200/1528
f 1562/90/1562 1386/94/1386 1561/281/1561
f 202/85/202 187/61/187 1383/39/1383
f 1572/2212/1572 1397/2223/1397 1396/41/1396
f 1567/2213/1567 1569/2216/1569 1392/2214/1392
f 1573/2202/1573 1394/2197/1394 1393/2218/1393
f 1585/1671/1585 1570/2217/1570 1589/9/1589
f 1389/2220/1389 1390/2192/1390 1392/2214/1392
f 1564/2222/1564 1565/2225/1565 1391/2215/1391
f 2031/2228/2031 1564/2222/1564 1563/2194/1563
f 179/18/179 1398/2044/1398 1422/1737/1422
f 1383/39/1383 170/2013/170 1404/2232/1404
f 2271/2241/2271 2262/225/2262 2261/107/2261
f 1254/1851/1254 2251/1928/2251 1256/679/1256
f 196/2093/196 1408/2094/1408 1423/2219/1423
f 2239/35/2239 2241/13/2241 1233/15/1233
f 1428/2227/1428 1427/2249/1427 1574/2244/1574
f 1419/53/1419 1423/2219/1423 1408/2094/1408
f 1405/2135/1405 1402/2160/1402 1400/1822/1400
f 1425/1717/1425 1411/1716/1411 1423/2098/1423
f 1430/97/1430 1414/96/1414 178/339/178
f 1591/50/1591 1592/49/1592 1579/2253/1579
f 196/30/196 7/3/7 1234/541/1234
f 1215/215/1215 265/216/265 215/1964/215
f 1651/47/1651 1645/2403/1645 288/2283/288
f 1435/2284/1435 226/1982/226 225/2272/225
f 243/2002/243 1434/2252/1434 1579/2253/1579
f 1443/2286/1443 315/183/315 1442/2287/1442
f 247/1980/247 244/2001/244 1438/2292/1438
f 1448/568/1448 1447/489/1447 1671/2295/1671
f 1996/1749/1996 1998/2298/1998 1671/2295/1671
f 1995/2296/1995 1669/2470/1669 314/184/314
f 1321/2079/1321 1320/2159/1320 1319/2140/1319
f 2648/268/2648 2223/267/2223 267/2277/267
f 1685/585/1685 1450/708/1450 1449/707/1449
f 1807/2303/1807 1728/474/1728 1721/2304/1721
f 591/857/591 619/856/619 1457/1005/1457
f 1943/2322/1943 1944/1718/1944 1945/1231/1945
f 1463/1620/1463 1465/1619/1465 893/1614/893
f 897/1450/897 875/1449/875 896/1577/896
f 1943/2322/1943 1467/1294/1467 1466/1293/1466
f 731/1351/731 732/1350/732 734/1349/734
f 697/1115/697 696/1479/696 1470/895/1470
f 1949/1249/1949 1476/1251/1476 1475/2331/1475
f 1043/1778/1043 1041/1248/1041 1054/1159/1054
f 1477/1250/1477 1950/2708/1950 1951/859/1951
f 1481/1743/1481 1034/1623/1034 1479/1625/1479
f 1483/1140/1483 128/2559/128 1484/2338/1484
f 603/1121/603 1739/486/1739 599/1039/599
f 1735/2348/1735 128/3006/128 1714/1135/1714
f 1489/2344/1489 1488/1087/1488 1745/1086/1745
f 1814/1774/1814 1797/2530/1797 1744/2353/1744
f 1491/24/1491 1060/1070/1060 1490/1780/1490
f 1492/1018/1492 1062/1017/1062 1491/24/1491
f 1493/696/1493 1492/1018/1492 1750/1953/1750
f 2696/446/2696 1188/445/1188 1192/479/1192
f 1496/461/1496 1507/2127/1507 1498/1833/1498
f 270/128/270 1509/127/1509 1523/295/1523
f 1506/2376/1506 1499/333/1499 42/332/42
f 1526/350/1526 1512/60/1512 251/159/251
f 257/237/257 254/245/254 28/157/28
f 1527/58/1527 1525/351/1525 1380/2198/1380
f 2415/80/2415 2416/191/2416 2244/2022/2244
f 252/2123/252 254/245/254 1506/2376/1506
f 1522/2190/1522 1518/2189/1518 1524/293/1524
f 234/105/234 2261/107/2261 11/14/11
f 1766/304/1766 1654/303/1654 1531/2385/1531
f 1522/2190/1522 1521/2367/1521 1519/2191/1519
f 1519/2191/1519 274/345/274 1528/2200/1528
f 1554/2387/1554 1528/2200/1528 1551/2392/1551
f 1654/303/1654 1615/2394/1615 1532/2187/1532
f 1551/2392/1551 1530/2199/1530 1548/2391/1548
f 1548/2391/1548 1531/2186/1531 1546/2185/1546
f 1619/2000/1619 1644/45/1644 288/2283/288
f 1538/2407/1538 1536/2402/1536 1534/2398/1534
f 1532/2187/1532 1533/2395/1533 1535/2405/1535
f 1556/2388/1556 1554/2387/1554 1629/334/1629
f 1631/2410/1631 1641/2491/1641 1649/2430/1649
f 1557/2386/1557 203/84/203 204/2180/204
f 2030/2229/2030 1563/2194/1563 1562/2431/1562
f 255/2438/255 1650/2467/1650 1649/2427/1649
f 1574/2244/1574 1421/1736/1421 1398/2044/1398
f 1576/1669/1576 1588/8/1588 1577/21/1577
f 2041/2440/2041 1593/287/1593 1584/2245/1584
f 1593/287/1593 1583/289/1583 1580/179/1580
f 1595/2444/1595 1599/2465/1599 1600/2205/1600
f 1583/289/1583 1602/2290/1602 242/1968/242
f 1594/288/1594 1593/287/1593 2042/2451/2042
f 2545/2458/2545 2500/2852/2500 2499/2456/2499
f 1415/338/1415 1426/337/1426 1416/2246/1416
f 1666/1051/1666 1606/173/1606 1607/2138/1607
f 1442/2287/1442 1438/2292/1438 1580/179/1580
f 1605/2449/1605 240/2446/240 1604/174/1604
f 1765/302/1765 1655/2469/1655 1614/1977/1614
f 21/175/21 1601/2434/1601 1600/2205/1600
f 38/311/38 2002/1908/2002 1995/2296/1995
f 1627/2420/1627 1640/2450/1640 1653/284/1653
f 1559/2389/1559 1558/88/1558 1630/336/1630
f 1663/1052/1663 1674/1062/1674 1677/204/1677
f 1635/2468/1635 1617/2404/1617 1634/135/1634
f 1994/1050/1994 1677/204/1677 2001/2484/2001
f 1647/2422/1647 1652/2424/1652 255/2438/255
f 1237/2028/1237 30/2038/30 1285/2047/1285
f 1803/2482/1803 1784/422/1784 1821/2500/1821
f 1285/2047/1285 1284/2037/1284 1290/1566/1290
f 1546/2475/1546 1532/2187/1532 1534/2398/1534
f 1658/423/1658 1784/422/1784 1785/359/1785
f 1807/2303/1807 1727/2305/1727 1661/2498/1661
f 1650/46/1650 1633/137/1633 1632/2137/1632
f 1282/2035/1282 1281/2074/1281 1295/2107/1295
f 1728/474/1728 1807/2303/1807 1829/2529/1829
f 1706/2307/1706 1684/2302/1684 1683/705/1683
f 763/1423/763 1135/1531/1135 1136/1435/1136
f 1691/916/1691 1692/915/1692 1700/1081/1700
f 2704/760/2704 2703/536/2703 507/936/507
f 2426/682/2426 533/1856/533 2646/1815/2646
f 532/881/532 2309/2865/2309 2306/2543/2306
f 1704/888/1704 1706/2307/1706 1725/2309/1725
f 568/2549/568 1701/2541/1701 1702/850/1702
f 1710/2556/1710 568/2549/568 1708/2550/1708
f 1716/2557/1716 1729/2552/1729 1730/473/1730
f 1795/2561/1795 1736/2343/1736 1735/2341/1735
f 1718/2555/1718 1715/1027/1715 1710/2556/1710
f 1847/2574/1847 1831/2616/1831 1830/2575/1830
f 1731/2558/1731 1790/2359/1790 1791/2577/1791
f 1736/2343/1736 1795/2561/1795 1741/1089/1741
f 1929/2578/1929 1918/2699/1918 1916/2579/1916
f 128/2583/128 1735/2348/1735 1736/2343/1736
f 1745/1086/1745 1744/2353/1744 1797/2530/1797
f 1488/1087/1488 1057/1781/1057 1056/1130/1056
f 430/2584/430 1799/2611/1799 1801/2356/1801
f 1495/694/1495 1493/696/1493 1751/2364/1751
f 1171/778/1171 415/777/415 2214/800/2214
f 1495/694/1495 1752/2594/1752 1754/1767/1754
f 1172/1899/1172 68/1898/68 1183/1934/1183
f 1509/127/1509 1508/2998/1508 1521/2367/1521
f 1755/2130/1755 285/306/285 283/275/283
f 1789/699/1789 1828/698/1828 1829/2529/1829
f 1767/689/1767 1769/519/1769 1770/521/1770
f 323/2599/323 1764/371/1764 1769/519/1769
f 1762/2360/1762 1761/342/1761 300/2397/300
f 303/373/303 324/372/324 1655/2469/1655
f 1782/2595/1782 1783/421/1783 51/2384/51
f 1754/1767/1754 1775/2597/1775 1758/1063/1758
f 431/2327/431 1798/2326/1798 1799/2611/1799
f 1772/2425/1772 1778/690/1778 1770/521/1770
f 1862/2607/1862 398/2606/398 1828/698/1828
f 1831/2616/1831 1790/2359/1790 1808/472/1808
f 1793/2619/1793 1734/2340/1734 1791/2577/1791
f 1813/2633/1813 1796/1772/1796 1742/1090/1742
f 1797/2530/1797 1815/2587/1815 1817/2638/1817
f 1830/2575/1830 1808/472/1808 1829/2529/1829
f 1805/2608/1805 1804/2480/1804 1826/2621/1826
f 1788/2501/1788 1786/2503/1786 1805/2608/1805
f 1839/2346/1839 1815/2587/1815 1814/1774/1814
f 1832/2623/1832 1809/2620/1809 1792/2615/1792
f 1835/2648/1835 1813/2633/1813 1812/2472/1812
f 1812/2472/1812 1742/1090/1742 1795/2561/1795
f 1852/2625/1852 1836/1773/1836 1813/2633/1813
f 1849/899/1849 1833/898/1833 1832/2623/1832
f 1798/2532/1798 1818/2531/1818 1820/2654/1820
f 1843/2657/1843 1844/2617/1844 1826/2621/1826
f 1840/2347/1840 1880/2563/1880 1857/356/1857
f 1864/633/1864 1863/2605/1863 1884/2337/1884
f 1862/2607/1862 1861/2646/1861 1903/325/1903
f 1835/2648/1835 1851/967/1851 1875/2659/1875
f 1891/2669/1891 1872/1787/1872 1870/924/1870
f 2212/600/2212 2211/412/2211 2681/843/2681
f 1855/2632/1855 1837/2631/1837 1836/1773/1836
f 1878/2629/1878 1853/2624/1853 1852/2625/1852
f 1898/2591/1898 1880/2563/1880 1879/2565/1879
f 1843/2657/1843 1858/2665/1858 1860/2664/1860
f 1203/744/1203 79/2682/79 1186/314/1186
f 2695/1592/2695 442/1941/442 79/2682/79
f 1910/2683/1910 1917/2677/1917 1919/2676/1919
f 439/2660/439 396/2582/396 1867/2581/1867
f 1868/2576/1868 1830/2575/1830 1846/2642/1846
f 1875/2659/1875 1874/2658/1874 1893/2671/1893
f 1903/325/1903 1931/2489/1931 1930/2488/1930
f 1860/2664/1860 1882/2652/1882 1901/2497/1901
f 1908/2694/1908 1906/2679/1906 1910/2683/1910
f 1888/2680/1888 1887/2663/1887 1908/2694/1908
f 1867/2581/1867 395/2580/395 1864/633/1864
f 1897/2684/1897 1876/2674/1876 1875/2659/1875
f 1901/2497/1901 1900/2695/1900 1915/2612/1915
f 1916/2579/1916 1907/2678/1907 1905/626/1905
f 1921/933/1921 1912/932/1912 1894/2675/1894
f 1712/2698/1712 1952/860/1952 1953/2686/1953
f 1923/900/1923 1925/2690/1925 1926/2613/1926
f 1890/2650/1890 1889/2681/1889 1909/2670/1909
f 1964/2691/1964 1977/2713/1977 1989/1201/1989
f 589/1030/589 1932/2688/1932 1933/2687/1933
f 1960/1700/1960 1962/2711/1962 1940/1862/1940
f 675/1247/675 676/1740/676 1032/1303/1032
f 1040/1160/1040 142/1302/142 1037/1197/1037
f 1944/1718/1944 1943/2322/1943 1942/2710/1942
f 1476/1251/1476 1033/1301/1033 1032/1303/1032
f 1463/1620/1463 1939/1607/1939 1940/1862/1940
f 1977/2713/1977 1964/2691/1964 1948/2714/1948
f 1952/860/1952 1951/859/1951 1978/2692/1978
f 633/450/633 1956/919/1956 1969/1633/1969
f 1954/2716/1954 1933/2687/1933 1953/2717/1953
f 1977/1720/1977 1976/1701/1976 1975/1220/1975
f 1966/2722/1966 1965/2715/1965 1980/2349/1980
f 2063/1838/2063 1103/1827/1103 1102/1647/1102
f 1978/2706/1978 1989/1201/1989 1993/1203/1993
f 1973/2718/1973 1983/2703/1983 1984/1776/1984
f 1990/1741/1990 1991/2720/1991 1980/2349/1980
f 2077/2122/2077 2048/2268/2048 2049/456/2049
f 2015/2523/2015 2014/2524/2014 2021/2515/2021
f 2029/741/2029 2003/1750/2003 2027/2509/2027
f 2023/310/2023 2024/2492/2024 2018/2723/2018
f 2020/2516/2020 2014/2524/2014 2012/2526/2012
f 2025/2508/2025 2026/2527/2026 2019/2727/2019
f 2034/196/2034 2035/2436/2035 1566/2221/1566
f 1568/2437/1568 2035/2436/2035 2036/2092/2036
f 2045/197/2045 2033/2226/2033 2032/2435/2032
f 2040/1108/2040 2036/2092/2036 2047/195/2047
f 1561/281/1561 190/2209/190 1560/2409/1560
f 1764/371/1764 302/2369/302 1763/442/1763
f 1679/176/1679 1661/2498/1661 1727/2305/1727
f 2077/2122/2077 2085/666/2085 2078/663/2078
f 2112/534/2112 2110/2155/2110 2113/246/2113
f 2064/509/2064 2058/508/2058 2061/1839/2061
f 1349/406/1349 1351/2116/1351 1263/675/1263
f 505/2735/505 2071/662/2071 473/592/473
f 2072/462/2072 419/464/419 2071/662/2071
f 2074/1810/2074 505/2735/505 102/1825/102
f 2086/664/2086 2095/665/2095 2096/715/2096
f 1496/461/1496 65/460/65 1495/694/1495
f 2685/1972/2685 1176/408/1176 1209/410/1209
f 1078/1729/1078 1079/2741/1079 1076/1811/1076
f 2094/1354/2094 2082/1353/2082 2100/667/2100
f 1077/2747/1077 2080/632/2080 2081/555/2081
f 2094/1354/2094 2075/659/2075 1085/1804/1085
f 2107/1664/2107 2101/2737/2101 2102/2734/2102
f 2100/667/2100 2099/2732/2099 2098/716/2098
f 1375/2102/1375 1373/2230/1373 1372/2177/1372
f 1541/1999/1541 1621/328/1621 287/330/287
f 260/234/260 1367/2097/1367 1365/2086/1365
f 2132/1227/2132 1142/1372/1142 1140/1436/1140
f 2124/838/2124 2123/614/2123 485/685/485
f 2294/748/2294 1118/2045/1118 2293/839/2293
f 2142/1841/2142 2125/1622/2125 2141/2771/2141
f 789/1364/789 147/1267/147 689/1266/689
f 2137/979/2137 2136/1387/2136 2148/1386/2148
f 2161/1452/2161 2647/1744/2647 2162/2260/2162
f 2163/1816/2163 2162/2260/2162 2303/63/2303
f 330/381/330 2390/562/2390 2452/2251/2452
f 2165/2791/2165 2175/2507/2175 2163/1816/2163
f 2176/1451/2176 2170/1808/2170 2313/817/2313
f 1929/2578/1929 1927/2487/1927 1925/2690/1925
f 2451/849/2451 2450/848/2450 2524/1632/2524
f 2645/812/2645 2169/780/2169 2168/782/2168
f 2437/956/2437 2321/2872/2321 2436/512/2436
f 2176/1451/2176 2177/2780/2177 2159/719/2159
f 2334/2799/2334 2186/1234/2186 2326/1236/2326
f 2335/1885/2335 2336/2773/2336 2188/98/2188
f 632/1706/632 2371/2855/2371 2327/1880/2327
f 2328/2774/2328 1155/969/1155 1154/1218/1154
f 2341/711/2341 2340/2800/2340 2339/2806/2339
f 1159/1638/1159 2203/1867/2203 1165/935/1165
f 2194/720/2194 2683/605/2683 2195/1891/2195
f 2192/721/2192 2389/847/2389 2451/849/2451
f 1178/1971/1178 364/2963/364 1188/445/1188
f 350/2106/350 361/2105/361 351/2111/351
f 2216/628/2216 2218/598/2218 2219/491/2219
f 266/754/266 2221/2813/2221 2396/2819/2396
f 2659/494/2659 2650/493/2650 2224/1406/2224
f 266/2821/266 267/2992/267 2222/2147/2222
f 2247/1929/2247 2246/220/2246 2418/192/2418
f 277/2823/277 34/2760/34 2616/2756/2616
f 2480/112/2480 2463/2808/2463 2479/2807/2479
f 1218/1961/1218 2233/1997/2233 1222/146/1222
f 2232/2828/2232 2399/1974/2399 2540/2814/2540
f 2467/31/2467 2468/964/2468 2408/2019/2408
f 2401/2820/2401 218/149/218 2232/2828/2232
f 2238/34/2238 2408/2019/2408 2468/964/2468
f 2234/2280/2234 2462/2809/2462 2463/2808/2463
f 2559/2841/2559 2504/469/2504 2503/76/2503
f 2302/64/2302 2300/2049/2300 2423/758/2423
f 2251/1928/2251 2248/2081/2248 2250/680/2250
f 2270/1602/2270 2277/142/2277 229/2851/229
f 2269/243/2269 2268/2032/2268 2276/1601/2276
f 1252/419/1252 2252/420/2252 1253/2064/1253
f 1504/1066/1504 1507/2127/1507 1508/2413/1508
f 277/2823/277 329/380/329 307/2858/307
f 1243/2859/1243 1242/2039/1242 2282/2853/2282
f 1270/1921/1270 1253/2064/1253 1269/1850/1269
f 2282/2847/2282 1240/118/1240 2258/120/2258
f 1272/290/1272 1247/551/1247 1271/2065/1271
f 2289/2844/2289 390/611/390 2287/610/2287
f 1746/2351/1746 428/2494/428 1780/2495/1780
f 2134/1844/2134 2133/1225/2133 2147/1420/2147
f 2658/387/2658 2673/2236/2673 2648/2796/2648
f 2298/2767/2298 2299/2048/2299 2300/2049/2300
f 2431/2785/2431 2318/1154/2318 2315/723/2315
f 2185/1879/2185 2338/1877/2338 2339/2806/2339
f 2432/885/2432 2433/2870/2433 2319/2871/2319
f 2321/2872/2321 2320/2869/2320 2435/510/2435
f 2341/711/2341 2358/2312/2358 2360/2311/2360
f 2329/1494/2329 2336/2773/2336 2357/1487/2357
f 2336/2773/2336 2335/1885/2335 2356/1060/2356
f 2342/710/2342 2343/2884/2343 628/1076/628
f 2339/2806/2339 2349/2875/2349 2366/2880/2366
f 2343/2884/2343 2342/2886/2342 2351/2885/2351
f 2355/1583/2355 2347/738/2347 2346/737/2346
f 2366/2880/2366 539/2876/539 2367/2877/2367
f 2367/2877/2367 2369/1059/2369 548/2891/548
f 1712/833/1712 1711/832/1711 1713/1136/1713
f 2361/2879/2361 2367/2877/2367 2368/2697/2368
f 2588/2896/2588 2578/2006/2578 2566/2008/2566
f 1992/1775/1992 1987/2335/1987 1985/2334/1985
f 2387/2748/2387 2377/2895/2377 2382/2899/2382
f 2372/985/2372 516/2777/516 2331/1297/2331
f 2387/2748/2387 2388/960/2388 2375/846/2375
f 2380/2889/2380 2378/2901/2378 2442/702/2442
f 466/877/466 2536/1630/2536 2537/2744/2537
f 2386/2749/2386 2384/2905/2384 2448/2907/2448
f 84/2908/84 2536/1630/2536 466/877/466
f 2521/274/2521 2452/2251/2452 2451/849/2451
f 331/2909/331 332/2940/332 2391/437/2391
f 2621/608/2621 2622/2942/2622 2624/2913/2624
f 371/558/371 2392/2914/2392 2219/491/2219
f 633/450/633 1957/452/1957 1937/517/1937
f 2675/1950/2675 2649/266/2649 2648/2915/2648
f 2577/2897/2577 2587/2949/2587 2600/2921/2600
f 2463/2808/2463 2480/112/2480 2481/2918/2481
f 2403/2835/2403 2405/2927/2405 2406/1358/2406
f 2411/2928/2411 2410/2838/2410 2470/2929/2470
f 198/1738/198 1235/2030/1235 2281/125/2281
f 230/79/230 2413/81/2413 2414/165/2414
f 2561/2240/2561 2551/2239/2551 2508/72/2508
f 2430/815/2430 2311/2867/2311 2428/2866/2428
f 90/1616/90 2082/1353/2082 1079/2741/1079
f 2526/273/2526 394/590/394 2527/691/2527
f 2621/608/2621 2454/607/2454 2616/2756/2616
f 2632/2945/2632 2620/2939/2620 2616/2756/2616
f 2479/2807/2479 2462/2809/2462 2461/1989/2461
f 2486/68/2486 2485/33/2485 2494/32/2494
f 2484/2947/2484 2466/2262/2466 2405/2927/2405
f 2472/56/2472 2411/2928/2411 2471/2924/2471
f 2577/2897/2577 2566/2008/2566 2545/2892/2545
f 1317/1565/1317 1316/1754/1316 1289/2046/1289
f 84/2908/84 2444/879/2444 2535/704/2535
f 210/2136/210 19/2096/19 219/2231/219
f 2498/2457/2498 221/161/221 2496/162/2496
f 2501/168/2501 2500/2852/2500 2546/2952/2546
f 2576/2182/2576 2570/2966/2570 2563/2955/2563
f 1705/2518/1705 1684/2302/1684 1706/2307/1706
f 304/265/304 2514/2701/2514 2538/1913/2538
f 2518/382/2518 2453/379/2453 2520/2250/2520
f 364/2963/364 1178/1971/1178 2686/280/2686
f 2516/658/2516 2515/2840/2515 2517/692/2517
f 2512/2856/2512 2530/657/2530 2531/549/2531
f 444/668/444 2507/1860/2507 70/73/70
f 2619/1752/2619 2396/2819/2396 2395/440/2395
f 2388/960/2388 2387/2748/2387 2449/2750/2449
f 2159/719/2159 2158/718/2158 2291/187/2291
f 2673/2236/2673 2658/387/2658 2671/2493/2671
f 2554/2934/2554 2553/2857/2553 2552/2970/2552
f 2513/1914/2513 2511/2736/2511 2554/2934/2554
f 2556/2956/2556 2565/2968/2565 2558/2893/2558
f 2568/2967/2568 2561/2981/2561 2550/172/2550
f 2574/2980/2574 2569/2954/2569 2561/2981/2561
f 2601/2951/2601 2589/2979/2589 2578/2006/2578
f 2610/2973/2610 2600/2921/2600 2587/2949/2587
f 2568/2967/2568 2573/2977/2573 2581/2976/2581
f 2588/2896/2588 2600/2921/2600 44/2255/44
f 2592/2984/2592 2585/2987/2585 2581/2976/2581
f 2585/2987/2585 2582/2974/2582 2574/2980/2574
f 338/454/338 2599/2972/2599 2606/2604/2606
f 2614/2256/2614 44/2255/44 2600/2921/2600
f 2597/2602/2597 2593/2810/2593 2585/2987/2585
f 2604/2990/2604 2597/2602/2597 2592/2984/2592
f 2605/433/2605 2598/2600/2598 2597/2602/2597
f 2604/2990/2604 2603/2991/2603 2607/434/2607
f 2611/2254/2611 327/2993/327 2602/2978/2602
f 2603/2991/2603 2602/2978/2602 327/2993/327
f 2612/2380/2612 2609/453/2609 2607/434/2607
f 2632/2945/2632 2615/1973/2615 2457/2815/2457
f 2295/2070/2295 2293/839/2293 485/685/485
f 2369/1059/2369 2365/1485/2365 2357/1487/2357
f 296/2416/296 2635/2505/2635 2626/1759/2626
f 2626/1759/2626 2625/1758/2625 2623/2943/2623
f 1283/2076/1283 39/2075/39 1273/1595/1273
f 2620/2939/2620 2632/2945/2632 2634/2415/2634
f 2665/2173/2665 310/2172/310 309/367/309
f 2147/1420/2147 2130/1419/2130 1139/1204/1139
f 2307/2793/2307 2311/2867/2311 2312/814/2312
f 2306/2543/2306 2308/2792/2308 2167/1794/2167
f 2471/2924/2471 2470/2929/2470 2486/68/2486
f 1508/2998/1508 317/277/317 284/276/284
f 1658/423/1658 291/2479/291 1657/438/1657
f 2469/2832/2469 2468/964/2468 2485/33/2485
f 2667/261/2667 2668/366/2668 2669/418/2669
f 310/2172/310 2676/1948/2676 2675/1950/2675
f 2653/483/2653 2661/513/2661 322/648/322
f 2665/2173/2665 2663/2999/2663 2677/414/2677
f 2672/2826/2672 2670/417/2670 311/368/311
f 2462/2809/2462 2234/2280/2234 2233/1997/2233
f 2200/974/2200 2199/714/2199 440/411/440
f 1517/2188/1517 201/2181/201 14/86/14
f 1751/2364/1751 1773/2426/1773 1775/2597/1775
f 1184/672/1184 1186/314/1186 79/2682/79
f 2227/484/2227 1211/396/1211 1210/482/1210
f 861/1192/861 878/1242/878 876/1576/876
f 1128/1413/1128 557/1412/557 556/1112/556
f 1117/827/1117 2702/1611/2702 495/1843/495
f 937/1165/937 955/1696/955 660/1709/660
f 649/1635/649 650/1777/650 1984/1776/1984
f 604/1020/604 611/1820/611 582/1035/582
f 411/622/411 1777/624/1777 1750/1953/1750
f 509/1818/509 1088/1817/1088 508/2740/508
f 1318/223/1318 1319/2140/1319 1320/2159/1320
f 2633/1903/2633 295/2504/295 2634/2415/2634
f 1195/1919/1195 368/1918/368 2686/280/2686
f 2406/1358/2406 2407/1703/2407 181/1702/181
f 229/2851/229 2272/1049/2272 212/126/212
f 881/1009/881 882/1558/882 884/1554/884
f 800/1281/800 145/1278/145 690/1230/690
f 787/1290/787 681/1280/681 682/1279/682
f 1015/1422/1015 152/1699/152 1014/1478/1014
f 1702/850/1702 1707/2545/1707 1722/2547/1722
f 179/18/179 1399/17/1399 1400/1822/1400
f 2513/1914/2513 2514/2701/2514 2516/658/2516
f 2587/2949/2587 2577/2897/2577 2571/2184/2571
f 3/1054/3 1425/2453/1425 1416/2246/1416
f 1371/2178/1371 219/2231/219 19/2096/19
f 1369/2151/1369 258/236/258 29/229/29
f 1542/538/1542 287/330/287 1623/329/1623
f 42/332/42 1500/348/1500 282/271/282
f 312/331/312 297/1790/297 1504/1066/1504
f 2011/2598/2011 2013/2525/2013 326/424/326
f 1195/1919/1195 1196/1936/1196 400/1927/400
f 2087/1796/2087 455/630/455 2080/632/2080
f 486/1893/486 2191/1148/2191 1157/971/1157
f 2165/2791/2165 465/784/465 464/801/464
f 2130/1419/2130 1140/1436/1140 669/1185/669
f 1848/2622/1848 1847/2574/1847 518/923/518
f 520/2537/520 1694/917/1694 1691/916/1691
f 2363/1888/2363 2368/2697/2368 548/2891/548
f 859/1534/859 573/1546/573 853/978/853
f 573/1546/573 855/977/855 842/976/842
f 2103/656/2103 1098/1019/1098 1097/1021/1097
f 277/2823/277 278/375/278 2540/2814/2540
f 2135/981/2135 627/1455/627 2153/1416/2153
f 758/1149/758 656/1411/656 755/1373/755
f 138/1151/138 748/1410/748 656/1411/656
f 666/1710/666 964/1688/964 963/1464/963
f 704/1198/704 788/1228/788 787/1290/787
f 354/2109/354 351/2111/351 1301/2099/1301
f 2290/1083/2290 81/186/81 2289/2844/2289
f 2101/2737/2101 2069/810/2069 2068/2114/2068
f 522/938/522 544/947/544 109/930/109
f 2701/1113/2701 1124/1552/1124 1125/1857/1125
f 1703/852/1703 1704/888/1704 1707/2545/1707
f 2346/737/2346 2370/736/2370 118/1077/118
