# Blender 4.2.1 LTS
# www.blender.org
mtllib planet_scene.mtl
o skybox
v 1.000000 1.000000 -1.000000
v 1.000000 -1.000000 -1.000000
v 1.000000 1.000000 1.000000
v 1.000000 -1.000000 1.000000
v -1.000000 1.000000 -1.000000
v -1.000000 -1.000000 -1.000000
v -1.000000 1.000000 1.000000
v -1.000000 -1.000000 1.000000
vn -0.0000 -1.0000 -0.0000
vn -0.0000 -0.0000 -1.0000
vn 1.0000 -0.0000 -0.0000
vn -0.0000 1.0000 -0.0000
vn -1.0000 -0.0000 -0.0000
vn -0.0000 -0.0000 1.0000
vt 0.250677 0.666358
vt 0.500811 0.999075
vt 0.500811 0.666358
vt 0.000543 0.333641
vt 0.250677 0.333642
vt 0.750944 0.333642
vt 1.001078 0.666358
vt 1.001078 0.333642
vt 0.250677 0.000925
vt 0.500811 0.333642
vt 0.500811 0.000925
vt 0.750944 0.666358
vt 0.250677 0.999075
vt 0.000543 0.666358
s 0
usemtl skybox_material
f 3/1/1 5/2/1 1/3/1
f 8/4/2 3/1/2 4/5/2
f 6/6/3 7/7/3 8/8/3
f 8/9/4 2/10/4 6/11/4
f 4/5/5 1/3/5 2/10/5
f 2/10/6 5/12/6 6/6/6
f 3/1/1 7/13/1 5/2/1
f 8/4/2 7/14/2 3/1/2
f 6/6/3 5/12/3 7/7/3
f 8/9/4 4/5/4 2/10/4
f 4/5/5 3/1/5 1/3/5
f 2/10/6 1/3/6 5/12/6
o planet
v -2.358885 -2.389086 1.718307
v -2.063277 1.877883 2.537930
v -2.281001 -1.572904 -2.558839
v -1.985394 2.694067 -1.739216
v 1.985394 -2.694066 1.739216
v 2.281002 1.572904 2.558839
v 2.063277 -1.877883 -2.537931
v 2.358885 2.389086 -1.718307
v -2.361120 -1.667665 -2.422532
v -2.453313 -1.780487 -2.244053
v -2.552829 -1.908388 -2.016376
v -2.644945 -2.035303 -1.756831
v -2.723377 -2.154587 -1.471605
v -2.783955 -2.261646 -1.165851
v -2.823825 -2.353005 -0.845003
v -2.841338 -2.426214 -0.514719
v -2.835929 -2.479850 -0.180282
v -2.807966 -2.513287 0.152855
v -2.758886 -2.526709 0.478474
v -2.691323 -2.521328 0.790147
v -2.609234 -2.499489 1.081250
v -2.518637 -2.465053 1.343367
v -2.433528 -2.426476 1.553965
v -2.422245 -2.247645 1.818097
v -2.493290 -2.063337 1.936697
v -2.566961 -1.829496 2.070822
v -2.630949 -1.564423 2.203484
v -2.679893 -1.274726 2.327636
v -2.710331 -0.965831 2.438427
v -2.720057 -0.643354 2.532200
v -2.708009 -0.313047 2.606403
v -2.674116 0.019786 2.659580
v -2.619191 0.349737 2.691128
v -2.545117 0.670713 2.701328
v -2.454918 0.976495 2.691557
v -2.352874 1.260761 2.664416
v -2.245353 1.515548 2.624149
v -2.147416 1.719391 2.580107
v -2.128061 1.982817 2.400927
v -2.201873 2.107293 2.221649
v -2.280358 2.247690 1.993115
v -2.351349 2.386056 1.732785
v -2.409611 2.514936 1.446901
v -2.451705 2.629202 1.140653
v -2.475346 2.725021 0.819499
v -2.479294 2.799736 0.489111
v -2.463242 2.851865 0.154778
v -2.427692 2.880843 -0.178053
v -2.374101 2.887058 -0.503178
v -2.304971 2.872080 -0.814193
v -2.223953 2.838791 -1.104512
v -2.136549 2.791860 -1.365771
v -2.055651 2.741629 -1.575571
v -2.066935 2.562797 -1.839702
v -2.161895 2.390143 -1.959101
v -2.266226 2.168798 -2.094084
v -2.365345 1.915176 -2.227530
v -2.453094 1.635075 -2.352341
v -2.525327 1.333388 -2.463625
v -2.579114 1.015369 -2.557703
v -2.612622 0.686569 -2.632010
v -2.625055 0.352230 -2.685083
v -2.616467 0.017820 -2.716327
v -2.587871 -0.310364 -2.726032
v -2.541376 -0.625743 -2.715604
v -2.480313 -0.921459 -2.687677
v -2.409834 -1.188742 -2.646554
v -2.341763 -1.404239 -2.601712
v 1.906962 -1.924715 -2.623666
v 1.705210 -1.976775 -2.721998
v 1.452009 -2.030009 -2.827611
v 1.168277 -2.075157 -2.924638
v 0.861717 -2.108166 -3.006282
v 0.538503 -2.126434 -3.068052
v 0.204787 -2.128343 -3.106907
v -0.133328 -2.113168 -3.121121
v -0.470367 -2.080945 -3.110157
v -0.800900 -2.032404 -3.074499
v -1.118969 -1.969117 -3.015814
v -1.418678 -1.893546 -2.937088
v -1.694236 -1.809134 -2.842754
v -1.938516 -1.720976 -2.739535
v -2.131948 -1.641173 -2.643105
v -1.826481 2.768121 -1.796143
v -1.621752 2.851369 -1.861252
v -1.365360 2.938045 -1.930889
v -1.078703 3.013838 -1.994450
v -0.769694 3.072528 -2.047387
v -0.444638 3.110085 -2.086701
v -0.109784 3.123926 -2.110376
v 0.228716 3.112782 -2.117292
v 0.565370 3.076528 -2.107127
v 0.894765 3.016055 -2.080254
v 1.210993 2.933479 -2.037854
v 1.508250 2.832226 -1.982000
v 1.780885 2.717170 -1.915747
v 2.021974 2.595571 -1.843716
v 2.212430 2.484579 -1.776705
v 2.422245 2.247645 -1.818097
v 2.493291 2.063337 -1.936697
v 2.566962 1.829496 -2.070822
v 2.630949 1.564423 -2.203483
v 2.679894 1.274726 -2.327637
v 2.710332 0.965831 -2.438427
v 2.720057 0.643354 -2.532200
v 2.708010 0.313047 -2.606403
v 2.674117 -0.019786 -2.659580
v 2.619192 -0.349737 -2.691128
v 2.545118 -0.670713 -2.701328
v 2.454919 -0.976495 -2.691557
v 2.352875 -1.260761 -2.664416
v 2.245353 -1.515548 -2.624149
v 2.147416 -1.719391 -2.580107
v 2.055652 -2.741629 1.575570
v 2.136550 -2.791860 1.365771
v 2.223953 -2.838792 1.104512
v 2.304971 -2.872081 0.814193
v 2.374102 -2.887058 0.503178
v 2.427693 -2.880843 0.178053
v 2.463242 -2.851865 -0.154778
v 2.479295 -2.799736 -0.489111
v 2.475346 -2.725021 -0.819499
v 2.451705 -2.629202 -1.140653
v 2.409611 -2.514936 -1.446901
v 2.351349 -2.386056 -1.732785
v 2.280359 -2.247690 -1.993115
v 2.201874 -2.107293 -2.221649
v 2.128061 -1.982817 -2.400927
v 2.433529 2.426476 -1.553965
v 2.518637 2.465053 -1.343367
v 2.609235 2.499489 -1.081250
v 2.691324 2.521328 -0.790147
v 2.758887 2.526709 -0.478474
v 2.807967 2.513287 -0.152854
v 2.835930 2.479850 0.180282
v 2.841338 2.426214 0.514719
v 2.823826 2.353005 0.845003
v 2.783955 2.261646 1.165851
v 2.723378 2.154587 1.471605
v 2.644946 2.035303 1.756831
v 2.552829 1.908387 2.016376
v 2.453314 1.780487 2.244053
v 2.361120 1.667665 2.422532
v 2.341764 1.404239 2.601712
v 2.409834 1.188742 2.646554
v 2.480313 0.921459 2.687677
v 2.541376 0.625743 2.715604
v 2.587871 0.310364 2.726032
v 2.616468 -0.017820 2.716327
v 2.625056 -0.352230 2.685083
v 2.612623 -0.686569 2.632010
v 2.579114 -1.015369 2.557704
v 2.525328 -1.333388 2.463625
v 2.453094 -1.635075 2.352341
v 2.365346 -1.915176 2.227531
v 2.266226 -2.168798 2.094084
v 2.161896 -2.390143 1.959101
v 2.066935 -2.562797 1.839702
v -2.212429 -2.484579 1.776705
v -2.021973 -2.595571 1.843716
v -1.780884 -2.717170 1.915746
v -1.508250 -2.832227 1.982000
v -1.210992 -2.933479 2.037854
v -0.894764 -3.016055 2.080254
v -0.565370 -3.076528 2.107126
v -0.228715 -3.112783 2.117291
v 0.109784 -3.123926 2.110376
v 0.444639 -3.110085 2.086701
v 0.769694 -3.072528 2.047387
v 1.078704 -3.013837 1.994450
v 1.365361 -2.938045 1.930889
v 1.621753 -2.851369 1.861253
v 1.826481 -2.768121 1.796143
v 2.131949 1.641173 2.643105
v 1.938516 1.720976 2.739534
v 1.694237 1.809134 2.842753
v 1.418678 1.893546 2.937088
v 1.118969 1.969117 3.015814
v 0.800901 2.032404 3.074499
v 0.470368 2.080945 3.110157
v 0.133329 2.113168 3.121121
v -0.204786 2.128342 3.106907
v -0.538502 2.126434 3.068052
v -0.861717 2.108166 3.006282
v -1.168276 2.075157 2.924638
v -1.452009 2.030008 2.827611
v -1.705210 1.976775 2.721998
v -1.906962 1.924715 2.623666
v -2.558587 -2.242564 1.627635
v -2.669489 -2.028495 1.727335
v -2.764503 -1.784355 1.843435
v -2.842948 -1.512542 1.963291
v -2.902089 -1.217809 2.078334
v -2.939244 -0.905043 2.183208
v -2.952603 -0.579644 2.273938
v -2.941567 -0.247135 2.347500
v -2.906395 0.087352 2.402059
v -2.847558 0.418385 2.437420
v -2.766466 0.739848 2.454372
v -2.665728 1.045547 2.454663
v -2.548790 1.329368 2.441537
v -2.419213 1.584142 2.421271
v -2.278311 1.803093 2.404747
v -2.683525 -2.250960 1.398756
v -2.821760 -2.014578 1.484519
v -2.937244 -1.754509 1.587118
v -3.030123 -1.471555 1.696329
v -3.099586 -1.167995 1.803609
v -3.143590 -0.847925 1.903553
v -3.160679 -0.516372 1.992015
v -3.150578 -0.178503 2.065587
v -3.113766 0.160794 2.122089
v -3.050474 0.496155 2.161731
v -2.961751 0.821608 2.185782
v -2.849809 1.131192 2.196279
v -2.717360 1.419417 2.196784
v -2.565727 1.681144 2.194413
v -2.395134 1.911844 2.198371
v -2.794766 -2.264003 1.135002
v -2.953261 -2.008363 1.212180
v -3.085628 -1.732399 1.304739
v -3.191803 -1.436472 1.404845
v -3.271131 -1.121978 1.505164
v -3.321815 -0.792516 1.600661
v -3.342618 -0.452703 1.687190
v -3.333403 -0.107354 1.761121
v -3.294710 0.238839 1.820025
v -3.226689 0.580592 1.864415
v -3.130210 0.912157 1.895892
v -3.007220 1.227920 1.916636
v -2.860103 1.522952 1.930045
v -2.689886 1.793353 1.942435
v -2.496876 2.035909 1.960953
v -2.890795 -2.270885 0.843228
v -3.063506 -2.000656 0.914853
v -3.209118 -1.710894 0.999526
v -3.326668 -1.402306 1.091545
v -3.414780 -1.076548 1.185314
v -3.471623 -0.737007 1.276443
v -3.495968 -0.387987 1.361000
v -3.487582 -0.034099 1.435359
v -3.446920 0.319998 1.496994
v -3.374216 0.669023 1.546521
v -3.270407 1.007429 1.585616
v -3.137381 1.329970 1.616376
v -2.977518 1.632155 1.641678
v -2.792543 1.910580 1.666145
v -2.583650 2.162619 1.694840
v -2.968194 -2.265541 0.530848
v -3.151098 -1.984418 0.597762
v -3.306574 -1.683742 0.675446
v -3.432951 -1.364539 0.759955
v -3.528225 -1.028793 0.847268
v -3.590344 -0.679812 0.933774
v -3.617852 -0.321789 1.015996
v -3.610209 0.040621 1.090593
v -3.567672 0.402547 1.155130
v -3.490696 0.758573 1.210067
v -3.380521 1.103257 1.256803
v -3.239237 1.431652 1.297063
v -3.069408 1.739658 1.333032
v -2.873385 2.024233 1.367766
v -2.653066 2.283200 1.404595
v -3.023782 -2.244925 0.204219
v -3.213518 -1.956242 0.266582
v -3.375770 -1.647681 0.337592
v -3.508434 -1.320433 0.414729
v -3.609075 -0.976679 0.495305
v -3.675335 -0.619748 0.576606
v -3.705407 -0.253908 0.655850
v -3.698368 0.115943 0.730262
v -3.654247 0.484565 0.797700
v -3.573767 0.846342 0.858221
v -3.458565 1.195870 0.912621
v -3.311069 1.528434 0.961956
v -3.134131 1.840287 1.007581
v -2.930518 2.128752 1.051251
v -2.702539 2.392087 1.094922
v -3.055308 -2.207436 -0.130289
v -3.248874 -1.914211 -0.072576
v -3.415047 -1.600637 -0.008294
v -3.551491 -1.267993 0.061242
v -3.655507 -0.918598 0.134517
v -3.724461 -0.555894 0.209820
v -3.756233 -0.184348 0.285272
v -3.749590 0.190825 0.358902
v -3.704389 0.564000 0.429019
v -3.621562 0.929403 0.495125
v -3.503077 1.281670 0.557157
v -3.351674 1.616284 0.615270
v -3.170465 1.929793 0.669851
v -2.962473 2.219868 0.721522
v -2.730214 2.485157 0.771090
v -3.061774 -2.152345 -0.466472
v -3.256488 -1.857098 -0.413677
v -3.423860 -1.541039 -0.356413
v -3.561496 -1.205581 -0.294906
v -3.666604 -0.853205 -0.229578
v -3.736444 -0.487538 -0.161071
v -3.768777 -0.113269 -0.090241
v -3.762255 0.264120 -0.018107
v -3.716677 0.638767 0.054215
v -3.633051 1.004895 0.125603
v -3.513467 1.357265 0.195022
v -3.360789 1.691544 0.261590
v -3.178231 2.004523 0.324638
v -2.968897 2.294136 0.383715
v -2.735359 2.559319 0.438571
v -3.043133 -2.079853 -0.798876
v -3.236514 -1.784684 -0.751356
v -3.402424 -1.468360 -0.701485
v -3.538569 -1.132571 -0.648432
v -3.642286 -0.780048 -0.591546
v -3.710982 -0.414640 -0.530415
v -3.742574 -0.041204 -0.464860
v -3.735863 0.334674 -0.394928
v -3.690730 0.707144 -0.321113
v -3.608083 1.070658 -0.245111
v -3.489856 1.420221 -0.168906
v -3.338751 1.751706 -0.094403
v -3.157842 2.062071 -0.023340
v -2.950113 2.349396 0.042741
v -2.718039 2.612740 0.102503
v -2.999626 -1.991781 -1.122366
v -3.188985 -1.699147 -1.080703
v -3.350708 -1.385034 -1.038791
v -3.482770 -1.051489 -0.994653
v -3.582821 -0.701546 -0.946510
v -3.648575 -0.339315 -0.892981
v -3.678296 0.030198 -0.832990
v -3.671127 0.401415 -0.765730
v -3.627136 0.768672 -0.691140
v -3.547008 1.126775 -0.611366
v -3.432311 1.471002 -0.529194
v -3.285406 1.797378 -0.447427
v -3.109068 2.102933 -0.368802
v -2.905985 2.385847 -0.296034
v -2.678383 2.645232 -0.231662
v -2.932462 -1.891081 -1.431478
v -3.114783 -1.603849 -1.396586
v -3.269446 -1.294654 -1.363540
v -3.394913 -0.965918 -1.328992
v -3.489310 -0.620976 -1.289867
v -3.550689 -0.264249 -1.243956
v -3.577692 0.099076 -1.189520
v -3.569862 0.463438 -1.125149
v -3.527511 0.823412 -1.050385
v -3.451041 1.174136 -0.967663
v -3.341605 1.511073 -0.880331
v -3.201198 1.830274 -0.791884
v -3.032280 2.128746 -0.705954
v -2.837071 2.404803 -0.626582
v -2.617334 2.657658 -0.557730
v -2.844103 -1.781576 -1.720963
v -3.015999 -1.502805 -1.694101
v -3.160486 -1.201252 -1.671219
v -3.276797 -0.879678 -1.647246
v -3.363743 -0.541694 -1.617545
v -3.419623 -0.192078 -1.579219
v -3.443323 0.163715 -1.530155
v -3.434702 0.520061 -1.468675
v -3.394275 0.871700 -1.394162
v -3.322217 1.213952 -1.309140
v -3.219369 1.542282 -1.217244
v -3.087510 1.852597 -1.122416
v -2.928886 2.141798 -1.029068
v -2.745036 2.408431 -0.942809
v -2.536958 2.651928 -0.869351
v -2.737932 -1.668412 -1.986147
v -2.895329 -1.401257 -1.969315
v -3.026210 -1.109718 -1.958375
v -3.130784 -0.797016 -1.946177
v -3.208644 -0.467153 -1.926400
v -3.258151 -0.125340 -1.895626
v -3.278179 0.222595 -1.851660
v -3.268688 0.570838 -1.792896
v -3.230271 0.914136 -1.718824
v -3.163025 1.247768 -1.631871
v -3.067723 1.566982 -1.535672
v -2.946200 1.867375 -1.434386
v -2.800685 2.145633 -1.333069
v -2.631953 2.400460 -1.239060
v -2.440043 2.631499 -1.160196
v -2.617585 -1.559938 -2.222496
v -2.754303 -1.307664 -2.220018
v -2.867854 -1.027320 -2.223664
v -2.958732 -0.723417 -2.224234
v -3.026417 -0.401223 -2.214602
v -3.069029 -0.066550 -2.191184
v -3.085221 0.274391 -2.151923
v -3.074807 0.615542 -2.095548
v -3.038308 0.951557 -2.021850
v -2.975913 1.277530 -1.933005
v -2.888582 1.588380 -1.832429
v -2.778419 1.879330 -1.724284
v -2.647970 2.146606 -1.613999
v -2.498271 2.388059 -1.510123
v -2.329194 2.602866 -1.422882
v -2.484743 -1.468714 -2.427670
v -2.593508 -1.232237 -2.445396
v -2.686018 -0.961871 -2.466731
v -2.762025 -0.664505 -2.480786
v -2.819062 -0.347730 -2.481254
v -2.854606 -0.018079 -2.464862
v -2.866951 0.317951 -2.429845
v -2.855567 0.654109 -2.375401
v -2.820744 0.984948 -2.301724
v -2.762921 1.305350 -2.210651
v -2.683439 1.609927 -2.105216
v -2.584805 1.893585 -1.989413
v -2.470305 2.151851 -1.868629
v -2.343230 2.380401 -1.751461
v -2.204468 2.576942 -1.650558
v -2.156919 -1.430817 -2.743194
v -2.199317 -1.186668 -2.824796
v -2.249840 -0.911449 -2.886544
v -2.296870 -0.610733 -2.928488
v -2.333319 -0.291578 -2.948771
v -2.355241 0.039648 -2.945492
v -2.360158 0.376537 -2.917623
v -2.346550 0.712951 -2.865319
v -2.313950 1.043533 -2.789503
v -2.263557 1.363076 -2.691279
v -2.197697 1.666080 -2.572734
v -2.119650 1.947357 -2.437116
v -2.034127 2.202274 -2.288442
v -1.949040 2.425969 -2.130861
v -1.876644 2.614839 -1.966081
v -1.938307 -1.481413 -2.876288
v -1.961668 -1.216035 -2.982913
v -1.995173 -0.926438 -3.063600
v -2.029138 -0.615956 -3.118950
v -2.055880 -0.289029 -3.148726
v -2.071205 0.048799 -3.151567
v -2.072378 0.391476 -3.126763
v -2.057419 0.733152 -3.074763
v -2.025466 1.068642 -2.996689
v -1.978091 1.392878 -2.893389
v -1.918044 1.700574 -2.766551
v -1.848825 1.986791 -2.618999
v -1.775290 2.247488 -2.453935
v -1.705635 2.479687 -2.273017
v -1.649916 2.681391 -2.076673
v -1.687089 -1.546934 -2.997562
v -1.697337 -1.262769 -3.122357
v -1.717163 -0.958392 -3.218305
v -1.739080 -0.636134 -3.285664
v -1.756352 -0.299267 -3.324202
v -1.765015 0.047267 -3.332738
v -1.762232 0.397839 -3.310727
v -1.745719 0.746894 -3.258722
v -1.714324 1.089380 -3.177892
v -1.669888 1.420375 -3.068983
v -1.615431 1.734868 -2.933475
v -1.554496 2.028257 -2.773872
v -1.491638 2.296959 -2.592999
v -1.433962 2.538947 -2.392102
v -1.389199 2.752977 -2.171611
v -1.407137 -1.615462 -3.104013
v -1.408365 -1.316962 -3.241415
v -1.417111 -0.999717 -3.349181
v -1.428036 -0.665961 -3.426640
v -1.436145 -0.318863 -3.472818
v -1.438046 0.036993 -3.486447
v -1.431027 0.396337 -3.466948
v -1.412756 0.753799 -3.414756
v -1.381979 1.104322 -3.330955
v -1.340639 1.443023 -3.216368
v -1.291771 1.765113 -3.072516
v -1.238749 2.066314 -2.901809
v -1.185511 2.343332 -2.707030
v -1.137402 2.594274 -2.490123
v -1.099992 2.818041 -2.252401
v -1.104058 -1.679717 -3.191278
v -1.098003 -1.370708 -3.337694
v -1.097257 -1.043549 -3.454227
v -1.098256 -0.700424 -3.539476
v -1.097610 -0.344495 -3.591827
v -1.092661 0.019900 -3.609757
v -1.081106 0.387682 -3.592432
v -1.060898 0.753475 -3.539974
v -1.030925 1.112018 -3.453297
v -0.993012 1.458285 -3.333464
v -0.949906 1.787554 -3.182291
v -0.904541 2.095768 -3.002368
v -0.860090 2.379852 -2.796641
v -0.820292 2.637943 -2.567689
v -0.788930 2.869022 -2.317530
v -0.783211 -1.735562 -3.255619
v -0.770861 -1.419612 -3.408098
v -0.761683 -1.085742 -3.530673
v -0.753534 -0.735989 -3.621486
v -0.744359 -0.373419 -3.678470
v -0.732370 -0.002201 -3.699768
v -0.715955 0.372645 -3.684181
v -0.693677 0.745609 -3.631464
v -0.664795 1.111120 -3.542331
v -0.630801 1.463889 -3.418153
v -0.593849 1.799130 -3.261154
v -0.556170 2.112879 -3.074259
v -0.520043 2.402226 -2.860685
v -0.487860 2.665383 -2.623429
v -0.461967 2.901450 -2.364916
v -0.450335 -1.780125 -3.294390
v -0.432350 -1.460521 -3.450305
v -0.415407 -1.123060 -3.576427
v -0.398551 -0.769584 -3.670633
v -0.380894 -0.403030 -3.730568
v -0.361648 -0.027456 -3.754079
v -0.340121 0.352120 -3.739650
v -0.315731 0.730042 -3.686733
v -0.288277 1.100468 -3.595903
v -0.258749 1.457842 -3.468775
v -0.228464 1.797239 -3.307928
v -0.198734 2.114693 -3.116605
v -0.170825 2.407371 -2.898282
v -0.145949 2.673558 -2.656208
v -0.125241 2.912467 -2.393011
v -0.111242 -1.811263 -3.306297
v -0.087991 -1.490819 -3.463289
v -0.063634 -1.152596 -3.590561
v -0.038303 -0.798299 -3.685906
v -0.012207 -0.430756 -3.746859
v 0.014363 -0.053943 -3.771145
v 0.041049 0.327148 -3.757118
v 0.067449 0.706835 -3.704117
v 0.093149 1.079184 -3.612663
v 0.117756 1.438490 -3.484470
v 0.140930 1.779714 -3.322259
v 0.162405 2.098826 -3.129410
v 0.181996 2.392966 -2.909509
v 0.199599 2.660416 -2.665896
v 0.215173 2.900402 -2.401254
v 0.228745 -1.827798 -3.291122
v 0.257084 -1.508922 -3.446987
v 0.288663 -1.172487 -3.573038
v 0.322261 -0.820187 -3.667164
v 0.356565 -0.454801 -3.727019
v 0.390206 -0.080238 -3.750461
v 0.421785 0.298633 -3.735983
v 0.449930 0.676290 -3.683048
v 0.473629 1.046981 -3.592237
v 0.493105 1.405060 -3.465157
v 0.508995 1.745467 -3.304379
v 0.522078 2.064090 -3.113136
v 0.533245 2.357943 -2.894893
v 0.543485 2.625158 -2.652890
v 0.553839 2.864794 -2.389742
v 0.564195 -1.830154 -3.249134
v 0.597570 -1.515679 -3.401511
v 0.636303 -1.183885 -3.523945
v 0.677969 -0.836484 -3.614596
v 0.720086 -0.476227 -3.671422
v 0.760283 -0.106989 -3.692584
v 0.796252 0.266485 -3.676903
v 0.825796 0.638938 -3.624151
v 0.847412 1.004959 -3.535054
v 0.861851 1.359101 -3.410969
v 0.870596 1.696321 -3.254107
v 0.875333 2.012384 -3.067369
v 0.877943 2.304083 -2.853956
v 0.880571 2.569315 -2.616843
v 0.885439 2.806859 -2.358431
v 0.889067 -1.819640 -3.181685
v 0.927647 -1.512914 -3.327945
v 0.973732 -1.188938 -3.444259
v 1.023477 -0.849375 -3.529265
v 1.073067 -0.496882 -3.581381
v 1.119249 -0.135382 -3.599112
v 1.159027 0.230419 -3.581651
v 1.189621 0.595483 -3.529143
v 1.209207 0.954755 -3.442516
v 1.218898 1.303003 -3.322819
v 1.220772 1.635167 -3.171844
v 1.217192 1.946817 -2.992157
v 1.210899 2.234463 -2.786674
v 1.205358 2.495737 -2.557941
v 1.204195 2.729100 -2.307938
v 1.197300 -1.798300 -3.091478
v 1.241537 -1.502992 -3.228661
v 1.295552 -1.190153 -3.336125
v 1.353742 -0.861249 -3.413251
v 1.410707 -0.518720 -3.459117
v 1.462437 -0.166628 -3.472487
v 1.505506 0.190185 -3.452815
v 1.536858 0.546728 -3.400560
v 1.554554 0.898170 -3.316821
v 1.559844 1.239401 -3.202409
v 1.555081 1.565256 -3.058815
v 1.543029 1.871027 -2.888421
v 1.527153 2.152896 -2.693974
v 1.512500 2.408243 -2.477369
v 1.504445 2.635204 -2.239866
v 1.483047 -1.769486 -2.982305
v 1.534093 -1.489623 -3.106805
v 1.597167 -1.191066 -3.202354
v 1.664537 -0.875077 -3.269282
v 1.729073 -0.543953 -3.307427
v 1.786148 -0.202034 -3.315646
v 1.832161 0.145504 -3.293428
v 1.864080 0.493476 -3.241348
v 1.880070 0.837045 -3.160593
v 1.881274 1.171074 -3.051893
v 1.869994 1.490181 -2.916699
v 1.849121 1.789314 -2.757491
v 1.822692 2.064285 -2.577048
v 1.797468 2.312093 -2.376550
v 1.780937 2.530426 -2.156354
v 1.739783 -1.739625 -2.858586
v 1.801012 -1.480185 -2.964803
v 1.875421 -1.198163 -3.044972
v 1.952960 -0.895509 -3.099785
v 2.025399 -0.575545 -3.129082
v 2.087800 -0.243174 -3.131551
v 2.136600 0.095995 -3.106505
v 2.169026 0.436444 -3.054422
v 2.183514 0.773161 -2.976432
v 2.180915 1.100905 -2.873373
v 2.163235 1.414058 -2.746908
v 2.133273 1.707237 -2.599834
v 2.095304 1.975762 -2.435307
v 2.057045 2.215538 -2.254908
v 2.028174 2.423179 -2.058971
v 1.962035 -1.719978 -2.723370
v 2.038908 -1.484202 -2.804399
v 2.127977 -1.218783 -2.865474
v 2.216958 -0.927616 -2.906764
v 2.297833 -0.616696 -2.926483
v 2.365783 -0.291780 -2.922770
v 2.417454 0.041136 -2.894630
v 2.450480 0.376187 -2.842232
v 2.463662 0.708133 -2.766509
v 2.457469 1.031648 -2.668559
v 2.433456 1.340961 -2.550445
v 2.394178 1.630475 -2.415392
v 2.343689 1.894940 -2.267372
v 2.289184 2.128434 -2.110463
v 2.242311 2.325678 -1.946257
v 2.278312 -1.803093 -2.404747
v 2.419213 -1.584142 -2.421271
v 2.548791 -1.329368 -2.441536
v 2.665729 -1.045548 -2.454663
v 2.766466 -0.739848 -2.454372
v 2.847560 -0.418386 -2.437420
v 2.906396 -0.087352 -2.402059
v 2.941567 0.247135 -2.347500
v 2.952604 0.579644 -2.273938
v 2.939244 0.905043 -2.183208
v 2.902089 1.217809 -2.078334
v 2.842948 1.512542 -1.963291
v 2.764503 1.784355 -1.843436
v 2.669490 2.028494 -1.727335
v 2.558587 2.242563 -1.627634
v 2.395135 -1.911844 -2.198371
v 2.565728 -1.681143 -2.194414
v 2.717361 -1.419417 -2.196784
v 2.849810 -1.131192 -2.196279
v 2.961751 -0.821608 -2.185783
v 3.050475 -0.496155 -2.161731
v 3.113766 -0.160794 -2.122088
v 3.150578 0.178503 -2.065586
v 3.160679 0.516372 -1.992015
v 3.143591 0.847925 -1.903553
v 3.099587 1.167995 -1.803608
v 3.030123 1.471555 -1.696329
v 2.937245 1.754509 -1.587118
v 2.821760 2.014578 -1.484518
v 2.683526 2.250960 -1.398756
v 2.496876 -2.035909 -1.960953
v 2.689886 -1.793353 -1.942435
v 2.860104 -1.522952 -1.930045
v 3.007220 -1.227920 -1.916636
v 3.130210 -0.912157 -1.895892
v 3.226689 -0.580592 -1.864415
v 3.294710 -0.238839 -1.820025
v 3.333404 0.107354 -1.761121
v 3.342619 0.452703 -1.687190
v 3.321815 0.792516 -1.600661
v 3.271132 1.121978 -1.505164
v 3.191804 1.436472 -1.404845
v 3.085629 1.732399 -1.304739
v 2.953262 2.008363 -1.212180
v 2.794766 2.264003 -1.135002
v 2.583651 -2.162618 -1.694840
v 2.792543 -1.910580 -1.666145
v 2.977519 -1.632155 -1.641678
v 3.137382 -1.329970 -1.616376
v 3.270407 -1.007429 -1.585616
v 3.374216 -0.669023 -1.546521
v 3.446921 -0.319998 -1.496994
v 3.487583 0.034099 -1.435359
v 3.495969 0.387987 -1.361000
v 3.471623 0.737007 -1.276443
v 3.414781 1.076548 -1.185314
v 3.326668 1.402305 -1.091545
v 3.209119 1.710894 -0.999526
v 3.063506 2.000656 -0.914853
v 2.890795 2.270885 -0.843228
v 2.653067 -2.283200 -1.404595
v 2.873387 -2.024233 -1.367766
v 3.069408 -1.739658 -1.333032
v 3.239237 -1.431652 -1.297063
v 3.380521 -1.103256 -1.256803
v 3.490696 -0.758572 -1.210067
v 3.567672 -0.402547 -1.155131
v 3.610209 -0.040621 -1.090592
v 3.617853 0.321789 -1.015996
v 3.590345 0.679812 -0.933774
v 3.528225 1.028793 -0.847267
v 3.432952 1.364539 -0.759955
v 3.306575 1.683742 -0.675446
v 3.151098 1.984418 -0.597761
v 2.968195 2.265540 -0.530848
v 2.702539 -2.392087 -1.094922
v 2.930519 -2.128753 -1.051251
v 3.134131 -1.840287 -1.007580
v 3.311070 -1.528435 -0.961955
v 3.458565 -1.195870 -0.912621
v 3.573768 -0.846343 -0.858221
v 3.654247 -0.484565 -0.797700
v 3.698368 -0.115943 -0.730262
v 3.705408 0.253908 -0.655849
v 3.675335 0.619748 -0.576606
v 3.609076 0.976679 -0.495305
v 3.508434 1.320433 -0.414729
v 3.375772 1.647681 -0.337592
v 3.213519 1.956242 -0.266582
v 3.023783 2.244925 -0.204219
v 2.730214 -2.485157 -0.771090
v 2.962473 -2.219868 -0.721521
v 3.170466 -1.929793 -0.669850
v 3.351675 -1.616284 -0.615270
v 3.503077 -1.281671 -0.557157
v 3.621562 -0.929403 -0.495124
v 3.704389 -0.564000 -0.429019
v 3.749591 -0.190825 -0.358901
v 3.756233 0.184348 -0.285272
v 3.724461 0.555894 -0.209820
v 3.655508 0.918598 -0.134517
v 3.551492 1.267993 -0.061242
v 3.415047 1.600637 0.008294
v 3.248874 1.914211 0.072575
v 3.055308 2.207436 0.130289
v 2.735359 -2.559319 -0.438571
v 2.968898 -2.294136 -0.383715
v 3.178231 -2.004523 -0.324638
v 3.360789 -1.691544 -0.261590
v 3.513467 -1.357265 -0.195021
v 3.633052 -1.004895 -0.125603
v 3.716678 -0.638767 -0.054214
v 3.762255 -0.264120 0.018107
v 3.768777 0.113269 0.090241
v 3.736444 0.487538 0.161072
v 3.666605 0.853205 0.229578
v 3.561496 1.205581 0.294906
v 3.423861 1.541039 0.356413
v 3.256488 1.857098 0.413677
v 3.061775 2.152345 0.466472
v 2.718040 -2.612739 -0.102503
v 2.950113 -2.349396 -0.042741
v 3.157843 -2.062071 0.023340
v 3.338752 -1.751707 0.094404
v 3.489856 -1.420221 0.168907
v 3.608084 -1.070658 0.245111
v 3.690730 -0.707144 0.321113
v 3.735864 -0.334674 0.394928
v 3.742574 0.041204 0.464860
v 3.710982 0.414640 0.530415
v 3.642287 0.780048 0.591546
v 3.538569 1.132571 0.648432
v 3.402425 1.468359 0.701485
v 3.236515 1.784683 0.751356
v 3.043134 2.079853 0.798876
v 2.678382 -2.645232 0.231662
v 2.905985 -2.385847 0.296034
v 3.109069 -2.102934 0.368802
v 3.285406 -1.797379 0.447427
v 3.432311 -1.471003 0.529195
v 3.547008 -1.126775 0.611366
v 3.627137 -0.768672 0.691140
v 3.671128 -0.401414 0.765730
v 3.678297 -0.030198 0.832990
v 3.648576 0.339315 0.892981
v 3.582821 0.701546 0.946510
v 3.482770 1.051489 0.994653
v 3.350708 1.385034 1.038791
v 3.188986 1.699147 1.080703
v 2.999627 1.991781 1.122366
v 2.617334 -2.657659 0.557730
v 2.837071 -2.404803 0.626582
v 3.032280 -2.128746 0.705954
v 3.201199 -1.830274 0.791884
v 3.341606 -1.511073 0.880331
v 3.451041 -1.174136 0.967663
v 3.527512 -0.823412 1.050386
v 3.569862 -0.463438 1.125149
v 3.577692 -0.099076 1.189520
v 3.550690 0.264249 1.243956
v 3.489310 0.620976 1.289867
v 3.394913 0.965918 1.328992
v 3.269447 1.294654 1.363540
v 3.114783 1.603848 1.396586
v 2.932462 1.891081 1.431478
v 2.536959 -2.651928 0.869351
v 2.745037 -2.408431 0.942809
v 2.928886 -2.141798 1.029068
v 3.087510 -1.852597 1.122415
v 3.219369 -1.542282 1.217244
v 3.322217 -1.213952 1.309141
v 3.394275 -0.871700 1.394162
v 3.434703 -0.520061 1.468675
v 3.443323 -0.163715 1.530156
v 3.419624 0.192078 1.579219
v 3.363743 0.541694 1.617545
v 3.276797 0.879678 1.647247
v 3.160487 1.201251 1.671219
v 3.016000 1.502805 1.694101
v 2.844104 1.781576 1.720963
v 2.440043 -2.631499 1.160196
v 2.631953 -2.400460 1.239060
v 2.800685 -2.145633 1.333069
v 2.946201 -1.867375 1.434386
v 3.067724 -1.566982 1.535672
v 3.163025 -1.247768 1.631872
v 3.230271 -0.914136 1.718824
v 3.268688 -0.570838 1.792896
v 3.278180 -0.222595 1.851659
v 3.258151 0.125340 1.895626
v 3.208645 0.467153 1.926400
v 3.130785 0.797016 1.946177
v 3.026210 1.109718 1.958375
v 2.895329 1.401257 1.969315
v 2.737933 1.668412 1.986147
v 2.329195 -2.602866 1.422881
v 2.498271 -2.388059 1.510123
v 2.647970 -2.146605 1.613999
v 2.778420 -1.879330 1.724284
v 2.888582 -1.588380 1.832429
v 2.975913 -1.277530 1.933005
v 3.038308 -0.951557 2.021850
v 3.074808 -0.615541 2.095548
v 3.085222 -0.274391 2.151924
v 3.069029 0.066550 2.191184
v 3.026418 0.401223 2.214603
v 2.958733 0.723417 2.224234
v 2.867854 1.027320 2.223664
v 2.754304 1.307664 2.220018
v 2.617586 1.559938 2.222497
v 2.204468 -2.576942 1.650558
v 2.343231 -2.380400 1.751461
v 2.470306 -2.151851 1.868630
v 2.584806 -1.893585 1.989414
v 2.683440 -1.609927 2.105216
v 2.762921 -1.305349 2.210651
v 2.820744 -0.984948 2.301724
v 2.855567 -0.654109 2.375401
v 2.866952 -0.317951 2.429845
v 2.854607 0.018079 2.464863
v 2.819063 0.347730 2.481254
v 2.762025 0.664505 2.480786
v 2.686019 0.961871 2.466731
v 2.593508 1.232237 2.445396
v 2.484744 1.468714 2.427670
v 1.876644 -2.614839 1.966081
v 1.949041 -2.425969 2.130861
v 2.034128 -2.202274 2.288442
v 2.119651 -1.947357 2.437116
v 2.197697 -1.666080 2.572734
v 2.263557 -1.363076 2.691280
v 2.313950 -1.043533 2.789503
v 2.346550 -0.712951 2.865319
v 2.360158 -0.376537 2.917623
v 2.355242 -0.039648 2.945491
v 2.333320 0.291577 2.948771
v 2.296870 0.610733 2.928488
v 2.249841 0.911449 2.886543
v 2.199317 1.186668 2.824796
v 2.156920 1.430817 2.743194
v 1.649916 -2.681391 2.076673
v 1.705636 -2.479687 2.273018
v 1.775290 -2.247488 2.453935
v 1.848825 -1.986791 2.618999
v 1.918045 -1.700574 2.766551
v 1.978091 -1.392878 2.893389
v 2.025466 -1.068642 2.996689
v 2.057419 -0.733152 3.074763
v 2.072379 -0.391476 3.126763
v 2.071206 -0.048799 3.151567
v 2.055880 0.289029 3.148726
v 2.029139 0.615956 3.118950
v 1.995174 0.926438 3.063600
v 1.961668 1.216035 2.982913
v 1.938307 1.481413 2.876288
v 1.389199 -2.752977 2.171611
v 1.433962 -2.538947 2.392102
v 1.491639 -2.296959 2.592999
v 1.554497 -2.028257 2.773872
v 1.615431 -1.734868 2.933475
v 1.669889 -1.420375 3.068983
v 1.714324 -1.089381 3.177892
v 1.745719 -0.746894 3.258722
v 1.762233 -0.397839 3.310727
v 1.765015 -0.047267 3.332737
v 1.756352 0.299267 3.324202
v 1.739080 0.636134 3.285663
v 1.717163 0.958391 3.218306
v 1.697338 1.262768 3.122357
v 1.687089 1.546934 2.997562
v 1.099992 -2.818041 2.252401
v 1.137403 -2.594274 2.490123
v 1.185511 -2.343332 2.707030
v 1.238750 -2.066315 2.901809
v 1.291771 -1.765113 3.072516
v 1.340639 -1.443023 3.216368
v 1.381979 -1.104322 3.330954
v 1.412757 -0.753799 3.414756
v 1.431027 -0.396337 3.466948
v 1.438046 -0.036993 3.486447
v 1.436145 0.318863 3.472818
v 1.428036 0.665961 3.426640
v 1.417112 0.999717 3.349181
v 1.408366 1.316962 3.241415
v 1.407137 1.615462 3.104013
v 0.788931 -2.869023 2.317530
v 0.820292 -2.637943 2.567690
v 0.860090 -2.379852 2.796641
v 0.904542 -2.095768 3.002368
v 0.949906 -1.787554 3.182291
v 0.993013 -1.458285 3.333464
v 1.030926 -1.112018 3.453297
v 1.060898 -0.753475 3.539974
v 1.081106 -0.387682 3.592432
v 1.092661 -0.019900 3.609757
v 1.097611 0.344495 3.591827
v 1.098256 0.700424 3.539476
v 1.097257 1.043549 3.454227
v 1.098004 1.370709 3.337693
v 1.104059 1.679717 3.191278
v 0.461968 -2.901449 2.364915
v 0.487861 -2.665383 2.623428
v 0.520044 -2.402226 2.860684
v 0.556170 -2.112879 3.074259
v 0.593849 -1.799130 3.261154
v 0.630802 -1.463889 3.418153
v 0.664796 -1.111119 3.542331
v 0.693677 -0.745609 3.631464
v 0.715956 -0.372645 3.684181
v 0.732370 0.002201 3.699768
v 0.744360 0.373419 3.678470
v 0.753535 0.735989 3.621486
v 0.761684 1.085742 3.530674
v 0.770862 1.419612 3.408098
v 0.783211 1.735562 3.255619
v 0.125242 -2.912467 2.393011
v 0.145950 -2.673558 2.656208
v 0.170826 -2.407371 2.898282
v 0.198734 -2.114694 3.116605
v 0.228464 -1.797239 3.307928
v 0.258749 -1.457842 3.468775
v 0.288277 -1.100468 3.595903
v 0.315732 -0.730042 3.686733
v 0.340122 -0.352120 3.739650
v 0.361648 0.027456 3.754079
v 0.380895 0.403030 3.730568
v 0.398552 0.769584 3.670633
v 0.415407 1.123060 3.576427
v 0.432351 1.460521 3.450305
v 0.450336 1.780125 3.294390
v -0.215172 -2.900402 2.401254
v -0.199598 -2.660416 2.665896
v -0.181995 -2.392966 2.909509
v -0.162404 -2.098826 3.129410
v -0.140930 -1.779714 3.322259
v -0.117756 -1.438490 3.484470
v -0.093148 -1.079184 3.612663
v -0.067449 -0.706835 3.704117
v -0.041049 -0.327148 3.757118
v -0.014363 0.053943 3.771145
v 0.012207 0.430756 3.746859
v 0.038303 0.798299 3.685906
v 0.063635 1.152596 3.590561
v 0.087991 1.490819 3.463289
v 0.111243 1.811263 3.306298
v -0.553839 -2.864794 2.389742
v -0.543485 -2.625158 2.652890
v -0.533244 -2.357943 2.894893
v -0.522078 -2.064091 3.113136
v -0.508995 -1.745467 3.304379
v -0.493104 -1.405060 3.465157
v -0.473629 -1.046980 3.592236
v -0.449929 -0.676290 3.683048
v -0.421785 -0.298633 3.735983
v -0.390205 0.080238 3.750461
v -0.356564 0.454801 3.727019
v -0.322261 0.820186 3.667164
v -0.288663 1.172487 3.573038
v -0.257083 1.508921 3.446987
v -0.228745 1.827798 3.291122
v -0.885438 -2.806859 2.358431
v -0.880570 -2.569315 2.616842
v -0.877942 -2.304084 2.853957
v -0.875333 -2.012384 3.067369
v -0.870596 -1.696322 3.254106
v -0.861850 -1.359101 3.410969
v -0.847412 -1.004959 3.535053
v -0.825795 -0.638938 3.624151
v -0.796252 -0.266485 3.676904
v -0.760282 0.106989 3.692584
v -0.720085 0.476227 3.671422
v -0.677969 0.836484 3.614596
v -0.636302 1.183884 3.523945
v -0.597570 1.515679 3.401511
v -0.564195 1.830154 3.249135
v -1.204195 -2.729101 2.307938
v -1.205358 -2.495738 2.557941
v -1.210898 -2.234463 2.786673
v -1.217192 -1.946817 2.992157
v -1.220771 -1.635167 3.171844
v -1.218897 -1.303003 3.322819
v -1.209207 -0.954755 3.442516
v -1.189620 -0.595483 3.529143
v -1.159026 -0.230419 3.581650
v -1.119249 0.135382 3.599112
v -1.073067 0.496882 3.581381
v -1.023477 0.849375 3.529265
v -0.973732 1.188937 3.444260
v -0.927646 1.512914 3.327945
v -0.889067 1.819639 3.181685
v -1.504445 -2.635204 2.239866
v -1.512500 -2.408243 2.477369
v -1.527152 -2.152897 2.693974
v -1.543028 -1.871027 2.888421
v -1.555081 -1.565257 3.058815
v -1.559844 -1.239401 3.202409
v -1.554554 -0.898170 3.316821
v -1.536858 -0.546728 3.400560
v -1.505506 -0.190185 3.452815
v -1.462437 0.166628 3.472487
v -1.410707 0.518720 3.459117
v -1.353742 0.861249 3.413251
v -1.295552 1.190153 3.336125
v -1.241537 1.502992 3.228661
v -1.197300 1.798300 3.091478
v -1.780937 -2.530426 2.156353
v -1.797468 -2.312093 2.376550
v -1.822691 -2.064285 2.577048
v -1.849121 -1.789314 2.757491
v -1.869993 -1.490182 2.916699
v -1.881274 -1.171074 3.051892
v -1.880069 -0.837045 3.160593
v -1.864080 -0.493476 3.241348
v -1.832161 -0.145503 3.293428
v -1.786147 0.202034 3.315647
v -1.729073 0.543953 3.307427
v -1.664537 0.875077 3.269282
v -1.597167 1.191066 3.202354
v -1.534092 1.489623 3.106805
v -1.483047 1.769486 2.982305
v -2.028173 -2.423179 2.058971
v -2.057045 -2.215538 2.254909
v -2.095304 -1.975762 2.435307
v -2.133273 -1.707237 2.599834
v -2.163234 -1.414058 2.746908
v -2.180915 -1.100905 2.873373
v -2.183513 -0.773161 2.976432
v -2.169026 -0.436445 3.054422
v -2.136600 -0.095995 3.106505
v -2.087799 0.243174 3.131551
v -2.025399 0.575545 3.129082
v -1.952959 0.895509 3.099785
v -1.875420 1.198164 3.044972
v -1.801012 1.480185 2.964803
v -1.739783 1.739625 2.858586
v -2.242310 -2.325678 1.946258
v -2.289184 -2.128434 2.110463
v -2.343688 -1.894940 2.267373
v -2.394177 -1.630475 2.415392
v -2.433455 -1.340961 2.550445
v -2.457467 -1.031648 2.668559
v -2.463661 -0.708133 2.766509
v -2.450479 -0.376187 2.842232
v -2.417453 -0.041136 2.894630
v -2.365783 0.291780 2.922770
v -2.297833 0.616696 2.926483
v -2.216958 0.927616 2.906764
v -2.127976 1.218783 2.865474
v -2.038907 1.484203 2.804398
v -1.962035 1.719979 2.723370
v -2.184607 -1.807642 -2.486881
v -1.971600 -1.934524 -2.568085
v -1.723928 -2.048309 -2.656531
v -1.446423 -2.150145 -2.740326
v -1.145084 -2.238065 -2.811494
v -0.825387 -2.309569 -2.865184
v -0.493139 -2.362670 -2.898147
v -0.154233 -2.396365 -2.908316
v 0.185942 -2.410343 -2.894879
v 0.522019 -2.404160 -2.858700
v 0.848042 -2.377988 -2.801901
v 1.158014 -2.332983 -2.727791
v 1.446209 -2.270860 -2.641273
v 1.706490 -2.192735 -2.550383
v 1.934347 -2.096803 -2.467057
v -2.256688 -1.967480 -2.293694
v -2.028613 -2.127147 -2.363180
v -1.771043 -2.265890 -2.440041
v -1.486878 -2.385504 -2.514600
v -1.179974 -2.486315 -2.578866
v -0.855136 -2.566582 -2.627937
v -0.517894 -2.624755 -2.658401
v -0.173918 -2.660278 -2.667831
v 0.171540 -2.673156 -2.655083
v 0.513295 -2.662649 -2.621351
v 0.845676 -2.628521 -2.569117
v 1.163025 -2.571535 -2.501846
v 1.460387 -2.492744 -2.424489
v 1.734067 -2.391298 -2.345071
v 1.981537 -2.265014 -2.273296
v -2.338593 -2.119365 -2.064928
v -2.096354 -2.303496 -2.126936
v -1.827724 -2.463104 -2.194811
v -1.534653 -2.599442 -2.261060
v -1.219916 -2.712920 -2.318734
v -0.887792 -2.802060 -2.363246
v -0.543442 -2.865599 -2.391164
v -0.192263 -2.903206 -2.399808
v 0.160628 -2.915026 -2.387776
v 0.510194 -2.900203 -2.356518
v 0.851073 -2.858309 -2.308766
v 1.178011 -2.789879 -2.248004
v 1.486607 -2.695779 -2.178859
v 1.774240 -2.575222 -2.108307
v 2.039223 -2.426698 -2.043858
v -2.418235 -2.262487 -1.804978
v -2.164917 -2.463887 -1.862001
v -1.886324 -2.640096 -1.922584
v -1.584181 -2.791060 -1.981163
v -1.261059 -2.916144 -2.032360
v -0.920896 -3.013758 -2.072164
v -0.568507 -3.082662 -2.097295
v -0.209074 -3.122470 -2.105022
v 0.152305 -3.133265 -2.093825
v 0.510607 -3.114254 -2.065274
v 0.860674 -3.065095 -2.022148
v 1.197597 -2.986348 -1.967775
v 1.517294 -2.879039 -1.906203
v 1.817181 -2.743440 -1.842836
v 2.095594 -2.579369 -1.783253
v -2.487745 -2.393277 -1.519211
v -2.226215 -2.607261 -1.571881
v -1.939813 -2.796140 -1.625848
v -1.630118 -2.958807 -1.677148
v -1.299611 -3.093688 -1.721847
v -0.951962 -3.198855 -1.756629
v -0.591753 -3.272786 -1.778581
v -0.224111 -3.314741 -1.785193
v 0.145706 -3.324558 -1.775032
v 0.512484 -3.301663 -1.749581
v 0.871067 -3.246075 -1.711400
v 1.216734 -3.158664 -1.663446
v 1.545612 -3.040826 -1.609073
v 1.855064 -2.893776 -1.552238
v 2.143408 -2.718397 -1.496922
v -2.542437 -2.508060 -1.212559
v -2.275438 -2.730769 -1.260926
v -1.983681 -2.928745 -1.308476
v -1.668554 -3.100188 -1.352559
v -1.332394 -3.242834 -1.390470
v -0.978669 -3.354300 -1.419695
v -0.611844 -3.432585 -1.437935
v -0.237109 -3.476440 -1.443188
v 0.140010 -3.485368 -1.434316
v 0.513983 -3.459087 -1.412511
v 0.879516 -3.398115 -1.379825
v 1.231929 -3.303809 -1.338600
v 1.567481 -3.178047 -1.291385
v 1.883568 -3.022742 -1.240910
v 2.178588 -2.839489 -1.189838
v -2.579143 -2.603813 -0.890411
v -2.309215 -2.831832 -0.934292
v -2.014513 -3.035655 -0.975290
v -1.696230 -3.213028 -1.011885
v -1.356560 -3.361198 -1.042471
v -0.998837 -3.477322 -1.065462
v -0.627488 -3.558905 -1.079399
v -0.247811 -3.604200 -1.083045
v 0.134418 -3.612393 -1.075732
v 0.513371 -3.583483 -1.058185
v 0.883573 -3.518461 -1.031689
v 1.240304 -3.419179 -0.997752
v 1.579881 -3.287991 -0.957991
v 1.899764 -3.127314 -0.914035
v 2.198469 -2.939214 -0.867418
v -2.595748 -2.678604 -0.558409
v -2.325027 -2.908948 -0.597434
v -2.029520 -3.115593 -0.631486
v -1.710321 -3.296015 -0.660103
v -1.369544 -3.447154 -0.682738
v -1.010466 -3.565841 -0.698848
v -0.637505 -3.649248 -0.707973
v -0.256003 -3.695305 -0.709815
v 0.128156 -3.703000 -0.704288
v 0.509007 -3.672512 -0.691535
v 0.880975 -3.605146 -0.671907
v 1.239293 -3.503086 -0.645907
v 1.580279 -3.369011 -0.614113
v 1.901419 -3.205655 -0.577093
v 2.201281 -3.015368 -0.535321
v -2.591317 -2.731395 -0.221825
v -2.321575 -2.961360 -0.255511
v -2.027135 -3.167932 -0.282099
v -1.709152 -3.348450 -0.302212
v -1.369781 -3.499749 -0.316407
v -1.012316 -3.618577 -0.325227
v -0.641148 -3.702049 -0.329267
v -0.261538 -3.748048 -0.329216
v 0.120758 -3.755537 -0.325600
v 0.499892 -3.724737 -0.317949
v 0.870352 -3.657012 -0.305626
v 1.227381 -3.554602 -0.288079
v 1.567259 -3.420268 -0.264800
v 1.887404 -3.256842 -0.235254
v 2.186294 -3.066796 -0.198831
v -2.566593 -2.761205 0.114025
v -2.299971 -2.987864 0.086359
v -2.008744 -3.191393 0.067907
v -1.694217 -3.369132 0.056824
v -1.358648 -3.517967 0.051345
v -1.005429 -3.634731 0.049891
v -0.638954 -3.716691 0.050905
v -0.264350 -3.761912 0.052804
v 0.112899 -3.769474 0.054523
v 0.487223 -3.739520 0.057075
v 0.853262 -3.673249 0.061990
v 1.206265 -3.572753 0.070783
v 1.542418 -3.440693 0.084998
v 1.859035 -3.279836 0.106375
v 2.154432 -3.092633 0.136747
v -2.523476 -2.767736 0.443115
v -2.262530 -2.987830 0.422466
v -1.976941 -3.185228 0.413138
v -1.668156 -3.357429 0.411799
v -1.338526 -3.501505 0.415287
v -0.991616 -3.614419 0.421101
v -0.631914 -3.693652 0.426935
v -0.264458 -3.737558 0.430548
v 0.105545 -3.745424 0.430484
v 0.472829 -3.717227 0.428149
v 0.832152 -3.653892 0.425734
v 1.178696 -3.557286 0.425500
v 1.508484 -3.429913 0.429913
v 1.818748 -3.274347 0.442109
v 2.107676 -3.092855 0.465404
v -2.464926 -2.751796 0.759213
v -2.212424 -2.961738 0.746953
v -1.934956 -3.149738 0.748162
v -1.634052 -3.313687 0.757629
v -1.312097 -3.450997 0.770500
v -0.972895 -3.558687 0.783498
v -0.621153 -3.634364 0.793861
v -0.261954 -3.676630 0.799013
v 0.099659 -3.684968 0.797330
v 0.458608 -3.659183 0.790388
v 0.809637 -3.599949 0.780712
v 1.147727 -3.508976 0.771017
v 1.468662 -3.388681 0.764543
v 1.769674 -3.241292 0.766118
v 2.048902 -3.068679 0.780938
v -2.395427 -2.714955 1.056220
v -2.154286 -2.910602 1.054559
v -1.887142 -3.085786 1.068304
v -1.595672 -3.238898 1.089963
v -1.282402 -3.367745 1.112831
v -0.951456 -3.469237 1.133041
v -0.607882 -3.540897 1.147685
v -0.256978 -3.581399 1.154209
v 0.096189 -3.590324 1.151074
v 0.446530 -3.567379 1.139768
v 0.788587 -3.513133 1.122798
v 1.116991 -3.429334 1.103018
v 1.427188 -3.318460 1.084255
v 1.716307 -3.182328 1.073188
v 1.982389 -3.022289 1.077290
v -2.322628 -2.658503 1.327559
v -2.096070 -2.834062 1.341355
v -1.840434 -2.993079 1.370741
v -1.558268 -3.133643 1.405964
v -1.253142 -3.253086 1.439345
v -0.929698 -3.347956 1.466800
v -0.593352 -3.415519 1.485537
v -0.249689 -3.454324 1.493303
v 0.096083 -3.463919 1.488855
v 0.438733 -3.444024 1.473386
v 0.772508 -3.395292 1.449094
v 1.091634 -3.319673 1.418717
v 1.390996 -3.219934 1.386293
v 1.666611 -3.098212 1.359465
v 1.915596 -2.956037 1.347957
v -2.258450 -2.581492 1.568424
v -2.047581 -2.730782 1.604646
v -1.802412 -2.870793 1.653636
v -1.527346 -2.998183 1.703751
v -1.228110 -3.108145 1.748094
v -0.910024 -3.196533 1.782886
v -0.578791 -3.260265 1.805636
v -0.240234 -3.297608 1.814586
v 0.100290 -3.307938 1.808905
v 0.437382 -3.291124 1.789371
v 0.765015 -3.248067 1.757686
v 1.077091 -3.181020 1.716286
v 1.367724 -3.093344 1.668893
v 1.630508 -2.988993 1.622348
v 1.860504 -2.870653 1.588248
v 2.258451 2.581492 -1.568425
v 2.047582 2.730782 -1.604647
v 1.802413 2.870793 -1.653636
v 1.527347 2.998183 -1.703751
v 1.228110 3.108145 -1.748094
v 0.910025 3.196534 -1.782887
v 0.578791 3.260265 -1.805636
v 0.240234 3.297608 -1.814586
v -0.100290 3.307938 -1.808905
v -0.437381 3.291125 -1.789372
v -0.765015 3.248067 -1.757687
v -1.077090 3.181020 -1.716286
v -1.367724 3.093344 -1.668893
v -1.630508 2.988993 -1.622348
v -1.860503 2.870653 -1.588248
v 2.322629 2.658502 -1.327559
v 2.096070 2.834063 -1.341356
v 1.840434 2.993079 -1.370741
v 1.558268 3.133643 -1.405964
v 1.253142 3.253086 -1.439345
v 0.929699 3.347956 -1.466800
v 0.593352 3.415519 -1.485536
v 0.249690 3.454324 -1.493303
v -0.096082 3.463919 -1.488855
v -0.438733 3.444024 -1.473386
v -0.772507 3.395293 -1.449094
v -1.091634 3.319673 -1.418717
v -1.390995 3.219934 -1.386293
v -1.666610 3.098212 -1.359465
v -1.915596 2.956037 -1.347957
v 2.395427 2.714956 -1.056221
v 2.154287 2.910602 -1.054559
v 1.887143 3.085786 -1.068304
v 1.595673 3.238898 -1.089962
v 1.282402 3.367745 -1.112831
v 0.951457 3.469237 -1.133040
v 0.607882 3.540897 -1.147686
v 0.256979 3.581399 -1.154209
v -0.096188 3.590324 -1.151074
v -0.446529 3.567379 -1.139768
v -0.788587 3.513134 -1.122798
v -1.116991 3.429334 -1.103018
v -1.427187 3.318460 -1.084255
v -1.716307 3.182328 -1.073188
v -1.982389 3.022289 -1.077290
v 2.464927 2.751796 -0.759213
v 2.212425 2.961738 -0.746953
v 1.934956 3.149738 -0.748161
v 1.634052 3.313687 -0.757628
v 1.312097 3.450997 -0.770500
v 0.972896 3.558687 -0.783498
v 0.621153 3.634364 -0.793861
v 0.261955 3.676630 -0.799012
v -0.099659 3.684967 -0.797330
v -0.458607 3.659183 -0.790388
v -0.809636 3.599949 -0.780712
v -1.147726 3.508976 -0.771016
v -1.468661 3.388681 -0.764542
v -1.769674 3.241292 -0.766118
v -2.048902 3.068679 -0.780937
v 2.523478 2.767736 -0.443115
v 2.262531 2.987830 -0.422466
v 1.976941 3.185228 -0.413138
v 1.668157 3.357429 -0.411798
v 1.338526 3.501505 -0.415287
v 0.991617 3.614419 -0.421101
v 0.631914 3.693652 -0.426935
v 0.264459 3.737558 -0.430548
v -0.105545 3.745424 -0.430484
v -0.472828 3.717227 -0.428149
v -0.832151 3.653892 -0.425734
v -1.178696 3.557286 -0.425500
v -1.508483 3.429913 -0.429913
v -1.818749 3.274346 -0.442109
v -2.107675 3.092855 -0.465404
v 2.566593 2.761205 -0.114025
v 2.299972 2.987864 -0.086359
v 2.008744 3.191393 -0.067907
v 1.694218 3.369132 -0.056823
v 1.358649 3.517967 -0.051345
v 1.005430 3.634732 -0.049891
v 0.638955 3.716691 -0.050905
v 0.264350 3.761912 -0.052804
v -0.112899 3.769473 -0.054523
v -0.487223 3.739520 -0.057075
v -0.853261 3.673249 -0.061990
v -1.206265 3.572754 -0.070783
v -1.542418 3.440693 -0.084998
v -1.859034 3.279836 -0.106375
v -2.154431 3.092633 -0.136747
v 2.591318 2.731395 0.221825
v 2.321576 2.961360 0.255512
v 2.027135 3.167932 0.282099
v 1.709153 3.348450 0.302212
v 1.369781 3.499749 0.316408
v 1.012316 3.618576 0.325228
v 0.641148 3.702049 0.329267
v 0.261539 3.748048 0.329216
v -0.120758 3.755536 0.325600
v -0.499891 3.724737 0.317949
v -0.870351 3.657012 0.305626
v -1.227381 3.554602 0.288079
v -1.567258 3.420268 0.264800
v -1.887403 3.256841 0.235254
v -2.186294 3.066796 0.198831
v 2.595748 2.678604 0.558409
v 2.325027 2.908948 0.597434
v 2.029521 3.115594 0.631486
v 1.710322 3.296015 0.660103
v 1.369545 3.447154 0.682739
v 1.010466 3.565841 0.698848
v 0.637506 3.649248 0.707973
v 0.256004 3.695305 0.709815
v -0.128155 3.703000 0.704288
v -0.509006 3.672512 0.691535
v -0.880974 3.605146 0.671907
v -1.239293 3.503086 0.645907
v -1.580279 3.369011 0.614113
v -1.901419 3.205655 0.577093
v -2.201281 3.015368 0.535321
v 2.579143 2.603813 0.890412
v 2.309216 2.831832 0.934292
v 2.014513 3.035655 0.975290
v 1.696230 3.213027 1.011886
v 1.356560 3.361198 1.042471
v 0.998837 3.477322 1.065463
v 0.627489 3.558906 1.079399
v 0.247812 3.604199 1.083045
v -0.134417 3.612393 1.075732
v -0.513371 3.583483 1.058185
v -0.883572 3.518461 1.031690
v -1.240304 3.419179 0.997752
v -1.579881 3.287991 0.957991
v -1.899764 3.127314 0.914035
v -2.198468 2.939214 0.867418
v 2.542438 2.508060 1.212559
v 2.275438 2.730769 1.260926
v 1.983681 2.928746 1.308476
v 1.668554 3.100188 1.352559
v 1.332394 3.242834 1.390471
v 0.978670 3.354300 1.419695
v 0.611844 3.432586 1.437935
v 0.237110 3.476440 1.443188
v -0.140009 3.485368 1.434316
v -0.513983 3.459087 1.412512
v -0.879515 3.398116 1.379825
v -1.231929 3.303809 1.338600
v -1.567481 3.178046 1.291385
v -1.883567 3.022742 1.240910
v -2.178588 2.839489 1.189838
v 2.487745 2.393277 1.519211
v 2.226215 2.607261 1.571881
v 1.939813 2.796140 1.625848
v 1.630118 2.958807 1.677148
v 1.299611 3.093689 1.721847
v 0.951962 3.198855 1.756629
v 0.591754 3.272786 1.778581
v 0.224112 3.314741 1.785193
v -0.145706 3.324558 1.775032
v -0.512483 3.301663 1.749581
v -0.871066 3.246076 1.711400
v -1.216734 3.158664 1.663447
v -1.545612 3.040826 1.609073
v -1.855064 2.893777 1.552239
v -2.143408 2.718396 1.496922
v 2.418235 2.262487 1.804978
v 2.164918 2.463887 1.862001
v 1.886324 2.640095 1.922584
v 1.584181 2.791060 1.981163
v 1.261059 2.916144 2.032360
v 0.920897 3.013758 2.072163
v 0.568508 3.082662 2.097294
v 0.209075 3.122470 2.105021
v -0.152304 3.133265 2.093825
v -0.510607 3.114254 2.065274
v -0.860674 3.065095 2.022148
v -1.197597 2.986348 1.967775
v -1.517293 2.879038 1.906203
v -1.817181 2.743440 1.842836
v -2.095593 2.579369 1.783253
v 2.338594 2.119364 2.064928
v 2.096355 2.303496 2.126936
v 1.827724 2.463105 2.194810
v 1.534653 2.599442 2.261060
v 1.219916 2.712920 2.318734
v 0.887792 2.802060 2.363246
v 0.543443 2.865599 2.391164
v 0.192263 2.903206 2.399808
v -0.160628 2.915026 2.387776
v -0.510193 2.900203 2.356518
v -0.851073 2.858309 2.308766
v -1.178010 2.789879 2.248004
v -1.486606 2.695779 2.178859
v -1.774239 2.575222 2.108307
v -2.039222 2.426699 2.043858
v 2.256689 1.967480 2.293693
v 2.028614 2.127147 2.363180
v 1.771043 2.265890 2.440041
v 1.486878 2.385505 2.514600
v 1.179974 2.486315 2.578866
v 0.855137 2.566582 2.627937
v 0.517895 2.624755 2.658401
v 0.173919 2.660279 2.667830
v -0.171540 2.673156 2.655084
v -0.513295 2.662649 2.621351
v -0.845675 2.628521 2.569117
v -1.163024 2.571535 2.501846
v -1.460387 2.492744 2.424489
v -1.734067 2.391297 2.345072
v -1.981536 2.265014 2.273296
v 2.184607 1.807642 2.486881
v 1.971600 1.934524 2.568085
v 1.723928 2.048309 2.656531
v 1.446424 2.150145 2.740326
v 1.145084 2.238065 2.811493
v 0.825387 2.309569 2.865184
v 0.493139 2.362670 2.898147
v 0.154234 2.396365 2.908316
v -0.185942 2.410343 2.894879
v -0.522019 2.404160 2.858699
v -0.848041 2.377988 2.801901
v -1.158013 2.332983 2.727791
v -1.446208 2.270861 2.641273
v -1.706490 2.192735 2.550383
v -1.934347 2.096803 2.467057
vn -0.6254 -0.6334 0.4556
vn -0.5471 0.4979 0.6729
vn -0.6048 -0.4170 -0.6785
vn -0.5264 0.7143 -0.4611
vn 0.5264 -0.7143 0.4611
vn 0.6048 0.4170 0.6785
vn 0.5471 -0.4979 -0.6729
vn 0.6254 0.6334 -0.4556
vn -0.6284 -0.4450 -0.6381
vn -0.6523 -0.4743 -0.5913
vn -0.6777 -0.5072 -0.5324
vn -0.7018 -0.5404 -0.4642
vn -0.7224 -0.5717 -0.3890
vn -0.7383 -0.5999 -0.3083
vn -0.7488 -0.6240 -0.2237
vn -0.7534 -0.6433 -0.1365
vn -0.7519 -0.6575 -0.0482
vn -0.7446 -0.6663 0.0397
vn -0.7317 -0.6699 0.1256
vn -0.7140 -0.6686 0.2077
vn -0.6926 -0.6630 0.2842
vn -0.6694 -0.6543 0.3518
vn -0.6474 -0.6444 0.4070
vn -0.6441 -0.5916 0.4850
vn -0.6624 -0.5432 0.5158
vn -0.6812 -0.4828 0.5503
vn -0.6979 -0.4131 0.5850
vn -0.7107 -0.3368 0.6176
vn -0.7187 -0.2553 0.6468
vn -0.7212 -0.1702 0.6715
vn -0.7180 -0.0830 0.6911
vn -0.7091 0.0048 0.7051
vn -0.6946 0.0919 0.7135
vn -0.6751 0.1766 0.7162
vn -0.6515 0.2571 0.7138
vn -0.6248 0.3318 0.7068
vn -0.5972 0.3976 0.6966
vn -0.5718 0.4510 0.6853
vn -0.5661 0.5288 0.6323
vn -0.5852 0.5612 0.5853
vn -0.6053 0.5972 0.5262
vn -0.6238 0.6334 0.4578
vn -0.6391 0.6673 0.3824
vn -0.6501 0.6974 0.3017
vn -0.6563 0.7226 0.2169
vn -0.6574 0.7423 0.1297
vn -0.6531 0.7561 0.0414
vn -0.6438 0.7638 -0.0464
vn -0.6297 0.7655 -0.1321
vn -0.6116 0.7617 -0.2141
vn -0.5904 0.7531 -0.2903
vn -0.5681 0.7411 -0.3578
vn -0.5471 0.7283 -0.4127
vn -0.5504 0.6754 -0.4908
vn -0.5751 0.6301 -0.5218
vn -0.6018 0.5729 -0.5565
vn -0.6277 0.5062 -0.5914
vn -0.6507 0.4324 -0.6242
vn -0.6697 0.3528 -0.6535
vn -0.6839 0.2688 -0.6783
vn -0.6927 0.1820 -0.6979
vn -0.6960 0.0938 -0.7119
vn -0.6938 0.0055 -0.7202
vn -0.6863 -0.0810 -0.7228
vn -0.6741 -0.1641 -0.7201
vn -0.6582 -0.2417 -0.7129
vn -0.6402 -0.3107 -0.7025
vn -0.6226 -0.3671 -0.6910
vn 0.5008 -0.5117 -0.6981
vn 0.4479 -0.5251 -0.7236
vn 0.3825 -0.5387 -0.7506
vn 0.3080 -0.5504 -0.7760
vn 0.2272 -0.5591 -0.7974
vn 0.1420 -0.5638 -0.8136
vn 0.0539 -0.5643 -0.8238
vn -0.0354 -0.5603 -0.8275
vn -0.1243 -0.5518 -0.8247
vn -0.2116 -0.5390 -0.8153
vn -0.2954 -0.5224 -0.7999
vn -0.3744 -0.5025 -0.7793
vn -0.4468 -0.4805 -0.7546
vn -0.5100 -0.4579 -0.7282
vn -0.5607 -0.4371 -0.7032
vn -0.4794 0.7361 -0.4779
vn -0.4258 0.7576 -0.4947
vn -0.3595 0.7797 -0.5126
vn -0.2842 0.7995 -0.5292
vn -0.2028 0.8149 -0.5430
vn -0.1171 0.8247 -0.5534
vn -0.0287 0.8283 -0.5596
vn 0.0606 0.8253 -0.5614
vn 0.1495 0.8158 -0.5587
vn 0.2364 0.7999 -0.5516
vn 0.3199 0.7782 -0.5405
vn 0.3982 0.7516 -0.5259
vn 0.4698 0.7215 -0.5086
vn 0.5321 0.6904 -0.4901
vn 0.5821 0.6616 -0.4728
vn 0.6441 0.5916 -0.4850
vn 0.6624 0.5432 -0.5158
vn 0.6812 0.4828 -0.5503
vn 0.6979 0.4131 -0.5850
vn 0.7107 0.3368 -0.6176
vn 0.7187 0.2553 -0.6468
vn 0.7212 0.1702 -0.6715
vn 0.7180 0.0830 -0.6911
vn 0.7091 -0.0049 -0.7051
vn 0.6946 -0.0919 -0.7135
vn 0.6751 -0.1766 -0.7162
vn 0.6515 -0.2571 -0.7138
vn 0.6248 -0.3318 -0.7068
vn 0.5972 -0.3976 -0.6966
vn 0.5718 -0.4510 -0.6853
vn 0.5471 -0.7283 0.4127
vn 0.5681 -0.7411 0.3578
vn 0.5904 -0.7531 0.2903
vn 0.6116 -0.7617 0.2141
vn 0.6297 -0.7655 0.1321
vn 0.6438 -0.7638 0.0464
vn 0.6531 -0.7561 -0.0414
vn 0.6574 -0.7423 -0.1297
vn 0.6563 -0.7226 -0.2169
vn 0.6501 -0.6974 -0.3017
vn 0.6391 -0.6673 -0.3824
vn 0.6238 -0.6334 -0.4578
vn 0.6053 -0.5972 -0.5262
vn 0.5852 -0.5612 -0.5853
vn 0.5661 -0.5288 -0.6323
vn 0.6474 0.6444 -0.4070
vn 0.6694 0.6543 -0.3518
vn 0.6926 0.6630 -0.2842
vn 0.7140 0.6686 -0.2077
vn 0.7317 0.6699 -0.1256
vn 0.7446 0.6663 -0.0397
vn 0.7519 0.6575 0.0482
vn 0.7534 0.6433 0.1365
vn 0.7488 0.6240 0.2237
vn 0.7383 0.5999 0.3083
vn 0.7224 0.5717 0.3890
vn 0.7018 0.5404 0.4642
vn 0.6777 0.5072 0.5324
vn 0.6523 0.4743 0.5913
vn 0.6284 0.4450 0.6381
vn 0.6226 0.3671 0.6910
vn 0.6402 0.3107 0.7025
vn 0.6582 0.2417 0.7129
vn 0.6741 0.1641 0.7201
vn 0.6863 0.0810 0.7228
vn 0.6938 -0.0055 0.7202
vn 0.6960 -0.0938 0.7119
vn 0.6927 -0.1820 0.6979
vn 0.6839 -0.2688 0.6783
vn 0.6697 -0.3528 0.6535
vn 0.6507 -0.4324 0.6242
vn 0.6277 -0.5062 0.5914
vn 0.6018 -0.5729 0.5565
vn 0.5751 -0.6301 0.5218
vn 0.5504 -0.6754 0.4908
vn -0.5821 -0.6616 0.4728
vn -0.5321 -0.6904 0.4901
vn -0.4698 -0.7215 0.5086
vn -0.3982 -0.7516 0.5259
vn -0.3199 -0.7782 0.5405
vn -0.2364 -0.7999 0.5516
vn -0.1495 -0.8158 0.5587
vn -0.0606 -0.8253 0.5614
vn 0.0287 -0.8283 0.5596
vn 0.1171 -0.8247 0.5534
vn 0.2028 -0.8149 0.5430
vn 0.2842 -0.7995 0.5292
vn 0.3595 -0.7797 0.5126
vn 0.4258 -0.7576 0.4947
vn 0.4794 -0.7361 0.4779
vn 0.5607 0.4371 0.7032
vn 0.5100 0.4579 0.7282
vn 0.4468 0.4805 0.7546
vn 0.3744 0.5025 0.7793
vn 0.2954 0.5224 0.7999
vn 0.2116 0.5390 0.8153
vn 0.1243 0.5518 0.8247
vn 0.0354 0.5603 0.8275
vn -0.0539 0.5643 0.8238
vn -0.1420 0.5638 0.8136
vn -0.2272 0.5591 0.7974
vn -0.3080 0.5504 0.7760
vn -0.3825 0.5387 0.7506
vn -0.4479 0.5251 0.7236
vn -0.5008 0.5117 0.6981
vn -0.6823 -0.5915 0.4296
vn -0.7100 -0.5350 0.4580
vn -0.7341 -0.4710 0.4893
vn -0.7544 -0.3994 0.5210
vn -0.7698 -0.3217 0.5513
vn -0.7795 -0.2392 0.5790
vn -0.7830 -0.1532 0.6028
vn -0.7801 -0.0655 0.6222
vn -0.7708 0.0228 0.6367
vn -0.7553 0.1102 0.6461
vn -0.7340 0.1950 0.6506
vn -0.7076 0.2756 0.6506
vn -0.6771 0.3505 0.6470
vn -0.6440 0.4177 0.6410
vn -0.6083 0.4765 0.6348
vn -0.7138 -0.5957 0.3683
vn -0.7500 -0.5324 0.3925
vn -0.7800 -0.4635 0.4204
vn -0.8042 -0.3887 0.4496
vn -0.8224 -0.3085 0.4781
vn -0.8338 -0.2240 0.5045
vn -0.8383 -0.1364 0.5279
vn -0.8356 -0.0472 0.5473
vn -0.8259 0.0423 0.5622
vn -0.8093 0.1309 0.5727
vn -0.7860 0.2169 0.5790
vn -0.7566 0.2987 0.5817
vn -0.7219 0.3751 0.5815
vn -0.6823 0.4448 0.5802
vn -0.6374 0.5071 0.5802
vn -0.7422 -0.5999 0.2988
vn -0.7843 -0.5314 0.3200
vn -0.8192 -0.4580 0.3451
vn -0.8471 -0.3796 0.3720
vn -0.8679 -0.2964 0.3987
vn -0.8811 -0.2093 0.4240
vn -0.8866 -0.1194 0.4469
vn -0.8841 -0.0283 0.4664
vn -0.8739 0.0630 0.4819
vn -0.8560 0.1534 0.4937
vn -0.8306 0.2411 0.5019
vn -0.7983 0.3247 0.5072
vn -0.7596 0.4031 0.5105
vn -0.7146 0.4752 0.5134
vn -0.6632 0.5404 0.5179
vn -0.7671 -0.6019 0.2219
vn -0.8131 -0.5297 0.2413
vn -0.8517 -0.4526 0.2640
vn -0.8827 -0.3707 0.2887
vn -0.9059 -0.2845 0.3137
vn -0.9208 -0.1946 0.3379
vn -0.9272 -0.1023 0.3603
vn -0.9250 -0.0089 0.3800
vn -0.9143 0.0845 0.3962
vn -0.8951 0.1769 0.4093
vn -0.8677 0.2665 0.4195
vn -0.8327 0.3520 0.4275
vn -0.7904 0.4323 0.4340
vn -0.7413 0.5065 0.4403
vn -0.6857 0.5739 0.4478
vn -0.7874 -0.6005 0.1396
vn -0.8361 -0.5256 0.1575
vn -0.8773 -0.4456 0.1783
vn -0.9107 -0.3609 0.2008
vn -0.9359 -0.2719 0.2241
vn -0.9522 -0.1795 0.2471
vn -0.9594 -0.0848 0.2689
vn -0.9574 0.0109 0.2886
vn -0.9462 0.1064 0.3056
vn -0.9259 0.2007 0.3201
vn -0.8968 0.2920 0.3324
vn -0.8595 0.3791 0.3430
vn -0.8145 0.4609 0.3524
vn -0.7625 0.5366 0.3615
vn -0.7038 0.6057 0.3712
vn -0.8020 -0.5950 0.0534
vn -0.8524 -0.5182 0.0700
vn -0.8955 -0.4362 0.0889
vn -0.9306 -0.3493 0.1094
vn -0.9572 -0.2582 0.1309
vn -0.9747 -0.1637 0.1524
vn -0.9826 -0.0668 0.1735
vn -0.9807 0.0308 0.1932
vn -0.9691 0.1282 0.2109
vn -0.9478 0.2240 0.2269
vn -0.9174 0.3166 0.2413
vn -0.8783 0.4048 0.2543
vn -0.8315 0.4876 0.2663
vn -0.7774 0.5643 0.2779
vn -0.7168 0.6344 0.2895
vn -0.8102 -0.5850 -0.0349
vn -0.8617 -0.5071 -0.0196
vn -0.9058 -0.4238 -0.0026
vn -0.9419 -0.3355 0.0159
vn -0.9694 -0.2429 0.0353
vn -0.9876 -0.1468 0.0553
vn -0.9960 -0.0485 0.0754
vn -0.9942 0.0507 0.0949
vn -0.9823 0.1493 0.1134
vn -0.9604 0.2460 0.1308
vn -0.9291 0.3393 0.1472
vn -0.8890 0.4280 0.1626
vn -0.8410 0.5113 0.1770
vn -0.7858 0.5883 0.1908
vn -0.7241 0.6589 0.2040
vn -0.8120 -0.5705 -0.1236
vn -0.8637 -0.4920 -0.1096
vn -0.9081 -0.4080 -0.0944
vn -0.9445 -0.3190 -0.0781
vn -0.9723 -0.2256 -0.0608
vn -0.9908 -0.1288 -0.0426
vn -0.9993 -0.0297 -0.0239
vn -0.9975 0.0700 -0.0048
vn -0.9855 0.1691 0.0143
vn -0.9634 0.2660 0.0332
vn -0.9318 0.3593 0.0516
vn -0.8914 0.4479 0.0692
vn -0.8430 0.5310 0.0860
vn -0.7875 0.6079 0.1017
vn -0.7254 0.6784 0.1162
vn -0.8070 -0.5514 -0.2114
vn -0.8584 -0.4729 -0.1987
vn -0.9024 -0.3889 -0.1854
vn -0.9385 -0.2998 -0.1714
vn -0.9659 -0.2063 -0.1563
vn -0.9841 -0.1095 -0.1401
vn -0.9924 -0.0107 -0.1229
vn -0.9906 0.0887 -0.1044
vn -0.9787 0.1871 -0.0849
vn -0.9568 0.2833 -0.0647
vn -0.9256 0.3759 -0.0445
vn -0.8856 0.4638 -0.0247
vn -0.8377 0.5462 -0.0058
vn -0.7825 0.6225 0.0117
vn -0.7209 0.6925 0.0276
vn -0.7956 -0.5282 -0.2968
vn -0.8459 -0.4503 -0.2857
vn -0.8888 -0.3668 -0.2746
vn -0.9238 -0.2783 -0.2630
vn -0.9502 -0.1855 -0.2503
vn -0.9676 -0.0895 -0.2361
vn -0.9754 0.0083 -0.2203
vn -0.9735 0.1063 -0.2026
vn -0.9619 0.2033 -0.1828
vn -0.9407 0.2981 -0.1617
vn -0.9104 0.3893 -0.1399
vn -0.8716 0.4758 -0.1181
vn -0.8248 0.5569 -0.0972
vn -0.7709 0.6321 -0.0778
vn -0.7104 0.7012 -0.0607
vn -0.7779 -0.5016 -0.3784
vn -0.8265 -0.4251 -0.3691
vn -0.8675 -0.3428 -0.3605
vn -0.9007 -0.2555 -0.3514
vn -0.9256 -0.1641 -0.3412
vn -0.9417 -0.0696 -0.3291
vn -0.9488 0.0266 -0.3147
vn -0.9467 0.1228 -0.2978
vn -0.9356 0.2178 -0.2780
vn -0.9154 0.3106 -0.2561
vn -0.8865 0.3999 -0.2329
vn -0.8494 0.4845 -0.2093
vn -0.8047 0.5637 -0.1864
vn -0.7529 0.6371 -0.1651
vn -0.6944 0.7045 -0.1467
vn -0.7548 -0.4727 -0.4547
vn -0.8006 -0.3983 -0.4477
vn -0.8389 -0.3179 -0.4419
vn -0.8695 -0.2325 -0.4357
vn -0.8924 -0.1429 -0.4280
vn -0.9071 -0.0504 -0.4180
vn -0.9133 0.0438 -0.4050
vn -0.9110 0.1378 -0.3888
vn -0.9003 0.2306 -0.3691
vn -0.8813 0.3211 -0.3466
vn -0.8542 0.4080 -0.3222
vn -0.8195 0.4902 -0.2969
vn -0.7776 0.5670 -0.2719
vn -0.7288 0.6380 -0.2487
vn -0.6734 0.7030 -0.2289
vn -0.7272 -0.4428 -0.5245
vn -0.7690 -0.3710 -0.5205
vn -0.8035 -0.2933 -0.5180
vn -0.8309 -0.2103 -0.5151
vn -0.8513 -0.1230 -0.5100
vn -0.8643 -0.0326 -0.5019
vn -0.8695 0.0594 -0.4903
vn -0.8670 0.1513 -0.4748
vn -0.8569 0.2418 -0.4553
vn -0.8392 0.3301 -0.4323
vn -0.8141 0.4145 -0.4068
vn -0.7822 0.4939 -0.3798
vn -0.7438 0.5678 -0.3526
vn -0.6993 0.6356 -0.3272
vn -0.6482 0.6975 -0.3055
vn -0.6964 -0.4135 -0.5866
vn -0.7321 -0.3455 -0.5870
vn -0.7617 -0.2709 -0.5886
vn -0.7853 -0.1904 -0.5891
vn -0.8030 -0.1053 -0.5866
vn -0.8141 -0.0169 -0.5805
vn -0.8183 0.0732 -0.5701
vn -0.8155 0.1632 -0.5552
vn -0.8059 0.2518 -0.5358
vn -0.7895 0.3379 -0.5123
vn -0.7666 0.4200 -0.4857
vn -0.7377 0.4969 -0.4570
vn -0.7036 0.5676 -0.4276
vn -0.6644 0.6317 -0.3993
vn -0.6200 0.6893 -0.3747
vn -0.6628 -0.3872 -0.6409
vn -0.6898 -0.3240 -0.6474
vn -0.7132 -0.2528 -0.6537
vn -0.7329 -0.1745 -0.6576
vn -0.7478 -0.0910 -0.6577
vn -0.7571 -0.0040 -0.6533
vn -0.7603 0.0847 -0.6440
vn -0.7573 0.1734 -0.6296
vn -0.7481 0.2607 -0.6102
vn -0.7329 0.3453 -0.5862
vn -0.7120 0.4257 -0.5584
vn -0.6861 0.5005 -0.5279
vn -0.6563 0.5686 -0.4959
vn -0.6238 0.6286 -0.4644
vn -0.5888 0.6807 -0.4357
vn -0.5692 -0.3764 -0.7309
vn -0.5824 -0.3116 -0.7508
vn -0.5964 -0.2393 -0.7661
vn -0.6090 -0.1602 -0.7768
vn -0.6186 -0.0760 -0.7820
vn -0.6244 0.0113 -0.7811
vn -0.6256 0.1003 -0.7737
vn -0.6220 0.1890 -0.7599
vn -0.6134 0.2763 -0.7399
vn -0.6002 0.3607 -0.7140
vn -0.5828 0.4406 -0.6828
vn -0.5622 0.5149 -0.6472
vn -0.5395 0.5821 -0.6084
vn -0.5164 0.6410 -0.5678
vn -0.4953 0.6915 -0.5258
vn -0.5112 -0.3921 -0.7648
vn -0.5186 -0.3208 -0.7925
vn -0.5282 -0.2439 -0.8133
vn -0.5375 -0.1618 -0.8276
vn -0.5447 -0.0755 -0.8352
vn -0.5488 0.0137 -0.8359
vn -0.5491 0.1043 -0.8292
vn -0.5451 0.1944 -0.8155
vn -0.5367 0.2829 -0.7949
vn -0.5242 0.3686 -0.7677
vn -0.5083 0.4499 -0.7343
vn -0.4899 0.5256 -0.6956
vn -0.4701 0.5946 -0.6523
vn -0.4509 0.6564 -0.6048
vn -0.4348 0.7107 -0.5530
vn -0.4452 -0.4102 -0.7960
vn -0.4484 -0.3340 -0.8291
vn -0.4542 -0.2529 -0.8543
vn -0.4603 -0.1674 -0.8718
vn -0.4650 -0.0783 -0.8818
vn -0.4674 0.0133 -0.8840
vn -0.4667 0.1060 -0.8781
vn -0.4623 0.1981 -0.8643
vn -0.4540 0.2884 -0.8430
vn -0.4423 0.3759 -0.8143
vn -0.4278 0.4591 -0.7786
vn -0.4115 0.5368 -0.7366
vn -0.3945 0.6081 -0.6889
vn -0.3787 0.6727 -0.6357
vn -0.3662 0.7301 -0.5769
vn -0.3714 -0.4284 -0.8237
vn -0.3720 -0.3487 -0.8603
vn -0.3745 -0.2642 -0.8888
vn -0.3777 -0.1756 -0.9091
vn -0.3800 -0.0837 -0.9212
vn -0.3806 0.0105 -0.9247
vn -0.3788 0.1056 -0.9195
vn -0.3740 0.1999 -0.9056
vn -0.3658 0.2924 -0.8836
vn -0.3549 0.3820 -0.8533
vn -0.3418 0.4673 -0.8154
vn -0.3276 0.5471 -0.7703
vn -0.3132 0.6207 -0.7188
vn -0.3002 0.6875 -0.6612
vn -0.2900 0.7473 -0.5979
vn -0.2915 -0.4454 -0.8465
vn -0.2900 -0.3631 -0.8855
vn -0.2899 -0.2760 -0.9164
vn -0.2903 -0.1850 -0.9389
vn -0.2903 -0.0906 -0.9526
vn -0.2890 0.0059 -0.9573
vn -0.2860 0.1032 -0.9527
vn -0.2807 0.1998 -0.9388
vn -0.2728 0.2944 -0.9159
vn -0.2627 0.3861 -0.8843
vn -0.2512 0.4733 -0.8443
vn -0.2391 0.5550 -0.7967
vn -0.2271 0.6305 -0.7422
vn -0.2164 0.6991 -0.6815
vn -0.2080 0.7607 -0.6149
vn -0.2069 -0.4601 -0.8634
vn -0.2036 -0.3760 -0.9040
vn -0.2012 -0.2873 -0.9365
vn -0.1991 -0.1945 -0.9605
vn -0.1967 -0.0984 -0.9755
vn -0.1936 -0.0000 -0.9811
vn -0.1893 0.0992 -0.9769
vn -0.1834 0.1977 -0.9629
vn -0.1758 0.2942 -0.9394
vn -0.1667 0.3876 -0.9066
vn -0.1569 0.4764 -0.8651
vn -0.1469 0.5596 -0.8156
vn -0.1372 0.6364 -0.7590
vn -0.1286 0.7064 -0.6960
vn -0.1217 0.7692 -0.6273
vn -0.1190 -0.4718 -0.8736
vn -0.1141 -0.3869 -0.9151
vn -0.1096 -0.2972 -0.9485
vn -0.1052 -0.2034 -0.9734
vn -0.1005 -0.1063 -0.9892
vn -0.0955 -0.0068 -0.9954
vn -0.0898 0.0937 -0.9915
vn -0.0834 0.1935 -0.9775
vn -0.0761 0.2914 -0.9536
vn -0.0682 0.3860 -0.9200
vn -0.0602 0.4759 -0.8774
vn -0.0523 0.5601 -0.8268
vn -0.0449 0.6378 -0.7689
vn -0.0383 0.7085 -0.7046
vn -0.0328 0.7721 -0.6347
vn -0.0295 -0.4800 -0.8768
vn -0.0233 -0.3948 -0.9185
vn -0.0168 -0.3050 -0.9522
vn -0.0101 -0.2110 -0.9774
vn -0.0032 -0.1136 -0.9935
vn 0.0038 -0.0138 -0.9999
vn 0.0109 0.0870 -0.9961
vn 0.0179 0.1874 -0.9821
vn 0.0247 0.2859 -0.9580
vn 0.0312 0.3810 -0.9241
vn 0.0373 0.4713 -0.8812
vn 0.0430 0.5559 -0.8301
vn 0.0482 0.6340 -0.7718
vn 0.0529 0.7051 -0.7072
vn 0.0570 0.7689 -0.6369
vn 0.0602 -0.4844 -0.8728
vn 0.0677 -0.3996 -0.9142
vn 0.0761 -0.3103 -0.9476
vn 0.0850 -0.2168 -0.9725
vn 0.0941 -0.1199 -0.9883
vn 0.1031 -0.0207 -0.9945
vn 0.1115 0.0795 -0.9906
vn 0.1190 0.1793 -0.9766
vn 0.1252 0.2773 -0.9526
vn 0.1303 0.3721 -0.9190
vn 0.1345 0.4623 -0.8765
vn 0.1379 0.5468 -0.8258
vn 0.1409 0.6248 -0.7680
vn 0.1436 0.6958 -0.7038
vn 0.1464 0.7595 -0.6338
vn 0.1488 -0.4851 -0.8617
vn 0.1577 -0.4014 -0.9022
vn 0.1680 -0.3132 -0.9347
vn 0.1792 -0.2210 -0.9587
vn 0.1904 -0.1255 -0.9736
vn 0.2011 -0.0277 -0.9792
vn 0.2106 0.0711 -0.9750
vn 0.2185 0.1695 -0.9610
vn 0.2242 0.2661 -0.9375
vn 0.2279 0.3599 -0.9047
vn 0.2302 0.4492 -0.8632
vn 0.2314 0.5331 -0.8138
vn 0.2320 0.6105 -0.7573
vn 0.2327 0.6810 -0.6943
vn 0.2340 0.7443 -0.6256
vn 0.2345 -0.4823 -0.8440
vn 0.2449 -0.4006 -0.8829
vn 0.2573 -0.3145 -0.9137
vn 0.2706 -0.2243 -0.9362
vn 0.2839 -0.1309 -0.9499
vn 0.2962 -0.0352 -0.9545
vn 0.3067 0.0616 -0.9498
vn 0.3148 0.1580 -0.9359
vn 0.3200 0.2528 -0.9131
vn 0.3225 0.3450 -0.8815
vn 0.3229 0.4330 -0.8416
vn 0.3219 0.5156 -0.7940
vn 0.3201 0.5920 -0.7396
vn 0.3185 0.6616 -0.6789
vn 0.3181 0.7238 -0.6123
vn 0.3158 -0.4767 -0.8204
vn 0.3278 -0.3978 -0.8569
vn 0.3424 -0.3146 -0.8853
vn 0.3581 -0.2273 -0.9056
vn 0.3734 -0.1366 -0.9176
vn 0.3872 -0.0434 -0.9210
vn 0.3986 0.0510 -0.9157
vn 0.4069 0.1451 -0.9019
vn 0.4115 0.2378 -0.8798
vn 0.4129 0.3281 -0.8496
vn 0.4115 0.4144 -0.8117
vn 0.4082 0.4954 -0.7668
vn 0.4038 0.5703 -0.7153
vn 0.3996 0.6384 -0.6578
vn 0.3973 0.6991 -0.5945
vn 0.3911 -0.4689 -0.7920
vn 0.4053 -0.3939 -0.8250
vn 0.4225 -0.3145 -0.8500
vn 0.4407 -0.2307 -0.8675
vn 0.4579 -0.1431 -0.8774
vn 0.4731 -0.0527 -0.8794
vn 0.4853 0.0391 -0.8735
vn 0.4937 0.1309 -0.8597
vn 0.4979 0.2216 -0.8384
vn 0.4982 0.3099 -0.8098
vn 0.4952 0.3943 -0.7742
vn 0.4895 0.4735 -0.7322
vn 0.4822 0.5466 -0.6846
vn 0.4750 0.6127 -0.6316
vn 0.4701 0.6714 -0.5729
vn 0.4587 -0.4602 -0.7602
vn 0.4763 -0.3907 -0.7877
vn 0.4967 -0.3159 -0.8084
vn 0.5175 -0.2359 -0.8225
vn 0.5368 -0.1514 -0.8300
vn 0.5533 -0.0636 -0.8306
vn 0.5662 0.0260 -0.8239
vn 0.5747 0.1158 -0.8101
vn 0.5785 0.2046 -0.7896
vn 0.5779 0.2912 -0.7624
vn 0.5732 0.3740 -0.7291
vn 0.5651 0.4515 -0.6905
vn 0.5548 0.5227 -0.6473
vn 0.5440 0.5866 -0.6000
vn 0.5351 0.6426 -0.5483
vn 0.5181 -0.4527 -0.7257
vn 0.5403 -0.3904 -0.7454
vn 0.5645 -0.3208 -0.7605
vn 0.5880 -0.2442 -0.7711
vn 0.6094 -0.1623 -0.7761
vn 0.6273 -0.0765 -0.7750
vn 0.6409 0.0114 -0.7676
vn 0.6495 0.0998 -0.7538
vn 0.6530 0.1874 -0.7338
vn 0.6515 0.2728 -0.7079
vn 0.6452 0.3544 -0.6769
vn 0.6348 0.4308 -0.6414
vn 0.6214 0.5006 -0.6028
vn 0.6063 0.5622 -0.5624
vn 0.5920 0.6152 -0.5206
vn 0.6083 -0.4765 -0.6348
vn 0.6440 -0.4177 -0.6410
vn 0.6771 -0.3505 -0.6470
vn 0.7076 -0.2756 -0.6506
vn 0.7340 -0.1950 -0.6506
vn 0.7553 -0.1102 -0.6461
vn 0.7708 -0.0228 -0.6367
vn 0.7801 0.0655 -0.6222
vn 0.7830 0.1532 -0.6028
vn 0.7795 0.2392 -0.5790
vn 0.7698 0.3217 -0.5513
vn 0.7544 0.3994 -0.5210
vn 0.7341 0.4710 -0.4893
vn 0.7100 0.5350 -0.4580
vn 0.6823 0.5915 -0.4296
vn 0.6374 -0.5071 -0.5802
vn 0.6823 -0.4448 -0.5802
vn 0.7219 -0.3751 -0.5815
vn 0.7566 -0.2987 -0.5817
vn 0.7860 -0.2169 -0.5790
vn 0.8093 -0.1309 -0.5727
vn 0.8259 -0.0423 -0.5622
vn 0.8356 0.0472 -0.5473
vn 0.8383 0.1364 -0.5279
vn 0.8338 0.2240 -0.5045
vn 0.8224 0.3085 -0.4781
vn 0.8042 0.3887 -0.4496
vn 0.7800 0.4635 -0.4204
vn 0.7500 0.5324 -0.3925
vn 0.7138 0.5957 -0.3683
vn 0.6632 -0.5404 -0.5179
vn 0.7146 -0.4752 -0.5134
vn 0.7596 -0.4031 -0.5105
vn 0.7983 -0.3247 -0.5072
vn 0.8306 -0.2411 -0.5019
vn 0.8560 -0.1534 -0.4937
vn 0.8739 -0.0630 -0.4819
vn 0.8841 0.0283 -0.4664
vn 0.8866 0.1194 -0.4469
vn 0.8811 0.2093 -0.4240
vn 0.8679 0.2964 -0.3987
vn 0.8471 0.3796 -0.3720
vn 0.8192 0.4580 -0.3451
vn 0.7843 0.5314 -0.3200
vn 0.7422 0.5999 -0.2988
vn 0.6857 -0.5739 -0.4478
vn 0.7413 -0.5065 -0.4403
vn 0.7904 -0.4323 -0.4340
vn 0.8327 -0.3520 -0.4275
vn 0.8677 -0.2665 -0.4195
vn 0.8951 -0.1769 -0.4093
vn 0.9143 -0.0845 -0.3962
vn 0.9250 0.0089 -0.3800
vn 0.9272 0.1023 -0.3603
vn 0.9208 0.1946 -0.3379
vn 0.9059 0.2845 -0.3137
vn 0.8827 0.3707 -0.2887
vn 0.8517 0.4526 -0.2640
vn 0.8131 0.5297 -0.2413
vn 0.7671 0.6019 -0.2219
vn 0.7038 -0.6057 -0.3712
vn 0.7625 -0.5366 -0.3615
vn 0.8145 -0.4609 -0.3524
vn 0.8595 -0.3791 -0.3430
vn 0.8968 -0.2920 -0.3324
vn 0.9259 -0.2007 -0.3201
vn 0.9462 -0.1064 -0.3056
vn 0.9574 -0.0109 -0.2886
vn 0.9594 0.0848 -0.2689
vn 0.9522 0.1795 -0.2471
vn 0.9359 0.2719 -0.2241
vn 0.9107 0.3609 -0.2008
vn 0.8773 0.4456 -0.1783
vn 0.8361 0.5256 -0.1575
vn 0.7874 0.6005 -0.1396
vn 0.7168 -0.6344 -0.2895
vn 0.7774 -0.5643 -0.2779
vn 0.8315 -0.4876 -0.2663
vn 0.8783 -0.4048 -0.2543
vn 0.9174 -0.3166 -0.2413
vn 0.9478 -0.2240 -0.2269
vn 0.9691 -0.1282 -0.2109
vn 0.9807 -0.0308 -0.1932
vn 0.9826 0.0668 -0.1735
vn 0.9747 0.1637 -0.1524
vn 0.9572 0.2582 -0.1309
vn 0.9306 0.3493 -0.1094
vn 0.8955 0.4362 -0.0889
vn 0.8524 0.5182 -0.0700
vn 0.8020 0.5950 -0.0534
vn 0.7241 -0.6589 -0.2040
vn 0.7858 -0.5883 -0.1908
vn 0.8410 -0.5113 -0.1770
vn 0.8890 -0.4280 -0.1626
vn 0.9291 -0.3393 -0.1472
vn 0.9604 -0.2460 -0.1308
vn 0.9823 -0.1493 -0.1134
vn 0.9942 -0.0507 -0.0949
vn 0.9960 0.0485 -0.0754
vn 0.9876 0.1468 -0.0553
vn 0.9694 0.2429 -0.0353
vn 0.9419 0.3355 -0.0159
vn 0.9058 0.4238 0.0026
vn 0.8617 0.5071 0.0196
vn 0.8102 0.5850 0.0349
vn 0.7254 -0.6784 -0.1162
vn 0.7875 -0.6079 -0.1017
vn 0.8430 -0.5310 -0.0860
vn 0.8914 -0.4479 -0.0692
vn 0.9318 -0.3593 -0.0516
vn 0.9634 -0.2660 -0.0332
vn 0.9855 -0.1691 -0.0143
vn 0.9975 -0.0700 0.0048
vn 0.9993 0.0297 0.0239
vn 0.9908 0.1288 0.0426
vn 0.9723 0.2256 0.0608
vn 0.9445 0.3190 0.0781
vn 0.9081 0.4080 0.0944
vn 0.8637 0.4920 0.1096
vn 0.8120 0.5705 0.1236
vn 0.7209 -0.6925 -0.0276
vn 0.7825 -0.6225 -0.0117
vn 0.8377 -0.5462 0.0058
vn 0.8856 -0.4638 0.0247
vn 0.9256 -0.3759 0.0445
vn 0.9568 -0.2833 0.0647
vn 0.9787 -0.1871 0.0849
vn 0.9906 -0.0887 0.1044
vn 0.9924 0.0107 0.1229
vn 0.9841 0.1095 0.1401
vn 0.9659 0.2063 0.1563
vn 0.9385 0.2998 0.1714
vn 0.9024 0.3889 0.1854
vn 0.8584 0.4729 0.1987
vn 0.8070 0.5514 0.2114
vn 0.7104 -0.7012 0.0607
vn 0.7709 -0.6321 0.0778
vn 0.8248 -0.5569 0.0972
vn 0.8716 -0.4758 0.1181
vn 0.9104 -0.3893 0.1399
vn 0.9407 -0.2981 0.1617
vn 0.9619 -0.2033 0.1828
vn 0.9735 -0.1063 0.2026
vn 0.9754 -0.0083 0.2203
vn 0.9676 0.0895 0.2361
vn 0.9502 0.1855 0.2503
vn 0.9238 0.2783 0.2630
vn 0.8888 0.3668 0.2746
vn 0.8459 0.4503 0.2857
vn 0.7956 0.5282 0.2968
vn 0.6944 -0.7045 0.1467
vn 0.7529 -0.6371 0.1651
vn 0.8047 -0.5637 0.1864
vn 0.8494 -0.4845 0.2093
vn 0.8865 -0.3999 0.2329
vn 0.9154 -0.3106 0.2561
vn 0.9356 -0.2178 0.2780
vn 0.9467 -0.1228 0.2978
vn 0.9488 -0.0266 0.3147
vn 0.9417 0.0696 0.3291
vn 0.9256 0.1641 0.3412
vn 0.9007 0.2555 0.3514
vn 0.8675 0.3428 0.3605
vn 0.8265 0.4251 0.3691
vn 0.7779 0.5016 0.3784
vn 0.6734 -0.7030 0.2289
vn 0.7288 -0.6380 0.2487
vn 0.7775 -0.5670 0.2719
vn 0.8195 -0.4902 0.2969
vn 0.8542 -0.4080 0.3222
vn 0.8813 -0.3211 0.3466
vn 0.9003 -0.2306 0.3691
vn 0.9110 -0.1378 0.3888
vn 0.9133 -0.0438 0.4050
vn 0.9071 0.0504 0.4180
vn 0.8924 0.1429 0.4280
vn 0.8695 0.2325 0.4357
vn 0.8389 0.3179 0.4419
vn 0.8006 0.3983 0.4477
vn 0.7548 0.4727 0.4547
vn 0.6482 -0.6975 0.3055
vn 0.6993 -0.6356 0.3272
vn 0.7438 -0.5678 0.3526
vn 0.7822 -0.4939 0.3798
vn 0.8141 -0.4145 0.4068
vn 0.8392 -0.3301 0.4323
vn 0.8569 -0.2418 0.4553
vn 0.8670 -0.1513 0.4748
vn 0.8695 -0.0594 0.4903
vn 0.8643 0.0326 0.5019
vn 0.8513 0.1230 0.5100
vn 0.8309 0.2103 0.5151
vn 0.8035 0.2933 0.5180
vn 0.7690 0.3710 0.5205
vn 0.7272 0.4428 0.5245
vn 0.6200 -0.6893 0.3747
vn 0.6644 -0.6317 0.3993
vn 0.7036 -0.5676 0.4276
vn 0.7377 -0.4969 0.4570
vn 0.7666 -0.4200 0.4857
vn 0.7895 -0.3379 0.5123
vn 0.8059 -0.2518 0.5358
vn 0.8155 -0.1632 0.5552
vn 0.8183 -0.0732 0.5701
vn 0.8141 0.0169 0.5805
vn 0.8030 0.1053 0.5866
vn 0.7853 0.1904 0.5891
vn 0.7617 0.2709 0.5886
vn 0.7321 0.3455 0.5870
vn 0.6964 0.4135 0.5866
vn 0.5888 -0.6807 0.4357
vn 0.6238 -0.6286 0.4644
vn 0.6563 -0.5686 0.4959
vn 0.6861 -0.5005 0.5279
vn 0.7120 -0.4257 0.5584
vn 0.7329 -0.3453 0.5862
vn 0.7481 -0.2607 0.6102
vn 0.7573 -0.1734 0.6296
vn 0.7603 -0.0847 0.6440
vn 0.7571 0.0040 0.6533
vn 0.7478 0.0910 0.6577
vn 0.7329 0.1745 0.6576
vn 0.7132 0.2528 0.6537
vn 0.6898 0.3240 0.6474
vn 0.6628 0.3872 0.6409
vn 0.4953 -0.6916 0.5258
vn 0.5164 -0.6410 0.5678
vn 0.5395 -0.5821 0.6084
vn 0.5622 -0.5149 0.6472
vn 0.5828 -0.4406 0.6828
vn 0.6002 -0.3607 0.7140
vn 0.6134 -0.2763 0.7399
vn 0.6220 -0.1890 0.7599
vn 0.6256 -0.1003 0.7737
vn 0.6244 -0.0113 0.7811
vn 0.6186 0.0760 0.7820
vn 0.6090 0.1602 0.7768
vn 0.5964 0.2393 0.7661
vn 0.5824 0.3116 0.7508
vn 0.5692 0.3764 0.7309
vn 0.4348 -0.7107 0.5530
vn 0.4509 -0.6564 0.6048
vn 0.4701 -0.5946 0.6523
vn 0.4899 -0.5256 0.6956
vn 0.5083 -0.4499 0.7343
vn 0.5242 -0.3686 0.7677
vn 0.5367 -0.2829 0.7949
vn 0.5451 -0.1944 0.8155
vn 0.5491 -0.1043 0.8292
vn 0.5488 -0.0137 0.8359
vn 0.5447 0.0755 0.8352
vn 0.5375 0.1618 0.8276
vn 0.5282 0.2439 0.8133
vn 0.5186 0.3208 0.7925
vn 0.5112 0.3921 0.7648
vn 0.3662 -0.7301 0.5769
vn 0.3787 -0.6727 0.6357
vn 0.3945 -0.6081 0.6889
vn 0.4115 -0.5368 0.7366
vn 0.4278 -0.4591 0.7786
vn 0.4423 -0.3759 0.8143
vn 0.4540 -0.2884 0.8430
vn 0.4623 -0.1981 0.8643
vn 0.4667 -0.1060 0.8781
vn 0.4674 -0.0133 0.8840
vn 0.4650 0.0783 0.8818
vn 0.4603 0.1674 0.8718
vn 0.4542 0.2529 0.8543
vn 0.4484 0.3340 0.8291
vn 0.4452 0.4102 0.7960
vn 0.2900 -0.7473 0.5979
vn 0.3002 -0.6875 0.6612
vn 0.3132 -0.6207 0.7188
vn 0.3276 -0.5471 0.7703
vn 0.3418 -0.4673 0.8154
vn 0.3549 -0.3820 0.8533
vn 0.3658 -0.2924 0.8836
vn 0.3740 -0.1999 0.9056
vn 0.3788 -0.1056 0.9195
vn 0.3806 -0.0105 0.9247
vn 0.3800 0.0837 0.9212
vn 0.3777 0.1756 0.9091
vn 0.3745 0.2642 0.8888
vn 0.3720 0.3487 0.8603
vn 0.3714 0.4284 0.8237
vn 0.2080 -0.7607 0.6149
vn 0.2164 -0.6991 0.6815
vn 0.2271 -0.6305 0.7422
vn 0.2391 -0.5550 0.7967
vn 0.2512 -0.4733 0.8443
vn 0.2627 -0.3861 0.8843
vn 0.2728 -0.2944 0.9159
vn 0.2807 -0.1998 0.9388
vn 0.2860 -0.1032 0.9527
vn 0.2890 -0.0059 0.9573
vn 0.2903 0.0906 0.9526
vn 0.2903 0.1850 0.9389
vn 0.2899 0.2760 0.9164
vn 0.2900 0.3631 0.8855
vn 0.2915 0.4454 0.8465
vn 0.1217 -0.7692 0.6273
vn 0.1286 -0.7064 0.6960
vn 0.1372 -0.6364 0.7590
vn 0.1469 -0.5596 0.8156
vn 0.1569 -0.4764 0.8651
vn 0.1667 -0.3876 0.9066
vn 0.1758 -0.2942 0.9394
vn 0.1834 -0.1977 0.9629
vn 0.1893 -0.0992 0.9769
vn 0.1936 -0.0000 0.9811
vn 0.1967 0.0984 0.9755
vn 0.1991 0.1945 0.9605
vn 0.2012 0.2873 0.9365
vn 0.2036 0.3760 0.9040
vn 0.2069 0.4601 0.8634
vn 0.0328 -0.7721 0.6347
vn 0.0383 -0.7085 0.7046
vn 0.0449 -0.6378 0.7689
vn 0.0523 -0.5601 0.8268
vn 0.0602 -0.4759 0.8774
vn 0.0682 -0.3860 0.9200
vn 0.0761 -0.2914 0.9536
vn 0.0834 -0.1935 0.9775
vn 0.0898 -0.0937 0.9915
vn 0.0955 0.0068 0.9954
vn 0.1005 0.1063 0.9892
vn 0.1052 0.2034 0.9734
vn 0.1096 0.2972 0.9485
vn 0.1141 0.3869 0.9151
vn 0.1190 0.4718 0.8736
vn -0.0570 -0.7689 0.6369
vn -0.0529 -0.7051 0.7072
vn -0.0482 -0.6340 0.7718
vn -0.0430 -0.5559 0.8301
vn -0.0373 -0.4713 0.8812
vn -0.0312 -0.3810 0.9241
vn -0.0247 -0.2859 0.9580
vn -0.0179 -0.1874 0.9821
vn -0.0109 -0.0870 0.9961
vn -0.0038 0.0138 0.9999
vn 0.0032 0.1136 0.9935
vn 0.0101 0.2110 0.9774
vn 0.0168 0.3050 0.9522
vn 0.0233 0.3948 0.9185
vn 0.0295 0.4800 0.8768
vn -0.1464 -0.7595 0.6338
vn -0.1436 -0.6958 0.7038
vn -0.1409 -0.6248 0.7680
vn -0.1379 -0.5468 0.8258
vn -0.1345 -0.4623 0.8765
vn -0.1303 -0.3721 0.9190
vn -0.1252 -0.2773 0.9526
vn -0.1190 -0.1793 0.9766
vn -0.1115 -0.0795 0.9906
vn -0.1031 0.0207 0.9945
vn -0.0941 0.1199 0.9883
vn -0.0850 0.2168 0.9725
vn -0.0761 0.3103 0.9476
vn -0.0677 0.3996 0.9142
vn -0.0602 0.4844 0.8728
vn -0.2340 -0.7443 0.6256
vn -0.2327 -0.6810 0.6943
vn -0.2320 -0.6105 0.7573
vn -0.2314 -0.5331 0.8138
vn -0.2302 -0.4492 0.8632
vn -0.2279 -0.3599 0.9047
vn -0.2242 -0.2661 0.9375
vn -0.2185 -0.1695 0.9610
vn -0.2106 -0.0711 0.9750
vn -0.2011 0.0277 0.9792
vn -0.1904 0.1255 0.9736
vn -0.1792 0.2210 0.9587
vn -0.1680 0.3132 0.9347
vn -0.1577 0.4014 0.9022
vn -0.1488 0.4851 0.8617
vn -0.3181 -0.7238 0.6123
vn -0.3185 -0.6616 0.6789
vn -0.3201 -0.5920 0.7396
vn -0.3219 -0.5156 0.7940
vn -0.3229 -0.4330 0.8416
vn -0.3225 -0.3450 0.8815
vn -0.3200 -0.2528 0.9131
vn -0.3148 -0.1580 0.9359
vn -0.3067 -0.0616 0.9498
vn -0.2962 0.0352 0.9545
vn -0.2839 0.1309 0.9499
vn -0.2706 0.2243 0.9362
vn -0.2573 0.3145 0.9137
vn -0.2449 0.4006 0.8829
vn -0.2345 0.4823 0.8440
vn -0.3973 -0.6991 0.5945
vn -0.3996 -0.6384 0.6578
vn -0.4038 -0.5703 0.7153
vn -0.4082 -0.4954 0.7668
vn -0.4115 -0.4144 0.8117
vn -0.4129 -0.3281 0.8496
vn -0.4115 -0.2378 0.8798
vn -0.4069 -0.1451 0.9019
vn -0.3986 -0.0510 0.9157
vn -0.3872 0.0434 0.9210
vn -0.3734 0.1366 0.9176
vn -0.3581 0.2273 0.9056
vn -0.3424 0.3146 0.8853
vn -0.3278 0.3978 0.8569
vn -0.3158 0.4767 0.8204
vn -0.4701 -0.6714 0.5729
vn -0.4750 -0.6127 0.6316
vn -0.4822 -0.5466 0.6846
vn -0.4895 -0.4735 0.7322
vn -0.4952 -0.3943 0.7742
vn -0.4982 -0.3099 0.8098
vn -0.4979 -0.2216 0.8384
vn -0.4937 -0.1309 0.8597
vn -0.4853 -0.0391 0.8735
vn -0.4731 0.0527 0.8794
vn -0.4579 0.1431 0.8774
vn -0.4407 0.2307 0.8675
vn -0.4225 0.3145 0.8500
vn -0.4053 0.3939 0.8250
vn -0.3911 0.4689 0.7920
vn -0.5351 -0.6427 0.5483
vn -0.5440 -0.5866 0.6000
vn -0.5548 -0.5227 0.6473
vn -0.5651 -0.4515 0.6905
vn -0.5732 -0.3740 0.7291
vn -0.5779 -0.2912 0.7624
vn -0.5785 -0.2046 0.7896
vn -0.5747 -0.1158 0.8101
vn -0.5662 -0.0260 0.8239
vn -0.5533 0.0636 0.8306
vn -0.5368 0.1514 0.8300
vn -0.5175 0.2359 0.8225
vn -0.4967 0.3159 0.8084
vn -0.4763 0.3907 0.7877
vn -0.4587 0.4602 0.7602
vn -0.5920 -0.6152 0.5206
vn -0.6063 -0.5622 0.5624
vn -0.6214 -0.5006 0.6028
vn -0.6348 -0.4308 0.6414
vn -0.6452 -0.3544 0.6769
vn -0.6515 -0.2728 0.7079
vn -0.6530 -0.1874 0.7338
vn -0.6495 -0.0998 0.7538
vn -0.6409 -0.0114 0.7676
vn -0.6273 0.0765 0.7750
vn -0.6094 0.1623 0.7761
vn -0.5880 0.2442 0.7711
vn -0.5645 0.3208 0.7605
vn -0.5404 0.3904 0.7454
vn -0.5181 0.4527 0.7257
vn -0.5772 -0.4840 -0.6578
vn -0.5203 -0.5155 -0.6809
vn -0.4550 -0.5444 -0.7047
vn -0.3819 -0.5709 -0.7268
vn -0.3024 -0.5939 -0.7456
vn -0.2181 -0.6127 -0.7597
vn -0.1303 -0.6267 -0.7683
vn -0.0409 -0.6356 -0.7710
vn 0.0489 -0.6393 -0.7674
vn 0.1376 -0.6376 -0.7580
vn 0.2236 -0.6308 -0.7430
vn 0.3054 -0.6191 -0.7235
vn 0.3812 -0.6031 -0.7006
vn 0.4496 -0.5836 -0.6762
vn 0.5101 -0.5603 -0.6525
vn -0.5981 -0.5245 -0.6060
vn -0.5367 -0.5662 -0.6256
vn -0.4681 -0.6024 -0.6465
vn -0.3929 -0.6336 -0.6665
vn -0.3118 -0.6600 -0.6835
vn -0.2260 -0.6810 -0.6965
vn -0.1369 -0.6963 -0.7045
vn -0.0461 -0.7057 -0.7070
vn 0.0450 -0.7091 -0.7037
vn 0.1353 -0.7064 -0.6948
vn 0.2231 -0.6975 -0.6810
vn 0.3069 -0.6827 -0.6631
vn 0.3856 -0.6623 -0.6424
vn 0.4583 -0.6361 -0.6208
vn 0.5247 -0.6033 -0.6006
vn -0.6203 -0.5635 -0.5456
vn -0.5553 -0.6124 -0.5627
vn -0.4837 -0.6545 -0.5811
vn -0.4059 -0.6903 -0.5989
vn -0.3225 -0.7201 -0.6143
vn -0.2347 -0.7435 -0.6261
vn -0.1437 -0.7603 -0.6335
vn -0.0510 -0.7702 -0.6358
vn 0.0421 -0.7733 -0.6326
vn 0.1345 -0.7695 -0.6244
vn 0.2246 -0.7585 -0.6117
vn 0.3111 -0.7407 -0.5955
vn 0.3930 -0.7160 -0.5769
vn 0.4696 -0.6844 -0.5578
vn 0.5407 -0.6450 -0.5401
vn -0.6414 -0.6009 -0.4771
vn -0.5737 -0.6545 -0.4925
vn -0.4995 -0.7012 -0.5088
vn -0.4192 -0.7410 -0.5246
vn -0.3336 -0.7739 -0.5383
vn -0.2436 -0.7996 -0.5489
vn -0.1503 -0.8178 -0.5555
vn -0.0555 -0.8283 -0.5576
vn 0.0399 -0.8311 -0.5546
vn 0.1347 -0.8262 -0.5470
vn 0.2273 -0.8133 -0.5356
vn 0.3166 -0.7927 -0.5210
vn 0.4015 -0.7644 -0.5045
vn 0.4813 -0.7285 -0.4874
vn 0.5557 -0.6849 -0.4713
vn -0.6597 -0.6352 -0.4017
vn -0.5900 -0.6921 -0.4158
vn -0.5138 -0.7422 -0.4303
vn -0.4315 -0.7853 -0.4440
vn -0.3439 -0.8209 -0.4559
vn -0.2518 -0.8486 -0.4652
vn -0.1565 -0.8681 -0.4710
vn -0.0594 -0.8792 -0.4728
vn 0.0382 -0.8818 -0.4701
vn 0.1353 -0.8758 -0.4633
vn 0.2302 -0.8612 -0.4532
vn 0.3218 -0.8382 -0.4404
vn 0.4091 -0.8070 -0.4258
vn 0.4915 -0.7680 -0.4106
vn 0.5683 -0.7214 -0.3958
vn -0.6741 -0.6654 -0.3208
vn -0.6030 -0.7246 -0.3336
vn -0.5255 -0.7771 -0.3463
vn -0.4418 -0.8226 -0.3581
vn -0.3527 -0.8603 -0.3682
vn -0.2590 -0.8897 -0.3759
vn -0.1618 -0.9104 -0.3808
vn -0.0629 -0.9219 -0.3822
vn 0.0367 -0.9243 -0.3798
vn 0.1357 -0.9174 -0.3740
vn 0.2325 -0.9014 -0.3653
vn 0.3260 -0.8765 -0.3544
vn 0.4150 -0.8432 -0.3418
vn 0.4990 -0.8020 -0.3283
vn 0.5775 -0.7532 -0.3147
vn -0.6837 -0.6906 -0.2357
vn -0.6119 -0.7513 -0.2473
vn -0.5336 -0.8053 -0.2582
vn -0.4492 -0.8523 -0.2679
vn -0.3591 -0.8915 -0.2760
vn -0.2643 -0.9222 -0.2821
vn -0.1660 -0.9438 -0.2859
vn -0.0657 -0.9557 -0.2869
vn 0.0353 -0.9579 -0.2849
vn 0.1356 -0.9503 -0.2802
vn 0.2336 -0.9332 -0.2732
vn 0.3282 -0.9069 -0.2642
vn 0.4183 -0.8722 -0.2536
vn 0.5033 -0.8295 -0.2420
vn 0.5827 -0.7796 -0.2296
vn -0.6881 -0.7104 -0.1481
vn -0.6161 -0.7716 -0.1585
vn -0.5376 -0.8264 -0.1675
vn -0.4529 -0.8742 -0.1751
vn -0.3626 -0.9142 -0.1811
vn -0.2674 -0.9456 -0.1853
vn -0.1687 -0.9676 -0.1877
vn -0.0679 -0.9798 -0.1882
vn 0.0337 -0.9818 -0.1867
vn 0.1345 -0.9738 -0.1834
vn 0.2330 -0.9560 -0.1782
vn 0.3280 -0.9290 -0.1713
vn 0.4184 -0.8935 -0.1629
vn 0.5037 -0.8502 -0.1531
vn 0.5835 -0.7996 -0.1420
vn -0.6869 -0.7243 -0.0593
vn -0.6152 -0.7854 -0.0683
vn -0.5370 -0.8402 -0.0753
vn -0.4526 -0.8881 -0.0806
vn -0.3626 -0.9281 -0.0844
vn -0.2679 -0.9595 -0.0866
vn -0.1697 -0.9816 -0.0876
vn -0.0693 -0.9937 -0.0876
vn 0.0317 -0.9957 -0.0867
vn 0.1320 -0.9876 -0.0847
vn 0.2302 -0.9697 -0.0815
vn 0.3248 -0.9427 -0.0769
vn 0.4150 -0.9071 -0.0707
vn 0.5000 -0.8637 -0.0629
vn 0.5795 -0.8132 -0.0532
vn -0.6805 -0.7322 0.0294
vn -0.6095 -0.7925 0.0221
vn -0.5321 -0.8465 0.0172
vn -0.4486 -0.8936 0.0144
vn -0.3596 -0.9330 0.0130
vn -0.2660 -0.9639 0.0126
vn -0.1690 -0.9855 0.0130
vn -0.0701 -0.9974 0.0135
vn 0.0295 -0.9995 0.0139
vn 0.1286 -0.9916 0.0145
vn 0.2256 -0.9741 0.0158
vn 0.3192 -0.9475 0.0181
vn 0.4084 -0.9125 0.0217
vn 0.4926 -0.8699 0.0274
vn 0.5712 -0.8201 0.0354
vn -0.6691 -0.7340 0.1162
vn -0.5996 -0.7926 0.1108
vn -0.5236 -0.8450 0.1085
vn -0.4416 -0.8907 0.1083
vn -0.3542 -0.9287 0.1093
vn -0.2623 -0.9586 0.1110
vn -0.1671 -0.9795 0.1126
vn -0.0701 -0.9911 0.1136
vn 0.0275 -0.9932 0.1135
vn 0.1248 -0.9858 0.1128
vn 0.2199 -0.9691 0.1121
vn 0.3118 -0.9435 0.1119
vn 0.3993 -0.9098 0.1129
vn 0.4819 -0.8685 0.1160
vn 0.5589 -0.8202 0.1221
vn -0.6537 -0.7300 0.1996
vn -0.5862 -0.7859 0.1965
vn -0.5123 -0.8359 0.1971
vn -0.4324 -0.8792 0.1999
vn -0.3471 -0.9155 0.2035
vn -0.2573 -0.9439 0.2070
vn -0.1642 -0.9638 0.2098
vn -0.0695 -0.9750 0.2112
vn 0.0260 -0.9772 0.2107
vn 0.1209 -0.9704 0.2088
vn 0.2138 -0.9549 0.2062
vn 0.3034 -0.9309 0.2034
vn 0.3886 -0.8991 0.2014
vn 0.4688 -0.8600 0.2016
vn 0.5433 -0.8140 0.2053
vn -0.6353 -0.7206 0.2777
vn -0.5706 -0.7728 0.2778
vn -0.4994 -0.8192 0.2820
vn -0.4220 -0.8596 0.2881
vn -0.3391 -0.8935 0.2944
vn -0.2516 -0.9202 0.2998
vn -0.1607 -0.9391 0.3037
vn -0.0681 -0.9498 0.3054
vn 0.0250 -0.9522 0.3046
vn 0.1177 -0.9462 0.3016
vn 0.2081 -0.9319 0.2970
vn 0.2950 -0.9099 0.2915
vn 0.3773 -0.8807 0.2862
vn 0.4543 -0.8448 0.2828
vn 0.5257 -0.8021 0.2833
vn -0.6155 -0.7067 0.3489
vn -0.5545 -0.7532 0.3540
vn -0.4865 -0.7949 0.3625
vn -0.4118 -0.8318 0.3722
vn -0.3312 -0.8631 0.3812
vn -0.2458 -0.8881 0.3885
vn -0.1569 -0.9059 0.3935
vn -0.0662 -0.9161 0.3955
vn 0.0250 -0.9186 0.3943
vn 0.1155 -0.9134 0.3902
vn 0.2037 -0.9007 0.3838
vn 0.2880 -0.8809 0.3756
vn 0.3672 -0.8548 0.3666
vn 0.4404 -0.8230 0.3587
vn 0.5073 -0.7855 0.3543
vn -0.5966 -0.6882 0.4127
vn -0.5404 -0.7265 0.4246
vn -0.4759 -0.7625 0.4383
vn -0.4034 -0.7958 0.4517
vn -0.3244 -0.8246 0.4635
vn -0.2405 -0.8478 0.4726
vn -0.1530 -0.8646 0.4786
vn -0.0637 -0.8745 0.4809
vn 0.0262 -0.8772 0.4794
vn 0.1152 -0.8728 0.4743
vn 0.2016 -0.8615 0.4660
vn 0.2839 -0.8440 0.4550
vn 0.3604 -0.8212 0.4423
vn 0.4295 -0.7945 0.4292
vn 0.4907 -0.7646 0.4180
vn 0.5966 0.6882 -0.4127
vn 0.5404 0.7265 -0.4246
vn 0.4759 0.7625 -0.4383
vn 0.4034 0.7958 -0.4517
vn 0.3244 0.8246 -0.4635
vn 0.2405 0.8478 -0.4726
vn 0.1530 0.8646 -0.4786
vn 0.0637 0.8745 -0.4809
vn -0.0262 0.8772 -0.4794
vn -0.1152 0.8728 -0.4743
vn -0.2016 0.8615 -0.4660
vn -0.2839 0.8440 -0.4550
vn -0.3604 0.8212 -0.4423
vn -0.4295 0.7945 -0.4292
vn -0.4907 0.7646 -0.4180
vn 0.6155 0.7067 -0.3489
vn 0.5545 0.7532 -0.3540
vn 0.4865 0.7949 -0.3625
vn 0.4118 0.8318 -0.3722
vn 0.3312 0.8631 -0.3812
vn 0.2458 0.8881 -0.3885
vn 0.1569 0.9059 -0.3935
vn 0.0662 0.9161 -0.3955
vn -0.0250 0.9186 -0.3943
vn -0.1155 0.9134 -0.3902
vn -0.2037 0.9007 -0.3838
vn -0.2880 0.8809 -0.3756
vn -0.3672 0.8548 -0.3666
vn -0.4404 0.8230 -0.3587
vn -0.5073 0.7855 -0.3543
vn 0.6353 0.7206 -0.2777
vn 0.5706 0.7728 -0.2778
vn 0.4994 0.8192 -0.2820
vn 0.4220 0.8596 -0.2881
vn 0.3391 0.8935 -0.2944
vn 0.2516 0.9202 -0.2998
vn 0.1607 0.9391 -0.3037
vn 0.0681 0.9498 -0.3054
vn -0.0250 0.9522 -0.3046
vn -0.1177 0.9462 -0.3016
vn -0.2081 0.9319 -0.2970
vn -0.2950 0.9099 -0.2915
vn -0.3773 0.8807 -0.2862
vn -0.4543 0.8448 -0.2828
vn -0.5257 0.8021 -0.2833
vn 0.6537 0.7300 -0.1996
vn 0.5862 0.7859 -0.1965
vn 0.5123 0.8359 -0.1971
vn 0.4324 0.8792 -0.1999
vn 0.3471 0.9155 -0.2035
vn 0.2573 0.9439 -0.2070
vn 0.1642 0.9638 -0.2098
vn 0.0695 0.9750 -0.2112
vn -0.0260 0.9772 -0.2107
vn -0.1209 0.9704 -0.2088
vn -0.2138 0.9549 -0.2062
vn -0.3034 0.9309 -0.2034
vn -0.3886 0.8991 -0.2014
vn -0.4688 0.8600 -0.2016
vn -0.5433 0.8140 -0.2053
vn 0.6691 0.7340 -0.1162
vn 0.5996 0.7926 -0.1108
vn 0.5236 0.8450 -0.1085
vn 0.4416 0.8907 -0.1083
vn 0.3542 0.9287 -0.1093
vn 0.2623 0.9586 -0.1110
vn 0.1671 0.9795 -0.1126
vn 0.0701 0.9911 -0.1136
vn -0.0275 0.9932 -0.1135
vn -0.1248 0.9857 -0.1128
vn -0.2199 0.9691 -0.1121
vn -0.3118 0.9435 -0.1119
vn -0.3993 0.9098 -0.1129
vn -0.4819 0.8685 -0.1160
vn -0.5589 0.8202 -0.1221
vn 0.6805 0.7322 -0.0294
vn 0.6095 0.7925 -0.0221
vn 0.5321 0.8465 -0.0172
vn 0.4486 0.8936 -0.0144
vn 0.3596 0.9330 -0.0130
vn 0.2660 0.9639 -0.0126
vn 0.1690 0.9855 -0.0130
vn 0.0701 0.9974 -0.0135
vn -0.0295 0.9995 -0.0139
vn -0.1286 0.9916 -0.0145
vn -0.2256 0.9741 -0.0158
vn -0.3192 0.9475 -0.0181
vn -0.4084 0.9125 -0.0217
vn -0.4926 0.8699 -0.0274
vn -0.5712 0.8201 -0.0354
vn 0.6869 0.7243 0.0593
vn 0.6152 0.7854 0.0683
vn 0.5370 0.8402 0.0753
vn 0.4526 0.8881 0.0806
vn 0.3626 0.9281 0.0844
vn 0.2679 0.9595 0.0866
vn 0.1697 0.9816 0.0876
vn 0.0693 0.9937 0.0876
vn -0.0317 0.9957 0.0867
vn -0.1320 0.9876 0.0847
vn -0.2302 0.9697 0.0815
vn -0.3248 0.9427 0.0769
vn -0.4150 0.9071 0.0707
vn -0.5000 0.8637 0.0629
vn -0.5795 0.8132 0.0532
vn 0.6881 0.7104 0.1481
vn 0.6161 0.7716 0.1585
vn 0.5376 0.8264 0.1675
vn 0.4529 0.8742 0.1751
vn 0.3626 0.9142 0.1811
vn 0.2674 0.9456 0.1853
vn 0.1687 0.9676 0.1877
vn 0.0679 0.9798 0.1882
vn -0.0337 0.9818 0.1867
vn -0.1345 0.9738 0.1834
vn -0.2330 0.9560 0.1782
vn -0.3280 0.9290 0.1713
vn -0.4184 0.8935 0.1629
vn -0.5037 0.8502 0.1531
vn -0.5835 0.7996 0.1420
vn 0.6837 0.6906 0.2357
vn 0.6119 0.7513 0.2473
vn 0.5336 0.8053 0.2582
vn 0.4492 0.8523 0.2679
vn 0.3591 0.8915 0.2760
vn 0.2643 0.9222 0.2821
vn 0.1660 0.9438 0.2859
vn 0.0657 0.9557 0.2869
vn -0.0353 0.9579 0.2849
vn -0.1356 0.9503 0.2802
vn -0.2336 0.9332 0.2732
vn -0.3282 0.9069 0.2642
vn -0.4183 0.8722 0.2536
vn -0.5033 0.8295 0.2420
vn -0.5827 0.7796 0.2296
vn 0.6741 0.6654 0.3208
vn 0.6030 0.7246 0.3336
vn 0.5255 0.7771 0.3463
vn 0.4418 0.8226 0.3581
vn 0.3527 0.8603 0.3681
vn 0.2590 0.8897 0.3759
vn 0.1618 0.9104 0.3808
vn 0.0629 0.9219 0.3822
vn -0.0367 0.9243 0.3798
vn -0.1357 0.9174 0.3740
vn -0.2325 0.9014 0.3653
vn -0.3260 0.8765 0.3544
vn -0.4150 0.8432 0.3418
vn -0.4990 0.8020 0.3283
vn -0.5775 0.7532 0.3147
vn 0.6597 0.6352 0.4017
vn 0.5900 0.6921 0.4158
vn 0.5138 0.7422 0.4303
vn 0.4315 0.7853 0.4440
vn 0.3439 0.8209 0.4559
vn 0.2518 0.8486 0.4652
vn 0.1565 0.8681 0.4710
vn 0.0594 0.8792 0.4728
vn -0.0382 0.8818 0.4701
vn -0.1353 0.8758 0.4633
vn -0.2302 0.8612 0.4532
vn -0.3218 0.8382 0.4404
vn -0.4091 0.8070 0.4258
vn -0.4915 0.7680 0.4106
vn -0.5683 0.7214 0.3958
vn 0.6414 0.6009 0.4771
vn 0.5737 0.6545 0.4925
vn 0.4995 0.7012 0.5088
vn 0.4192 0.7410 0.5246
vn 0.3336 0.7739 0.5383
vn 0.2436 0.7996 0.5489
vn 0.1503 0.8178 0.5555
vn 0.0555 0.8283 0.5576
vn -0.0399 0.8311 0.5546
vn -0.1347 0.8262 0.5470
vn -0.2273 0.8133 0.5356
vn -0.3166 0.7927 0.5210
vn -0.4015 0.7644 0.5045
vn -0.4813 0.7285 0.4874
vn -0.5557 0.6849 0.4713
vn 0.6203 0.5635 0.5456
vn 0.5553 0.6124 0.5627
vn 0.4837 0.6545 0.5811
vn 0.4059 0.6903 0.5989
vn 0.3225 0.7201 0.6143
vn 0.2347 0.7435 0.6261
vn 0.1437 0.7603 0.6335
vn 0.0510 0.7702 0.6358
vn -0.0421 0.7733 0.6326
vn -0.1345 0.7695 0.6244
vn -0.2246 0.7585 0.6117
vn -0.3111 0.7407 0.5955
vn -0.3930 0.7160 0.5769
vn -0.4696 0.6844 0.5578
vn -0.5407 0.6450 0.5401
vn 0.5981 0.5245 0.6060
vn 0.5367 0.5662 0.6256
vn 0.4681 0.6024 0.6465
vn 0.3929 0.6336 0.6665
vn 0.3118 0.6600 0.6835
vn 0.2260 0.6810 0.6965
vn 0.1369 0.6963 0.7045
vn 0.0461 0.7057 0.7070
vn -0.0450 0.7091 0.7037
vn -0.1353 0.7064 0.6948
vn -0.2231 0.6975 0.6810
vn -0.3069 0.6827 0.6631
vn -0.3856 0.6623 0.6424
vn -0.4583 0.6361 0.6208
vn -0.5247 0.6033 0.6006
vn 0.5772 0.4840 0.6578
vn 0.5203 0.5155 0.6809
vn 0.4550 0.5444 0.7047
vn 0.3819 0.5709 0.7268
vn 0.3024 0.5939 0.7456
vn 0.2181 0.6127 0.7597
vn 0.1303 0.6267 0.7683
vn 0.0409 0.6356 0.7710
vn -0.0489 0.6393 0.7674
vn -0.1376 0.6376 0.7580
vn -0.2236 0.6308 0.7430
vn -0.3054 0.6191 0.7235
vn -0.3812 0.6031 0.7006
vn -0.4496 0.5836 0.6762
vn -0.5101 0.5603 0.6525
vt 0.270607 0.293836
vt 0.258691 0.319175
vt 0.256922 0.294772
vt 0.272901 0.315855
vt 0.261558 0.344594
vt 0.276154 0.339737
vt 0.264993 0.371029
vt 0.279782 0.365217
vt 0.268661 0.398373
vt 0.283516 0.391878
vt 0.272433 0.426395
vt 0.287264 0.419372
vt 0.276244 0.454833
vt 0.290988 0.447378
vt 0.280047 0.483460
vt 0.298309 0.503857
vt 0.294669 0.475613
vt 0.301961 0.531862
vt 0.283831 0.512088
vt 0.305678 0.559306
vt 0.287674 0.540481
vt 0.309508 0.585822
vt 0.291670 0.568331
vt 0.313510 0.610979
vt 0.295913 0.595292
vt 0.317826 0.634141
vt 0.300536 0.620984
vt 0.322810 0.654545
vt 0.305845 0.644945
vt 0.243738 0.321803
vt 0.241908 0.295378
vt 0.246556 0.348740
vt 0.249949 0.376306
vt 0.253623 0.404532
vt 0.257449 0.433274
vt 0.261352 0.462338
vt 0.265274 0.491550
vt 0.269197 0.520755
vt 0.273223 0.549737
vt 0.277478 0.578215
vt 0.282096 0.605878
vt 0.287258 0.632405
vt 0.312274 0.666642
vt 0.293316 0.657463
vt 0.228142 0.324640
vt 0.225862 0.296752
vt 0.231162 0.352849
vt 0.234642 0.381497
vt 0.238383 0.410630
vt 0.242282 0.440156
vt 0.246270 0.469937
vt 0.250293 0.499838
vt 0.254337 0.529726
vt 0.258516 0.559401
vt 0.262978 0.588613
vt 0.267882 0.617096
vt 0.273435 0.644581
vt 0.300717 0.680672
vt 0.279963 0.670808
vt 0.212099 0.328348
vt 0.209187 0.299467
vt 0.215461 0.357487
vt 0.219120 0.386995
vt 0.222968 0.416906
vt 0.226939 0.447160
vt 0.230988 0.477650
vt 0.235080 0.508255
vt 0.239211 0.538844
vt 0.243495 0.569222
vt 0.248082 0.599164
vt 0.253142 0.628444
vt 0.258883 0.656849
vt 0.287879 0.695489
vt 0.265602 0.684177
vt 0.195843 0.333202
vt 0.192235 0.303770
vt 0.199607 0.362916
vt 0.203483 0.393011
vt 0.207440 0.423510
vt 0.211460 0.454363
vt 0.215530 0.485472
vt 0.219640 0.516710
vt 0.223807 0.547928
vt 0.228133 0.578932
vt 0.232754 0.609518
vt 0.237828 0.639494
vt 0.243552 0.668696
vt 0.273681 0.710221
vt 0.250187 0.696984
vt 0.179614 0.339323
vt 0.175332 0.309735
vt 0.183771 0.369279
vt 0.187849 0.399684
vt 0.191885 0.430548
vt 0.195906 0.461816
vt 0.199939 0.493378
vt 0.204005 0.525088
vt 0.208142 0.556778
vt 0.212435 0.588253
vt 0.216993 0.619324
vt 0.221944 0.649832
vt 0.227454 0.679655
vt 0.258087 0.724232
vt 0.233743 0.708712
vt 0.163625 0.346755
vt 0.158757 0.317339
vt 0.168111 0.376664
vt 0.172336 0.407119
vt 0.176392 0.438106
vt 0.180351 0.469550
vt 0.184277 0.501326
vt 0.188226 0.533266
vt 0.192257 0.565186
vt 0.196432 0.596898
vt 0.200824 0.628232
vt 0.205523 0.659055
vt 0.210644 0.689281
vt 0.241118 0.736955
vt 0.216349 0.718877
vt 0.142714 0.326461
vt 0.148035 0.355448
vt 0.152749 0.385070
vt 0.157037 0.415333
vt 0.161039 0.446191
vt 0.164864 0.477544
vt 0.168610 0.509246
vt 0.176210 0.572971
vt 0.172365 0.541118
vt 0.180180 0.604636
vt 0.184309 0.635965
vt 0.188638 0.666848
vt 0.193224 0.697224
vt 0.198148 0.727098
vt 0.203529 0.756540
vt 0.127345 0.336825
vt 0.132947 0.365128
vt 0.137756 0.394226
vt 0.142002 0.424069
vt 0.145866 0.454569
vt 0.149489 0.485594
vt 0.152993 0.516976
vt 0.160081 0.580060
vt 0.156492 0.548527
vt 0.163774 0.611430
vt 0.167562 0.642506
vt 0.171438 0.673188
vt 0.175390 0.703425
vt 0.179398 0.733242
vt 0.183434 0.762738
vt 0.112772 0.348067
vt 0.118449 0.375431
vt 0.123188 0.403775
vt 0.127265 0.432990
vt 0.130903 0.462941
vt 0.134261 0.493457
vt 0.137473 0.524341
vt 0.143953 0.586428
vt 0.140669 0.555391
vt 0.147317 0.617317
vt 0.150718 0.647934
vt 0.154102 0.678167
vt 0.157394 0.707954
vt 0.160454 0.737322
vt 0.163077 0.766379
vt 0.099093 0.359772
vt 0.104615 0.385956
vt 0.109091 0.413339
vt 0.112853 0.441751
vt 0.116169 0.471011
vt 0.119201 0.500898
vt 0.122084 0.531181
vt 0.127895 0.592078
vt 0.124948 0.561635
vt 0.130902 0.622374
vt 0.133904 0.652379
vt 0.136816 0.681946
vt 0.139506 0.710973
vt 0.141711 0.739484
vt 0.143034 0.767574
vt 0.086381 0.371439
vt 0.091477 0.396221
vt 0.095474 0.422485
vt 0.098765 0.449985
vt 0.101660 0.478481
vt 0.104314 0.507699
vt 0.106841 0.537358
vt 0.111951 0.597045
vt 0.109357 0.567206
vt 0.114596 0.626716
vt 0.117221 0.656031
vt 0.119731 0.684785
vt 0.121965 0.712811
vt 0.123541 0.740097
vt 0.123885 0.766697
vt 0.074697 0.382310
vt 0.078967 0.405485
vt 0.082239 0.430590
vt 0.084932 0.457228
vt 0.087335 0.485026
vt 0.089575 0.513643
vt 0.091734 0.542755
vt 0.096137 0.601391
vt 0.093898 0.572077
vt 0.098428 0.630505
vt 0.100715 0.659177
vt 0.102919 0.687133
vt 0.104885 0.714115
vt 0.106199 0.739950
vt 0.106177 0.764533
vt 0.063959 0.391283
vt 0.066943 0.412873
vt 0.069245 0.436997
vt 0.071252 0.463011
vt 0.073126 0.490325
vt 0.074935 0.518529
vt 0.076723 0.547269
vt 0.080426 0.605198
vt 0.078539 0.576237
vt 0.082379 0.633927
vt 0.084371 0.662137
vt 0.086360 0.689497
vt 0.088250 0.715636
vt 0.089750 0.740075
vt 0.090180 0.762416
vt 0.279793 0.276648
vt 0.269822 0.273805
vt 0.282878 0.291653
vt 0.286444 0.310485
vt 0.290416 0.333421
vt 0.294380 0.358399
vt 0.298251 0.384749
vt 0.302011 0.412038
vt 0.305665 0.439903
vt 0.312736 0.496171
vt 0.309231 0.468030
vt 0.316205 0.524084
vt 0.319651 0.551453
vt 0.323076 0.577918
vt 0.326462 0.603044
vt 0.329740 0.626159
vt 0.332589 0.645176
vt 0.334987 0.660360
vt 0.328734 0.671637
vt 0.320550 0.685411
vt 0.310003 0.701561
vt 0.297686 0.718265
vt 0.283615 0.734726
vt 0.267733 0.750295
vt 0.250020 0.764351
vt 0.222870 0.747866
vt 0.209560 0.785692
vt 0.187460 0.792090
vt 0.164951 0.795300
vt 0.142882 0.795379
vt 0.122123 0.792687
vt 0.103553 0.787905
vt 0.088843 0.782405
vt 0.077542 0.777063
vt 0.075840 0.761445
vt 0.073940 0.741900
vt 0.071903 0.718164
vt 0.069948 0.692381
vt 0.068107 0.665240
vt 0.066379 0.637177
vt 0.064752 0.608555
vt 0.063211 0.579686
vt 0.061738 0.550811
vt 0.060317 0.522168
vt 0.058941 0.494070
vt 0.057605 0.466877
vt 0.056313 0.441027
vt 0.055089 0.417209
vt 0.054045 0.397578
vt 0.053179 0.381875
vt 0.059988 0.372678
vt 0.068728 0.361487
vt 0.079702 0.348425
vt 0.092119 0.334984
vt 0.105799 0.321795
vt 0.120643 0.309343
vt 0.136538 0.298056
vt 0.153337 0.288299
vt 0.170856 0.280358
vt 0.188844 0.274442
vt 0.206937 0.270665
vt 0.224700 0.269007
vt 0.241649 0.269288
vt 0.257176 0.271144
vt 0.043689 0.395368
vt 0.030593 0.415199
vt 0.032287 0.390837
vt 0.043058 0.417684
vt 0.029946 0.441083
vt 0.043258 0.442230
vt 0.029923 0.468259
vt 0.043861 0.468525
vt 0.030236 0.496471
vt 0.044672 0.496052
vt 0.030768 0.525426
vt 0.045623 0.524428
vt 0.031453 0.554831
vt 0.046678 0.553316
vt 0.032229 0.584430
vt 0.049003 0.611524
vt 0.047809 0.582423
vt 0.050304 0.640386
vt 0.033060 0.614026
vt 0.051774 0.668705
vt 0.034013 0.643409
vt 0.053482 0.696125
vt 0.035187 0.672308
vt 0.055547 0.722236
vt 0.036709 0.700408
vt 0.058235 0.746443
vt 0.038786 0.727381
vt 0.062165 0.768087
vt 0.041901 0.752875
vt 0.017524 0.410995
vt 0.019823 0.384763
vt 0.016282 0.438281
vt 0.015729 0.466528
vt 0.015580 0.495615
vt 0.015703 0.525323
vt 0.016006 0.555414
vt 0.016405 0.585674
vt 0.016847 0.615932
vt 0.017409 0.646011
vt 0.018216 0.675686
vt 0.019430 0.704702
vt 0.021303 0.732816
vt 0.046823 0.776495
vt 0.024359 0.759842
vt 0.003821 0.405935
vt 0.006367 0.378207
vt 0.002208 0.434475
vt 0.001237 0.463781
vt 0.000681 0.493769
vt 0.000408 0.524277
vt 0.000318 0.555117
vt 0.000315 0.586110
vt 0.000335 0.617102
vt 0.000454 0.647942
vt 0.000800 0.678449
vt 0.001539 0.708432
vt 0.002918 0.737724
vt 0.029387 0.785570
vt 0.005390 0.766218
vt 1.006367 0.378207
vt 0.989522 0.400710
vt 0.992093 0.371820
vt 1.003821 0.405935
vt 0.987712 0.430254
vt 1.002208 0.434475
vt 0.986442 0.460440
vt 1.001237 0.463781
vt 0.985542 0.491211
vt 1.000681 0.493769
vt 0.984895 0.522447
vt 1.000408 0.524277
vt 0.984404 0.553995
vt 1.000318 0.555117
vt 0.983975 0.585694
vt 1.000335 0.617102
vt 1.000315 0.586110
vt 1.000454 0.647942
vt 0.983543 0.617393
vt 1.000800 0.678449
vt 0.983168 0.648949
vt 1.001539 0.708432
vt 0.982955 0.680210
vt 1.002918 0.737724
vt 0.983042 0.711034
vt 1.005390 0.766218
vt 0.983628 0.741314
vt 1.009642 0.793814
vt 0.985044 0.771002
vt 0.974732 0.395712
vt 0.977164 0.365989
vt 0.972860 0.425976
vt 0.971392 0.456806
vt 0.970204 0.488172
vt 0.969203 0.519983
vt 0.968307 0.552110
vt 0.967437 0.584395
vt 0.966535 0.616680
vt 0.965632 0.648813
vt 0.964791 0.680655
vt 0.964094 0.712090
vt 0.963656 0.743052
vt 0.987812 0.800087
vt 0.963661 0.773536
vt 0.959580 0.391232
vt 0.961749 0.360999
vt 0.957749 0.421928
vt 0.956156 0.453145
vt 0.954725 0.484874
vt 0.953390 0.517047
vt 0.952095 0.549542
vt 0.950783 0.582203
vt 0.949409 0.614861
vt 0.947970 0.647350
vt 0.946474 0.679527
vt 0.944931 0.711284
vt 0.943355 0.742566
vt 0.964398 0.803598
vt 0.941762 0.773386
vt 0.944197 0.387526
vt 0.946021 0.357078
vt 0.942473 0.418379
vt 0.940807 0.449717
vt 0.939166 0.481547
vt 0.937522 0.513809
vt 0.935847 0.546390
vt 0.934113 0.579136
vt 0.932289 0.611872
vt 0.930336 0.644424
vt 0.928207 0.676636
vt 0.925836 0.708388
vt 0.923131 0.739617
vt 0.940180 0.803827
vt 0.919953 0.770317
vt 0.930141 0.354372
vt 0.928705 0.384762
vt 0.927121 0.415512
vt 0.925412 0.446705
vt 0.923592 0.478355
vt 0.921670 0.510404
vt 0.919650 0.542747
vt 0.915303 0.607716
vt 0.917533 0.575239
vt 0.912892 0.639998
vt 0.910197 0.671919
vt 0.907086 0.703341
vt 0.903378 0.734167
vt 0.898805 0.764346
vt 0.892953 0.793866
vt 0.914288 0.352873
vt 0.913241 0.382887
vt 0.911799 0.413244
vt 0.910056 0.444020
vt 0.908078 0.475224
vt 0.905911 0.506796
vt 0.903590 0.538629
vt 0.898567 0.602524
vt 0.901141 0.570587
vt 0.895771 0.634263
vt 0.892610 0.665619
vt 0.888904 0.696425
vt 0.884407 0.726538
vt 0.878759 0.755841
vt 0.871431 0.784222
vt 0.898680 0.352492
vt 0.897973 0.381765
vt 0.896634 0.411409
vt 0.894835 0.441492
vt 0.892705 0.472018
vt 0.890321 0.502906
vt 0.887744 0.534034
vt 0.882168 0.596482
vt 0.885022 0.565271
vt 0.879071 0.627487
vt 0.875564 0.658082
vt 0.871441 0.688057
vt 0.866428 0.717210
vt 0.860109 0.745353
vt 0.851898 0.772268
vt 0.883551 0.353069
vt 0.883081 0.381210
vt 0.881758 0.409813
vt 0.879847 0.438941
vt 0.877548 0.468593
vt 0.874965 0.498654
vt 0.872172 0.528970
vt 0.866160 0.589786
vt 0.869230 0.559393
vt 0.862845 0.619961
vt 0.859119 0.649681
vt 0.854779 0.678689
vt 0.849553 0.706720
vt 0.842993 0.733513
vt 0.834492 0.758754
vt 0.869144 0.354323
vt 0.868730 0.380916
vt 0.867282 0.408170
vt 0.865169 0.436131
vt 0.862662 0.464781
vt 0.859882 0.493952
vt 0.856904 0.523437
vt 0.850554 0.582632
vt 0.853788 0.553049
vt 0.847098 0.611975
vt 0.843272 0.640804
vt 0.838907 0.668812
vt 0.833765 0.695671
vt 0.827387 0.721042
vt 0.819160 0.744507
vt 0.855739 0.355685
vt 0.855041 0.380234
vt 0.853253 0.405921
vt 0.850829 0.432675
vt 0.848067 0.460348
vt 0.845083 0.488688
vt 0.841940 0.517426
vt 0.835323 0.575200
vt 0.838682 0.546326
vt 0.831780 0.603813
vt 0.827942 0.631861
vt 0.823693 0.658991
vt 0.818857 0.684819
vt 0.813053 0.708869
vt 0.805729 0.730569
vt 0.843535 0.356122
vt 0.842070 0.378305
vt 0.839666 0.402419
vt 0.836814 0.428142
vt 0.833747 0.455030
vt 0.830544 0.482727
vt 0.827242 0.510907
vt 0.820397 0.567645
vt 0.823860 0.539287
vt 0.816796 0.595734
vt 0.812994 0.623230
vt 0.808933 0.649763
vt 0.804530 0.674895
vt 0.799615 0.697978
vt 0.793778 0.718223
vt 0.045506 0.375598
vt 0.067924 0.786648
vt 0.054908 0.797748
vt 0.037548 0.809670
vt 0.009642 0.793814
vt 1.016729 0.820339
vt 0.992778 0.828555
vt 0.966364 0.833350
vt 0.938658 0.834053
vt 0.916081 0.800550
vt 0.885151 0.822728
vt 0.861612 0.811527
vt 0.840967 0.797650
vt 0.823257 0.782003
vt 0.808310 0.765500
vt 0.795970 0.749163
vt 0.786697 0.735027
vt 0.779793 0.723352
vt 0.782878 0.708347
vt 0.786444 0.689515
vt 0.790416 0.666579
vt 0.794380 0.641601
vt 0.798251 0.615251
vt 0.802011 0.587962
vt 0.805665 0.560097
vt 0.809231 0.531970
vt 0.812736 0.503829
vt 0.816205 0.475916
vt 0.819651 0.448546
vt 0.823076 0.422082
vt 0.826462 0.396956
vt 0.829740 0.373841
vt 0.832589 0.354824
vt 0.834987 0.339640
vt 0.843629 0.336053
vt 0.854573 0.332146
vt 0.868034 0.328305
vt 0.882824 0.325294
vt 0.898523 0.323469
vt 0.914813 0.323056
vt 0.931398 0.324182
vt 0.948000 0.326880
vt 0.964394 0.331103
vt 0.980370 0.336731
vt 0.995710 0.343564
vt 1.010207 0.351328
vt 0.023653 0.359674
vt 0.010207 0.351328
vt 0.035747 0.368128
vt 0.822810 0.345455
vt 0.805845 0.355055
vt 0.812274 0.333358
vt 0.817827 0.365859
vt 0.800536 0.379016
vt 0.813510 0.389021
vt 0.795913 0.404708
vt 0.809508 0.414178
vt 0.791671 0.431668
vt 0.805678 0.440694
vt 0.787674 0.459519
vt 0.801961 0.468138
vt 0.783831 0.487912
vt 0.798309 0.496142
vt 0.780047 0.516540
vt 0.790988 0.552622
vt 0.794669 0.524387
vt 0.787264 0.580628
vt 0.776244 0.545167
vt 0.783516 0.608122
vt 0.772433 0.573605
vt 0.779782 0.634783
vt 0.768661 0.601627
vt 0.776155 0.660263
vt 0.764993 0.628971
vt 0.772901 0.684145
vt 0.761558 0.655405
vt 0.770607 0.706164
vt 0.758691 0.680825
vt 0.793316 0.342537
vt 0.800717 0.319328
vt 0.787258 0.367595
vt 0.782096 0.394122
vt 0.777478 0.421785
vt 0.773223 0.450263
vt 0.769197 0.479245
vt 0.765274 0.508450
vt 0.761352 0.537662
vt 0.757449 0.566726
vt 0.753623 0.595468
vt 0.749949 0.623694
vt 0.746556 0.651260
vt 0.756922 0.705228
vt 0.743738 0.678196
vt 0.779963 0.329192
vt 0.787879 0.304511
vt 0.773435 0.355419
vt 0.767883 0.382904
vt 0.762978 0.411387
vt 0.758516 0.440599
vt 0.754337 0.470274
vt 0.750293 0.500162
vt 0.746270 0.530063
vt 0.742282 0.559844
vt 0.738383 0.589370
vt 0.734642 0.618503
vt 0.731162 0.647151
vt 0.741908 0.704622
vt 0.728142 0.675359
vt 0.765602 0.315823
vt 0.773681 0.289779
vt 0.758883 0.343151
vt 0.753142 0.371555
vt 0.748082 0.400836
vt 0.743495 0.430778
vt 0.739211 0.461156
vt 0.735080 0.491745
vt 0.730988 0.522350
vt 0.726939 0.552840
vt 0.722968 0.583094
vt 0.719120 0.613005
vt 0.715461 0.642513
vt 0.725862 0.703248
vt 0.712099 0.671652
vt 0.750187 0.303016
vt 0.758087 0.275768
vt 0.743552 0.331304
vt 0.737828 0.360506
vt 0.732754 0.390482
vt 0.728133 0.421068
vt 0.723807 0.452072
vt 0.719640 0.483290
vt 0.715530 0.514528
vt 0.711460 0.545637
vt 0.707440 0.576490
vt 0.703483 0.606989
vt 0.699607 0.637083
vt 0.709187 0.700532
vt 0.695843 0.666798
vt 0.733744 0.291288
vt 0.741118 0.263045
vt 0.727454 0.320345
vt 0.721944 0.350167
vt 0.716993 0.380676
vt 0.712435 0.411747
vt 0.708142 0.443222
vt 0.704005 0.474912
vt 0.699939 0.506622
vt 0.695906 0.538184
vt 0.691885 0.569452
vt 0.687849 0.600316
vt 0.683771 0.630721
vt 0.692235 0.696230
vt 0.679614 0.660677
vt 0.716349 0.281123
vt 0.722870 0.252133
vt 0.710644 0.310719
vt 0.705523 0.340945
vt 0.700824 0.371767
vt 0.696432 0.403102
vt 0.692257 0.434814
vt 0.688226 0.466734
vt 0.684277 0.498674
vt 0.680351 0.530450
vt 0.676392 0.561894
vt 0.672336 0.592881
vt 0.668111 0.623336
vt 0.675332 0.690265
vt 0.663625 0.653245
vt 0.703530 0.243460
vt 0.698148 0.272902
vt 0.693224 0.302775
vt 0.688638 0.333152
vt 0.684309 0.364034
vt 0.680180 0.395364
vt 0.676210 0.427029
vt 0.668610 0.490754
vt 0.672365 0.458882
vt 0.664864 0.522456
vt 0.661039 0.553809
vt 0.657037 0.584667
vt 0.652749 0.614930
vt 0.648035 0.644552
vt 0.642714 0.673539
vt 0.683434 0.237262
vt 0.679398 0.266758
vt 0.675390 0.296574
vt 0.671438 0.326812
vt 0.667562 0.357494
vt 0.663774 0.388570
vt 0.660081 0.419940
vt 0.652993 0.483024
vt 0.656492 0.451473
vt 0.649489 0.514406
vt 0.645866 0.545431
vt 0.642002 0.575931
vt 0.637756 0.605774
vt 0.632947 0.634872
vt 0.627345 0.663175
vt 0.663077 0.233621
vt 0.660454 0.262678
vt 0.657394 0.292046
vt 0.654102 0.321833
vt 0.650718 0.352066
vt 0.647317 0.382683
vt 0.643953 0.413572
vt 0.637473 0.475659
vt 0.640669 0.444609
vt 0.634261 0.506543
vt 0.630903 0.537059
vt 0.627265 0.567010
vt 0.623188 0.596225
vt 0.618449 0.624569
vt 0.612772 0.651933
vt 0.643034 0.232426
vt 0.641711 0.260516
vt 0.639506 0.289027
vt 0.636816 0.318054
vt 0.633904 0.347621
vt 0.630902 0.377626
vt 0.627895 0.407922
vt 0.622084 0.468819
vt 0.624948 0.438365
vt 0.619201 0.499102
vt 0.616169 0.528989
vt 0.612853 0.558249
vt 0.609091 0.586661
vt 0.604615 0.614044
vt 0.599093 0.640228
vt 0.623885 0.233303
vt 0.623541 0.259903
vt 0.621965 0.287189
vt 0.619731 0.315215
vt 0.617221 0.343969
vt 0.614596 0.373284
vt 0.611951 0.402955
vt 0.606841 0.462642
vt 0.609357 0.432794
vt 0.604314 0.492301
vt 0.601660 0.521519
vt 0.598765 0.550015
vt 0.595474 0.577515
vt 0.591477 0.603779
vt 0.586381 0.628561
vt 0.606177 0.235467
vt 0.606199 0.260050
vt 0.604885 0.285885
vt 0.602919 0.312867
vt 0.600715 0.340823
vt 0.598428 0.369495
vt 0.596137 0.398609
vt 0.591734 0.457245
vt 0.593898 0.427923
vt 0.589575 0.486357
vt 0.587335 0.514974
vt 0.584932 0.542772
vt 0.582239 0.569410
vt 0.578967 0.594515
vt 0.574697 0.617690
vt 0.590180 0.237584
vt 0.589750 0.259925
vt 0.588250 0.284364
vt 0.586360 0.310503
vt 0.584371 0.337863
vt 0.582379 0.366073
vt 0.580426 0.394802
vt 0.576723 0.452731
vt 0.578539 0.423763
vt 0.574935 0.481470
vt 0.573126 0.509675
vt 0.571252 0.536989
vt 0.569245 0.563003
vt 0.566943 0.587126
vt 0.563959 0.608717
vt 0.828734 0.328363
vt 0.769822 0.726195
vt 0.757176 0.728856
vt 0.741649 0.730712
vt 0.724700 0.730993
vt 0.706937 0.729335
vt 0.688844 0.725558
vt 0.670856 0.719642
vt 0.658757 0.682661
vt 0.636538 0.701944
vt 0.620643 0.690657
vt 0.605799 0.678205
vt 0.592119 0.665016
vt 0.579702 0.651575
vt 0.568728 0.638513
vt 0.559988 0.627322
vt 0.553179 0.618124
vt 0.554045 0.602422
vt 0.555089 0.582791
vt 0.556313 0.558973
vt 0.557605 0.533123
vt 0.558941 0.505930
vt 0.560317 0.477832
vt 0.561738 0.449189
vt 0.563211 0.420314
vt 0.564752 0.391445
vt 0.566379 0.362823
vt 0.568107 0.334760
vt 0.569948 0.307618
vt 0.571903 0.281836
vt 0.573940 0.258100
vt 0.575840 0.238555
vt 0.577542 0.222937
vt 0.588843 0.217595
vt 0.603553 0.212094
vt 0.622123 0.207313
vt 0.642882 0.204621
vt 0.664951 0.204700
vt 0.687460 0.207910
vt 0.709560 0.214308
vt 0.730557 0.223684
vt 0.750020 0.235649
vt 0.767733 0.249705
vt 0.783615 0.265274
vt 0.797686 0.281735
vt 0.810003 0.298439
vt 0.820550 0.314589
vt 0.562165 0.231913
vt 0.541901 0.247125
vt 0.546823 0.223505
vt 0.558235 0.253557
vt 0.538786 0.272619
vt 0.555547 0.277764
vt 0.536709 0.299592
vt 0.553482 0.303874
vt 0.535187 0.327692
vt 0.551774 0.331295
vt 0.534013 0.356591
vt 0.550304 0.359613
vt 0.533060 0.385974
vt 0.549003 0.388476
vt 0.532229 0.415570
vt 0.546678 0.446684
vt 0.547809 0.417577
vt 0.545623 0.475572
vt 0.531453 0.445169
vt 0.544672 0.503948
vt 0.530768 0.474574
vt 0.543861 0.531475
vt 0.530236 0.503529
vt 0.543258 0.557770
vt 0.529923 0.531741
vt 0.543058 0.582316
vt 0.529946 0.558917
vt 0.543689 0.604632
vt 0.530593 0.584801
vt 0.524359 0.240158
vt 0.529387 0.214430
vt 0.521303 0.267184
vt 0.519430 0.295298
vt 0.518216 0.324314
vt 0.517409 0.353989
vt 0.516847 0.384068
vt 0.516405 0.414326
vt 0.516006 0.444586
vt 0.515703 0.474677
vt 0.515580 0.504385
vt 0.515729 0.533472
vt 0.516282 0.561719
vt 0.532287 0.609163
vt 0.517524 0.589005
vt 0.505390 0.233782
vt 0.509642 0.206186
vt 0.502918 0.262276
vt 0.501539 0.291567
vt 0.500800 0.321551
vt 0.500454 0.352058
vt 0.500335 0.382898
vt 0.500315 0.413890
vt 0.500318 0.444883
vt 0.500408 0.475723
vt 0.500681 0.506231
vt 0.501237 0.536219
vt 0.502208 0.565525
vt 0.519823 0.615237
vt 0.503821 0.594065
vt 0.485044 0.228998
vt 0.487812 0.199913
vt 0.483628 0.258686
vt 0.483042 0.288966
vt 0.482955 0.319790
vt 0.483168 0.351051
vt 0.483543 0.382607
vt 0.483975 0.414306
vt 0.484404 0.446005
vt 0.484895 0.477553
vt 0.485542 0.508788
vt 0.486442 0.539559
vt 0.487712 0.569746
vt 0.506367 0.621793
vt 0.489522 0.599290
vt 0.463661 0.226464
vt 0.464398 0.196402
vt 0.463656 0.256948
vt 0.464094 0.287909
vt 0.464791 0.319345
vt 0.465632 0.351187
vt 0.466535 0.383320
vt 0.467437 0.415605
vt 0.468307 0.447890
vt 0.469203 0.480017
vt 0.470204 0.511828
vt 0.471392 0.543194
vt 0.472860 0.574024
vt 0.492093 0.628180
vt 0.474731 0.604288
vt 0.441762 0.226614
vt 0.440180 0.196172
vt 0.443355 0.257434
vt 0.444931 0.288716
vt 0.446474 0.320473
vt 0.447970 0.352650
vt 0.449409 0.385139
vt 0.450783 0.417797
vt 0.452094 0.450458
vt 0.453390 0.482953
vt 0.454725 0.515126
vt 0.456156 0.546855
vt 0.457749 0.578072
vt 0.477164 0.634011
vt 0.459580 0.608768
vt 0.419953 0.229682
vt 0.416081 0.199450
vt 0.423131 0.260383
vt 0.425836 0.291612
vt 0.428207 0.323364
vt 0.430336 0.355576
vt 0.432289 0.388128
vt 0.434113 0.420864
vt 0.435847 0.453610
vt 0.437522 0.486191
vt 0.439166 0.518453
vt 0.440807 0.550283
vt 0.442473 0.581621
vt 0.461749 0.639001
vt 0.444197 0.612474
vt 0.392953 0.206134
vt 0.398805 0.235654
vt 0.403378 0.265833
vt 0.407086 0.296659
vt 0.410197 0.328080
vt 0.412892 0.360002
vt 0.415303 0.392284
vt 0.419650 0.457252
vt 0.417533 0.424761
vt 0.421670 0.489596
vt 0.423592 0.521645
vt 0.425412 0.553295
vt 0.427121 0.584488
vt 0.428705 0.615238
vt 0.430141 0.645628
vt 0.371431 0.215778
vt 0.378759 0.244159
vt 0.384406 0.273462
vt 0.388904 0.303574
vt 0.392610 0.334381
vt 0.395771 0.365737
vt 0.398567 0.397476
vt 0.403590 0.461371
vt 0.401141 0.429413
vt 0.405911 0.493204
vt 0.408078 0.524776
vt 0.410056 0.555980
vt 0.411799 0.586756
vt 0.413241 0.617113
vt 0.414288 0.647127
vt 0.351898 0.227732
vt 0.360109 0.254647
vt 0.366428 0.282790
vt 0.371441 0.311943
vt 0.375564 0.341918
vt 0.379071 0.372513
vt 0.382168 0.403518
vt 0.387744 0.465966
vt 0.385022 0.434729
vt 0.390321 0.497094
vt 0.392705 0.527982
vt 0.394835 0.558507
vt 0.396634 0.588591
vt 0.397973 0.618235
vt 0.398680 0.647508
vt 0.334492 0.241246
vt 0.342993 0.266487
vt 0.349553 0.293280
vt 0.354779 0.321311
vt 0.359118 0.350319
vt 0.362845 0.380039
vt 0.366160 0.410214
vt 0.372172 0.471030
vt 0.369230 0.440607
vt 0.374965 0.501346
vt 0.377547 0.531407
vt 0.379847 0.561059
vt 0.381758 0.590187
vt 0.383081 0.618790
vt 0.383551 0.646930
vt 0.319160 0.255493
vt 0.327387 0.278958
vt 0.333765 0.304329
vt 0.338907 0.331188
vt 0.343272 0.359196
vt 0.347098 0.388025
vt 0.350554 0.417368
vt 0.356904 0.476563
vt 0.353788 0.446951
vt 0.359882 0.506048
vt 0.362662 0.535219
vt 0.365169 0.563869
vt 0.367282 0.591830
vt 0.368730 0.619084
vt 0.369144 0.645677
vt 0.305729 0.269431
vt 0.313053 0.291131
vt 0.318857 0.315181
vt 0.323693 0.341008
vt 0.327942 0.368139
vt 0.331780 0.396187
vt 0.335323 0.424800
vt 0.341940 0.482574
vt 0.338682 0.453674
vt 0.345083 0.511312
vt 0.348067 0.539652
vt 0.350829 0.567324
vt 0.353253 0.594079
vt 0.355041 0.619766
vt 0.355739 0.644315
vt 0.293778 0.281777
vt 0.299615 0.302022
vt 0.304529 0.325105
vt 0.308933 0.350237
vt 0.312994 0.376770
vt 0.316796 0.404266
vt 0.320396 0.432355
vt 0.327242 0.489093
vt 0.323860 0.460713
vt 0.330544 0.517273
vt 0.333747 0.544970
vt 0.336814 0.571858
vt 0.339666 0.597581
vt 0.342070 0.621695
vt 0.343535 0.643878
vt 0.567924 0.213351
vt 0.545506 0.624402
vt 0.535747 0.631872
vt 0.523653 0.640326
vt 0.510207 0.648672
vt 0.495710 0.656435
vt 0.480370 0.663268
vt 0.464394 0.668897
vt 0.446021 0.642922
vt 0.431398 0.675818
vt 0.414813 0.676944
vt 0.398523 0.676531
vt 0.382824 0.674706
vt 0.368034 0.671695
vt 0.354573 0.667853
vt 0.343629 0.663947
vt 0.286697 0.264973
vt 0.295970 0.250837
vt 0.308310 0.234499
vt 0.323257 0.217997
vt 0.340967 0.202350
vt 0.361612 0.188473
vt 0.385151 0.177271
vt 0.411139 0.169566
vt 0.438658 0.165947
vt 0.466364 0.166650
vt 0.492778 0.171445
vt 0.516729 0.179661
vt 0.537548 0.190329
vt 0.554908 0.202252
vt 0.051881 0.359410
vt 0.049872 0.327356
vt 0.060419 0.343333
vt 0.041644 0.347120
vt 0.037355 0.312981
vt 0.029475 0.335797
vt 0.023083 0.300080
vt 0.015728 0.325316
vt 0.007262 0.288687
vt 1.000699 0.315889
vt 0.990086 0.279087
vt 1.007262 0.288687
vt 0.984607 0.307812
vt 0.971814 0.271574
vt 0.967689 0.301359
vt 0.952770 0.266336
vt 0.932442 0.293960
vt 0.950213 0.296707
vt 0.914665 0.293224
vt 0.933297 0.263482
vt 0.897235 0.294525
vt 0.913783 0.263179
vt 0.880520 0.297764
vt 0.894690 0.265499
vt 0.864893 0.302768
vt 0.876492 0.270349
vt 0.850785 0.309436
vt 0.859614 0.277567
vt 0.838642 0.317969
vt 0.844439 0.287182
vt 0.060163 0.308378
vt 0.070983 0.327442
vt 0.047289 0.291100
vt 0.032418 0.275590
vt 0.015638 0.261941
vt 0.997086 0.250504
vt 1.015638 0.261941
vt 0.977021 0.241646
vt 0.955834 0.235624
vt 0.934000 0.232597
vt 0.912079 0.232795
vt 0.890725 0.236306
vt 0.870574 0.243000
vt 0.852133 0.252626
vt 0.831310 0.299336
vt 0.835754 0.265094
vt 0.072386 0.290159
vt 0.083277 0.311781
vt 0.059318 0.270156
vt 0.043947 0.251928
vt 0.026184 0.235759
vt 1.006036 0.222136
vt 1.026184 0.235759
vt 0.983706 0.211580
vt 0.959657 0.204513
vt 0.934583 0.201228
vt 0.909371 0.202026
vt 0.885032 0.206959
vt 0.862462 0.215767
vt 0.842263 0.228002
vt 0.821667 0.280354
vt 0.824720 0.243277
vt 0.086471 0.272843
vt 0.097127 0.296716
vt 0.073533 0.250289
vt 0.057965 0.229327
vt 0.039409 0.210413
vt 0.017594 0.194215
vt 0.992518 0.181510
vt 1.017594 0.194215
vt 0.964662 0.173039
vt 0.935082 0.169373
vt 0.905318 0.170912
vt 0.877065 0.177586
vt 0.851631 0.188848
vt 0.829653 0.203909
vt 0.809891 0.261264
vt 0.811188 0.222026
vt 0.102425 0.256849
vt 0.112457 0.282689
vt 0.090094 0.231940
vt 0.074872 0.208277
vt 0.056028 0.186411
vt 0.032777 0.167191
vt 1.004567 0.151743
vt 1.032777 0.167191
vt 0.971627 0.141339
vt 0.935549 0.137090
vt 0.899238 0.139591
vt 0.865806 0.148502
vt 0.837154 0.162711
vt 0.813663 0.180893
vt 0.795971 0.242610
vt 0.794801 0.201923
vt 0.120215 0.242658
vt 0.129172 0.270145
vt 0.109118 0.215662
vt 0.095077 0.189427
vt 0.076940 0.164498
vt 0.053130 0.141814
vt 0.021851 0.122861
vt 0.982143 0.109699
vt 1.021852 0.122861
vt 0.936075 0.104492
vt 0.889707 0.108325
vt 0.849393 0.120256
vt 0.817588 0.138094
vt 0.793454 0.159731
vt 0.779750 0.225015
vt 0.775164 0.183704
vt 0.139714 0.230707
vt 0.147112 0.259467
vt 0.130587 0.202008
vt 0.118858 0.173530
vt 0.103088 0.145682
vt 0.080839 0.119295
vt 0.048121 0.095976
vt 1.000000 0.078693
vt 1.048121 0.095976
vt 0.936889 0.071730
vt 0.873291 0.077601
vt 0.824290 0.093845
vt 0.790867 0.116112
vt 0.768127 0.141406
vt 0.761086 0.209153
vt 0.751996 0.168173
vt 0.166064 0.250971
vt 0.160685 0.221390
vt 0.154290 0.191532
vt 0.146175 0.161428
vt 0.135058 0.131276
vt 0.118340 0.101549
vt 0.000000 0.078693
vt 0.090096 0.073373
vt 0.938768 0.038973
vt 1.036178 0.049803
vt 0.839700 0.048672
vt 0.783907 0.071312
vt 0.754554 0.098509
vt 0.737071 0.127151
vt 0.725312 0.156186
vt 0.716584 0.185257
vt 0.185715 0.244977
vt 0.182737 0.215173
vt 0.179721 0.184910
vt 0.176384 0.154141
vt 0.172216 0.122899
vt 0.166123 0.091308
vt 0.036178 0.049803
vt 0.155003 0.059626
vt 0.948645 0.006411
vt 1.125170 0.028620
vt 0.752982 0.026644
vt 0.720096 0.057031
vt 0.707782 0.087910
vt 0.700783 0.118517
vt 0.695738 0.148695
vt 0.691476 0.178455
vt 0.205590 0.241709
vt 0.205216 0.212411
vt 0.205902 0.182667
vt 0.207877 0.152444
vt 0.211672 0.121798
vt 0.218635 0.090910
vt 0.125170 0.028620
vt 0.232629 0.060153
vt 1.425320 0.011127
vt 1.269385 0.030657
vt 0.600763 0.027855
vt 0.425320 0.011127
vt 0.641412 0.056694
vt 0.655606 0.086746
vt 0.661994 0.116738
vt 0.664865 0.146396
vt 0.665655 0.175687
vt 0.225102 0.241208
vt 0.227281 0.213207
vt 0.231525 0.184953
vt 0.238407 0.156503
vt 0.249077 0.128084
vt 0.266033 0.100279
vt 0.269385 0.030657
vt 0.294680 0.074306
vt 0.432294 0.042959
vt 0.346324 0.053025
vt 0.522201 0.050351
vt 0.577980 0.070188
vt 0.608074 0.095166
vt 0.625051 0.121962
vt 0.634932 0.149373
vt 0.640439 0.176962
vt 0.243618 0.243357
vt 0.248078 0.217454
vt 0.255326 0.191565
vt 0.265961 0.165846
vt 0.281084 0.140688
vt 0.302735 0.116988
vt 0.334024 0.096281
vt 0.434419 0.074325
vt 0.378229 0.080999
vt 0.492043 0.078359
vt 0.538665 0.091682
vt 0.571448 0.110880
vt 0.593481 0.133182
vt 0.607993 0.157100
vt 0.617121 0.181902
vt 0.260447 0.248022
vt 0.266846 0.225104
vt 0.276368 0.202243
vt 0.289392 0.179721
vt 0.306628 0.158091
vt 0.329231 0.138344
vt 0.358408 0.121855
vt 0.435889 0.105215
vt 0.394551 0.110279
vt 0.477892 0.107578
vt 0.515376 0.116829
vt 0.545632 0.131273
vt 0.568639 0.149055
vt 0.585372 0.168875
vt 0.596822 0.189933
vt 0.274939 0.255289
vt 0.282967 0.236121
vt 0.294098 0.216649
vt 0.308408 0.197324
vt 0.326236 0.178952
vt 0.348091 0.162506
vt 0.374271 0.149104
vt 0.437246 0.135704
vt 0.404433 0.139869
vt 0.470400 0.137069
vt 0.501305 0.143672
vt 0.528157 0.154531
vt 0.550281 0.168373
vt 0.567633 0.183997
vt 0.580341 0.200623
vt 1.015728 0.325316
vt 0.739967 0.195692
vt 0.774939 0.744711
vt 0.766846 0.774896
vt 0.760447 0.751978
vt 0.782967 0.763879
vt 0.776368 0.797757
vt 0.794098 0.783351
vt 0.789392 0.820279
vt 0.808408 0.802676
vt 0.806628 0.841909
vt 0.826236 0.821048
vt 0.829231 0.861656
vt 0.848091 0.837494
vt 0.858408 0.878145
vt 0.874271 0.850896
vt 0.894551 0.889721
vt 0.937246 0.864296
vt 0.904433 0.860131
vt 0.970400 0.862931
vt 0.935889 0.894785
vt 1.001305 0.856328
vt 0.977892 0.892422
vt 0.028157 0.845469
vt 0.015376 0.883170
vt 0.001305 0.856328
vt 0.050281 0.831627
vt 0.045632 0.868727
vt 0.067633 0.816002
vt 0.068639 0.850944
vt 0.080341 0.799377
vt 0.085372 0.831125
vt 0.748078 0.782546
vt 0.743618 0.756643
vt 0.755326 0.808434
vt 0.765961 0.834154
vt 0.781084 0.859312
vt 0.802735 0.883011
vt 0.834024 0.903719
vt 0.878229 0.919001
vt 0.934419 0.925675
vt 1.015376 0.883170
vt 0.992043 0.921641
vt 0.038665 0.908318
vt 0.071448 0.889120
vt 0.093481 0.866818
vt 0.096822 0.810066
vt 0.107993 0.842900
vt 0.727281 0.786793
vt 0.725102 0.758792
vt 0.731525 0.815047
vt 0.738407 0.843497
vt 0.749077 0.871916
vt 0.766033 0.899721
vt 0.794680 0.925694
vt 0.846324 0.946975
vt 0.932294 0.957040
vt 1.038665 0.908318
vt 1.022201 0.949649
vt 0.077980 0.929811
vt 0.108074 0.904834
vt 0.125051 0.878038
vt 0.117121 0.818098
vt 0.134932 0.850626
vt 0.705216 0.787589
vt 0.705590 0.758291
vt 0.705902 0.817333
vt 0.707877 0.847556
vt 0.711672 0.878202
vt 0.718635 0.909090
vt 0.732629 0.939847
vt 0.769385 0.969343
vt 0.925321 0.988873
vt 0.100763 0.972145
vt 0.022201 0.949649
vt 0.141412 0.943306
vt 0.155606 0.913254
vt 0.161994 0.883262
vt 0.140439 0.823038
vt 0.164864 0.853604
vt 0.682737 0.784827
vt 0.685715 0.755023
vt 0.679721 0.815090
vt 0.676384 0.845859
vt 0.672216 0.877101
vt 0.666123 0.908692
vt 0.655003 0.940374
vt 0.625170 0.971380
vt 1.100763 0.972145
vt 0.448645 0.993589
vt 0.252981 0.973355
vt 0.220096 0.942969
vt 0.207782 0.912090
vt 0.200783 0.881483
vt 0.165655 0.824313
vt 0.195738 0.851305
vt 0.660685 0.778610
vt 0.666064 0.749029
vt 0.654290 0.808468
vt 0.646175 0.838572
vt 0.635058 0.868724
vt 0.618340 0.898451
vt 0.590096 0.926627
vt 0.536177 0.950197
vt 0.438767 0.961027
vt 0.339700 0.951328
vt 0.283907 0.928688
vt 0.254554 0.901491
vt 0.237071 0.872849
vt 0.191476 0.821545
vt 0.225312 0.843814
vt 0.639714 0.769293
vt 0.647112 0.740533
vt 0.630587 0.797992
vt 0.618858 0.826470
vt 0.603088 0.854318
vt 0.580839 0.880705
vt 0.548121 0.904024
vt 0.500000 0.921307
vt 0.436889 0.928270
vt 0.373291 0.922399
vt 0.324290 0.906155
vt 0.290866 0.883888
vt 0.268127 0.858594
vt 0.216584 0.814743
vt 0.251996 0.831826
vt 0.629172 0.729855
vt 0.620216 0.757342
vt 0.609118 0.784338
vt 0.595077 0.810573
vt 0.576940 0.835502
vt 0.553130 0.858186
vt 0.521851 0.877139
vt 0.436075 0.895508
vt 0.482143 0.890301
vt 0.389707 0.891675
vt 0.349393 0.879744
vt 0.317588 0.861906
vt 0.293454 0.840269
vt 0.275164 0.816296
vt 0.261086 0.790847
vt 0.612457 0.717311
vt 0.602425 0.743151
vt 0.590094 0.768060
vt 0.574872 0.791723
vt 0.556028 0.813589
vt 0.532777 0.832809
vt 0.504567 0.848257
vt 0.435549 0.862910
vt 0.471627 0.858661
vt 0.399238 0.860409
vt 0.365806 0.851498
vt 0.337154 0.837288
vt 0.313663 0.819107
vt 0.294801 0.798077
vt 0.279750 0.774985
vt 0.597127 0.703284
vt 0.586471 0.727157
vt 0.573533 0.749711
vt 0.557965 0.770673
vt 0.539409 0.789587
vt 0.517594 0.805785
vt 0.492518 0.818490
vt 0.435082 0.830627
vt 0.464662 0.826961
vt 0.405317 0.829088
vt 0.377065 0.822414
vt 0.351631 0.811152
vt 0.329653 0.796091
vt 0.311188 0.777974
vt 0.295971 0.757390
vt 0.583277 0.688219
vt 0.572386 0.709841
vt 0.559318 0.729844
vt 0.543947 0.748072
vt 0.526184 0.764241
vt 0.506036 0.777864
vt 0.483706 0.788420
vt 0.434583 0.798772
vt 0.459657 0.795487
vt 0.409371 0.797974
vt 0.385032 0.793041
vt 0.362462 0.784233
vt 0.342263 0.771998
vt 0.324720 0.756723
vt 0.309891 0.738736
vt 0.570983 0.672558
vt 0.560163 0.691622
vt 0.547289 0.708900
vt 0.532418 0.724410
vt 0.515638 0.738059
vt 0.497086 0.749496
vt 0.477021 0.758354
vt 0.434000 0.767403
vt 0.455834 0.764376
vt 0.412079 0.767205
vt 0.390725 0.763694
vt 0.370574 0.757000
vt 0.352133 0.747374
vt 0.335754 0.734906
vt 0.321667 0.719646
vt 0.560419 0.656667
vt 0.549872 0.672644
vt 0.537355 0.687019
vt 0.523083 0.699920
vt 0.507262 0.711313
vt 0.490086 0.720913
vt 0.471814 0.728426
vt 0.433297 0.736518
vt 0.452770 0.733664
vt 0.413783 0.736821
vt 0.394690 0.734501
vt 0.376492 0.729651
vt 0.359614 0.722433
vt 0.344439 0.712818
vt 0.331309 0.700664
vt 0.551881 0.640590
vt 0.541644 0.652880
vt 0.529475 0.664203
vt 0.515728 0.674684
vt 0.500699 0.684111
vt 0.484607 0.692188
vt 0.467689 0.698641
vt 0.432442 0.706040
vt 0.450213 0.703293
vt 0.414665 0.706776
vt 0.397235 0.705475
vt 0.380520 0.702236
vt 0.364893 0.697232
vt 0.350784 0.690564
vt 0.338642 0.682031
vt 0.911140 0.830434
vt 0.016729 0.820339
vt 0.239967 0.804308
vt 0.448000 0.673120
vt 0.653337 0.711701
vt 0.230557 0.776316
vt 0.000699 0.315889
vt 0.006036 0.222136
vt 0.004567 0.151743
vt 1.077980 0.929811
vt 1.028157 0.845469
s 1
usemtl planet_material
f 197/15/195 213/16/211 212/17/210
f 198/18/196 214/19/212 213/16/211
f 199/20/197 215/21/213 214/19/212
f 200/22/198 216/23/214 215/21/213
f 201/24/199 217/25/215 216/23/214
f 202/26/200 218/27/216 217/25/215
f 203/28/201 219/29/217 218/27/216
f 205/30/203 219/29/217 204/31/202
f 206/32/204 220/33/218 205/30/203
f 207/34/205 221/35/219 206/32/204
f 208/36/206 222/37/220 207/34/205
f 209/38/207 223/39/221 208/36/206
f 210/40/208 224/41/222 209/38/207
f 211/42/209 225/43/223 210/40/208
f 212/17/210 228/44/226 227/45/225
f 213/16/211 229/46/227 228/44/226
f 214/19/212 230/47/228 229/46/227
f 215/21/213 231/48/229 230/47/228
f 216/23/214 232/49/230 231/48/229
f 217/25/215 233/50/231 232/49/230
f 218/27/216 234/51/232 233/50/231
f 220/33/218 234/51/232 219/29/217
f 221/35/219 235/52/233 220/33/218
f 222/37/220 236/53/234 221/35/219
f 223/39/221 237/54/235 222/37/220
f 224/41/222 238/55/236 223/39/221
f 225/43/223 239/56/237 224/41/222
f 226/57/224 240/58/238 225/43/223
f 227/45/225 243/59/241 242/60/240
f 228/44/226 244/61/242 243/59/241
f 229/46/227 245/62/243 244/61/242
f 230/47/228 246/63/244 245/62/243
f 231/48/229 247/64/245 246/63/244
f 232/49/230 248/65/246 247/64/245
f 233/50/231 249/66/247 248/65/246
f 235/52/233 249/66/247 234/51/232
f 236/53/234 250/67/248 235/52/233
f 237/54/235 251/68/249 236/53/234
f 238/55/236 252/69/250 237/54/235
f 239/56/237 253/70/251 238/55/236
f 240/58/238 254/71/252 239/56/237
f 241/72/239 255/73/253 240/58/238
f 242/60/240 258/74/256 257/75/255
f 243/59/241 259/76/257 258/74/256
f 244/61/242 260/77/258 259/76/257
f 245/62/243 261/78/259 260/77/258
f 246/63/244 262/79/260 261/78/259
f 247/64/245 263/80/261 262/79/260
f 248/65/246 264/81/262 263/80/261
f 250/67/248 264/81/262 249/66/247
f 251/68/249 265/82/263 250/67/248
f 252/69/250 266/83/264 251/68/249
f 253/70/251 267/84/265 252/69/250
f 254/71/252 268/85/266 253/70/251
f 255/73/253 269/86/267 254/71/252
f 256/87/254 270/88/268 255/73/253
f 257/75/255 273/89/271 272/90/270
f 258/74/256 274/91/272 273/89/271
f 259/76/257 275/92/273 274/91/272
f 260/77/258 276/93/274 275/92/273
f 261/78/259 277/94/275 276/93/274
f 262/79/260 278/95/276 277/94/275
f 263/80/261 279/96/277 278/95/276
f 265/82/263 279/96/277 264/81/262
f 266/83/264 280/97/278 265/82/263
f 267/84/265 281/98/279 266/83/264
f 268/85/266 282/99/280 267/84/265
f 269/86/267 283/100/281 268/85/266
f 270/88/268 284/101/282 269/86/267
f 271/102/269 285/103/283 270/88/268
f 272/90/270 288/104/286 287/105/285
f 273/89/271 289/106/287 288/104/286
f 274/91/272 290/107/288 289/106/287
f 275/92/273 291/108/289 290/107/288
f 276/93/274 292/109/290 291/108/289
f 277/94/275 293/110/291 292/109/290
f 278/95/276 294/111/292 293/110/291
f 280/97/278 294/111/292 279/96/277
f 281/98/279 295/112/293 280/97/278
f 282/99/280 296/113/294 281/98/279
f 283/100/281 297/114/295 282/99/280
f 284/101/282 298/115/296 283/100/281
f 285/103/283 299/116/297 284/101/282
f 286/117/284 300/118/298 285/103/283
f 287/105/285 303/119/301 302/120/300
f 288/104/286 304/121/302 303/119/301
f 289/106/287 305/122/303 304/121/302
f 290/107/288 306/123/304 305/122/303
f 291/108/289 307/124/305 306/123/304
f 292/109/290 308/125/306 307/124/305
f 293/110/291 309/126/307 308/125/306
f 295/112/293 309/126/307 294/111/292
f 296/113/294 310/127/308 295/112/293
f 297/114/295 311/128/309 296/113/294
f 298/115/296 312/129/310 297/114/295
f 299/116/297 313/130/311 298/115/296
f 300/118/298 314/131/312 299/116/297
f 301/132/299 315/133/313 300/118/298
f 303/119/301 317/134/315 302/120/300
f 304/121/302 318/135/316 303/119/301
f 305/122/303 319/136/317 304/121/302
f 306/123/304 320/137/318 305/122/303
f 307/124/305 321/138/319 306/123/304
f 308/125/306 322/139/320 307/124/305
f 309/126/307 323/140/321 308/125/306
f 309/126/307 325/141/323 324/142/322
f 310/127/308 326/143/324 325/141/323
f 311/128/309 327/144/325 326/143/324
f 312/129/310 328/145/326 327/144/325
f 313/130/311 329/146/327 328/145/326
f 314/131/312 330/147/328 329/146/327
f 315/133/313 331/148/329 330/147/328
f 318/135/316 332/149/330 317/134/315
f 319/136/317 333/150/331 318/135/316
f 320/137/318 334/151/332 319/136/317
f 321/138/319 335/152/333 320/137/318
f 322/139/320 336/153/334 321/138/319
f 323/140/321 337/154/335 322/139/320
f 324/142/322 338/155/336 323/140/321
f 324/142/322 340/156/338 339/157/337
f 325/141/323 341/158/339 340/156/338
f 326/143/324 342/159/340 341/158/339
f 327/144/325 343/160/341 342/159/340
f 328/145/326 344/161/342 343/160/341
f 329/146/327 345/162/343 344/161/342
f 330/147/328 346/163/344 345/162/343
f 333/150/331 347/164/345 332/149/330
f 334/151/332 348/165/346 333/150/331
f 335/152/333 349/166/347 334/151/332
f 336/153/334 350/167/348 335/152/333
f 337/154/335 351/168/349 336/153/334
f 338/155/336 352/169/350 337/154/335
f 339/157/337 353/170/351 338/155/336
f 339/157/337 355/171/353 354/172/352
f 340/156/338 356/173/354 355/171/353
f 341/158/339 357/174/355 356/173/354
f 342/159/340 358/175/356 357/174/355
f 343/160/341 359/176/357 358/175/356
f 344/161/342 360/177/358 359/176/357
f 345/162/343 361/178/359 360/177/358
f 348/165/346 362/179/360 347/164/345
f 349/166/347 363/180/361 348/165/346
f 350/167/348 364/181/362 349/166/347
f 351/168/349 365/182/363 350/167/348
f 352/169/350 366/183/364 351/168/349
f 353/170/351 367/184/365 352/169/350
f 354/172/352 368/185/366 353/170/351
f 354/172/352 370/186/368 369/187/367
f 355/171/353 371/188/369 370/186/368
f 356/173/354 372/189/370 371/188/369
f 357/174/355 373/190/371 372/189/370
f 358/175/356 374/191/372 373/190/371
f 359/176/357 375/192/373 374/191/372
f 360/177/358 376/193/374 375/192/373
f 363/180/361 377/194/375 362/179/360
f 364/181/362 378/195/376 363/180/361
f 365/182/363 379/196/377 364/181/362
f 366/183/364 380/197/378 365/182/363
f 367/184/365 381/198/379 366/183/364
f 368/185/366 382/199/380 367/184/365
f 369/187/367 383/200/381 368/185/366
f 369/187/367 385/201/383 384/202/382
f 370/186/368 386/203/384 385/201/383
f 371/188/369 387/204/385 386/203/384
f 372/189/370 388/205/386 387/204/385
f 373/190/371 389/206/387 388/205/386
f 374/191/372 390/207/388 389/206/387
f 375/192/373 391/208/389 390/207/388
f 378/195/376 392/209/390 377/194/375
f 379/196/377 393/210/391 378/195/376
f 380/197/378 394/211/392 379/196/377
f 381/198/379 395/212/393 380/197/378
f 382/199/380 396/213/394 381/198/379
f 383/200/381 397/214/395 382/199/380
f 384/202/382 398/215/396 383/200/381
f 384/202/382 400/216/398 399/217/397
f 385/201/383 401/218/399 400/216/398
f 386/203/384 402/219/400 401/218/399
f 387/204/385 403/220/401 402/219/400
f 388/205/386 404/221/402 403/220/401
f 389/206/387 405/222/403 404/221/402
f 390/207/388 406/223/404 405/222/403
f 393/210/391 407/224/405 392/209/390
f 394/211/392 408/225/406 393/210/391
f 395/212/393 409/226/407 394/211/392
f 396/213/394 410/227/408 395/212/393
f 397/214/395 411/228/409 396/213/394
f 398/215/396 412/229/410 397/214/395
f 399/217/397 413/230/411 398/215/396
f 399/217/397 415/231/413 414/232/412
f 400/216/398 416/233/414 415/231/413
f 401/218/399 417/234/415 416/233/414
f 402/219/400 418/235/416 417/234/415
f 403/220/401 419/236/417 418/235/416
f 404/221/402 420/237/418 419/236/417
f 405/222/403 421/238/419 420/237/418
f 9/239/7 197/15/195 31/240/29
f 32/241/30 198/18/196 197/15/195
f 33/242/31 199/20/197 198/18/196
f 34/243/32 200/22/198 199/20/197
f 35/244/33 201/24/199 200/22/198
f 36/245/34 202/26/200 201/24/199
f 37/246/35 203/28/201 202/26/200
f 38/247/36 204/31/202 203/28/201
f 40/248/38 204/31/202 39/249/37
f 41/250/39 205/30/203 40/248/38
f 42/251/40 206/32/204 41/250/39
f 43/252/41 207/34/205 42/251/40
f 44/253/42 208/36/206 43/252/41
f 45/254/43 209/38/207 44/253/42
f 46/255/44 210/40/208 45/254/43
f 10/256/8 211/42/209 46/255/44
f 47/257/45 226/57/224 211/42/209
f 48/258/46 241/72/239 226/57/224
f 49/259/47 256/87/254 241/72/239
f 50/260/48 271/102/269 256/87/254
f 51/261/49 286/117/284 271/102/269
f 52/262/50 301/132/299 286/117/284
f 53/263/51 316/264/314 301/132/299
f 316/264/314 55/265/53 331/148/329
f 331/148/329 56/266/54 346/163/344
f 346/163/344 57/267/55 361/178/359
f 361/178/359 58/268/56 376/193/374
f 376/193/374 59/269/57 391/208/389
f 391/208/389 60/270/58 406/223/404
f 406/223/404 61/271/59 421/238/419
f 421/238/419 12/272/10 62/273/60
f 420/237/418 62/273/60 63/274/61
f 419/236/417 63/274/61 64/275/62
f 418/235/416 64/275/62 65/276/63
f 417/234/415 65/276/63 66/277/64
f 416/233/414 66/277/64 67/278/65
f 415/231/413 67/278/65 68/279/66
f 414/232/412 68/279/66 69/280/67
f 414/232/412 70/281/68 413/230/411
f 413/230/411 71/282/69 412/229/410
f 412/229/410 72/283/70 411/228/409
f 411/228/409 73/284/71 410/227/408
f 410/227/408 74/285/72 409/226/407
f 409/226/407 75/286/73 408/225/406
f 408/225/406 76/287/74 407/224/405
f 407/224/405 11/288/9 17/289/15
f 392/209/390 17/289/15 18/290/16
f 377/194/375 18/290/16 19/291/17
f 362/179/360 19/291/17 20/292/18
f 347/164/345 20/292/18 21/293/19
f 332/149/330 21/293/19 22/294/20
f 317/134/315 22/294/20 23/295/21
f 302/120/300 23/295/21 24/296/22
f 25/297/23 302/120/300 24/296/22
f 26/298/24 287/105/285 25/297/23
f 27/299/25 272/90/270 26/298/24
f 28/300/26 257/75/255 27/299/25
f 29/301/27 242/60/240 28/300/26
f 30/302/28 227/45/225 29/301/27
f 31/240/29 212/17/210 30/302/28
f 422/303/420 438/304/436 437/305/435
f 423/306/421 439/307/437 438/304/436
f 424/308/422 440/309/438 439/307/437
f 425/310/423 441/311/439 440/309/438
f 426/312/424 442/313/440 441/311/439
f 427/314/425 443/315/441 442/313/440
f 428/316/426 444/317/442 443/315/441
f 430/318/428 444/317/442 429/319/427
f 431/320/429 445/321/443 430/318/428
f 432/322/430 446/323/444 431/320/429
f 433/324/431 447/325/445 432/322/430
f 434/326/432 448/327/446 433/324/431
f 435/328/433 449/329/447 434/326/432
f 436/330/434 450/331/448 435/328/433
f 437/305/435 453/332/451 452/333/450
f 438/304/436 454/334/452 453/332/451
f 439/307/437 455/335/453 454/334/452
f 440/309/438 456/336/454 455/335/453
f 441/311/439 457/337/455 456/336/454
f 442/313/440 458/338/456 457/337/455
f 443/315/441 459/339/457 458/338/456
f 445/321/443 459/339/457 444/317/442
f 446/323/444 460/340/458 445/321/443
f 447/325/445 461/341/459 446/323/444
f 448/327/446 462/342/460 447/325/445
f 449/329/447 463/343/461 448/327/446
f 450/331/448 464/344/462 449/329/447
f 451/345/449 465/346/463 450/331/448
f 452/333/450 468/347/466 467/348/465
f 453/332/451 469/349/467 468/347/466
f 454/334/452 470/350/468 469/349/467
f 455/335/453 471/351/469 470/350/468
f 456/336/454 472/352/470 471/351/469
f 457/337/455 473/353/471 472/352/470
f 458/338/456 474/354/472 473/353/471
f 460/340/458 474/354/472 459/339/457
f 461/341/459 475/355/473 460/340/458
f 462/342/460 476/356/474 461/341/459
f 463/343/461 477/357/475 462/342/460
f 464/344/462 478/358/476 463/343/461
f 465/346/463 479/359/477 464/344/462
f 466/360/464 480/361/478 465/346/463
f 467/362/465 483/363/481 482/364/480
f 468/365/466 484/366/482 483/363/481
f 469/367/467 485/368/483 484/366/482
f 470/369/468 486/370/484 485/368/483
f 471/371/469 487/372/485 486/370/484
f 472/373/470 488/374/486 487/372/485
f 473/375/471 489/376/487 488/374/486
f 475/377/473 489/376/487 474/378/472
f 476/379/474 490/380/488 475/377/473
f 477/381/475 491/382/489 476/379/474
f 478/383/476 492/384/490 477/381/475
f 479/385/477 493/386/491 478/383/476
f 480/387/478 494/388/492 479/385/477
f 481/389/479 495/390/493 480/387/478
f 482/364/480 498/391/496 497/392/495
f 483/363/481 499/393/497 498/391/496
f 484/366/482 500/394/498 499/393/497
f 485/368/483 501/395/499 500/394/498
f 486/370/484 502/396/500 501/395/499
f 487/372/485 503/397/501 502/396/500
f 488/374/486 504/398/502 503/397/501
f 490/380/488 504/398/502 489/376/487
f 491/382/489 505/399/503 490/380/488
f 492/384/490 506/400/504 491/382/489
f 493/386/491 507/401/505 492/384/490
f 494/388/492 508/402/506 493/386/491
f 495/390/493 509/403/507 494/388/492
f 496/404/494 510/405/508 495/390/493
f 497/392/495 513/406/511 512/407/510
f 498/391/496 514/408/512 513/406/511
f 499/393/497 515/409/513 514/408/512
f 500/394/498 516/410/514 515/409/513
f 501/395/499 517/411/515 516/410/514
f 502/396/500 518/412/516 517/411/515
f 503/397/501 519/413/517 518/412/516
f 505/399/503 519/413/517 504/398/502
f 506/400/504 520/414/518 505/399/503
f 507/401/505 521/415/519 506/400/504
f 508/402/506 522/416/520 507/401/505
f 509/403/507 523/417/521 508/402/506
f 510/405/508 524/418/522 509/403/507
f 511/419/509 525/420/523 510/405/508
f 512/407/510 528/421/526 527/422/525
f 513/406/511 529/423/527 528/421/526
f 514/408/512 530/424/528 529/423/527
f 515/409/513 531/425/529 530/424/528
f 516/410/514 532/426/530 531/425/529
f 517/411/515 533/427/531 532/426/530
f 518/412/516 534/428/532 533/427/531
f 520/414/518 534/428/532 519/413/517
f 521/415/519 535/429/533 520/414/518
f 522/416/520 536/430/534 521/415/519
f 523/417/521 537/431/535 522/416/520
f 524/418/522 538/432/536 523/417/521
f 525/420/523 539/433/537 524/418/522
f 526/434/524 540/435/538 525/420/523
f 528/421/526 542/436/540 527/422/525
f 529/423/527 543/437/541 528/421/526
f 530/424/528 544/438/542 529/423/527
f 531/425/529 545/439/543 530/424/528
f 532/426/530 546/440/544 531/425/529
f 533/427/531 547/441/545 532/426/530
f 534/428/532 548/442/546 533/427/531
f 534/428/532 550/443/548 549/444/547
f 535/429/533 551/445/549 550/443/548
f 536/430/534 552/446/550 551/445/549
f 537/431/535 553/447/551 552/446/550
f 538/432/536 554/448/552 553/447/551
f 539/433/537 555/449/553 554/448/552
f 540/435/538 556/450/554 555/449/553
f 543/437/541 557/451/555 542/436/540
f 544/438/542 558/452/556 543/437/541
f 545/439/543 559/453/557 544/438/542
f 546/440/544 560/454/558 545/439/543
f 547/441/545 561/455/559 546/440/544
f 548/442/546 562/456/560 547/441/545
f 549/444/547 563/457/561 548/442/546
f 549/444/547 565/458/563 564/459/562
f 550/443/548 566/460/564 565/458/563
f 551/445/549 567/461/565 566/460/564
f 552/446/550 568/462/566 567/461/565
f 553/447/551 569/463/567 568/462/566
f 554/448/552 570/464/568 569/463/567
f 555/449/553 571/465/569 570/464/568
f 558/452/556 572/466/570 557/451/555
f 559/453/557 573/467/571 558/452/556
f 560/454/558 574/468/572 559/453/557
f 561/455/559 575/469/573 560/454/558
f 562/456/560 576/470/574 561/455/559
f 563/457/561 577/471/575 562/456/560
f 564/459/562 578/472/576 563/457/561
f 564/459/562 580/473/578 579/474/577
f 565/458/563 581/475/579 580/473/578
f 566/460/564 582/476/580 581/475/579
f 567/461/565 583/477/581 582/476/580
f 568/462/566 584/478/582 583/477/581
f 569/463/567 585/479/583 584/478/582
f 570/464/568 586/480/584 585/479/583
f 573/467/571 587/481/585 572/466/570
f 574/468/572 588/482/586 573/467/571
f 575/469/573 589/483/587 574/468/572
f 576/470/574 590/484/588 575/469/573
f 577/471/575 591/485/589 576/470/574
f 578/472/576 592/486/590 577/471/575
f 579/474/577 593/487/591 578/472/576
f 579/474/577 595/488/593 594/489/592
f 580/473/578 596/490/594 595/488/593
f 581/475/579 597/491/595 596/490/594
f 582/476/580 598/492/596 597/491/595
f 583/477/581 599/493/597 598/492/596
f 584/478/582 600/494/598 599/493/597
f 585/479/583 601/495/599 600/494/598
f 588/482/586 602/496/600 587/481/585
f 589/483/587 603/497/601 588/482/586
f 590/484/588 604/498/602 589/483/587
f 591/485/589 605/499/603 590/484/588
f 592/486/590 606/500/604 591/485/589
f 593/487/591 607/501/605 592/486/590
f 594/489/592 608/502/606 593/487/591
f 594/489/592 610/503/608 609/504/607
f 595/488/593 611/505/609 610/503/608
f 596/490/594 612/506/610 611/505/609
f 597/491/595 613/507/611 612/506/610
f 598/492/596 614/508/612 613/507/611
f 599/493/597 615/509/613 614/508/612
f 600/494/598 616/510/614 615/509/613
f 603/497/601 617/511/615 602/496/600
f 604/498/602 618/512/616 603/497/601
f 605/499/603 619/513/617 604/498/602
f 606/500/604 620/514/618 605/499/603
f 607/501/605 621/515/619 606/500/604
f 608/502/606 622/516/620 607/501/605
f 609/504/607 623/517/621 608/502/606
f 609/504/607 625/518/623 624/519/622
f 610/503/608 626/520/624 625/518/623
f 611/505/609 627/521/625 626/520/624
f 612/506/610 628/522/626 627/521/625
f 613/507/611 629/523/627 628/522/626
f 614/508/612 630/524/628 629/523/627
f 615/509/613 631/525/629 630/524/628
f 618/512/616 632/526/630 617/511/615
f 619/513/617 633/527/631 618/512/616
f 620/514/618 634/528/632 619/513/617
f 621/515/619 635/529/633 620/514/618
f 622/516/620 636/530/634 621/515/619
f 623/517/621 637/531/635 622/516/620
f 624/519/622 638/532/636 623/517/621
f 624/519/622 640/533/638 639/534/637
f 625/518/623 641/535/639 640/533/638
f 626/520/624 642/536/640 641/535/639
f 627/521/625 643/537/641 642/536/640
f 628/522/626 644/538/642 643/537/641
f 629/523/627 645/539/643 644/538/642
f 630/524/628 646/540/644 645/539/643
f 11/288/9 422/303/420 91/541/89
f 76/287/74 423/306/421 422/303/420
f 75/286/73 424/308/422 423/306/421
f 74/285/72 425/310/423 424/308/422
f 73/284/71 426/312/424 425/310/423
f 72/283/70 427/314/425 426/312/424
f 71/282/69 428/316/426 427/314/425
f 70/281/68 429/319/427 428/316/426
f 68/279/66 429/319/427 69/280/67
f 67/278/65 430/318/428 68/279/66
f 66/277/64 431/320/429 67/278/65
f 65/276/63 432/322/430 66/277/64
f 64/275/62 433/324/431 65/276/63
f 63/274/61 434/326/432 64/275/62
f 62/273/60 435/328/433 63/274/61
f 12/272/10 436/330/434 62/273/60
f 92/542/90 451/345/449 436/330/434
f 93/543/91 466/360/464 451/345/449
f 94/544/92 481/545/479 466/360/464
f 95/546/93 496/404/494 481/389/479
f 96/547/94 511/419/509 496/404/494
f 97/548/95 526/434/524 511/419/509
f 98/549/96 541/550/539 526/434/524
f 541/550/539 100/551/98 556/450/554
f 556/450/554 101/552/99 571/465/569
f 571/465/569 102/553/100 586/480/584
f 586/480/584 103/554/101 601/495/599
f 601/495/599 104/555/102 616/510/614
f 616/510/614 105/556/103 631/525/629
f 631/525/629 106/557/104 646/540/644
f 646/540/644 16/558/14 107/559/105
f 645/539/643 107/559/105 108/560/106
f 644/538/642 108/560/106 109/561/107
f 643/537/641 109/561/107 110/562/108
f 642/536/640 110/562/108 111/563/109
f 641/535/639 111/563/109 112/564/110
f 640/533/638 112/564/110 113/565/111
f 639/534/637 113/565/111 114/566/112
f 639/534/637 115/567/113 638/532/636
f 638/532/636 116/568/114 637/531/635
f 637/531/635 117/569/115 636/530/634
f 636/530/634 118/570/116 635/529/633
f 635/529/633 119/571/117 634/528/632
f 634/528/632 120/572/118 633/527/631
f 633/527/631 121/573/119 632/526/630
f 632/526/630 15/574/13 77/575/75
f 617/511/615 77/575/75 78/576/76
f 602/496/600 78/576/76 79/577/77
f 587/481/585 79/577/77 80/578/78
f 572/466/570 80/578/78 81/579/79
f 557/451/555 81/579/79 82/580/80
f 542/436/540 82/580/80 83/581/81
f 527/422/525 83/581/81 84/582/82
f 85/583/83 527/422/525 84/582/82
f 86/584/84 512/407/510 85/583/83
f 87/585/85 497/392/495 86/584/84
f 88/586/86 482/364/480 87/585/85
f 89/587/87 467/348/465 88/588/86
f 90/589/88 452/333/450 89/587/87
f 91/541/89 437/305/435 90/589/88
f 647/590/645 663/591/661 662/592/660
f 648/593/646 664/594/662 663/591/661
f 649/595/647 665/596/663 664/594/662
f 650/597/648 666/598/664 665/596/663
f 651/599/649 667/600/665 666/598/664
f 652/601/650 668/602/666 667/600/665
f 653/603/651 669/604/667 668/602/666
f 655/605/653 669/604/667 654/606/652
f 656/607/654 670/608/668 655/605/653
f 657/609/655 671/610/669 656/607/654
f 658/611/656 672/612/670 657/609/655
f 659/613/657 673/614/671 658/611/656
f 660/615/658 674/616/672 659/613/657
f 661/617/659 675/618/673 660/615/658
f 662/592/660 678/619/676 677/620/675
f 663/591/661 679/621/677 678/619/676
f 664/594/662 680/622/678 679/621/677
f 665/596/663 681/623/679 680/622/678
f 666/598/664 682/624/680 681/623/679
f 667/600/665 683/625/681 682/624/680
f 668/602/666 684/626/682 683/625/681
f 670/608/668 684/626/682 669/604/667
f 671/610/669 685/627/683 670/608/668
f 672/612/670 686/628/684 671/610/669
f 673/614/671 687/629/685 672/612/670
f 674/616/672 688/630/686 673/614/671
f 675/618/673 689/631/687 674/616/672
f 676/632/674 690/633/688 675/618/673
f 677/620/675 693/634/691 692/635/690
f 678/619/676 694/636/692 693/634/691
f 679/621/677 695/637/693 694/636/692
f 680/622/678 696/638/694 695/637/693
f 681/623/679 697/639/695 696/638/694
f 682/624/680 698/640/696 697/639/695
f 683/625/681 699/641/697 698/640/696
f 685/627/683 699/641/697 684/626/682
f 686/628/684 700/642/698 685/627/683
f 687/629/685 701/643/699 686/628/684
f 688/630/686 702/644/700 687/629/685
f 689/631/687 703/645/701 688/630/686
f 690/633/688 704/646/702 689/631/687
f 691/647/689 705/648/703 690/633/688
f 692/635/690 708/649/706 707/650/705
f 693/634/691 709/651/707 708/649/706
f 694/636/692 710/652/708 709/651/707
f 695/637/693 711/653/709 710/652/708
f 696/638/694 712/654/710 711/653/709
f 697/639/695 713/655/711 712/654/710
f 698/640/696 714/656/712 713/655/711
f 700/642/698 714/656/712 699/641/697
f 701/643/699 715/657/713 700/642/698
f 702/644/700 716/658/714 701/643/699
f 703/645/701 717/659/715 702/644/700
f 704/646/702 718/660/716 703/645/701
f 705/648/703 719/661/717 704/646/702
f 706/662/704 720/663/718 705/648/703
f 707/650/705 723/664/721 722/665/720
f 708/649/706 724/666/722 723/664/721
f 709/651/707 725/667/723 724/666/722
f 710/652/708 726/668/724 725/667/723
f 711/653/709 727/669/725 726/668/724
f 712/654/710 728/670/726 727/669/725
f 713/655/711 729/671/727 728/670/726
f 715/657/713 729/671/727 714/656/712
f 716/658/714 730/672/728 715/657/713
f 717/659/715 731/673/729 716/658/714
f 718/660/716 732/674/730 717/659/715
f 719/661/717 733/675/731 718/660/716
f 720/663/718 734/676/732 719/661/717
f 721/677/719 735/678/733 720/663/718
f 722/665/720 738/679/736 737/680/735
f 723/664/721 739/681/737 738/679/736
f 724/666/722 740/682/738 739/681/737
f 725/667/723 741/683/739 740/682/738
f 726/668/724 742/684/740 741/683/739
f 727/669/725 743/685/741 742/684/740
f 728/670/726 744/686/742 743/685/741
f 730/672/728 744/686/742 729/671/727
f 731/673/729 745/687/743 730/672/728
f 732/674/730 746/688/744 731/673/729
f 733/675/731 747/689/745 732/674/730
f 734/676/732 748/690/746 733/675/731
f 735/678/733 749/691/747 734/676/732
f 736/692/734 750/693/748 735/678/733
f 737/680/735 753/694/751 752/695/750
f 738/679/736 754/696/752 753/694/751
f 739/681/737 755/697/753 754/696/752
f 740/682/738 756/698/754 755/697/753
f 741/683/739 757/699/755 756/698/754
f 742/684/740 758/700/756 757/699/755
f 743/685/741 759/701/757 758/700/756
f 745/687/743 759/701/757 744/686/742
f 746/688/744 760/702/758 745/687/743
f 747/689/745 761/703/759 746/688/744
f 748/690/746 762/704/760 747/689/745
f 749/691/747 763/705/761 748/690/746
f 750/693/748 764/706/762 749/691/747
f 751/707/749 765/708/763 750/693/748
f 753/694/751 767/709/765 752/695/750
f 754/696/752 768/710/766 753/694/751
f 755/697/753 769/711/767 754/696/752
f 756/698/754 770/712/768 755/697/753
f 757/699/755 771/713/769 756/698/754
f 758/700/756 772/714/770 757/699/755
f 759/701/757 773/715/771 758/700/756
f 759/701/757 775/716/773 774/717/772
f 760/702/758 776/718/774 775/716/773
f 761/703/759 777/719/775 776/718/774
f 762/704/760 778/720/776 777/719/775
f 763/705/761 779/721/777 778/720/776
f 764/706/762 780/722/778 779/721/777
f 765/708/763 781/723/779 780/722/778
f 768/710/766 782/724/780 767/709/765
f 769/711/767 783/725/781 768/710/766
f 770/712/768 784/726/782 769/711/767
f 771/713/769 785/727/783 770/712/768
f 772/714/770 786/728/784 771/713/769
f 773/715/771 787/729/785 772/714/770
f 774/717/772 788/730/786 773/715/771
f 774/717/772 790/731/788 789/732/787
f 775/716/773 791/733/789 790/731/788
f 776/718/774 792/734/790 791/733/789
f 777/719/775 793/735/791 792/734/790
f 778/720/776 794/736/792 793/735/791
f 779/721/777 795/737/793 794/736/792
f 780/722/778 796/738/794 795/737/793
f 783/725/781 797/739/795 782/724/780
f 784/726/782 798/740/796 783/725/781
f 785/727/783 799/741/797 784/726/782
f 786/728/784 800/742/798 785/727/783
f 787/729/785 801/743/799 786/728/784
f 788/730/786 802/744/800 787/729/785
f 789/732/787 803/745/801 788/730/786
f 789/732/787 805/746/803 804/747/802
f 790/731/788 806/748/804 805/746/803
f 791/733/789 807/749/805 806/748/804
f 792/734/790 808/750/806 807/749/805
f 793/735/791 809/751/807 808/750/806
f 794/736/792 810/752/808 809/751/807
f 795/737/793 811/753/809 810/752/808
f 798/740/796 812/754/810 797/739/795
f 799/741/797 813/755/811 798/740/796
f 800/742/798 814/756/812 799/741/797
f 801/743/799 815/757/813 800/742/798
f 802/744/800 816/758/814 801/743/799
f 803/745/801 817/759/815 802/744/800
f 804/747/802 818/760/816 803/745/801
f 804/747/802 820/761/818 819/762/817
f 805/746/803 821/763/819 820/761/818
f 806/748/804 822/764/820 821/763/819
f 807/749/805 823/765/821 822/764/820
f 808/750/806 824/766/822 823/765/821
f 809/751/807 825/767/823 824/766/822
f 810/752/808 826/768/824 825/767/823
f 813/755/811 827/769/825 812/754/810
f 814/756/812 828/770/826 813/755/811
f 815/757/813 829/771/827 814/756/812
f 816/758/814 830/772/828 815/757/813
f 817/759/815 831/773/829 816/758/814
f 818/760/816 832/774/830 817/759/815
f 819/762/817 833/775/831 818/760/816
f 819/762/817 835/776/833 834/777/832
f 820/761/818 836/778/834 835/776/833
f 821/763/819 837/779/835 836/778/834
f 822/764/820 838/780/836 837/779/835
f 823/765/821 839/781/837 838/780/836
f 824/766/822 840/782/838 839/781/837
f 825/767/823 841/783/839 840/782/838
f 828/770/826 842/784/840 827/769/825
f 829/771/827 843/785/841 828/770/826
f 830/772/828 844/786/842 829/771/827
f 831/773/829 845/787/843 830/772/828
f 832/774/830 846/788/844 831/773/829
f 833/775/831 847/789/845 832/774/830
f 834/777/832 848/790/846 833/775/831
f 834/777/832 850/791/848 849/792/847
f 835/776/833 851/793/849 850/791/848
f 836/778/834 852/794/850 851/793/849
f 837/779/835 853/795/851 852/794/850
f 838/780/836 854/796/852 853/795/851
f 839/781/837 855/797/853 854/796/852
f 840/782/838 856/798/854 855/797/853
f 843/785/841 857/799/855 842/784/840
f 844/786/842 858/800/856 843/785/841
f 845/787/843 859/801/857 844/786/842
f 846/788/844 860/802/858 845/787/843
f 847/789/845 861/803/859 846/788/844
f 848/790/846 862/804/860 847/789/845
f 849/792/847 863/805/861 848/790/846
f 849/792/847 865/806/863 864/807/862
f 850/791/848 866/808/864 865/806/863
f 851/793/849 867/809/865 866/808/864
f 852/794/850 868/810/866 867/809/865
f 853/795/851 869/811/867 868/810/866
f 854/796/852 870/812/868 869/811/867
f 855/797/853 871/813/869 870/812/868
f 15/574/13 647/590/645 136/814/134
f 121/573/119 648/593/646 647/590/645
f 120/572/118 649/595/647 648/593/646
f 119/571/117 650/597/648 649/595/647
f 118/570/116 651/599/649 650/597/648
f 117/569/115 652/601/650 651/599/649
f 116/568/114 653/603/651 652/601/650
f 115/567/113 654/606/652 653/603/651
f 113/565/111 654/606/652 114/566/112
f 112/564/110 655/605/653 113/565/111
f 111/563/109 656/607/654 112/564/110
f 110/562/108 657/609/655 111/563/109
f 109/561/107 658/611/656 110/562/108
f 108/560/106 659/613/657 109/561/107
f 107/559/105 660/615/658 108/560/106
f 16/558/14 661/617/659 107/559/105
f 137/815/135 676/632/674 661/617/659
f 138/816/136 691/647/689 676/632/674
f 139/817/137 706/662/704 691/647/689
f 140/818/138 721/677/719 706/662/704
f 141/819/139 736/692/734 721/677/719
f 142/820/140 751/707/749 736/692/734
f 143/821/141 766/822/764 751/707/749
f 766/822/764 145/823/143 781/723/779
f 781/723/779 146/824/144 796/738/794
f 796/738/794 147/825/145 811/753/809
f 811/753/809 148/826/146 826/768/824
f 826/768/824 149/827/147 841/783/839
f 841/783/839 150/828/148 856/798/854
f 856/798/854 151/829/149 871/813/869
f 871/813/869 14/830/12 152/831/150
f 870/812/868 152/831/150 153/832/151
f 869/811/867 153/832/151 154/833/152
f 868/810/866 154/833/152 155/834/153
f 867/809/865 155/834/153 156/835/154
f 866/808/864 156/835/154 157/836/155
f 865/806/863 157/836/155 158/837/156
f 864/807/862 158/837/156 159/838/157
f 864/807/862 160/839/158 863/805/861
f 863/805/861 161/840/159 862/804/860
f 862/804/860 162/841/160 861/803/859
f 861/803/859 163/842/161 860/802/858
f 860/802/858 164/843/162 859/801/857
f 859/801/857 165/844/163 858/800/856
f 858/800/856 166/845/164 857/799/855
f 857/799/855 13/846/11 122/847/120
f 842/784/840 122/847/120 123/848/121
f 827/769/825 123/848/121 124/849/122
f 812/754/810 124/849/122 125/850/123
f 797/739/795 125/850/123 126/851/124
f 782/724/780 126/851/124 127/852/125
f 767/709/765 127/852/125 128/853/126
f 752/695/750 128/853/126 129/854/127
f 130/855/128 752/695/750 129/854/127
f 131/856/129 737/680/735 130/855/128
f 132/857/130 722/665/720 131/856/129
f 133/858/131 707/650/705 132/857/130
f 134/859/132 692/635/690 133/858/131
f 135/860/133 677/620/675 134/859/132
f 136/814/134 662/592/660 135/860/133
f 872/861/870 888/862/886 887/863/885
f 873/864/871 889/865/887 888/862/886
f 874/866/872 890/867/888 889/865/887
f 875/868/873 891/869/889 890/867/888
f 876/870/874 892/871/890 891/869/889
f 877/872/875 893/873/891 892/871/890
f 878/874/876 894/875/892 893/873/891
f 880/876/878 894/875/892 879/877/877
f 881/878/879 895/879/893 880/876/878
f 882/880/880 896/881/894 881/878/879
f 883/882/881 897/883/895 882/880/880
f 884/884/882 898/885/896 883/882/881
f 885/886/883 899/887/897 884/884/882
f 886/888/884 900/889/898 885/886/883
f 887/863/885 903/890/901 902/891/900
f 888/862/886 904/892/902 903/890/901
f 889/865/887 905/893/903 904/892/902
f 890/867/888 906/894/904 905/893/903
f 891/869/889 907/895/905 906/894/904
f 892/871/890 908/896/906 907/895/905
f 893/873/891 909/897/907 908/896/906
f 895/879/893 909/897/907 894/875/892
f 896/881/894 910/898/908 895/879/893
f 897/883/895 911/899/909 896/881/894
f 898/885/896 912/900/910 897/883/895
f 899/887/897 913/901/911 898/885/896
f 900/889/898 914/902/912 899/887/897
f 901/903/899 915/904/913 900/889/898
f 902/891/900 918/905/916 917/906/915
f 903/890/901 919/907/917 918/905/916
f 904/892/902 920/908/918 919/907/917
f 905/893/903 921/909/919 920/908/918
f 906/894/904 922/910/920 921/909/919
f 907/895/905 923/911/921 922/910/920
f 908/896/906 924/912/922 923/911/921
f 910/898/908 924/912/922 909/897/907
f 911/899/909 925/913/923 910/898/908
f 912/900/910 926/914/924 911/899/909
f 913/901/911 927/915/925 912/900/910
f 914/902/912 928/916/926 913/901/911
f 915/904/913 929/917/927 914/902/912
f 916/918/914 930/919/928 915/904/913
f 917/906/915 933/920/931 932/921/930
f 918/905/916 934/922/932 933/920/931
f 919/907/917 935/923/933 934/922/932
f 920/908/918 936/924/934 935/923/933
f 921/909/919 937/925/935 936/924/934
f 922/910/920 938/926/936 937/925/935
f 923/911/921 939/927/937 938/926/936
f 925/913/923 939/927/937 924/912/922
f 926/914/924 940/928/938 925/913/923
f 927/915/925 941/929/939 926/914/924
f 928/916/926 942/930/940 927/915/925
f 929/917/927 943/931/941 928/916/926
f 930/919/928 944/932/942 929/917/927
f 931/933/929 945/934/943 930/919/928
f 932/921/930 948/935/946 947/936/945
f 933/920/931 949/937/947 948/935/946
f 934/922/932 950/938/948 949/937/947
f 935/923/933 951/939/949 950/938/948
f 936/924/934 952/940/950 951/939/949
f 937/925/935 953/941/951 952/940/950
f 938/926/936 954/942/952 953/941/951
f 940/928/938 954/942/952 939/927/937
f 941/929/939 955/943/953 940/928/938
f 942/930/940 956/944/954 941/929/939
f 943/931/941 957/945/955 942/930/940
f 944/932/942 958/946/956 943/931/941
f 945/934/943 959/947/957 944/932/942
f 946/948/944 960/949/958 945/934/943
f 947/936/945 963/950/961 962/951/960
f 948/935/946 964/952/962 963/950/961
f 949/937/947 965/953/963 964/952/962
f 950/938/948 966/954/964 965/953/963
f 951/939/949 967/955/965 966/954/964
f 952/940/950 968/956/966 967/955/965
f 953/941/951 969/957/967 968/956/966
f 955/943/953 969/957/967 954/942/952
f 956/944/954 970/958/968 955/943/953
f 957/945/955 971/959/969 956/944/954
f 958/946/956 972/960/970 957/945/955
f 959/947/957 973/961/971 958/946/956
f 960/949/958 974/962/972 959/947/957
f 961/963/959 975/964/973 960/949/958
f 962/951/960 978/965/976 977/966/975
f 963/950/961 979/967/977 978/965/976
f 964/952/962 980/968/978 979/967/977
f 965/953/963 981/969/979 980/968/978
f 966/954/964 982/970/980 981/969/979
f 967/955/965 983/971/981 982/970/980
f 968/956/966 984/972/982 983/971/981
f 970/958/968 984/972/982 969/957/967
f 971/959/969 985/973/983 970/958/968
f 972/960/970 986/974/984 971/959/969
f 973/961/971 987/975/985 972/960/970
f 974/962/972 988/976/986 973/961/971
f 975/964/973 989/977/987 974/962/972
f 976/978/974 990/979/988 975/964/973
f 978/965/976 992/980/990 977/966/975
f 979/967/977 993/981/991 978/965/976
f 980/968/978 994/982/992 979/967/977
f 981/969/979 995/983/993 980/968/978
f 982/970/980 996/984/994 981/969/979
f 983/971/981 997/985/995 982/970/980
f 984/972/982 998/986/996 983/971/981
f 984/972/982 1000/987/998 999/988/997
f 985/973/983 1001/989/999 1000/987/998
f 986/974/984 1002/990/1000 1001/989/999
f 987/975/985 1003/991/1001 1002/990/1000
f 988/976/986 1004/992/1002 1003/991/1001
f 989/977/987 1005/993/1003 1004/992/1002
f 990/979/988 1006/994/1004 1005/993/1003
f 993/981/991 1007/995/1005 992/980/990
f 994/982/992 1008/996/1006 993/981/991
f 995/983/993 1009/997/1007 994/982/992
f 996/984/994 1010/998/1008 995/983/993
f 997/985/995 1011/999/1009 996/984/994
f 998/986/996 1012/1000/1010 997/985/995
f 999/988/997 1013/1001/1011 998/986/996
f 999/988/997 1015/1002/1013 1014/1003/1012
f 1000/987/998 1016/1004/1014 1015/1002/1013
f 1001/989/999 1017/1005/1015 1016/1004/1014
f 1002/990/1000 1018/1006/1016 1017/1005/1015
f 1003/991/1001 1019/1007/1017 1018/1006/1016
f 1004/992/1002 1020/1008/1018 1019/1007/1017
f 1005/993/1003 1021/1009/1019 1020/1008/1018
f 1008/996/1006 1022/1010/1020 1007/995/1005
f 1009/997/1007 1023/1011/1021 1008/996/1006
f 1010/998/1008 1024/1012/1022 1009/997/1007
f 1011/999/1009 1025/1013/1023 1010/998/1008
f 1012/1000/1010 1026/1014/1024 1011/999/1009
f 1013/1001/1011 1027/1015/1025 1012/1000/1010
f 1014/1003/1012 1028/1016/1026 1013/1001/1011
f 1014/1003/1012 1030/1017/1028 1029/1018/1027
f 1015/1002/1013 1031/1019/1029 1030/1017/1028
f 1016/1004/1014 1032/1020/1030 1031/1019/1029
f 1017/1005/1015 1033/1021/1031 1032/1020/1030
f 1018/1006/1016 1034/1022/1032 1033/1021/1031
f 1019/1007/1017 1035/1023/1033 1034/1022/1032
f 1020/1008/1018 1036/1024/1034 1035/1023/1033
f 1023/1011/1021 1037/1025/1035 1022/1010/1020
f 1024/1012/1022 1038/1026/1036 1023/1011/1021
f 1025/1013/1023 1039/1027/1037 1024/1012/1022
f 1026/1014/1024 1040/1028/1038 1025/1013/1023
f 1027/1015/1025 1041/1029/1039 1026/1014/1024
f 1028/1016/1026 1042/1030/1040 1027/1015/1025
f 1029/1018/1027 1043/1031/1041 1028/1016/1026
f 1029/1018/1027 1045/1032/1043 1044/1033/1042
f 1030/1017/1028 1046/1034/1044 1045/1032/1043
f 1031/1019/1029 1047/1035/1045 1046/1034/1044
f 1032/1020/1030 1048/1036/1046 1047/1035/1045
f 1033/1021/1031 1049/1037/1047 1048/1036/1046
f 1034/1022/1032 1050/1038/1048 1049/1037/1047
f 1035/1023/1033 1051/1039/1049 1050/1038/1048
f 1038/1026/1036 1052/1040/1050 1037/1025/1035
f 1039/1027/1037 1053/1041/1051 1038/1026/1036
f 1040/1028/1038 1054/1042/1052 1039/1027/1037
f 1041/1029/1039 1055/1043/1053 1040/1028/1038
f 1042/1030/1040 1056/1044/1054 1041/1029/1039
f 1043/1031/1041 1057/1045/1055 1042/1030/1040
f 1044/1033/1042 1058/1046/1056 1043/1031/1041
f 1044/1033/1042 1060/1047/1058 1059/1048/1057
f 1045/1032/1043 1061/1049/1059 1060/1047/1058
f 1046/1034/1044 1062/1050/1060 1061/1049/1059
f 1047/1035/1045 1063/1051/1061 1062/1050/1060
f 1048/1036/1046 1064/1052/1062 1063/1051/1061
f 1049/1037/1047 1065/1053/1063 1064/1052/1062
f 1050/1038/1048 1066/1054/1064 1065/1053/1063
f 1053/1041/1051 1067/1055/1065 1052/1040/1050
f 1054/1042/1052 1068/1056/1066 1053/1041/1051
f 1055/1043/1053 1069/1057/1067 1054/1042/1052
f 1056/1044/1054 1070/1058/1068 1055/1043/1053
f 1057/1045/1055 1071/1059/1069 1056/1044/1054
f 1058/1046/1056 1072/1060/1070 1057/1045/1055
f 1059/1048/1057 1073/1061/1071 1058/1046/1056
f 1059/1048/1057 1075/1062/1073 1074/1063/1072
f 1060/1047/1058 1076/1064/1074 1075/1062/1073
f 1061/1049/1059 1077/1065/1075 1076/1064/1074
f 1062/1050/1060 1078/1066/1076 1077/1065/1075
f 1063/1051/1061 1079/1067/1077 1078/1066/1076
f 1064/1052/1062 1080/1068/1078 1079/1067/1077
f 1065/1053/1063 1081/1069/1079 1080/1068/1078
f 1068/1056/1066 1082/1070/1080 1067/1055/1065
f 1069/1057/1067 1083/1071/1081 1068/1056/1066
f 1070/1058/1068 1084/1072/1082 1069/1057/1067
f 1071/1059/1069 1085/1073/1083 1070/1058/1068
f 1072/1060/1070 1086/1074/1084 1071/1059/1069
f 1073/1061/1071 1087/1075/1085 1072/1060/1070
f 1074/1063/1072 1088/1076/1086 1073/1061/1071
f 1074/1063/1072 1090/1077/1088 1089/1078/1087
f 1075/1062/1073 1091/1079/1089 1090/1077/1088
f 1076/1064/1074 1092/1080/1090 1091/1079/1089
f 1077/1065/1075 1093/1081/1091 1092/1080/1090
f 1078/1066/1076 1094/1082/1092 1093/1081/1091
f 1079/1067/1077 1095/1083/1093 1094/1082/1092
f 1080/1068/1078 1096/1084/1094 1095/1083/1093
f 13/846/11 872/861/870 181/1085/179
f 166/845/164 873/864/871 872/861/870
f 165/844/163 874/866/872 873/864/871
f 164/843/162 875/868/873 874/866/872
f 163/842/161 876/870/874 875/868/873
f 162/841/160 877/872/875 876/870/874
f 161/840/159 878/874/876 877/872/875
f 160/839/158 879/877/877 878/874/876
f 158/837/156 879/877/877 159/838/157
f 157/836/155 880/876/878 158/837/156
f 156/835/154 881/878/879 157/836/155
f 155/834/153 882/880/880 156/835/154
f 154/833/152 883/882/881 155/834/153
f 153/832/151 884/884/882 154/833/152
f 152/831/150 885/886/883 153/832/151
f 14/830/12 886/888/884 152/831/150
f 182/1086/180 901/903/899 886/888/884
f 183/1087/181 916/918/914 901/903/899
f 184/1088/182 931/933/929 916/918/914
f 185/1089/183 946/948/944 931/933/929
f 186/1090/184 961/963/959 946/948/944
f 187/1091/185 976/978/974 961/963/959
f 188/1092/186 991/1093/989 976/978/974
f 991/1093/989 190/1094/188 1006/994/1004
f 1006/994/1004 191/1095/189 1021/1009/1019
f 1021/1009/1019 192/1096/190 1036/1024/1034
f 1036/1024/1034 193/1097/191 1051/1039/1049
f 1051/1039/1049 194/1098/192 1066/1054/1064
f 1066/1054/1064 195/1099/193 1081/1069/1079
f 1081/1069/1079 196/1100/194 1096/1084/1094
f 1096/1084/1094 10/256/8 46/255/44
f 1095/1083/1093 46/255/44 45/254/43
f 1094/1082/1092 45/254/43 44/253/42
f 1093/1081/1091 44/253/42 43/252/41
f 1092/1080/1090 43/252/41 42/251/40
f 1091/1079/1089 42/251/40 41/250/39
f 1090/1077/1088 41/250/39 40/248/38
f 1089/1078/1087 40/248/38 39/249/37
f 1089/1078/1087 38/247/36 1088/1076/1086
f 1088/1076/1086 37/246/35 1087/1075/1085
f 1087/1075/1085 36/245/34 1086/1074/1084
f 1086/1074/1084 35/244/33 1085/1073/1083
f 1085/1073/1083 34/243/32 1084/1072/1082
f 1084/1072/1082 33/242/31 1083/1071/1081
f 1083/1071/1081 32/241/30 1082/1070/1080
f 1082/1070/1080 9/239/7 167/1101/165
f 1067/1055/1065 167/1101/165 168/1102/166
f 1052/1040/1050 168/1102/166 169/1103/167
f 1037/1025/1035 169/1103/167 170/1104/168
f 1022/1010/1020 170/1104/168 171/1105/169
f 1007/995/1005 171/1105/169 172/1106/170
f 992/980/990 172/1106/170 173/1107/171
f 977/966/975 173/1107/171 174/1108/172
f 175/1109/173 977/966/975 174/1108/172
f 176/1110/174 962/951/960 175/1109/173
f 177/1111/175 947/936/945 176/1110/174
f 178/1112/176 932/921/930 177/1111/175
f 179/1113/177 917/906/915 178/1112/176
f 180/1114/178 902/891/900 179/1113/177
f 181/1085/179 887/863/885 180/1114/178
f 1097/1115/1095 1113/1116/1111 1112/1117/1110
f 1098/1118/1096 1114/1119/1112 1113/1116/1111
f 1099/1120/1097 1115/1121/1113 1114/1119/1112
f 1100/1122/1098 1116/1123/1114 1115/1121/1113
f 1101/1124/1099 1117/1125/1115 1116/1126/1114
f 1102/1127/1100 1118/1128/1116 1117/1125/1115
f 1103/1129/1101 1119/1130/1117 1118/1128/1116
f 1105/1131/1103 1119/1130/1117 1104/1132/1102
f 1106/1133/1104 1120/1134/1118 1105/1131/1103
f 1107/1135/1105 1121/1136/1119 1106/1133/1104
f 1108/1137/1106 1122/1138/1120 1107/1135/1105
f 1109/1139/1107 1123/1140/1121 1108/1137/1106
f 1110/1141/1108 1124/1142/1122 1109/1139/1107
f 1111/1143/1109 1125/1144/1123 1110/1141/1108
f 1112/1117/1110 1128/1145/1126 1127/1146/1125
f 1113/1116/1111 1129/1147/1127 1128/1145/1126
f 1114/1119/1112 1130/1148/1128 1129/1147/1127
f 1115/1121/1113 1131/1149/1129 1130/1148/1128
f 1116/1126/1114 1132/1150/1130 1131/1151/1129
f 1117/1125/1115 1133/1152/1131 1132/1150/1130
f 1118/1128/1116 1134/1153/1132 1133/1152/1131
f 1120/1134/1118 1134/1153/1132 1119/1130/1117
f 1121/1136/1119 1135/1154/1133 1120/1134/1118
f 1122/1138/1120 1136/1155/1134 1121/1136/1119
f 1123/1140/1121 1137/1156/1135 1122/1138/1120
f 1124/1142/1122 1138/1157/1136 1123/1140/1121
f 1125/1144/1123 1139/1158/1137 1124/1142/1122
f 1126/1159/1124 1140/1160/1138 1125/1144/1123
f 1127/1146/1125 1143/1161/1141 1142/1162/1140
f 1128/1145/1126 1144/1163/1142 1143/1161/1141
f 1129/1147/1127 1145/1164/1143 1144/1163/1142
f 1130/1148/1128 1146/1165/1144 1145/1164/1143
f 1131/1151/1129 1147/1166/1145 1146/1167/1144
f 1132/1150/1130 1148/1168/1146 1147/1166/1145
f 1133/1152/1131 1149/1169/1147 1148/1168/1146
f 1135/1154/1133 1149/1169/1147 1134/1153/1132
f 1136/1155/1134 1150/1170/1148 1135/1154/1133
f 1137/1156/1135 1151/1171/1149 1136/1155/1134
f 1138/1157/1136 1152/1172/1150 1137/1156/1135
f 1139/1158/1137 1153/1173/1151 1138/1157/1136
f 1140/1160/1138 1154/1174/1152 1139/1158/1137
f 1141/1175/1139 1155/1176/1153 1140/1160/1138
f 1142/1162/1140 1158/1177/1156 1157/1178/1155
f 1143/1161/1141 1159/1179/1157 1158/1177/1156
f 1144/1163/1142 1160/1180/1158 1159/1179/1157
f 1145/1164/1143 1161/1181/1159 1160/1180/1158
f 1146/1165/1144 1162/1182/1160 1161/1181/1159
f 1147/1166/1145 1163/1183/1161 1162/1184/1160
f 1148/1168/1146 1164/1185/1162 1163/1183/1161
f 1150/1170/1148 1164/1185/1162 1149/1169/1147
f 1151/1171/1149 1165/1186/1163 1150/1170/1148
f 1152/1172/1150 1166/1187/1164 1151/1171/1149
f 1153/1173/1151 1167/1188/1165 1152/1172/1150
f 1154/1174/1152 1168/1189/1166 1153/1173/1151
f 1155/1176/1153 1169/1190/1167 1154/1174/1152
f 1156/1191/1154 1170/1192/1168 1155/1176/1153
f 1157/1178/1155 1173/1193/1171 1172/1194/1170
f 1158/1177/1156 1174/1195/1172 1173/1193/1171
f 1159/1179/1157 1175/1196/1173 1174/1195/1172
f 1160/1180/1158 1176/1197/1174 1175/1196/1173
f 1161/1181/1159 1177/1198/1175 1176/1197/1174
f 1162/1184/1160 1178/1199/1176 1177/1200/1175
f 1163/1183/1161 1179/1201/1177 1178/1199/1176
f 1165/1186/1163 1179/1201/1177 1164/1185/1162
f 1166/1187/1164 1180/1202/1178 1165/1186/1163
f 1167/1188/1165 1181/1203/1179 1166/1187/1164
f 1168/1189/1166 1182/1204/1180 1167/1188/1165
f 1169/1190/1167 1183/1205/1181 1168/1189/1166
f 1170/1192/1168 1184/1206/1182 1169/1190/1167
f 1171/1207/1169 1185/1208/1183 1170/1192/1168
f 1172/1194/1170 1188/1209/1186 1187/1210/1185
f 1173/1193/1171 1189/1211/1187 1188/1209/1186
f 1174/1195/1172 1190/1212/1188 1189/1211/1187
f 1175/1196/1173 1191/1213/1189 1190/1212/1188
f 1176/1197/1174 1192/1214/1190 1191/1213/1189
f 1177/1198/1175 1193/1215/1191 1192/1214/1190
f 1178/1199/1176 1194/1216/1192 1193/1217/1191
f 1180/1202/1178 1194/1216/1192 1179/1201/1177
f 1181/1203/1179 1195/1218/1193 1180/1202/1178
f 1182/1204/1180 1196/1219/1194 1181/1203/1179
f 1183/1205/1181 1197/1220/1195 1182/1204/1180
f 1184/1206/1182 1198/1221/1196 1183/1205/1181
f 1185/1208/1183 1199/1222/1197 1184/1206/1182
f 1186/1223/1184 1200/1224/1198 1185/1208/1183
f 1187/1210/1185 1203/1225/1201 1202/1226/1200
f 1188/1209/1186 1204/1227/1202 1203/1225/1201
f 1189/1211/1187 1205/1228/1203 1204/1227/1202
f 1190/1212/1188 1206/1229/1204 1205/1228/1203
f 1191/1213/1189 1207/1230/1205 1206/1229/1204
f 1192/1214/1190 1208/1231/1206 1207/1230/1205
f 1193/1217/1191 1209/1232/1207 1208/1233/1206
f 1195/1218/1193 1209/1232/1207 1194/1216/1192
f 1196/1219/1194 1210/1234/1208 1195/1218/1193
f 1197/1220/1195 1211/1235/1209 1196/1219/1194
f 1198/1221/1196 1212/1236/1210 1197/1220/1195
f 1199/1222/1197 1213/1237/1211 1198/1221/1196
f 1200/1224/1198 1214/1238/1212 1199/1222/1197
f 1201/1239/1199 1215/1240/1213 1200/1224/1198
f 1203/1225/1201 1217/1241/1215 1202/1226/1200
f 1204/1227/1202 1218/1242/1216 1203/1225/1201
f 1205/1228/1203 1219/1243/1217 1204/1227/1202
f 1206/1229/1204 1220/1244/1218 1205/1228/1203
f 1207/1230/1205 1221/1245/1219 1206/1229/1204
f 1208/1231/1206 1222/1246/1220 1207/1230/1205
f 1209/1247/1207 1223/1248/1221 1208/1231/1206
f 1209/1232/1207 1225/1249/1223 1224/1250/1222
f 1210/1234/1208 1226/1251/1224 1225/1249/1223
f 1211/1235/1209 1227/1252/1225 1226/1251/1224
f 1212/1236/1210 1228/1253/1226 1227/1252/1225
f 1213/1237/1211 1229/1254/1227 1228/1253/1226
f 1214/1238/1212 1230/1255/1228 1229/1254/1227
f 1215/1240/1213 1231/1256/1229 1230/1255/1228
f 1218/1242/1216 1232/1257/1230 1217/1241/1215
f 1219/1243/1217 1233/1258/1231 1218/1242/1216
f 1220/1244/1218 1234/1259/1232 1219/1243/1217
f 1221/1245/1219 1235/1260/1233 1220/1244/1218
f 1222/1246/1220 1236/1261/1234 1221/1245/1219
f 1223/1248/1221 1237/1262/1235 1222/1246/1220
f 1224/1263/1222 1238/1264/1236 1223/1248/1221
f 1224/1250/1222 1240/1265/1238 1239/1266/1237
f 1225/1249/1223 1241/1267/1239 1240/1265/1238
f 1226/1251/1224 1242/1268/1240 1241/1267/1239
f 1227/1252/1225 1243/1269/1241 1242/1268/1240
f 1228/1253/1226 1244/1270/1242 1243/1269/1241
f 1229/1254/1227 1245/1271/1243 1244/1270/1242
f 1230/1255/1228 1246/1272/1244 1245/1271/1243
f 1233/1258/1231 1247/1273/1245 1232/1257/1230
f 1234/1259/1232 1248/1274/1246 1233/1258/1231
f 1235/1260/1233 1249/1275/1247 1234/1259/1232
f 1236/1261/1234 1250/1276/1248 1235/1260/1233
f 1237/1262/1235 1251/1277/1249 1236/1261/1234
f 1238/1264/1236 1252/1278/1250 1237/1262/1235
f 1239/1279/1237 1253/1280/1251 1238/1264/1236
f 1239/1266/1237 1255/1281/1253 1254/1282/1252
f 1240/1265/1238 1256/1283/1254 1255/1284/1253
f 1241/1267/1239 1257/1285/1255 1256/1283/1254
f 1242/1268/1240 1258/1286/1256 1257/1285/1255
f 1243/1269/1241 1259/1287/1257 1258/1286/1256
f 1244/1270/1242 1260/1288/1258 1259/1287/1257
f 1245/1271/1243 1261/1289/1259 1260/1288/1258
f 1248/1274/1246 1262/1290/1260 1247/1273/1245
f 1249/1275/1247 1263/1291/1261 1248/1274/1246
f 1250/1276/1248 1264/1292/1262 1249/1275/1247
f 1251/1277/1249 1265/1293/1263 1250/1276/1248
f 1252/1278/1250 1266/1294/1264 1251/1277/1249
f 1253/1280/1251 1267/1295/1265 1252/1278/1250
f 1254/1296/1252 1268/1297/1266 1253/1280/1251
f 1254/1296/1252 1270/1298/1268 1269/1299/1267
f 1255/1284/1253 1271/1300/1269 1270/1298/1268
f 1256/1283/1254 1272/1301/1270 1271/1300/1269
f 1257/1285/1255 1273/1302/1271 1272/1301/1270
f 1258/1286/1256 1274/1303/1272 1273/1302/1271
f 1259/1287/1257 1275/1304/1273 1274/1303/1272
f 1260/1288/1258 1276/1305/1274 1275/1304/1273
f 1263/1291/1261 1277/1306/1275 1262/1290/1260
f 1264/1292/1262 1278/1307/1276 1263/1291/1261
f 1265/1293/1263 1279/1308/1277 1264/1292/1262
f 1266/1294/1264 1280/1309/1278 1265/1293/1263
f 1267/1295/1265 1281/1310/1279 1266/1294/1264
f 1268/1297/1266 1282/1311/1280 1267/1295/1265
f 1269/1299/1267 1283/1312/1281 1268/1297/1266
f 1269/1299/1267 1285/1313/1283 1284/1314/1282
f 1270/1298/1268 1286/1315/1284 1285/1313/1283
f 1271/1300/1269 1287/1316/1285 1286/1315/1284
f 1272/1301/1270 1288/1317/1286 1287/1316/1285
f 1273/1302/1271 1289/1318/1287 1288/1317/1286
f 1274/1303/1272 1290/1319/1288 1289/1318/1287
f 1275/1304/1273 1291/1320/1289 1290/1319/1288
f 1278/1307/1276 1292/1321/1290 1277/1306/1275
f 1279/1308/1277 1293/1322/1291 1278/1307/1276
f 1280/1309/1278 1294/1323/1292 1279/1308/1277
f 1281/1310/1279 1295/1324/1293 1280/1309/1278
f 1282/1311/1280 1296/1325/1294 1281/1310/1279
f 1283/1312/1281 1297/1326/1295 1282/1311/1280
f 1284/1314/1282 1298/1327/1296 1283/1312/1281
f 1284/1314/1282 1300/1328/1298 1299/1329/1297
f 1285/1313/1283 1301/1330/1299 1300/1328/1298
f 1286/1315/1284 1302/1331/1300 1301/1330/1299
f 1287/1316/1285 1303/1332/1301 1302/1331/1300
f 1288/1317/1286 1304/1333/1302 1303/1332/1301
f 1289/1318/1287 1305/1334/1303 1304/1333/1302
f 1290/1319/1288 1306/1335/1304 1305/1334/1303
f 1293/1322/1291 1307/1336/1305 1292/1321/1290
f 1294/1323/1292 1308/1337/1306 1293/1322/1291
f 1295/1324/1293 1309/1338/1307 1294/1323/1292
f 1296/1325/1294 1310/1339/1308 1295/1324/1293
f 1297/1326/1295 1311/1340/1309 1296/1325/1294
f 1298/1327/1296 1312/1341/1310 1297/1326/1295
f 1299/1329/1297 1313/1342/1311 1298/1327/1296
f 1299/1329/1297 1315/1343/1313 1314/1344/1312
f 1300/1328/1298 1316/1345/1314 1315/1343/1313
f 1301/1330/1299 1317/1346/1315 1316/1345/1314
f 1302/1331/1300 1318/1347/1316 1317/1346/1315
f 1303/1332/1301 1319/1348/1317 1318/1347/1316
f 1304/1333/1302 1320/1349/1318 1319/1348/1317
f 1305/1334/1303 1321/1350/1319 1320/1349/1318
f 11/288/9 1097/1115/1095 17/289/15
f 91/541/89 1098/1118/1096 1097/1115/1095
f 90/589/88 1099/1120/1097 1098/1118/1096
f 89/587/87 1100/1122/1098 1099/1120/1097
f 88/586/86 1101/1124/1099 1100/1351/1098
f 87/585/85 1102/1127/1100 1101/1124/1099
f 86/584/84 1103/1129/1101 1102/1127/1100
f 85/583/83 1104/1132/1102 1103/1129/1101
f 83/581/81 1104/1132/1102 84/582/82
f 82/580/80 1105/1131/1103 83/581/81
f 81/579/79 1106/1133/1104 82/580/80
f 80/578/78 1107/1135/1105 81/579/79
f 79/577/77 1108/1137/1106 80/578/78
f 78/576/76 1109/1139/1107 79/577/77
f 77/575/75 1110/1141/1108 78/576/76
f 15/574/13 1111/1143/1109 77/575/75
f 136/814/134 1126/1159/1124 1111/1143/1109
f 135/860/133 1141/1175/1139 1126/1159/1124
f 134/859/132 1156/1191/1154 1141/1175/1139
f 133/858/131 1171/1207/1169 1156/1191/1154
f 132/857/130 1186/1223/1184 1171/1207/1169
f 131/856/129 1201/1239/1199 1186/1223/1184
f 130/855/128 1216/1352/1214 1201/1239/1199
f 1216/1352/1214 128/853/126 1231/1256/1229
f 1231/1256/1229 127/852/125 1246/1272/1244
f 1246/1272/1244 126/851/124 1261/1289/1259
f 1261/1289/1259 125/850/123 1276/1305/1274
f 1276/1305/1274 124/849/122 1291/1320/1289
f 1291/1320/1289 123/848/121 1306/1335/1304
f 1306/1335/1304 122/847/120 1321/1350/1319
f 1321/1350/1319 13/846/11 181/1085/179
f 1320/1349/1318 181/1085/179 180/1114/178
f 1319/1348/1317 180/1114/178 179/1113/177
f 1318/1347/1316 179/1113/177 178/1112/176
f 1317/1346/1315 178/1112/176 177/1111/175
f 1316/1345/1314 177/1111/175 176/1110/174
f 1315/1343/1313 176/1110/174 175/1109/173
f 1314/1344/1312 175/1109/173 174/1108/172
f 1314/1344/1312 173/1107/171 1313/1342/1311
f 1313/1342/1311 172/1106/170 1312/1341/1310
f 1312/1341/1310 171/1105/169 1311/1340/1309
f 1311/1340/1309 170/1104/168 1310/1339/1308
f 1310/1339/1308 169/1103/167 1309/1338/1307
f 1309/1338/1307 168/1102/166 1308/1337/1306
f 1308/1337/1306 167/1101/165 1307/1336/1305
f 1307/1336/1305 9/239/7 31/240/29
f 1292/1321/1290 31/240/29 30/302/28
f 1277/1306/1275 30/302/28 29/301/27
f 1262/1290/1260 29/301/27 28/300/26
f 1247/1273/1245 28/300/26 27/299/25
f 1232/1257/1230 27/299/25 26/298/24
f 1217/1241/1215 26/298/24 25/297/23
f 1202/1226/1200 25/297/23 24/296/22
f 23/295/21 1202/1226/1200 24/296/22
f 22/294/20 1187/1210/1185 23/295/21
f 21/293/19 1172/1194/1170 22/294/20
f 20/292/18 1157/1178/1155 21/293/19
f 19/291/17 1142/1162/1140 20/292/18
f 18/290/16 1127/1146/1125 19/291/17
f 17/289/15 1112/1117/1110 18/290/16
f 1322/1353/1320 1338/1354/1336 1337/1355/1335
f 1323/1356/1321 1339/1357/1337 1338/1354/1336
f 1324/1358/1322 1340/1359/1338 1339/1357/1337
f 1325/1360/1323 1341/1361/1339 1340/1359/1338
f 1326/1362/1324 1342/1363/1340 1341/1361/1339
f 1327/1364/1325 1343/1365/1341 1342/1363/1340
f 1328/1366/1326 1344/1367/1342 1343/1365/1341
f 1330/1368/1328 1344/1367/1342 1329/1369/1327
f 1331/1370/1329 1345/1371/1343 1330/1368/1328
f 1332/1372/1330 1346/1373/1344 1331/1370/1329
f 1333/1374/1331 1347/1375/1345 1332/1376/1330
f 1334/1377/1332 1348/1378/1346 1333/1374/1331
f 1335/1379/1333 1349/1380/1347 1334/1377/1332
f 1336/1381/1334 1350/1382/1348 1335/1379/1333
f 1337/1355/1335 1353/1383/1351 1352/1384/1350
f 1338/1354/1336 1354/1385/1352 1353/1383/1351
f 1339/1357/1337 1355/1386/1353 1354/1385/1352
f 1340/1359/1338 1356/1387/1354 1355/1386/1353
f 1341/1361/1339 1357/1388/1355 1356/1387/1354
f 1342/1363/1340 1358/1389/1356 1357/1388/1355
f 1343/1365/1341 1359/1390/1357 1358/1389/1356
f 1345/1371/1343 1359/1390/1357 1344/1367/1342
f 1346/1373/1344 1360/1391/1358 1345/1371/1343
f 1347/1392/1345 1361/1393/1359 1346/1373/1344
f 1348/1378/1346 1362/1394/1360 1347/1375/1345
f 1349/1380/1347 1363/1395/1361 1348/1378/1346
f 1350/1382/1348 1364/1396/1362 1349/1380/1347
f 1351/1397/1349 1365/1398/1363 1350/1382/1348
f 1352/1384/1350 1368/1399/1366 1367/1400/1365
f 1353/1383/1351 1369/1401/1367 1368/1399/1366
f 1354/1385/1352 1370/1402/1368 1369/1401/1367
f 1355/1386/1353 1371/1403/1369 1370/1402/1368
f 1356/1387/1354 1372/1404/1370 1371/1403/1369
f 1357/1388/1355 1373/1405/1371 1372/1404/1370
f 1358/1389/1356 1374/1406/1372 1373/1405/1371
f 1360/1391/1358 1374/1406/1372 1359/1390/1357
f 1361/1393/1359 1375/1407/1373 1360/1391/1358
f 1362/1408/1360 1376/1409/1374 1361/1393/1359
f 1363/1395/1361 1377/1410/1375 1362/1394/1360
f 1364/1396/1362 1378/1411/1376 1363/1395/1361
f 1365/1398/1363 1379/1412/1377 1364/1396/1362
f 1366/1413/1364 1380/1414/1378 1365/1398/1363
f 1367/1400/1365 1383/1415/1381 1382/1416/1380
f 1368/1399/1366 1384/1417/1382 1383/1415/1381
f 1369/1401/1367 1385/1418/1383 1384/1417/1382
f 1370/1402/1368 1386/1419/1384 1385/1418/1383
f 1371/1403/1369 1387/1420/1385 1386/1419/1384
f 1372/1404/1370 1388/1421/1386 1387/1420/1385
f 1373/1405/1371 1389/1422/1387 1388/1421/1386
f 1375/1407/1373 1389/1422/1387 1374/1406/1372
f 1376/1409/1374 1390/1423/1388 1375/1407/1373
f 1377/1410/1375 1391/1424/1389 1376/1425/1374
f 1378/1411/1376 1392/1426/1390 1377/1410/1375
f 1379/1412/1377 1393/1427/1391 1378/1411/1376
f 1380/1414/1378 1394/1428/1392 1379/1412/1377
f 1381/1429/1379 1395/1430/1393 1380/1414/1378
f 1382/1416/1380 1398/1431/1396 1397/1432/1395
f 1383/1415/1381 1399/1433/1397 1398/1431/1396
f 1384/1417/1382 1400/1434/1398 1399/1433/1397
f 1385/1418/1383 1401/1435/1399 1400/1434/1398
f 1386/1419/1384 1402/1436/1400 1401/1435/1399
f 1387/1420/1385 1403/1437/1401 1402/1436/1400
f 1388/1421/1386 1404/1438/1402 1403/1437/1401
f 1390/1423/1388 1404/1438/1402 1389/1422/1387
f 1391/1439/1389 1405/1440/1403 1390/1423/1388
f 1392/1426/1390 1406/1441/1404 1391/1424/1389
f 1393/1427/1391 1407/1442/1405 1392/1426/1390
f 1394/1428/1392 1408/1443/1406 1393/1427/1391
f 1395/1430/1393 1409/1444/1407 1394/1428/1392
f 1396/1445/1394 1410/1446/1408 1395/1430/1393
f 1397/1432/1395 1413/1447/1411 1412/1448/1410
f 1398/1431/1396 1414/1449/1412 1413/1447/1411
f 1399/1433/1397 1415/1450/1413 1414/1449/1412
f 1400/1434/1398 1416/1451/1414 1415/1450/1413
f 1401/1435/1399 1417/1452/1415 1416/1451/1414
f 1402/1436/1400 1418/1453/1416 1417/1452/1415
f 1403/1437/1401 1419/1454/1417 1418/1453/1416
f 1405/1440/1403 1419/1454/1417 1404/1438/1402
f 1406/1441/1404 1420/1455/1418 1405/1440/1403
f 1407/1442/1405 1421/1456/1419 1406/1441/1404
f 1408/1443/1406 1422/1457/1420 1407/1442/1405
f 1409/1444/1407 1423/1458/1421 1408/1443/1406
f 1410/1446/1408 1424/1459/1422 1409/1444/1407
f 1411/1460/1409 1425/1461/1423 1410/1446/1408
f 1412/1448/1410 1428/1462/1426 1427/1463/1425
f 1413/1447/1411 1429/1464/1427 1428/1462/1426
f 1414/1449/1412 1430/1465/1428 1429/1464/1427
f 1415/1450/1413 1431/1466/1429 1430/1465/1428
f 1416/1451/1414 1432/1467/1430 1431/1466/1429
f 1417/1452/1415 1433/1468/1431 1432/1467/1430
f 1418/1453/1416 1434/1469/1432 1433/1468/1431
f 1420/1455/1418 1434/1469/1432 1419/1454/1417
f 1421/1456/1419 1435/1470/1433 1420/1455/1418
f 1422/1457/1420 1436/1471/1434 1421/1456/1419
f 1423/1458/1421 1437/1472/1435 1422/1457/1420
f 1424/1459/1422 1438/1473/1436 1423/1458/1421
f 1425/1461/1423 1439/1474/1437 1424/1459/1422
f 1426/1475/1424 1440/1476/1438 1425/1461/1423
f 1428/1462/1426 1442/1477/1440 1427/1463/1425
f 1429/1464/1427 1443/1478/1441 1428/1462/1426
f 1430/1465/1428 1444/1479/1442 1429/1464/1427
f 1431/1466/1429 1445/1480/1443 1430/1465/1428
f 1432/1467/1430 1446/1481/1444 1431/1466/1429
f 1433/1468/1431 1447/1482/1445 1432/1467/1430
f 1434/1469/1432 1448/1483/1446 1433/1468/1431
f 1434/1469/1432 1450/1484/1448 1449/1485/1447
f 1435/1470/1433 1451/1486/1449 1450/1484/1448
f 1436/1471/1434 1452/1487/1450 1451/1486/1449
f 1437/1472/1435 1453/1488/1451 1452/1487/1450
f 1438/1473/1436 1454/1489/1452 1453/1488/1451
f 1439/1474/1437 1455/1490/1453 1454/1489/1452
f 1440/1476/1438 1456/1491/1454 1455/1490/1453
f 1443/1478/1441 1457/1492/1455 1442/1477/1440
f 1444/1479/1442 1458/1493/1456 1443/1478/1441
f 1445/1480/1443 1459/1494/1457 1444/1479/1442
f 1446/1481/1444 1460/1495/1458 1445/1480/1443
f 1447/1482/1445 1461/1496/1459 1446/1481/1444
f 1448/1483/1446 1462/1497/1460 1447/1482/1445
f 1449/1485/1447 1463/1498/1461 1448/1483/1446
f 1449/1485/1447 1465/1499/1463 1464/1500/1462
f 1450/1484/1448 1466/1501/1464 1465/1499/1463
f 1451/1486/1449 1467/1502/1465 1466/1501/1464
f 1452/1487/1450 1468/1503/1466 1467/1502/1465
f 1453/1488/1451 1469/1504/1467 1468/1503/1466
f 1454/1489/1452 1470/1505/1468 1469/1504/1467
f 1455/1490/1453 1471/1506/1469 1470/1505/1468
f 1458/1493/1456 1472/1507/1470 1457/1492/1455
f 1459/1494/1457 1473/1508/1471 1458/1493/1456
f 1460/1495/1458 1474/1509/1472 1459/1494/1457
f 1461/1496/1459 1475/1510/1473 1460/1495/1458
f 1462/1497/1460 1476/1511/1474 1461/1496/1459
f 1463/1498/1461 1477/1512/1475 1462/1497/1460
f 1464/1500/1462 1478/1513/1476 1463/1498/1461
f 1464/1500/1462 1480/1514/1478 1479/1515/1477
f 1465/1499/1463 1481/1516/1479 1480/1514/1478
f 1466/1501/1464 1482/1517/1480 1481/1516/1479
f 1467/1502/1465 1483/1518/1481 1482/1517/1480
f 1468/1503/1466 1484/1519/1482 1483/1518/1481
f 1469/1504/1467 1485/1520/1483 1484/1519/1482
f 1470/1505/1468 1486/1521/1484 1485/1520/1483
f 1473/1508/1471 1487/1522/1485 1472/1507/1470
f 1474/1509/1472 1488/1523/1486 1473/1508/1471
f 1475/1510/1473 1489/1524/1487 1474/1509/1472
f 1476/1511/1474 1490/1525/1488 1475/1510/1473
f 1477/1512/1475 1491/1526/1489 1476/1511/1474
f 1478/1513/1476 1492/1527/1490 1477/1512/1475
f 1479/1515/1477 1493/1528/1491 1478/1513/1476
f 1479/1515/1477 1495/1529/1493 1494/1530/1492
f 1480/1514/1478 1496/1531/1494 1495/1529/1493
f 1481/1516/1479 1497/1532/1495 1496/1531/1494
f 1482/1517/1480 1498/1533/1496 1497/1532/1495
f 1483/1518/1481 1499/1534/1497 1498/1533/1496
f 1484/1519/1482 1500/1535/1498 1499/1534/1497
f 1485/1520/1483 1501/1536/1499 1500/1535/1498
f 1488/1523/1486 1502/1537/1500 1487/1522/1485
f 1489/1524/1487 1503/1538/1501 1488/1523/1486
f 1490/1525/1488 1504/1539/1502 1489/1524/1487
f 1491/1526/1489 1505/1540/1503 1490/1525/1488
f 1492/1527/1490 1506/1541/1504 1491/1526/1489
f 1493/1528/1491 1507/1542/1505 1492/1527/1490
f 1494/1530/1492 1508/1543/1506 1493/1528/1491
f 1494/1530/1492 1510/1544/1508 1509/1545/1507
f 1495/1529/1493 1511/1546/1509 1510/1544/1508
f 1496/1531/1494 1512/1547/1510 1511/1546/1509
f 1497/1532/1495 1513/1548/1511 1512/1547/1510
f 1498/1533/1496 1514/1549/1512 1513/1548/1511
f 1499/1534/1497 1515/1550/1513 1514/1549/1512
f 1500/1535/1498 1516/1551/1514 1515/1550/1513
f 1503/1538/1501 1517/1552/1515 1502/1537/1500
f 1504/1539/1502 1518/1553/1516 1503/1538/1501
f 1505/1540/1503 1519/1554/1517 1504/1539/1502
f 1506/1541/1504 1520/1555/1518 1505/1540/1503
f 1507/1542/1505 1521/1556/1519 1506/1541/1504
f 1508/1543/1506 1522/1557/1520 1507/1542/1505
f 1509/1545/1507 1523/1558/1521 1508/1543/1506
f 1509/1545/1507 1525/1559/1523 1524/1560/1522
f 1510/1544/1508 1526/1561/1524 1525/1559/1523
f 1511/1546/1509 1527/1562/1525 1526/1561/1524
f 1512/1547/1510 1528/1563/1526 1527/1562/1525
f 1513/1548/1511 1529/1564/1527 1528/1563/1526
f 1514/1549/1512 1530/1565/1528 1529/1564/1527
f 1515/1550/1513 1531/1566/1529 1530/1565/1528
f 1518/1553/1516 1532/1567/1530 1517/1552/1515
f 1519/1554/1517 1533/1568/1531 1518/1553/1516
f 1520/1555/1518 1534/1569/1532 1519/1554/1517
f 1521/1556/1519 1535/1570/1533 1520/1555/1518
f 1522/1557/1520 1536/1571/1534 1521/1556/1519
f 1523/1558/1521 1537/1572/1535 1522/1557/1520
f 1524/1560/1522 1538/1573/1536 1523/1558/1521
f 1524/1560/1522 1540/1574/1538 1539/1575/1537
f 1525/1559/1523 1541/1576/1539 1540/1574/1538
f 1526/1561/1524 1542/1577/1540 1541/1576/1539
f 1527/1562/1525 1543/1578/1541 1542/1577/1540
f 1528/1563/1526 1544/1579/1542 1543/1578/1541
f 1529/1564/1527 1545/1580/1543 1544/1579/1542
f 1530/1565/1528 1546/1581/1544 1545/1580/1543
f 16/558/14 1322/1353/1320 137/815/135
f 106/557/104 1323/1356/1321 1322/1353/1320
f 105/556/103 1324/1358/1322 1323/1356/1321
f 104/555/102 1325/1360/1323 1324/1358/1322
f 103/554/101 1326/1362/1324 1325/1360/1323
f 102/553/100 1327/1364/1325 1326/1362/1324
f 101/552/99 1328/1366/1326 1327/1364/1325
f 100/551/98 1329/1369/1327 1328/1366/1326
f 98/549/96 1329/1369/1327 99/1582/97
f 97/548/95 1330/1368/1328 98/549/96
f 96/547/94 1331/1370/1329 97/548/95
f 95/546/93 1332/1372/1330 96/547/94
f 94/544/92 1333/1374/1331 95/1583/93
f 93/543/91 1334/1377/1332 94/544/92
f 92/542/90 1335/1379/1333 93/543/91
f 12/272/10 1336/1381/1334 92/542/90
f 61/271/59 1351/1397/1349 1336/1381/1334
f 60/270/58 1366/1413/1364 1351/1397/1349
f 59/269/57 1381/1429/1379 1366/1413/1364
f 58/268/56 1396/1445/1394 1381/1429/1379
f 57/267/55 1411/1460/1409 1396/1445/1394
f 56/266/54 1426/1475/1424 1411/1460/1409
f 55/265/53 1441/1584/1439 1426/1475/1424
f 1441/1584/1439 53/263/51 1456/1491/1454
f 1456/1491/1454 52/262/50 1471/1506/1469
f 1471/1506/1469 51/261/49 1486/1521/1484
f 1486/1521/1484 50/260/48 1501/1536/1499
f 1501/1536/1499 49/259/47 1516/1551/1514
f 1516/1551/1514 48/258/46 1531/1566/1529
f 1531/1566/1529 47/257/45 1546/1581/1544
f 1546/1581/1544 10/256/8 196/1100/194
f 1545/1580/1543 196/1100/194 195/1099/193
f 1544/1579/1542 195/1099/193 194/1098/192
f 1543/1578/1541 194/1098/192 193/1097/191
f 1542/1577/1540 193/1097/191 192/1096/190
f 1541/1576/1539 192/1096/190 191/1095/189
f 1540/1574/1538 191/1095/189 190/1094/188
f 1539/1575/1537 190/1094/188 189/1585/187
f 1539/1575/1537 188/1092/186 1538/1573/1536
f 1538/1573/1536 187/1091/185 1537/1572/1535
f 1537/1572/1535 186/1090/184 1536/1571/1534
f 1536/1571/1534 185/1089/183 1535/1570/1533
f 1535/1570/1533 184/1088/182 1534/1569/1532
f 1534/1569/1532 183/1087/181 1533/1568/1531
f 1533/1568/1531 182/1086/180 1532/1567/1530
f 1532/1567/1530 14/830/12 151/829/149
f 1517/1552/1515 151/829/149 150/828/148
f 1502/1537/1500 150/828/148 149/827/147
f 1487/1522/1485 149/827/147 148/826/146
f 1472/1507/1470 148/826/146 147/825/145
f 1457/1492/1455 147/825/145 146/824/144
f 1442/1477/1440 146/824/144 145/823/143
f 1427/1463/1425 145/823/143 144/1586/142
f 143/821/141 1427/1463/1425 144/1586/142
f 142/820/140 1412/1448/1410 143/821/141
f 141/819/139 1397/1432/1395 142/820/140
f 140/818/138 1382/1416/1380 141/819/139
f 139/817/137 1367/1400/1365 140/818/138
f 138/816/136 1352/1384/1350 139/817/137
f 137/815/135 1337/1355/1335 138/816/136
f 197/15/195 198/18/196 213/16/211
f 198/18/196 199/20/197 214/19/212
f 199/20/197 200/22/198 215/21/213
f 200/22/198 201/24/199 216/23/214
f 201/24/199 202/26/200 217/25/215
f 202/26/200 203/28/201 218/27/216
f 203/28/201 204/31/202 219/29/217
f 205/30/203 220/33/218 219/29/217
f 206/32/204 221/35/219 220/33/218
f 207/34/205 222/37/220 221/35/219
f 208/36/206 223/39/221 222/37/220
f 209/38/207 224/41/222 223/39/221
f 210/40/208 225/43/223 224/41/222
f 211/42/209 226/57/224 225/43/223
f 212/17/210 213/16/211 228/44/226
f 213/16/211 214/19/212 229/46/227
f 214/19/212 215/21/213 230/47/228
f 215/21/213 216/23/214 231/48/229
f 216/23/214 217/25/215 232/49/230
f 217/25/215 218/27/216 233/50/231
f 218/27/216 219/29/217 234/51/232
f 220/33/218 235/52/233 234/51/232
f 221/35/219 236/53/234 235/52/233
f 222/37/220 237/54/235 236/53/234
f 223/39/221 238/55/236 237/54/235
f 224/41/222 239/56/237 238/55/236
f 225/43/223 240/58/238 239/56/237
f 226/57/224 241/72/239 240/58/238
f 227/45/225 228/44/226 243/59/241
f 228/44/226 229/46/227 244/61/242
f 229/46/227 230/47/228 245/62/243
f 230/47/228 231/48/229 246/63/244
f 231/48/229 232/49/230 247/64/245
f 232/49/230 233/50/231 248/65/246
f 233/50/231 234/51/232 249/66/247
f 235/52/233 250/67/248 249/66/247
f 236/53/234 251/68/249 250/67/248
f 237/54/235 252/69/250 251/68/249
f 238/55/236 253/70/251 252/69/250
f 239/56/237 254/71/252 253/70/251
f 240/58/238 255/73/253 254/71/252
f 241/72/239 256/87/254 255/73/253
f 242/60/240 243/59/241 258/74/256
f 243/59/241 244/61/242 259/76/257
f 244/61/242 245/62/243 260/77/258
f 245/62/243 246/63/244 261/78/259
f 246/63/244 247/64/245 262/79/260
f 247/64/245 248/65/246 263/80/261
f 248/65/246 249/66/247 264/81/262
f 250/67/248 265/82/263 264/81/262
f 251/68/249 266/83/264 265/82/263
f 252/69/250 267/84/265 266/83/264
f 253/70/251 268/85/266 267/84/265
f 254/71/252 269/86/267 268/85/266
f 255/73/253 270/88/268 269/86/267
f 256/87/254 271/102/269 270/88/268
f 257/75/255 258/74/256 273/89/271
f 258/74/256 259/76/257 274/91/272
f 259/76/257 260/77/258 275/92/273
f 260/77/258 261/78/259 276/93/274
f 261/78/259 262/79/260 277/94/275
f 262/79/260 263/80/261 278/95/276
f 263/80/261 264/81/262 279/96/277
f 265/82/263 280/97/278 279/96/277
f 266/83/264 281/98/279 280/97/278
f 267/84/265 282/99/280 281/98/279
f 268/85/266 283/100/281 282/99/280
f 269/86/267 284/101/282 283/100/281
f 270/88/268 285/103/283 284/101/282
f 271/102/269 286/117/284 285/103/283
f 272/90/270 273/89/271 288/104/286
f 273/89/271 274/91/272 289/106/287
f 274/91/272 275/92/273 290/107/288
f 275/92/273 276/93/274 291/108/289
f 276/93/274 277/94/275 292/109/290
f 277/94/275 278/95/276 293/110/291
f 278/95/276 279/96/277 294/111/292
f 280/97/278 295/112/293 294/111/292
f 281/98/279 296/113/294 295/112/293
f 282/99/280 297/114/295 296/113/294
f 283/100/281 298/115/296 297/114/295
f 284/101/282 299/116/297 298/115/296
f 285/103/283 300/118/298 299/116/297
f 286/117/284 301/132/299 300/118/298
f 287/105/285 288/104/286 303/119/301
f 288/104/286 289/106/287 304/121/302
f 289/106/287 290/107/288 305/122/303
f 290/107/288 291/108/289 306/123/304
f 291/108/289 292/109/290 307/124/305
f 292/109/290 293/110/291 308/125/306
f 293/110/291 294/111/292 309/126/307
f 295/112/293 310/127/308 309/126/307
f 296/113/294 311/128/309 310/127/308
f 297/114/295 312/129/310 311/128/309
f 298/115/296 313/130/311 312/129/310
f 299/116/297 314/131/312 313/130/311
f 300/118/298 315/133/313 314/131/312
f 301/132/299 316/264/314 315/133/313
f 303/119/301 318/135/316 317/134/315
f 304/121/302 319/136/317 318/135/316
f 305/122/303 320/137/318 319/136/317
f 306/123/304 321/138/319 320/137/318
f 307/124/305 322/139/320 321/138/319
f 308/125/306 323/140/321 322/139/320
f 309/126/307 324/142/322 323/140/321
f 309/126/307 310/127/308 325/141/323
f 310/127/308 311/128/309 326/143/324
f 311/128/309 312/129/310 327/144/325
f 312/129/310 313/130/311 328/145/326
f 313/130/311 314/131/312 329/146/327
f 314/131/312 315/133/313 330/147/328
f 315/133/313 316/264/314 331/148/329
f 318/135/316 333/150/331 332/149/330
f 319/136/317 334/151/332 333/150/331
f 320/137/318 335/152/333 334/151/332
f 321/138/319 336/153/334 335/152/333
f 322/139/320 337/154/335 336/153/334
f 323/140/321 338/155/336 337/154/335
f 324/142/322 339/157/337 338/155/336
f 324/142/322 325/141/323 340/156/338
f 325/141/323 326/143/324 341/158/339
f 326/143/324 327/144/325 342/159/340
f 327/144/325 328/145/326 343/160/341
f 328/145/326 329/146/327 344/161/342
f 329/146/327 330/147/328 345/162/343
f 330/147/328 331/148/329 346/163/344
f 333/150/331 348/165/346 347/164/345
f 334/151/332 349/166/347 348/165/346
f 335/152/333 350/167/348 349/166/347
f 336/153/334 351/168/349 350/167/348
f 337/154/335 352/169/350 351/168/349
f 338/155/336 353/170/351 352/169/350
f 339/157/337 354/172/352 353/170/351
f 339/157/337 340/156/338 355/171/353
f 340/156/338 341/158/339 356/173/354
f 341/158/339 342/159/340 357/174/355
f 342/159/340 343/160/341 358/175/356
f 343/160/341 344/161/342 359/176/357
f 344/161/342 345/162/343 360/177/358
f 345/162/343 346/163/344 361/178/359
f 348/165/346 363/180/361 362/179/360
f 349/166/347 364/181/362 363/180/361
f 350/167/348 365/182/363 364/181/362
f 351/168/349 366/183/364 365/182/363
f 352/169/350 367/184/365 366/183/364
f 353/170/351 368/185/366 367/184/365
f 354/172/352 369/187/367 368/185/366
f 354/172/352 355/171/353 370/186/368
f 355/171/353 356/173/354 371/188/369
f 356/173/354 357/174/355 372/189/370
f 357/174/355 358/175/356 373/190/371
f 358/175/356 359/176/357 374/191/372
f 359/176/357 360/177/358 375/192/373
f 360/177/358 361/178/359 376/193/374
f 363/180/361 378/195/376 377/194/375
f 364/181/362 379/196/377 378/195/376
f 365/182/363 380/197/378 379/196/377
f 366/183/364 381/198/379 380/197/378
f 367/184/365 382/199/380 381/198/379
f 368/185/366 383/200/381 382/199/380
f 369/187/367 384/202/382 383/200/381
f 369/187/367 370/186/368 385/201/383
f 370/186/368 371/188/369 386/203/384
f 371/188/369 372/189/370 387/204/385
f 372/189/370 373/190/371 388/205/386
f 373/190/371 374/191/372 389/206/387
f 374/191/372 375/192/373 390/207/388
f 375/192/373 376/193/374 391/208/389
f 378/195/376 393/210/391 392/209/390
f 379/196/377 394/211/392 393/210/391
f 380/197/378 395/212/393 394/211/392
f 381/198/379 396/213/394 395/212/393
f 382/199/380 397/214/395 396/213/394
f 383/200/381 398/215/396 397/214/395
f 384/202/382 399/217/397 398/215/396
f 384/202/382 385/201/383 400/216/398
f 385/201/383 386/203/384 401/218/399
f 386/203/384 387/204/385 402/219/400
f 387/204/385 388/205/386 403/220/401
f 388/205/386 389/206/387 404/221/402
f 389/206/387 390/207/388 405/222/403
f 390/207/388 391/208/389 406/223/404
f 393/210/391 408/225/406 407/224/405
f 394/211/392 409/226/407 408/225/406
f 395/212/393 410/227/408 409/226/407
f 396/213/394 411/228/409 410/227/408
f 397/214/395 412/229/410 411/228/409
f 398/215/396 413/230/411 412/229/410
f 399/217/397 414/232/412 413/230/411
f 399/217/397 400/216/398 415/231/413
f 400/216/398 401/218/399 416/233/414
f 401/218/399 402/219/400 417/234/415
f 402/219/400 403/220/401 418/235/416
f 403/220/401 404/221/402 419/236/417
f 404/221/402 405/222/403 420/237/418
f 405/222/403 406/223/404 421/238/419
f 9/239/7 32/241/30 197/15/195
f 32/241/30 33/242/31 198/18/196
f 33/242/31 34/243/32 199/20/197
f 34/243/32 35/244/33 200/22/198
f 35/244/33 36/245/34 201/24/199
f 36/245/34 37/246/35 202/26/200
f 37/246/35 38/247/36 203/28/201
f 38/247/36 39/249/37 204/31/202
f 40/248/38 205/30/203 204/31/202
f 41/250/39 206/32/204 205/30/203
f 42/251/40 207/34/205 206/32/204
f 43/252/41 208/36/206 207/34/205
f 44/253/42 209/38/207 208/36/206
f 45/254/43 210/40/208 209/38/207
f 46/255/44 211/42/209 210/40/208
f 10/256/8 47/257/45 211/42/209
f 47/257/45 48/258/46 226/57/224
f 48/258/46 49/259/47 241/72/239
f 49/259/47 50/260/48 256/87/254
f 50/260/48 51/261/49 271/102/269
f 51/261/49 52/262/50 286/117/284
f 52/262/50 53/263/51 301/132/299
f 53/263/51 54/1587/52 316/264/314
f 316/264/314 54/1587/52 55/265/53
f 331/148/329 55/265/53 56/266/54
f 346/163/344 56/266/54 57/267/55
f 361/178/359 57/267/55 58/268/56
f 376/193/374 58/268/56 59/269/57
f 391/208/389 59/269/57 60/270/58
f 406/223/404 60/270/58 61/271/59
f 421/238/419 61/271/59 12/272/10
f 420/237/418 421/238/419 62/273/60
f 419/236/417 420/237/418 63/274/61
f 418/235/416 419/236/417 64/275/62
f 417/234/415 418/235/416 65/276/63
f 416/233/414 417/234/415 66/277/64
f 415/231/413 416/233/414 67/278/65
f 414/232/412 415/231/413 68/279/66
f 414/232/412 69/280/67 70/281/68
f 413/230/411 70/281/68 71/282/69
f 412/229/410 71/282/69 72/283/70
f 411/228/409 72/283/70 73/284/71
f 410/227/408 73/284/71 74/285/72
f 409/226/407 74/285/72 75/286/73
f 408/225/406 75/286/73 76/287/74
f 407/224/405 76/287/74 11/288/9
f 392/209/390 407/224/405 17/289/15
f 377/194/375 392/209/390 18/290/16
f 362/179/360 377/194/375 19/291/17
f 347/164/345 362/179/360 20/292/18
f 332/149/330 347/164/345 21/293/19
f 317/134/315 332/149/330 22/294/20
f 302/120/300 317/134/315 23/295/21
f 25/297/23 287/105/285 302/120/300
f 26/298/24 272/90/270 287/105/285
f 27/299/25 257/75/255 272/90/270
f 28/300/26 242/60/240 257/75/255
f 29/301/27 227/45/225 242/60/240
f 30/302/28 212/17/210 227/45/225
f 31/240/29 197/15/195 212/17/210
f 422/303/420 423/306/421 438/304/436
f 423/306/421 424/308/422 439/307/437
f 424/308/422 425/310/423 440/309/438
f 425/310/423 426/312/424 441/311/439
f 426/312/424 427/314/425 442/313/440
f 427/314/425 428/316/426 443/315/441
f 428/316/426 429/319/427 444/317/442
f 430/318/428 445/321/443 444/317/442
f 431/320/429 446/323/444 445/321/443
f 432/322/430 447/325/445 446/323/444
f 433/324/431 448/327/446 447/325/445
f 434/326/432 449/329/447 448/327/446
f 435/328/433 450/331/448 449/329/447
f 436/330/434 451/345/449 450/331/448
f 437/305/435 438/304/436 453/332/451
f 438/304/436 439/307/437 454/334/452
f 439/307/437 440/309/438 455/335/453
f 440/309/438 441/311/439 456/336/454
f 441/311/439 442/313/440 457/337/455
f 442/313/440 443/315/441 458/338/456
f 443/315/441 444/317/442 459/339/457
f 445/321/443 460/340/458 459/339/457
f 446/323/444 461/341/459 460/340/458
f 447/325/445 462/342/460 461/341/459
f 448/327/446 463/343/461 462/342/460
f 449/329/447 464/344/462 463/343/461
f 450/331/448 465/346/463 464/344/462
f 451/345/449 466/360/464 465/346/463
f 452/333/450 453/332/451 468/347/466
f 453/332/451 454/334/452 469/349/467
f 454/334/452 455/335/453 470/350/468
f 455/335/453 456/336/454 471/351/469
f 456/336/454 457/337/455 472/352/470
f 457/337/455 458/338/456 473/353/471
f 458/338/456 459/339/457 474/354/472
f 460/340/458 475/355/473 474/354/472
f 461/341/459 476/356/474 475/355/473
f 462/342/460 477/357/475 476/356/474
f 463/343/461 478/358/476 477/357/475
f 464/344/462 479/359/477 478/358/476
f 465/346/463 480/361/478 479/359/477
f 466/360/464 481/545/479 480/361/478
f 467/362/465 468/365/466 483/363/481
f 468/365/466 469/367/467 484/366/482
f 469/367/467 470/369/468 485/368/483
f 470/369/468 471/371/469 486/370/484
f 471/371/469 472/373/470 487/372/485
f 472/373/470 473/375/471 488/374/486
f 473/375/471 474/378/472 489/376/487
f 475/377/473 490/380/488 489/376/487
f 476/379/474 491/382/489 490/380/488
f 477/381/475 492/384/490 491/382/489
f 478/383/476 493/386/491 492/384/490
f 479/385/477 494/388/492 493/386/491
f 480/387/478 495/390/493 494/388/492
f 481/389/479 496/404/494 495/390/493
f 482/364/480 483/363/481 498/391/496
f 483/363/481 484/366/482 499/393/497
f 484/366/482 485/368/483 500/394/498
f 485/368/483 486/370/484 501/395/499
f 486/370/484 487/372/485 502/396/500
f 487/372/485 488/374/486 503/397/501
f 488/374/486 489/376/487 504/398/502
f 490/380/488 505/399/503 504/398/502
f 491/382/489 506/400/504 505/399/503
f 492/384/490 507/401/505 506/400/504
f 493/386/491 508/402/506 507/401/505
f 494/388/492 509/403/507 508/402/506
f 495/390/493 510/405/508 509/403/507
f 496/404/494 511/419/509 510/405/508
f 497/392/495 498/391/496 513/406/511
f 498/391/496 499/393/497 514/408/512
f 499/393/497 500/394/498 515/409/513
f 500/394/498 501/395/499 516/410/514
f 501/395/499 502/396/500 517/411/515
f 502/396/500 503/397/501 518/412/516
f 503/397/501 504/398/502 519/413/517
f 505/399/503 520/414/518 519/413/517
f 506/400/504 521/415/519 520/414/518
f 507/401/505 522/416/520 521/415/519
f 508/402/506 523/417/521 522/416/520
f 509/403/507 524/418/522 523/417/521
f 510/405/508 525/420/523 524/418/522
f 511/419/509 526/434/524 525/420/523
f 512/407/510 513/406/511 528/421/526
f 513/406/511 514/408/512 529/423/527
f 514/408/512 515/409/513 530/424/528
f 515/409/513 516/410/514 531/425/529
f 516/410/514 517/411/515 532/426/530
f 517/411/515 518/412/516 533/427/531
f 518/412/516 519/413/517 534/428/532
f 520/414/518 535/429/533 534/428/532
f 521/415/519 536/430/534 535/429/533
f 522/416/520 537/431/535 536/430/534
f 523/417/521 538/432/536 537/431/535
f 524/418/522 539/433/537 538/432/536
f 525/420/523 540/435/538 539/433/537
f 526/434/524 541/550/539 540/435/538
f 528/421/526 543/437/541 542/436/540
f 529/423/527 544/438/542 543/437/541
f 530/424/528 545/439/543 544/438/542
f 531/425/529 546/440/544 545/439/543
f 532/426/530 547/441/545 546/440/544
f 533/427/531 548/442/546 547/441/545
f 534/428/532 549/444/547 548/442/546
f 534/428/532 535/429/533 550/443/548
f 535/429/533 536/430/534 551/445/549
f 536/430/534 537/431/535 552/446/550
f 537/431/535 538/432/536 553/447/551
f 538/432/536 539/433/537 554/448/552
f 539/433/537 540/435/538 555/449/553
f 540/435/538 541/550/539 556/450/554
f 543/437/541 558/452/556 557/451/555
f 544/438/542 559/453/557 558/452/556
f 545/439/543 560/454/558 559/453/557
f 546/440/544 561/455/559 560/454/558
f 547/441/545 562/456/560 561/455/559
f 548/442/546 563/457/561 562/456/560
f 549/444/547 564/459/562 563/457/561
f 549/444/547 550/443/548 565/458/563
f 550/443/548 551/445/549 566/460/564
f 551/445/549 552/446/550 567/461/565
f 552/446/550 553/447/551 568/462/566
f 553/447/551 554/448/552 569/463/567
f 554/448/552 555/449/553 570/464/568
f 555/449/553 556/450/554 571/465/569
f 558/452/556 573/467/571 572/466/570
f 559/453/557 574/468/572 573/467/571
f 560/454/558 575/469/573 574/468/572
f 561/455/559 576/470/574 575/469/573
f 562/456/560 577/471/575 576/470/574
f 563/457/561 578/472/576 577/471/575
f 564/459/562 579/474/577 578/472/576
f 564/459/562 565/458/563 580/473/578
f 565/458/563 566/460/564 581/475/579
f 566/460/564 567/461/565 582/476/580
f 567/461/565 568/462/566 583/477/581
f 568/462/566 569/463/567 584/478/582
f 569/463/567 570/464/568 585/479/583
f 570/464/568 571/465/569 586/480/584
f 573/467/571 588/482/586 587/481/585
f 574/468/572 589/483/587 588/482/586
f 575/469/573 590/484/588 589/483/587
f 576/470/574 591/485/589 590/484/588
f 577/471/575 592/486/590 591/485/589
f 578/472/576 593/487/591 592/486/590
f 579/474/577 594/489/592 593/487/591
f 579/474/577 580/473/578 595/488/593
f 580/473/578 581/475/579 596/490/594
f 581/475/579 582/476/580 597/491/595
f 582/476/580 583/477/581 598/492/596
f 583/477/581 584/478/582 599/493/597
f 584/478/582 585/479/583 600/494/598
f 585/479/583 586/480/584 601/495/599
f 588/482/586 603/497/601 602/496/600
f 589/483/587 604/498/602 603/497/601
f 590/484/588 605/499/603 604/498/602
f 591/485/589 606/500/604 605/499/603
f 592/486/590 607/501/605 606/500/604
f 593/487/591 608/502/606 607/501/605
f 594/489/592 609/504/607 608/502/606
f 594/489/592 595/488/593 610/503/608
f 595/488/593 596/490/594 611/505/609
f 596/490/594 597/491/595 612/506/610
f 597/491/595 598/492/596 613/507/611
f 598/492/596 599/493/597 614/508/612
f 599/493/597 600/494/598 615/509/613
f 600/494/598 601/495/599 616/510/614
f 603/497/601 618/512/616 617/511/615
f 604/498/602 619/513/617 618/512/616
f 605/499/603 620/514/618 619/513/617
f 606/500/604 621/515/619 620/514/618
f 607/501/605 622/516/620 621/515/619
f 608/502/606 623/517/621 622/516/620
f 609/504/607 624/519/622 623/517/621
f 609/504/607 610/503/608 625/518/623
f 610/503/608 611/505/609 626/520/624
f 611/505/609 612/506/610 627/521/625
f 612/506/610 613/507/611 628/522/626
f 613/507/611 614/508/612 629/523/627
f 614/508/612 615/509/613 630/524/628
f 615/509/613 616/510/614 631/525/629
f 618/512/616 633/527/631 632/526/630
f 619/513/617 634/528/632 633/527/631
f 620/514/618 635/529/633 634/528/632
f 621/515/619 636/530/634 635/529/633
f 622/516/620 637/531/635 636/530/634
f 623/517/621 638/532/636 637/531/635
f 624/519/622 639/534/637 638/532/636
f 624/519/622 625/518/623 640/533/638
f 625/518/623 626/520/624 641/535/639
f 626/520/624 627/521/625 642/536/640
f 627/521/625 628/522/626 643/537/641
f 628/522/626 629/523/627 644/538/642
f 629/523/627 630/524/628 645/539/643
f 630/524/628 631/525/629 646/540/644
f 11/288/9 76/287/74 422/303/420
f 76/287/74 75/286/73 423/306/421
f 75/286/73 74/285/72 424/308/422
f 74/285/72 73/284/71 425/310/423
f 73/284/71 72/283/70 426/312/424
f 72/283/70 71/282/69 427/314/425
f 71/282/69 70/281/68 428/316/426
f 70/281/68 69/280/67 429/319/427
f 68/279/66 430/318/428 429/319/427
f 67/278/65 431/320/429 430/318/428
f 66/277/64 432/322/430 431/320/429
f 65/276/63 433/324/431 432/322/430
f 64/275/62 434/326/432 433/324/431
f 63/274/61 435/328/433 434/326/432
f 62/273/60 436/330/434 435/328/433
f 12/272/10 92/542/90 436/330/434
f 92/542/90 93/543/91 451/345/449
f 93/543/91 94/544/92 466/360/464
f 94/544/92 95/1583/93 481/545/479
f 95/546/93 96/547/94 496/404/494
f 96/547/94 97/548/95 511/419/509
f 97/548/95 98/549/96 526/434/524
f 98/549/96 99/1582/97 541/550/539
f 541/550/539 99/1582/97 100/551/98
f 556/450/554 100/551/98 101/552/99
f 571/465/569 101/552/99 102/553/100
f 586/480/584 102/553/100 103/554/101
f 601/495/599 103/554/101 104/555/102
f 616/510/614 104/555/102 105/556/103
f 631/525/629 105/556/103 106/557/104
f 646/540/644 106/557/104 16/558/14
f 645/539/643 646/540/644 107/559/105
f 644/538/642 645/539/643 108/560/106
f 643/537/641 644/538/642 109/561/107
f 642/536/640 643/537/641 110/562/108
f 641/535/639 642/536/640 111/563/109
f 640/533/638 641/535/639 112/564/110
f 639/534/637 640/533/638 113/565/111
f 639/534/637 114/566/112 115/567/113
f 638/532/636 115/567/113 116/568/114
f 637/531/635 116/568/114 117/569/115
f 636/530/634 117/569/115 118/570/116
f 635/529/633 118/570/116 119/571/117
f 634/528/632 119/571/117 120/572/118
f 633/527/631 120/572/118 121/573/119
f 632/526/630 121/573/119 15/574/13
f 617/511/615 632/526/630 77/575/75
f 602/496/600 617/511/615 78/576/76
f 587/481/585 602/496/600 79/577/77
f 572/466/570 587/481/585 80/578/78
f 557/451/555 572/466/570 81/579/79
f 542/436/540 557/451/555 82/580/80
f 527/422/525 542/436/540 83/581/81
f 85/583/83 512/407/510 527/422/525
f 86/584/84 497/392/495 512/407/510
f 87/585/85 482/364/480 497/392/495
f 88/586/86 467/362/465 482/364/480
f 89/587/87 452/333/450 467/348/465
f 90/589/88 437/305/435 452/333/450
f 91/541/89 422/303/420 437/305/435
f 647/590/645 648/593/646 663/591/661
f 648/593/646 649/595/647 664/594/662
f 649/595/647 650/597/648 665/596/663
f 650/597/648 651/599/649 666/598/664
f 651/599/649 652/601/650 667/600/665
f 652/601/650 653/603/651 668/602/666
f 653/603/651 654/606/652 669/604/667
f 655/605/653 670/608/668 669/604/667
f 656/607/654 671/610/669 670/608/668
f 657/609/655 672/612/670 671/610/669
f 658/611/656 673/614/671 672/612/670
f 659/613/657 674/616/672 673/614/671
f 660/615/658 675/618/673 674/616/672
f 661/617/659 676/632/674 675/618/673
f 662/592/660 663/591/661 678/619/676
f 663/591/661 664/594/662 679/621/677
f 664/594/662 665/596/663 680/622/678
f 665/596/663 666/598/664 681/623/679
f 666/598/664 667/600/665 682/624/680
f 667/600/665 668/602/666 683/625/681
f 668/602/666 669/604/667 684/626/682
f 670/608/668 685/627/683 684/626/682
f 671/610/669 686/628/684 685/627/683
f 672/612/670 687/629/685 686/628/684
f 673/614/671 688/630/686 687/629/685
f 674/616/672 689/631/687 688/630/686
f 675/618/673 690/633/688 689/631/687
f 676/632/674 691/647/689 690/633/688
f 677/620/675 678/619/676 693/634/691
f 678/619/676 679/621/677 694/636/692
f 679/621/677 680/622/678 695/637/693
f 680/622/678 681/623/679 696/638/694
f 681/623/679 682/624/680 697/639/695
f 682/624/680 683/625/681 698/640/696
f 683/625/681 684/626/682 699/641/697
f 685/627/683 700/642/698 699/641/697
f 686/628/684 701/643/699 700/642/698
f 687/629/685 702/644/700 701/643/699
f 688/630/686 703/645/701 702/644/700
f 689/631/687 704/646/702 703/645/701
f 690/633/688 705/648/703 704/646/702
f 691/647/689 706/662/704 705/648/703
f 692/635/690 693/634/691 708/649/706
f 693/634/691 694/636/692 709/651/707
f 694/636/692 695/637/693 710/652/708
f 695/637/693 696/638/694 711/653/709
f 696/638/694 697/639/695 712/654/710
f 697/639/695 698/640/696 713/655/711
f 698/640/696 699/641/697 714/656/712
f 700/642/698 715/657/713 714/656/712
f 701/643/699 716/658/714 715/657/713
f 702/644/700 717/659/715 716/658/714
f 703/645/701 718/660/716 717/659/715
f 704/646/702 719/661/717 718/660/716
f 705/648/703 720/663/718 719/661/717
f 706/662/704 721/677/719 720/663/718
f 707/650/705 708/649/706 723/664/721
f 708/649/706 709/651/707 724/666/722
f 709/651/707 710/652/708 725/667/723
f 710/652/708 711/653/709 726/668/724
f 711/653/709 712/654/710 727/669/725
f 712/654/710 713/655/711 728/670/726
f 713/655/711 714/656/712 729/671/727
f 715/657/713 730/672/728 729/671/727
f 716/658/714 731/673/729 730/672/728
f 717/659/715 732/674/730 731/673/729
f 718/660/716 733/675/731 732/674/730
f 719/661/717 734/676/732 733/675/731
f 720/663/718 735/678/733 734/676/732
f 721/677/719 736/692/734 735/678/733
f 722/665/720 723/664/721 738/679/736
f 723/664/721 724/666/722 739/681/737
f 724/666/722 725/667/723 740/682/738
f 725/667/723 726/668/724 741/683/739
f 726/668/724 727/669/725 742/684/740
f 727/669/725 728/670/726 743/685/741
f 728/670/726 729/671/727 744/686/742
f 730/672/728 745/687/743 744/686/742
f 731/673/729 746/688/744 745/687/743
f 732/674/730 747/689/745 746/688/744
f 733/675/731 748/690/746 747/689/745
f 734/676/732 749/691/747 748/690/746
f 735/678/733 750/693/748 749/691/747
f 736/692/734 751/707/749 750/693/748
f 737/680/735 738/679/736 753/694/751
f 738/679/736 739/681/737 754/696/752
f 739/681/737 740/682/738 755/697/753
f 740/682/738 741/683/739 756/698/754
f 741/683/739 742/684/740 757/699/755
f 742/684/740 743/685/741 758/700/756
f 743/685/741 744/686/742 759/701/757
f 745/687/743 760/702/758 759/701/757
f 746/688/744 761/703/759 760/702/758
f 747/689/745 762/704/760 761/703/759
f 748/690/746 763/705/761 762/704/760
f 749/691/747 764/706/762 763/705/761
f 750/693/748 765/708/763 764/706/762
f 751/707/749 766/822/764 765/708/763
f 753/694/751 768/710/766 767/709/765
f 754/696/752 769/711/767 768/710/766
f 755/697/753 770/712/768 769/711/767
f 756/698/754 771/713/769 770/712/768
f 757/699/755 772/714/770 771/713/769
f 758/700/756 773/715/771 772/714/770
f 759/701/757 774/717/772 773/715/771
f 759/701/757 760/702/758 775/716/773
f 760/702/758 761/703/759 776/718/774
f 761/703/759 762/704/760 777/719/775
f 762/704/760 763/705/761 778/720/776
f 763/705/761 764/706/762 779/721/777
f 764/706/762 765/708/763 780/722/778
f 765/708/763 766/822/764 781/723/779
f 768/710/766 783/725/781 782/724/780
f 769/711/767 784/726/782 783/725/781
f 770/712/768 785/727/783 784/726/782
f 771/713/769 786/728/784 785/727/783
f 772/714/770 787/729/785 786/728/784
f 773/715/771 788/730/786 787/729/785
f 774/717/772 789/732/787 788/730/786
f 774/717/772 775/716/773 790/731/788
f 775/716/773 776/718/774 791/733/789
f 776/718/774 777/719/775 792/734/790
f 777/719/775 778/720/776 793/735/791
f 778/720/776 779/721/777 794/736/792
f 779/721/777 780/722/778 795/737/793
f 780/722/778 781/723/779 796/738/794
f 783/725/781 798/740/796 797/739/795
f 784/726/782 799/741/797 798/740/796
f 785/727/783 800/742/798 799/741/797
f 786/728/784 801/743/799 800/742/798
f 787/729/785 802/744/800 801/743/799
f 788/730/786 803/745/801 802/744/800
f 789/732/787 804/747/802 803/745/801
f 789/732/787 790/731/788 805/746/803
f 790/731/788 791/733/789 806/748/804
f 791/733/789 792/734/790 807/749/805
f 792/734/790 793/735/791 808/750/806
f 793/735/791 794/736/792 809/751/807
f 794/736/792 795/737/793 810/752/808
f 795/737/793 796/738/794 811/753/809
f 798/740/796 813/755/811 812/754/810
f 799/741/797 814/756/812 813/755/811
f 800/742/798 815/757/813 814/756/812
f 801/743/799 816/758/814 815/757/813
f 802/744/800 817/759/815 816/758/814
f 803/745/801 818/760/816 817/759/815
f 804/747/802 819/762/817 818/760/816
f 804/747/802 805/746/803 820/761/818
f 805/746/803 806/748/804 821/763/819
f 806/748/804 807/749/805 822/764/820
f 807/749/805 808/750/806 823/765/821
f 808/750/806 809/751/807 824/766/822
f 809/751/807 810/752/808 825/767/823
f 810/752/808 811/753/809 826/768/824
f 813/755/811 828/770/826 827/769/825
f 814/756/812 829/771/827 828/770/826
f 815/757/813 830/772/828 829/771/827
f 816/758/814 831/773/829 830/772/828
f 817/759/815 832/774/830 831/773/829
f 818/760/816 833/775/831 832/774/830
f 819/762/817 834/777/832 833/775/831
f 819/762/817 820/761/818 835/776/833
f 820/761/818 821/763/819 836/778/834
f 821/763/819 822/764/820 837/779/835
f 822/764/820 823/765/821 838/780/836
f 823/765/821 824/766/822 839/781/837
f 824/766/822 825/767/823 840/782/838
f 825/767/823 826/768/824 841/783/839
f 828/770/826 843/785/841 842/784/840
f 829/771/827 844/786/842 843/785/841
f 830/772/828 845/787/843 844/786/842
f 831/773/829 846/788/844 845/787/843
f 832/774/830 847/789/845 846/788/844
f 833/775/831 848/790/846 847/789/845
f 834/777/832 849/792/847 848/790/846
f 834/777/832 835/776/833 850/791/848
f 835/776/833 836/778/834 851/793/849
f 836/778/834 837/779/835 852/794/850
f 837/779/835 838/780/836 853/795/851
f 838/780/836 839/781/837 854/796/852
f 839/781/837 840/782/838 855/797/853
f 840/782/838 841/783/839 856/798/854
f 843/785/841 858/800/856 857/799/855
f 844/786/842 859/801/857 858/800/856
f 845/787/843 860/802/858 859/801/857
f 846/788/844 861/803/859 860/802/858
f 847/789/845 862/804/860 861/803/859
f 848/790/846 863/805/861 862/804/860
f 849/792/847 864/807/862 863/805/861
f 849/792/847 850/791/848 865/806/863
f 850/791/848 851/793/849 866/808/864
f 851/793/849 852/794/850 867/809/865
f 852/794/850 853/795/851 868/810/866
f 853/795/851 854/796/852 869/811/867
f 854/796/852 855/797/853 870/812/868
f 855/797/853 856/798/854 871/813/869
f 15/574/13 121/573/119 647/590/645
f 121/573/119 120/572/118 648/593/646
f 120/572/118 119/571/117 649/595/647
f 119/571/117 118/570/116 650/597/648
f 118/570/116 117/569/115 651/599/649
f 117/569/115 116/568/114 652/601/650
f 116/568/114 115/567/113 653/603/651
f 115/567/113 114/566/112 654/606/652
f 113/565/111 655/605/653 654/606/652
f 112/564/110 656/607/654 655/605/653
f 111/563/109 657/609/655 656/607/654
f 110/562/108 658/611/656 657/609/655
f 109/561/107 659/613/657 658/611/656
f 108/560/106 660/615/658 659/613/657
f 107/559/105 661/617/659 660/615/658
f 16/558/14 137/815/135 661/617/659
f 137/815/135 138/816/136 676/632/674
f 138/816/136 139/817/137 691/647/689
f 139/817/137 140/818/138 706/662/704
f 140/818/138 141/819/139 721/677/719
f 141/819/139 142/820/140 736/692/734
f 142/820/140 143/821/141 751/707/749
f 143/821/141 144/1586/142 766/822/764
f 766/822/764 144/1586/142 145/823/143
f 781/723/779 145/823/143 146/824/144
f 796/738/794 146/824/144 147/825/145
f 811/753/809 147/825/145 148/826/146
f 826/768/824 148/826/146 149/827/147
f 841/783/839 149/827/147 150/828/148
f 856/798/854 150/828/148 151/829/149
f 871/813/869 151/829/149 14/830/12
f 870/812/868 871/813/869 152/831/150
f 869/811/867 870/812/868 153/832/151
f 868/810/866 869/811/867 154/833/152
f 867/809/865 868/810/866 155/834/153
f 866/808/864 867/809/865 156/835/154
f 865/806/863 866/808/864 157/836/155
f 864/807/862 865/806/863 158/837/156
f 864/807/862 159/838/157 160/839/158
f 863/805/861 160/839/158 161/840/159
f 862/804/860 161/840/159 162/841/160
f 861/803/859 162/841/160 163/842/161
f 860/802/858 163/842/161 164/843/162
f 859/801/857 164/843/162 165/844/163
f 858/800/856 165/844/163 166/845/164
f 857/799/855 166/845/164 13/846/11
f 842/784/840 857/799/855 122/847/120
f 827/769/825 842/784/840 123/848/121
f 812/754/810 827/769/825 124/849/122
f 797/739/795 812/754/810 125/850/123
f 782/724/780 797/739/795 126/851/124
f 767/709/765 782/724/780 127/852/125
f 752/695/750 767/709/765 128/853/126
f 130/855/128 737/680/735 752/695/750
f 131/856/129 722/665/720 737/680/735
f 132/857/130 707/650/705 722/665/720
f 133/858/131 692/635/690 707/650/705
f 134/859/132 677/620/675 692/635/690
f 135/860/133 662/592/660 677/620/675
f 136/814/134 647/590/645 662/592/660
f 872/861/870 873/864/871 888/862/886
f 873/864/871 874/866/872 889/865/887
f 874/866/872 875/868/873 890/867/888
f 875/868/873 876/870/874 891/869/889
f 876/870/874 877/872/875 892/871/890
f 877/872/875 878/874/876 893/873/891
f 878/874/876 879/877/877 894/875/892
f 880/876/878 895/879/893 894/875/892
f 881/878/879 896/881/894 895/879/893
f 882/880/880 897/883/895 896/881/894
f 883/882/881 898/885/896 897/883/895
f 884/884/882 899/887/897 898/885/896
f 885/886/883 900/889/898 899/887/897
f 886/888/884 901/903/899 900/889/898
f 887/863/885 888/862/886 903/890/901
f 888/862/886 889/865/887 904/892/902
f 889/865/887 890/867/888 905/893/903
f 890/867/888 891/869/889 906/894/904
f 891/869/889 892/871/890 907/895/905
f 892/871/890 893/873/891 908/896/906
f 893/873/891 894/875/892 909/897/907
f 895/879/893 910/898/908 909/897/907
f 896/881/894 911/899/909 910/898/908
f 897/883/895 912/900/910 911/899/909
f 898/885/896 913/901/911 912/900/910
f 899/887/897 914/902/912 913/901/911
f 900/889/898 915/904/913 914/902/912
f 901/903/899 916/918/914 915/904/913
f 902/891/900 903/890/901 918/905/916
f 903/890/901 904/892/902 919/907/917
f 904/892/902 905/893/903 920/908/918
f 905/893/903 906/894/904 921/909/919
f 906/894/904 907/895/905 922/910/920
f 907/895/905 908/896/906 923/911/921
f 908/896/906 909/897/907 924/912/922
f 910/898/908 925/913/923 924/912/922
f 911/899/909 926/914/924 925/913/923
f 912/900/910 927/915/925 926/914/924
f 913/901/911 928/916/926 927/915/925
f 914/902/912 929/917/927 928/916/926
f 915/904/913 930/919/928 929/917/927
f 916/918/914 931/933/929 930/919/928
f 917/906/915 918/905/916 933/920/931
f 918/905/916 919/907/917 934/922/932
f 919/907/917 920/908/918 935/923/933
f 920/908/918 921/909/919 936/924/934
f 921/909/919 922/910/920 937/925/935
f 922/910/920 923/911/921 938/926/936
f 923/911/921 924/912/922 939/927/937
f 925/913/923 940/928/938 939/927/937
f 926/914/924 941/929/939 940/928/938
f 927/915/925 942/930/940 941/929/939
f 928/916/926 943/931/941 942/930/940
f 929/917/927 944/932/942 943/931/941
f 930/919/928 945/934/943 944/932/942
f 931/933/929 946/948/944 945/934/943
f 932/921/930 933/920/931 948/935/946
f 933/920/931 934/922/932 949/937/947
f 934/922/932 935/923/933 950/938/948
f 935/923/933 936/924/934 951/939/949
f 936/924/934 937/925/935 952/940/950
f 937/925/935 938/926/936 953/941/951
f 938/926/936 939/927/937 954/942/952
f 940/928/938 955/943/953 954/942/952
f 941/929/939 956/944/954 955/943/953
f 942/930/940 957/945/955 956/944/954
f 943/931/941 958/946/956 957/945/955
f 944/932/942 959/947/957 958/946/956
f 945/934/943 960/949/958 959/947/957
f 946/948/944 961/963/959 960/949/958
f 947/936/945 948/935/946 963/950/961
f 948/935/946 949/937/947 964/952/962
f 949/937/947 950/938/948 965/953/963
f 950/938/948 951/939/949 966/954/964
f 951/939/949 952/940/950 967/955/965
f 952/940/950 953/941/951 968/956/966
f 953/941/951 954/942/952 969/957/967
f 955/943/953 970/958/968 969/957/967
f 956/944/954 971/959/969 970/958/968
f 957/945/955 972/960/970 971/959/969
f 958/946/956 973/961/971 972/960/970
f 959/947/957 974/962/972 973/961/971
f 960/949/958 975/964/973 974/962/972
f 961/963/959 976/978/974 975/964/973
f 962/951/960 963/950/961 978/965/976
f 963/950/961 964/952/962 979/967/977
f 964/952/962 965/953/963 980/968/978
f 965/953/963 966/954/964 981/969/979
f 966/954/964 967/955/965 982/970/980
f 967/955/965 968/956/966 983/971/981
f 968/956/966 969/957/967 984/972/982
f 970/958/968 985/973/983 984/972/982
f 971/959/969 986/974/984 985/973/983
f 972/960/970 987/975/985 986/974/984
f 973/961/971 988/976/986 987/975/985
f 974/962/972 989/977/987 988/976/986
f 975/964/973 990/979/988 989/977/987
f 976/978/974 991/1093/989 990/979/988
f 978/965/976 993/981/991 992/980/990
f 979/967/977 994/982/992 993/981/991
f 980/968/978 995/983/993 994/982/992
f 981/969/979 996/984/994 995/983/993
f 982/970/980 997/985/995 996/984/994
f 983/971/981 998/986/996 997/985/995
f 984/972/982 999/988/997 998/986/996
f 984/972/982 985/973/983 1000/987/998
f 985/973/983 986/974/984 1001/989/999
f 986/974/984 987/975/985 1002/990/1000
f 987/975/985 988/976/986 1003/991/1001
f 988/976/986 989/977/987 1004/992/1002
f 989/977/987 990/979/988 1005/993/1003
f 990/979/988 991/1093/989 1006/994/1004
f 993/981/991 1008/996/1006 1007/995/1005
f 994/982/992 1009/997/1007 1008/996/1006
f 995/983/993 1010/998/1008 1009/997/1007
f 996/984/994 1011/999/1009 1010/998/1008
f 997/985/995 1012/1000/1010 1011/999/1009
f 998/986/996 1013/1001/1011 1012/1000/1010
f 999/988/997 1014/1003/1012 1013/1001/1011
f 999/988/997 1000/987/998 1015/1002/1013
f 1000/987/998 1001/989/999 1016/1004/1014
f 1001/989/999 1002/990/1000 1017/1005/1015
f 1002/990/1000 1003/991/1001 1018/1006/1016
f 1003/991/1001 1004/992/1002 1019/1007/1017
f 1004/992/1002 1005/993/1003 1020/1008/1018
f 1005/993/1003 1006/994/1004 1021/1009/1019
f 1008/996/1006 1023/1011/1021 1022/1010/1020
f 1009/997/1007 1024/1012/1022 1023/1011/1021
f 1010/998/1008 1025/1013/1023 1024/1012/1022
f 1011/999/1009 1026/1014/1024 1025/1013/1023
f 1012/1000/1010 1027/1015/1025 1026/1014/1024
f 1013/1001/1011 1028/1016/1026 1027/1015/1025
f 1014/1003/1012 1029/1018/1027 1028/1016/1026
f 1014/1003/1012 1015/1002/1013 1030/1017/1028
f 1015/1002/1013 1016/1004/1014 1031/1019/1029
f 1016/1004/1014 1017/1005/1015 1032/1020/1030
f 1017/1005/1015 1018/1006/1016 1033/1021/1031
f 1018/1006/1016 1019/1007/1017 1034/1022/1032
f 1019/1007/1017 1020/1008/1018 1035/1023/1033
f 1020/1008/1018 1021/1009/1019 1036/1024/1034
f 1023/1011/1021 1038/1026/1036 1037/1025/1035
f 1024/1012/1022 1039/1027/1037 1038/1026/1036
f 1025/1013/1023 1040/1028/1038 1039/1027/1037
f 1026/1014/1024 1041/1029/1039 1040/1028/1038
f 1027/1015/1025 1042/1030/1040 1041/1029/1039
f 1028/1016/1026 1043/1031/1041 1042/1030/1040
f 1029/1018/1027 1044/1033/1042 1043/1031/1041
f 1029/1018/1027 1030/1017/1028 1045/1032/1043
f 1030/1017/1028 1031/1019/1029 1046/1034/1044
f 1031/1019/1029 1032/1020/1030 1047/1035/1045
f 1032/1020/1030 1033/1021/1031 1048/1036/1046
f 1033/1021/1031 1034/1022/1032 1049/1037/1047
f 1034/1022/1032 1035/1023/1033 1050/1038/1048
f 1035/1023/1033 1036/1024/1034 1051/1039/1049
f 1038/1026/1036 1053/1041/1051 1052/1040/1050
f 1039/1027/1037 1054/1042/1052 1053/1041/1051
f 1040/1028/1038 1055/1043/1053 1054/1042/1052
f 1041/1029/1039 1056/1044/1054 1055/1043/1053
f 1042/1030/1040 1057/1045/1055 1056/1044/1054
f 1043/1031/1041 1058/1046/1056 1057/1045/1055
f 1044/1033/1042 1059/1048/1057 1058/1046/1056
f 1044/1033/1042 1045/1032/1043 1060/1047/1058
f 1045/1032/1043 1046/1034/1044 1061/1049/1059
f 1046/1034/1044 1047/1035/1045 1062/1050/1060
f 1047/1035/1045 1048/1036/1046 1063/1051/1061
f 1048/1036/1046 1049/1037/1047 1064/1052/1062
f 1049/1037/1047 1050/1038/1048 1065/1053/1063
f 1050/1038/1048 1051/1039/1049 1066/1054/1064
f 1053/1041/1051 1068/1056/1066 1067/1055/1065
f 1054/1042/1052 1069/1057/1067 1068/1056/1066
f 1055/1043/1053 1070/1058/1068 1069/1057/1067
f 1056/1044/1054 1071/1059/1069 1070/1058/1068
f 1057/1045/1055 1072/1060/1070 1071/1059/1069
f 1058/1046/1056 1073/1061/1071 1072/1060/1070
f 1059/1048/1057 1074/1063/1072 1073/1061/1071
f 1059/1048/1057 1060/1047/1058 1075/1062/1073
f 1060/1047/1058 1061/1049/1059 1076/1064/1074
f 1061/1049/1059 1062/1050/1060 1077/1065/1075
f 1062/1050/1060 1063/1051/1061 1078/1066/1076
f 1063/1051/1061 1064/1052/1062 1079/1067/1077
f 1064/1052/1062 1065/1053/1063 1080/1068/1078
f 1065/1053/1063 1066/1054/1064 1081/1069/1079
f 1068/1056/1066 1083/1071/1081 1082/1070/1080
f 1069/1057/1067 1084/1072/1082 1083/1071/1081
f 1070/1058/1068 1085/1073/1083 1084/1072/1082
f 1071/1059/1069 1086/1074/1084 1085/1073/1083
f 1072/1060/1070 1087/1075/1085 1086/1074/1084
f 1073/1061/1071 1088/1076/1086 1087/1075/1085
f 1074/1063/1072 1089/1078/1087 1088/1076/1086
f 1074/1063/1072 1075/1062/1073 1090/1077/1088
f 1075/1062/1073 1076/1064/1074 1091/1079/1089
f 1076/1064/1074 1077/1065/1075 1092/1080/1090
f 1077/1065/1075 1078/1066/1076 1093/1081/1091
f 1078/1066/1076 1079/1067/1077 1094/1082/1092
f 1079/1067/1077 1080/1068/1078 1095/1083/1093
f 1080/1068/1078 1081/1069/1079 1096/1084/1094
f 13/846/11 166/845/164 872/861/870
f 166/845/164 165/844/163 873/864/871
f 165/844/163 164/843/162 874/866/872
f 164/843/162 163/842/161 875/868/873
f 163/842/161 162/841/160 876/870/874
f 162/841/160 161/840/159 877/872/875
f 161/840/159 160/839/158 878/874/876
f 160/839/158 159/838/157 879/877/877
f 158/837/156 880/876/878 879/877/877
f 157/836/155 881/878/879 880/876/878
f 156/835/154 882/880/880 881/878/879
f 155/834/153 883/882/881 882/880/880
f 154/833/152 884/884/882 883/882/881
f 153/832/151 885/886/883 884/884/882
f 152/831/150 886/888/884 885/886/883
f 14/830/12 182/1086/180 886/888/884
f 182/1086/180 183/1087/181 901/903/899
f 183/1087/181 184/1088/182 916/918/914
f 184/1088/182 185/1089/183 931/933/929
f 185/1089/183 186/1090/184 946/948/944
f 186/1090/184 187/1091/185 961/963/959
f 187/1091/185 188/1092/186 976/978/974
f 188/1092/186 189/1585/187 991/1093/989
f 991/1093/989 189/1585/187 190/1094/188
f 1006/994/1004 190/1094/188 191/1095/189
f 1021/1009/1019 191/1095/189 192/1096/190
f 1036/1024/1034 192/1096/190 193/1097/191
f 1051/1039/1049 193/1097/191 194/1098/192
f 1066/1054/1064 194/1098/192 195/1099/193
f 1081/1069/1079 195/1099/193 196/1100/194
f 1096/1084/1094 196/1100/194 10/256/8
f 1095/1083/1093 1096/1084/1094 46/255/44
f 1094/1082/1092 1095/1083/1093 45/254/43
f 1093/1081/1091 1094/1082/1092 44/253/42
f 1092/1080/1090 1093/1081/1091 43/252/41
f 1091/1079/1089 1092/1080/1090 42/251/40
f 1090/1077/1088 1091/1079/1089 41/250/39
f 1089/1078/1087 1090/1077/1088 40/248/38
f 1089/1078/1087 39/249/37 38/247/36
f 1088/1076/1086 38/247/36 37/246/35
f 1087/1075/1085 37/246/35 36/245/34
f 1086/1074/1084 36/245/34 35/244/33
f 1085/1073/1083 35/244/33 34/243/32
f 1084/1072/1082 34/243/32 33/242/31
f 1083/1071/1081 33/242/31 32/241/30
f 1082/1070/1080 32/241/30 9/239/7
f 1067/1055/1065 1082/1070/1080 167/1101/165
f 1052/1040/1050 1067/1055/1065 168/1102/166
f 1037/1025/1035 1052/1040/1050 169/1103/167
f 1022/1010/1020 1037/1025/1035 170/1104/168
f 1007/995/1005 1022/1010/1020 171/1105/169
f 992/980/990 1007/995/1005 172/1106/170
f 977/966/975 992/980/990 173/1107/171
f 175/1109/173 962/951/960 977/966/975
f 176/1110/174 947/936/945 962/951/960
f 177/1111/175 932/921/930 947/936/945
f 178/1112/176 917/906/915 932/921/930
f 179/1113/177 902/891/900 917/906/915
f 180/1114/178 887/863/885 902/891/900
f 181/1085/179 872/861/870 887/863/885
f 1097/1115/1095 1098/1118/1096 1113/1116/1111
f 1098/1118/1096 1099/1120/1097 1114/1119/1112
f 1099/1120/1097 1100/1122/1098 1115/1121/1113
f 1100/1122/1098 1101/1588/1099 1116/1123/1114
f 1101/1124/1099 1102/1127/1100 1117/1125/1115
f 1102/1127/1100 1103/1129/1101 1118/1128/1116
f 1103/1129/1101 1104/1132/1102 1119/1130/1117
f 1105/1131/1103 1120/1134/1118 1119/1130/1117
f 1106/1133/1104 1121/1136/1119 1120/1134/1118
f 1107/1135/1105 1122/1138/1120 1121/1136/1119
f 1108/1137/1106 1123/1140/1121 1122/1138/1120
f 1109/1139/1107 1124/1142/1122 1123/1140/1121
f 1110/1141/1108 1125/1144/1123 1124/1142/1122
f 1111/1143/1109 1126/1159/1124 1125/1144/1123
f 1112/1117/1110 1113/1116/1111 1128/1145/1126
f 1113/1116/1111 1114/1119/1112 1129/1147/1127
f 1114/1119/1112 1115/1121/1113 1130/1148/1128
f 1115/1121/1113 1116/1123/1114 1131/1149/1129
f 1116/1126/1114 1117/1125/1115 1132/1150/1130
f 1117/1125/1115 1118/1128/1116 1133/1152/1131
f 1118/1128/1116 1119/1130/1117 1134/1153/1132
f 1120/1134/1118 1135/1154/1133 1134/1153/1132
f 1121/1136/1119 1136/1155/1134 1135/1154/1133
f 1122/1138/1120 1137/1156/1135 1136/1155/1134
f 1123/1140/1121 1138/1157/1136 1137/1156/1135
f 1124/1142/1122 1139/1158/1137 1138/1157/1136
f 1125/1144/1123 1140/1160/1138 1139/1158/1137
f 1126/1159/1124 1141/1175/1139 1140/1160/1138
f 1127/1146/1125 1128/1145/1126 1143/1161/1141
f 1128/1145/1126 1129/1147/1127 1144/1163/1142
f 1129/1147/1127 1130/1148/1128 1145/1164/1143
f 1130/1148/1128 1131/1149/1129 1146/1165/1144
f 1131/1151/1129 1132/1150/1130 1147/1166/1145
f 1132/1150/1130 1133/1152/1131 1148/1168/1146
f 1133/1152/1131 1134/1153/1132 1149/1169/1147
f 1135/1154/1133 1150/1170/1148 1149/1169/1147
f 1136/1155/1134 1151/1171/1149 1150/1170/1148
f 1137/1156/1135 1152/1172/1150 1151/1171/1149
f 1138/1157/1136 1153/1173/1151 1152/1172/1150
f 1139/1158/1137 1154/1174/1152 1153/1173/1151
f 1140/1160/1138 1155/1176/1153 1154/1174/1152
f 1141/1175/1139 1156/1191/1154 1155/1176/1153
f 1142/1162/1140 1143/1161/1141 1158/1177/1156
f 1143/1161/1141 1144/1163/1142 1159/1179/1157
f 1144/1163/1142 1145/1164/1143 1160/1180/1158
f 1145/1164/1143 1146/1165/1144 1161/1181/1159
f 1146/1165/1144 1147/1589/1145 1162/1182/1160
f 1147/1166/1145 1148/1168/1146 1163/1183/1161
f 1148/1168/1146 1149/1169/1147 1164/1185/1162
f 1150/1170/1148 1165/1186/1163 1164/1185/1162
f 1151/1171/1149 1166/1187/1164 1165/1186/1163
f 1152/1172/1150 1167/1188/1165 1166/1187/1164
f 1153/1173/1151 1168/1189/1166 1167/1188/1165
f 1154/1174/1152 1169/1190/1167 1168/1189/1166
f 1155/1176/1153 1170/1192/1168 1169/1190/1167
f 1156/1191/1154 1171/1207/1169 1170/1192/1168
f 1157/1178/1155 1158/1177/1156 1173/1193/1171
f 1158/1177/1156 1159/1179/1157 1174/1195/1172
f 1159/1179/1157 1160/1180/1158 1175/1196/1173
f 1160/1180/1158 1161/1181/1159 1176/1197/1174
f 1161/1181/1159 1162/1182/1160 1177/1198/1175
f 1162/1184/1160 1163/1183/1161 1178/1199/1176
f 1163/1183/1161 1164/1185/1162 1179/1201/1177
f 1165/1186/1163 1180/1202/1178 1179/1201/1177
f 1166/1187/1164 1181/1203/1179 1180/1202/1178
f 1167/1188/1165 1182/1204/1180 1181/1203/1179
f 1168/1189/1166 1183/1205/1181 1182/1204/1180
f 1169/1190/1167 1184/1206/1182 1183/1205/1181
f 1170/1192/1168 1185/1208/1183 1184/1206/1182
f 1171/1207/1169 1186/1223/1184 1185/1208/1183
f 1172/1194/1170 1173/1193/1171 1188/1209/1186
f 1173/1193/1171 1174/1195/1172 1189/1211/1187
f 1174/1195/1172 1175/1196/1173 1190/1212/1188
f 1175/1196/1173 1176/1197/1174 1191/1213/1189
f 1176/1197/1174 1177/1198/1175 1192/1214/1190
f 1177/1198/1175 1178/1590/1176 1193/1215/1191
f 1178/1199/1176 1179/1201/1177 1194/1216/1192
f 1180/1202/1178 1195/1218/1193 1194/1216/1192
f 1181/1203/1179 1196/1219/1194 1195/1218/1193
f 1182/1204/1180 1197/1220/1195 1196/1219/1194
f 1183/1205/1181 1198/1221/1196 1197/1220/1195
f 1184/1206/1182 1199/1222/1197 1198/1221/1196
f 1185/1208/1183 1200/1224/1198 1199/1222/1197
f 1186/1223/1184 1201/1239/1199 1200/1224/1198
f 1187/1210/1185 1188/1209/1186 1203/1225/1201
f 1188/1209/1186 1189/1211/1187 1204/1227/1202
f 1189/1211/1187 1190/1212/1188 1205/1228/1203
f 1190/1212/1188 1191/1213/1189 1206/1229/1204
f 1191/1213/1189 1192/1214/1190 1207/1230/1205
f 1192/1214/1190 1193/1215/1191 1208/1231/1206
f 1193/1217/1191 1194/1216/1192 1209/1232/1207
f 1195/1218/1193 1210/1234/1208 1209/1232/1207
f 1196/1219/1194 1211/1235/1209 1210/1234/1208
f 1197/1220/1195 1212/1236/1210 1211/1235/1209
f 1198/1221/1196 1213/1237/1211 1212/1236/1210
f 1199/1222/1197 1214/1238/1212 1213/1237/1211
f 1200/1224/1198 1215/1240/1213 1214/1238/1212
f 1201/1239/1199 1216/1352/1214 1215/1240/1213
f 1203/1225/1201 1218/1242/1216 1217/1241/1215
f 1204/1227/1202 1219/1243/1217 1218/1242/1216
f 1205/1228/1203 1220/1244/1218 1219/1243/1217
f 1206/1229/1204 1221/1245/1219 1220/1244/1218
f 1207/1230/1205 1222/1246/1220 1221/1245/1219
f 1208/1231/1206 1223/1248/1221 1222/1246/1220
f 1209/1247/1207 1224/1263/1222 1223/1248/1221
f 1209/1232/1207 1210/1234/1208 1225/1249/1223
f 1210/1234/1208 1211/1235/1209 1226/1251/1224
f 1211/1235/1209 1212/1236/1210 1227/1252/1225
f 1212/1236/1210 1213/1237/1211 1228/1253/1226
f 1213/1237/1211 1214/1238/1212 1229/1254/1227
f 1214/1238/1212 1215/1240/1213 1230/1255/1228
f 1215/1240/1213 1216/1352/1214 1231/1256/1229
f 1218/1242/1216 1233/1258/1231 1232/1257/1230
f 1219/1243/1217 1234/1259/1232 1233/1258/1231
f 1220/1244/1218 1235/1260/1233 1234/1259/1232
f 1221/1245/1219 1236/1261/1234 1235/1260/1233
f 1222/1246/1220 1237/1262/1235 1236/1261/1234
f 1223/1248/1221 1238/1264/1236 1237/1262/1235
f 1224/1263/1222 1239/1279/1237 1238/1264/1236
f 1224/1250/1222 1225/1249/1223 1240/1265/1238
f 1225/1249/1223 1226/1251/1224 1241/1267/1239
f 1226/1251/1224 1227/1252/1225 1242/1268/1240
f 1227/1252/1225 1228/1253/1226 1243/1269/1241
f 1228/1253/1226 1229/1254/1227 1244/1270/1242
f 1229/1254/1227 1230/1255/1228 1245/1271/1243
f 1230/1255/1228 1231/1256/1229 1246/1272/1244
f 1233/1258/1231 1248/1274/1246 1247/1273/1245
f 1234/1259/1232 1249/1275/1247 1248/1274/1246
f 1235/1260/1233 1250/1276/1248 1249/1275/1247
f 1236/1261/1234 1251/1277/1249 1250/1276/1248
f 1237/1262/1235 1252/1278/1250 1251/1277/1249
f 1238/1264/1236 1253/1280/1251 1252/1278/1250
f 1239/1279/1237 1254/1296/1252 1253/1280/1251
f 1239/1266/1237 1240/1265/1238 1255/1281/1253
f 1240/1265/1238 1241/1267/1239 1256/1283/1254
f 1241/1267/1239 1242/1268/1240 1257/1285/1255
f 1242/1268/1240 1243/1269/1241 1258/1286/1256
f 1243/1269/1241 1244/1270/1242 1259/1287/1257
f 1244/1270/1242 1245/1271/1243 1260/1288/1258
f 1245/1271/1243 1246/1272/1244 1261/1289/1259
f 1248/1274/1246 1263/1291/1261 1262/1290/1260
f 1249/1275/1247 1264/1292/1262 1263/1291/1261
f 1250/1276/1248 1265/1293/1263 1264/1292/1262
f 1251/1277/1249 1266/1294/1264 1265/1293/1263
f 1252/1278/1250 1267/1295/1265 1266/1294/1264
f 1253/1280/1251 1268/1297/1266 1267/1295/1265
f 1254/1296/1252 1269/1299/1267 1268/1297/1266
f 1254/1296/1252 1255/1284/1253 1270/1298/1268
f 1255/1284/1253 1256/1283/1254 1271/1300/1269
f 1256/1283/1254 1257/1285/1255 1272/1301/1270
f 1257/1285/1255 1258/1286/1256 1273/1302/1271
f 1258/1286/1256 1259/1287/1257 1274/1303/1272
f 1259/1287/1257 1260/1288/1258 1275/1304/1273
f 1260/1288/1258 1261/1289/1259 1276/1305/1274
f 1263/1291/1261 1278/1307/1276 1277/1306/1275
f 1264/1292/1262 1279/1308/1277 1278/1307/1276
f 1265/1293/1263 1280/1309/1278 1279/1308/1277
f 1266/1294/1264 1281/1310/1279 1280/1309/1278
f 1267/1295/1265 1282/1311/1280 1281/1310/1279
f 1268/1297/1266 1283/1312/1281 1282/1311/1280
f 1269/1299/1267 1284/1314/1282 1283/1312/1281
f 1269/1299/1267 1270/1298/1268 1285/1313/1283
f 1270/1298/1268 1271/1300/1269 1286/1315/1284
f 1271/1300/1269 1272/1301/1270 1287/1316/1285
f 1272/1301/1270 1273/1302/1271 1288/1317/1286
f 1273/1302/1271 1274/1303/1272 1289/1318/1287
f 1274/1303/1272 1275/1304/1273 1290/1319/1288
f 1275/1304/1273 1276/1305/1274 1291/1320/1289
f 1278/1307/1276 1293/1322/1291 1292/1321/1290
f 1279/1308/1277 1294/1323/1292 1293/1322/1291
f 1280/1309/1278 1295/1324/1293 1294/1323/1292
f 1281/1310/1279 1296/1325/1294 1295/1324/1293
f 1282/1311/1280 1297/1326/1295 1296/1325/1294
f 1283/1312/1281 1298/1327/1296 1297/1326/1295
f 1284/1314/1282 1299/1329/1297 1298/1327/1296
f 1284/1314/1282 1285/1313/1283 1300/1328/1298
f 1285/1313/1283 1286/1315/1284 1301/1330/1299
f 1286/1315/1284 1287/1316/1285 1302/1331/1300
f 1287/1316/1285 1288/1317/1286 1303/1332/1301
f 1288/1317/1286 1289/1318/1287 1304/1333/1302
f 1289/1318/1287 1290/1319/1288 1305/1334/1303
f 1290/1319/1288 1291/1320/1289 1306/1335/1304
f 1293/1322/1291 1308/1337/1306 1307/1336/1305
f 1294/1323/1292 1309/1338/1307 1308/1337/1306
f 1295/1324/1293 1310/1339/1308 1309/1338/1307
f 1296/1325/1294 1311/1340/1309 1310/1339/1308
f 1297/1326/1295 1312/1341/1310 1311/1340/1309
f 1298/1327/1296 1313/1342/1311 1312/1341/1310
f 1299/1329/1297 1314/1344/1312 1313/1342/1311
f 1299/1329/1297 1300/1328/1298 1315/1343/1313
f 1300/1328/1298 1301/1330/1299 1316/1345/1314
f 1301/1330/1299 1302/1331/1300 1317/1346/1315
f 1302/1331/1300 1303/1332/1301 1318/1347/1316
f 1303/1332/1301 1304/1333/1302 1319/1348/1317
f 1304/1333/1302 1305/1334/1303 1320/1349/1318
f 1305/1334/1303 1306/1335/1304 1321/1350/1319
f 11/288/9 91/541/89 1097/1115/1095
f 91/541/89 90/589/88 1098/1118/1096
f 90/589/88 89/587/87 1099/1120/1097
f 89/587/87 88/588/86 1100/1122/1098
f 88/586/86 87/585/85 1101/1124/1099
f 87/585/85 86/584/84 1102/1127/1100
f 86/584/84 85/583/83 1103/1129/1101
f 85/583/83 84/582/82 1104/1132/1102
f 83/581/81 1105/1131/1103 1104/1132/1102
f 82/580/80 1106/1133/1104 1105/1131/1103
f 81/579/79 1107/1135/1105 1106/1133/1104
f 80/578/78 1108/1137/1106 1107/1135/1105
f 79/577/77 1109/1139/1107 1108/1137/1106
f 78/576/76 1110/1141/1108 1109/1139/1107
f 77/575/75 1111/1143/1109 1110/1141/1108
f 15/574/13 136/814/134 1111/1143/1109
f 136/814/134 135/860/133 1126/1159/1124
f 135/860/133 134/859/132 1141/1175/1139
f 134/859/132 133/858/131 1156/1191/1154
f 133/858/131 132/857/130 1171/1207/1169
f 132/857/130 131/856/129 1186/1223/1184
f 131/856/129 130/855/128 1201/1239/1199
f 130/855/128 129/854/127 1216/1352/1214
f 1216/1352/1214 129/854/127 128/853/126
f 1231/1256/1229 128/853/126 127/852/125
f 1246/1272/1244 127/852/125 126/851/124
f 1261/1289/1259 126/851/124 125/850/123
f 1276/1305/1274 125/850/123 124/849/122
f 1291/1320/1289 124/849/122 123/848/121
f 1306/1335/1304 123/848/121 122/847/120
f 1321/1350/1319 122/847/120 13/846/11
f 1320/1349/1318 1321/1350/1319 181/1085/179
f 1319/1348/1317 1320/1349/1318 180/1114/178
f 1318/1347/1316 1319/1348/1317 179/1113/177
f 1317/1346/1315 1318/1347/1316 178/1112/176
f 1316/1345/1314 1317/1346/1315 177/1111/175
f 1315/1343/1313 1316/1345/1314 176/1110/174
f 1314/1344/1312 1315/1343/1313 175/1109/173
f 1314/1344/1312 174/1108/172 173/1107/171
f 1313/1342/1311 173/1107/171 172/1106/170
f 1312/1341/1310 172/1106/170 171/1105/169
f 1311/1340/1309 171/1105/169 170/1104/168
f 1310/1339/1308 170/1104/168 169/1103/167
f 1309/1338/1307 169/1103/167 168/1102/166
f 1308/1337/1306 168/1102/166 167/1101/165
f 1307/1336/1305 167/1101/165 9/239/7
f 1292/1321/1290 1307/1336/1305 31/240/29
f 1277/1306/1275 1292/1321/1290 30/302/28
f 1262/1290/1260 1277/1306/1275 29/301/27
f 1247/1273/1245 1262/1290/1260 28/300/26
f 1232/1257/1230 1247/1273/1245 27/299/25
f 1217/1241/1215 1232/1257/1230 26/298/24
f 1202/1226/1200 1217/1241/1215 25/297/23
f 23/295/21 1187/1210/1185 1202/1226/1200
f 22/294/20 1172/1194/1170 1187/1210/1185
f 21/293/19 1157/1178/1155 1172/1194/1170
f 20/292/18 1142/1162/1140 1157/1178/1155
f 19/291/17 1127/1146/1125 1142/1162/1140
f 18/290/16 1112/1117/1110 1127/1146/1125
f 17/289/15 1097/1115/1095 1112/1117/1110
f 1322/1353/1320 1323/1356/1321 1338/1354/1336
f 1323/1356/1321 1324/1358/1322 1339/1357/1337
f 1324/1358/1322 1325/1360/1323 1340/1359/1338
f 1325/1360/1323 1326/1362/1324 1341/1361/1339
f 1326/1362/1324 1327/1364/1325 1342/1363/1340
f 1327/1364/1325 1328/1366/1326 1343/1365/1341
f 1328/1366/1326 1329/1369/1327 1344/1367/1342
f 1330/1368/1328 1345/1371/1343 1344/1367/1342
f 1331/1370/1329 1346/1373/1344 1345/1371/1343
f 1332/1372/1330 1347/1392/1345 1346/1373/1344
f 1333/1374/1331 1348/1378/1346 1347/1375/1345
f 1334/1377/1332 1349/1380/1347 1348/1378/1346
f 1335/1379/1333 1350/1382/1348 1349/1380/1347
f 1336/1381/1334 1351/1397/1349 1350/1382/1348
f 1337/1355/1335 1338/1354/1336 1353/1383/1351
f 1338/1354/1336 1339/1357/1337 1354/1385/1352
f 1339/1357/1337 1340/1359/1338 1355/1386/1353
f 1340/1359/1338 1341/1361/1339 1356/1387/1354
f 1341/1361/1339 1342/1363/1340 1357/1388/1355
f 1342/1363/1340 1343/1365/1341 1358/1389/1356
f 1343/1365/1341 1344/1367/1342 1359/1390/1357
f 1345/1371/1343 1360/1391/1358 1359/1390/1357
f 1346/1373/1344 1361/1393/1359 1360/1391/1358
f 1347/1392/1345 1362/1408/1360 1361/1393/1359
f 1348/1378/1346 1363/1395/1361 1362/1394/1360
f 1349/1380/1347 1364/1396/1362 1363/1395/1361
f 1350/1382/1348 1365/1398/1363 1364/1396/1362
f 1351/1397/1349 1366/1413/1364 1365/1398/1363
f 1352/1384/1350 1353/1383/1351 1368/1399/1366
f 1353/1383/1351 1354/1385/1352 1369/1401/1367
f 1354/1385/1352 1355/1386/1353 1370/1402/1368
f 1355/1386/1353 1356/1387/1354 1371/1403/1369
f 1356/1387/1354 1357/1388/1355 1372/1404/1370
f 1357/1388/1355 1358/1389/1356 1373/1405/1371
f 1358/1389/1356 1359/1390/1357 1374/1406/1372
f 1360/1391/1358 1375/1407/1373 1374/1406/1372
f 1361/1393/1359 1376/1409/1374 1375/1407/1373
f 1362/1408/1360 1377/1591/1375 1376/1409/1374
f 1363/1395/1361 1378/1411/1376 1377/1410/1375
f 1364/1396/1362 1379/1412/1377 1378/1411/1376
f 1365/1398/1363 1380/1414/1378 1379/1412/1377
f 1366/1413/1364 1381/1429/1379 1380/1414/1378
f 1367/1400/1365 1368/1399/1366 1383/1415/1381
f 1368/1399/1366 1369/1401/1367 1384/1417/1382
f 1369/1401/1367 1370/1402/1368 1385/1418/1383
f 1370/1402/1368 1371/1403/1369 1386/1419/1384
f 1371/1403/1369 1372/1404/1370 1387/1420/1385
f 1372/1404/1370 1373/1405/1371 1388/1421/1386
f 1373/1405/1371 1374/1406/1372 1389/1422/1387
f 1375/1407/1373 1390/1423/1388 1389/1422/1387
f 1376/1409/1374 1391/1439/1389 1390/1423/1388
f 1377/1410/1375 1392/1426/1390 1391/1424/1389
f 1378/1411/1376 1393/1427/1391 1392/1426/1390
f 1379/1412/1377 1394/1428/1392 1393/1427/1391
f 1380/1414/1378 1395/1430/1393 1394/1428/1392
f 1381/1429/1379 1396/1445/1394 1395/1430/1393
f 1382/1416/1380 1383/1415/1381 1398/1431/1396
f 1383/1415/1381 1384/1417/1382 1399/1433/1397
f 1384/1417/1382 1385/1418/1383 1400/1434/1398
f 1385/1418/1383 1386/1419/1384 1401/1435/1399
f 1386/1419/1384 1387/1420/1385 1402/1436/1400
f 1387/1420/1385 1388/1421/1386 1403/1437/1401
f 1388/1421/1386 1389/1422/1387 1404/1438/1402
f 1390/1423/1388 1405/1440/1403 1404/1438/1402
f 1391/1439/1389 1406/1441/1404 1405/1440/1403
f 1392/1426/1390 1407/1442/1405 1406/1441/1404
f 1393/1427/1391 1408/1443/1406 1407/1442/1405
f 1394/1428/1392 1409/1444/1407 1408/1443/1406
f 1395/1430/1393 1410/1446/1408 1409/1444/1407
f 1396/1445/1394 1411/1460/1409 1410/1446/1408
f 1397/1432/1395 1398/1431/1396 1413/1447/1411
f 1398/1431/1396 1399/1433/1397 1414/1449/1412
f 1399/1433/1397 1400/1434/1398 1415/1450/1413
f 1400/1434/1398 1401/1435/1399 1416/1451/1414
f 1401/1435/1399 1402/1436/1400 1417/1452/1415
f 1402/1436/1400 1403/1437/1401 1418/1453/1416
f 1403/1437/1401 1404/1438/1402 1419/1454/1417
f 1405/1440/1403 1420/1455/1418 1419/1454/1417
f 1406/1441/1404 1421/1456/1419 1420/1455/1418
f 1407/1442/1405 1422/1457/1420 1421/1456/1419
f 1408/1443/1406 1423/1458/1421 1422/1457/1420
f 1409/1444/1407 1424/1459/1422 1423/1458/1421
f 1410/1446/1408 1425/1461/1423 1424/1459/1422
f 1411/1460/1409 1426/1475/1424 1425/1461/1423
f 1412/1448/1410 1413/1447/1411 1428/1462/1426
f 1413/1447/1411 1414/1449/1412 1429/1464/1427
f 1414/1449/1412 1415/1450/1413 1430/1465/1428
f 1415/1450/1413 1416/1451/1414 1431/1466/1429
f 1416/1451/1414 1417/1452/1415 1432/1467/1430
f 1417/1452/1415 1418/1453/1416 1433/1468/1431
f 1418/1453/1416 1419/1454/1417 1434/1469/1432
f 1420/1455/1418 1435/1470/1433 1434/1469/1432
f 1421/1456/1419 1436/1471/1434 1435/1470/1433
f 1422/1457/1420 1437/1472/1435 1436/1471/1434
f 1423/1458/1421 1438/1473/1436 1437/1472/1435
f 1424/1459/1422 1439/1474/1437 1438/1473/1436
f 1425/1461/1423 1440/1476/1438 1439/1474/1437
f 1426/1475/1424 1441/1584/1439 1440/1476/1438
f 1428/1462/1426 1443/1478/1441 1442/1477/1440
f 1429/1464/1427 1444/1479/1442 1443/1478/1441
f 1430/1465/1428 1445/1480/1443 1444/1479/1442
f 1431/1466/1429 1446/1481/1444 1445/1480/1443
f 1432/1467/1430 1447/1482/1445 1446/1481/1444
f 1433/1468/1431 1448/1483/1446 1447/1482/1445
f 1434/1469/1432 1449/1485/1447 1448/1483/1446
f 1434/1469/1432 1435/1470/1433 1450/1484/1448
f 1435/1470/1433 1436/1471/1434 1451/1486/1449
f 1436/1471/1434 1437/1472/1435 1452/1487/1450
f 1437/1472/1435 1438/1473/1436 1453/1488/1451
f 1438/1473/1436 1439/1474/1437 1454/1489/1452
f 1439/1474/1437 1440/1476/1438 1455/1490/1453
f 1440/1476/1438 1441/1584/1439 1456/1491/1454
f 1443/1478/1441 1458/1493/1456 1457/1492/1455
f 1444/1479/1442 1459/1494/1457 1458/1493/1456
f 1445/1480/1443 1460/1495/1458 1459/1494/1457
f 1446/1481/1444 1461/1496/1459 1460/1495/1458
f 1447/1482/1445 1462/1497/1460 1461/1496/1459
f 1448/1483/1446 1463/1498/1461 1462/1497/1460
f 1449/1485/1447 1464/1500/1462 1463/1498/1461
f 1449/1485/1447 1450/1484/1448 1465/1499/1463
f 1450/1484/1448 1451/1486/1449 1466/1501/1464
f 1451/1486/1449 1452/1487/1450 1467/1502/1465
f 1452/1487/1450 1453/1488/1451 1468/1503/1466
f 1453/1488/1451 1454/1489/1452 1469/1504/1467
f 1454/1489/1452 1455/1490/1453 1470/1505/1468
f 1455/1490/1453 1456/1491/1454 1471/1506/1469
f 1458/1493/1456 1473/1508/1471 1472/1507/1470
f 1459/1494/1457 1474/1509/1472 1473/1508/1471
f 1460/1495/1458 1475/1510/1473 1474/1509/1472
f 1461/1496/1459 1476/1511/1474 1475/1510/1473
f 1462/1497/1460 1477/1512/1475 1476/1511/1474
f 1463/1498/1461 1478/1513/1476 1477/1512/1475
f 1464/1500/1462 1479/1515/1477 1478/1513/1476
f 1464/1500/1462 1465/1499/1463 1480/1514/1478
f 1465/1499/1463 1466/1501/1464 1481/1516/1479
f 1466/1501/1464 1467/1502/1465 1482/1517/1480
f 1467/1502/1465 1468/1503/1466 1483/1518/1481
f 1468/1503/1466 1469/1504/1467 1484/1519/1482
f 1469/1504/1467 1470/1505/1468 1485/1520/1483
f 1470/1505/1468 1471/1506/1469 1486/1521/1484
f 1473/1508/1471 1488/1523/1486 1487/1522/1485
f 1474/1509/1472 1489/1524/1487 1488/1523/1486
f 1475/1510/1473 1490/1525/1488 1489/1524/1487
f 1476/1511/1474 1491/1526/1489 1490/1525/1488
f 1477/1512/1475 1492/1527/1490 1491/1526/1489
f 1478/1513/1476 1493/1528/1491 1492/1527/1490
f 1479/1515/1477 1494/1530/1492 1493/1528/1491
f 1479/1515/1477 1480/1514/1478 1495/1529/1493
f 1480/1514/1478 1481/1516/1479 1496/1531/1494
f 1481/1516/1479 1482/1517/1480 1497/1532/1495
f 1482/1517/1480 1483/1518/1481 1498/1533/1496
f 1483/1518/1481 1484/1519/1482 1499/1534/1497
f 1484/1519/1482 1485/1520/1483 1500/1535/1498
f 1485/1520/1483 1486/1521/1484 1501/1536/1499
f 1488/1523/1486 1503/1538/1501 1502/1537/1500
f 1489/1524/1487 1504/1539/1502 1503/1538/1501
f 1490/1525/1488 1505/1540/1503 1504/1539/1502
f 1491/1526/1489 1506/1541/1504 1505/1540/1503
f 1492/1527/1490 1507/1542/1505 1506/1541/1504
f 1493/1528/1491 1508/1543/1506 1507/1542/1505
f 1494/1530/1492 1509/1545/1507 1508/1543/1506
f 1494/1530/1492 1495/1529/1493 1510/1544/1508
f 1495/1529/1493 1496/1531/1494 1511/1546/1509
f 1496/1531/1494 1497/1532/1495 1512/1547/1510
f 1497/1532/1495 1498/1533/1496 1513/1548/1511
f 1498/1533/1496 1499/1534/1497 1514/1549/1512
f 1499/1534/1497 1500/1535/1498 1515/1550/1513
f 1500/1535/1498 1501/1536/1499 1516/1551/1514
f 1503/1538/1501 1518/1553/1516 1517/1552/1515
f 1504/1539/1502 1519/1554/1517 1518/1553/1516
f 1505/1540/1503 1520/1555/1518 1519/1554/1517
f 1506/1541/1504 1521/1556/1519 1520/1555/1518
f 1507/1542/1505 1522/1557/1520 1521/1556/1519
f 1508/1543/1506 1523/1558/1521 1522/1557/1520
f 1509/1545/1507 1524/1560/1522 1523/1558/1521
f 1509/1545/1507 1510/1544/1508 1525/1559/1523
f 1510/1544/1508 1511/1546/1509 1526/1561/1524
f 1511/1546/1509 1512/1547/1510 1527/1562/1525
f 1512/1547/1510 1513/1548/1511 1528/1563/1526
f 1513/1548/1511 1514/1549/1512 1529/1564/1527
f 1514/1549/1512 1515/1550/1513 1530/1565/1528
f 1515/1550/1513 1516/1551/1514 1531/1566/1529
f 1518/1553/1516 1533/1568/1531 1532/1567/1530
f 1519/1554/1517 1534/1569/1532 1533/1568/1531
f 1520/1555/1518 1535/1570/1533 1534/1569/1532
f 1521/1556/1519 1536/1571/1534 1535/1570/1533
f 1522/1557/1520 1537/1572/1535 1536/1571/1534
f 1523/1558/1521 1538/1573/1536 1537/1572/1535
f 1524/1560/1522 1539/1575/1537 1538/1573/1536
f 1524/1560/1522 1525/1559/1523 1540/1574/1538
f 1525/1559/1523 1526/1561/1524 1541/1576/1539
f 1526/1561/1524 1527/1562/1525 1542/1577/1540
f 1527/1562/1525 1528/1563/1526 1543/1578/1541
f 1528/1563/1526 1529/1564/1527 1544/1579/1542
f 1529/1564/1527 1530/1565/1528 1545/1580/1543
f 1530/1565/1528 1531/1566/1529 1546/1581/1544
f 16/558/14 106/557/104 1322/1353/1320
f 106/557/104 105/556/103 1323/1356/1321
f 105/556/103 104/555/102 1324/1358/1322
f 104/555/102 103/554/101 1325/1360/1323
f 103/554/101 102/553/100 1326/1362/1324
f 102/553/100 101/552/99 1327/1364/1325
f 101/552/99 100/551/98 1328/1366/1326
f 100/551/98 99/1582/97 1329/1369/1327
f 98/549/96 1330/1368/1328 1329/1369/1327
f 97/548/95 1331/1370/1329 1330/1368/1328
f 96/547/94 1332/1372/1330 1331/1370/1329
f 95/546/93 1333/1592/1331 1332/1372/1330
f 94/544/92 1334/1377/1332 1333/1374/1331
f 93/543/91 1335/1379/1333 1334/1377/1332
f 92/542/90 1336/1381/1334 1335/1379/1333
f 12/272/10 61/271/59 1336/1381/1334
f 61/271/59 60/270/58 1351/1397/1349
f 60/270/58 59/269/57 1366/1413/1364
f 59/269/57 58/268/56 1381/1429/1379
f 58/268/56 57/267/55 1396/1445/1394
f 57/267/55 56/266/54 1411/1460/1409
f 56/266/54 55/265/53 1426/1475/1424
f 55/265/53 54/1587/52 1441/1584/1439
f 1441/1584/1439 54/1587/52 53/263/51
f 1456/1491/1454 53/263/51 52/262/50
f 1471/1506/1469 52/262/50 51/261/49
f 1486/1521/1484 51/261/49 50/260/48
f 1501/1536/1499 50/260/48 49/259/47
f 1516/1551/1514 49/259/47 48/258/46
f 1531/1566/1529 48/258/46 47/257/45
f 1546/1581/1544 47/257/45 10/256/8
f 1545/1580/1543 1546/1581/1544 196/1100/194
f 1544/1579/1542 1545/1580/1543 195/1099/193
f 1543/1578/1541 1544/1579/1542 194/1098/192
f 1542/1577/1540 1543/1578/1541 193/1097/191
f 1541/1576/1539 1542/1577/1540 192/1096/190
f 1540/1574/1538 1541/1576/1539 191/1095/189
f 1539/1575/1537 1540/1574/1538 190/1094/188
f 1539/1575/1537 189/1585/187 188/1092/186
f 1538/1573/1536 188/1092/186 187/1091/185
f 1537/1572/1535 187/1091/185 186/1090/184
f 1536/1571/1534 186/1090/184 185/1089/183
f 1535/1570/1533 185/1089/183 184/1088/182
f 1534/1569/1532 184/1088/182 183/1087/181
f 1533/1568/1531 183/1087/181 182/1086/180
f 1532/1567/1530 182/1086/180 14/830/12
f 1517/1552/1515 1532/1567/1530 151/829/149
f 1502/1537/1500 1517/1552/1515 150/828/148
f 1487/1522/1485 1502/1537/1500 149/827/147
f 1472/1507/1470 1487/1522/1485 148/826/146
f 1457/1492/1455 1472/1507/1470 147/825/145
f 1442/1477/1440 1457/1492/1455 146/824/144
f 1427/1463/1425 1442/1477/1440 145/823/143
f 143/821/141 1412/1448/1410 1427/1463/1425
f 142/820/140 1397/1432/1395 1412/1448/1410
f 141/819/139 1382/1416/1380 1397/1432/1395
f 140/818/138 1367/1400/1365 1382/1416/1380
f 139/817/137 1352/1384/1350 1367/1400/1365
f 138/816/136 1337/1355/1335 1352/1384/1350
f 137/815/135 1322/1353/1320 1337/1355/1335
